{"type":"FeatureCollection","features":[{"type":"Feature","properties":{"name":"Barito Utara","prov":"Kalimantan Tengah","km2":119.6,"lx":115.5518,"ly":-0.90347},"geometry":{"type":"MultiPolygon","coordinates":[[[[115.26941298900012,-0.04813240694613025],[115.26885410200009,-0.04770811299994193],[115.27196168764748,-0.046816050748896866],[115.26941298900012,-0.04813240694613025]]],[[[115.2412796670838,-0.05740243260188969],[115.24016378800002,-0.05710941199993158],[115.24119526300001,-0.0571809509999639],[115.2412796670838,-0.05740243260188969]]],[[[115.20961381000006,-0.07578745116106061],[115.21027684800003,-0.07385354899997765],[115.21150211401803,-0.07345693109057443],[115.20961381000006,-0.07578745116106061]]],[[[115.20918127711282,-0.07729113885144599],[115.20920097800001,-0.07739901491341676],[115.20909512747079,-0.07738272093735046],[115.20918127711282,-0.07729113885144599]]],[[[115.19863986000007,-0.07643060899994225],[115.19877318267488,-0.07679359012372225],[115.19832708992202,-0.07631880388837443],[115.19863986000007,-0.07643060899994225]]],[[[115.18555548900007,-0.08067253690975573],[115.18574897000008,-0.08045476299997745],[115.18603935263651,-0.08034875877329477],[115.18555548900007,-0.08067253690975573]]],[[[115.18317289053482,-0.0833497383262453],[115.18302509900002,-0.0817940939999744],[115.18397031330224,-0.08099009407589247],[115.18317289053482,-0.0833497383262453]]],[[[115.1829821557376,-0.09177553206446257],[115.18195871400007,-0.08859817399996928],[115.18294914739403,-0.08695197452276239],[115.1829821557376,-0.09177553206446257]]],[[[115.17196372379578,-0.0950714566816605],[115.17180097100004,-0.09499901489372425],[115.17180170981281,-0.09493675042403232],[115.17196372379578,-0.0950714566816605]]],[[[115.16703873300003,-0.08896124990045888],[115.16744581600005,-0.08920860899996796],[115.16786958671472,-0.08995500808863485],[115.16703873300003,-0.08896124990045888]]],[[[115.1400699406897,-0.1414477130341877],[115.14339412700008,-0.13680565199996408],[115.14694663163169,-0.1381164732618],[115.1400699406897,-0.1414477130341877]]],[[[115.1260143160894,-0.1367276210752802],[115.12638553800002,-0.1364005009999687],[115.12645173425001,-0.13641159627220567],[115.1260143160894,-0.1367276210752802]]],[[[115.12567417900004,-0.13702734999992572],[115.12572264753766,-0.1369846395072717],[115.12564871710556,-0.13706191198889542],[115.12567417900004,-0.13702734999992572]]],[[[115.12541894457323,-0.13737380534519883],[115.12212964200012,-0.14241186499992864],[115.1227103970001,-0.1408479239999565],[115.12541894457323,-0.13737380534519883]]],[[[115.10271049860332,-0.14659993017007883],[115.10569496000005,-0.14477256699996133],[115.10672538428679,-0.14551813321757218],[115.10271049860332,-0.14659993017007883]]],[[[115.10160426800007,-0.14671323999994001],[115.10196979254073,-0.1466825061613055],[115.1009503719843,-0.14710524975984254],[115.10160426800007,-0.14671323999994001]]],[[[115.08919418022658,-0.15402672968701758],[115.08920097400005,-0.15419900382757512],[115.08897673115527,-0.1540642187196417],[115.08919418022658,-0.15402672968701758]]],[[[115.08221211091022,-0.15292253183954987],[115.08337355300011,-0.15402879799995617],[115.08404026596624,-0.15440897601206455],[115.08221211091022,-0.15292253183954987]]],[[[115.07886017900013,-0.1518712658301319],[115.07979181100006,-0.15140305599993553],[115.08098958310522,-0.15203309084504038],[115.07886017900013,-0.1518712658301319]]],[[[115.07064912708438,-0.14796890602623328],[115.07438377500011,-0.14835978699994712],[115.0754095805649,-0.15035265372443546],[115.07064912708438,-0.14796890602623328]]],[[[115.05735694232737,-0.15533543335076452],[115.05709536200006,-0.15561342382597457],[115.05677708861415,-0.15579353224224707],[115.05735694232737,-0.15533543335076452]]],[[[115.05183935013126,-0.16684172465892785],[115.05080005600007,-0.16523362599997427],[115.05024177513738,-0.16182841573836632],[115.05183935013126,-0.16684172465892785]]],[[[115.0517864103697,-0.16834940453172118],[115.05156752800008,-0.17193707699993865],[115.05039283100007,-0.16874967699993704],[115.0517864103697,-0.16834940453172118]]],[[[115.04977761651567,-0.18480517428056562],[115.05056861700007,-0.1819598849999693],[115.05267506433832,-0.17903430372608628],[115.04977761651567,-0.18480517428056562]]],[[[115.04876399800003,-0.18624172399995587],[115.04967939056212,-0.18498750379334836],[115.0487649066102,-0.1867348686319109],[115.04876399800003,-0.18624172399995587]]],[[[115.0397097990001,-0.19915439599992624],[115.03998194303149,-0.19882888714446312],[115.04015285270802,-0.19963736435824506],[115.0397097990001,-0.19915439599992624]]],[[[115.04122806300006,-0.2003956679999419],[115.04053010450285,-0.19993918589972648],[115.04188738239137,-0.20056864672080235],[115.04122806300006,-0.2003956679999419]]],[[[115.0366111217544,-0.20675700201857963],[115.02806024800009,-0.20238538499995684],[115.03334005700003,-0.2031388269999752],[115.0366111217544,-0.20675700201857963]]],[[[115.02025371348333,-0.2154219834692791],[115.01977575500007,-0.21379202199995007],[115.01990268190777,-0.21321629711040363],[115.02025371348333,-0.2154219834692791]]],[[[115.02101003300004,-0.21723018599993793],[115.02083238648837,-0.21677530594081187],[115.02109642517055,-0.21736553532597014],[115.02101003300004,-0.21723018599993793]]],[[[115.02598449200002,-0.22104091099993184],[115.02774303800005,-0.22084402975305154],[115.02813659327806,-0.22238075024905413],[115.02598449200002,-0.22104091099993184]]],[[[115.83341992005533,-1.0914125216131063],[115.84199370800002,-1.0963397809999265],[115.84308172621712,-1.109166665761505],[115.83341992005533,-1.0914125216131063]]],[[[115.8120149979396,-1.0942280736158114],[115.80833333400007,-1.0974999987744911],[115.80794128182609,-1.0974999987744911],[115.8120149979396,-1.0942280736158114]]],[[[115.7992019067395,-1.101400353339784],[115.79889061800009,-1.1023906157690746],[115.79838112431872,-1.1033776850600412],[115.7992019067395,-1.101400353339784]]],[[[115.78749290098695,-1.1185873049827113],[115.78715481800008,-1.1188214817507458],[115.7869635876128,-1.118901708659279],[115.78749290098695,-1.1185873049827113]]],[[[115.77763368300009,-1.123216746999958],[115.78058769752363,-1.122257076565683],[115.77737958216389,-1.12329929657586],[115.77763368300009,-1.123216746999958]]],[[[115.77583333300004,-1.1250156812756646],[115.77583333300004,-1.1258333327429115],[115.77530081323374,-1.125827207317796],[115.77583333300004,-1.1250156812756646]]],[[[115.76583529072606,-1.1374434425437014],[115.76213178400006,-1.1373642357300708],[115.76081552315776,-1.135336700336478],[115.76583529072606,-1.1374434425437014]]],[[[115.75350694300005,-1.1277095119999672],[115.75595232739121,-1.132499998735468],[115.75057547100734,-1.1219666374539907],[115.75350694300005,-1.1277095119999672]]],[[[115.74959942800001,-1.104897016999928],[115.7482048060001,-1.1089775799999302],[115.74944528611815,-1.11667316714481],[115.74666666600001,-1.1116666657587033],[115.74959942800001,-1.104897016999928]]],[[[115.62499393000007,-1.0190672398618565],[115.67923880000001,-1.0089465609999593],[115.6898098580001,-1.0254193029999783],[115.69993119100002,-1.0297143609999466],[115.71093787100006,-1.0749632409999776],[115.73471886752267,-1.095415682848926],[115.71583333400008,-1.094166665778211],[115.70037487000003,-1.0625179578134236],[115.66630012000007,-1.0621729538137743],[115.66750000000002,-1.0499999988273818],[115.65500000000009,-1.056666665819956],[115.65000000000008,-1.027499998852459],[115.63231305600004,-1.0310381878485055],[115.62499393000007,-1.0190672398618565]]],[[[115.53081345200007,-0.8707042360271993],[115.54308892900008,-0.8539120789999401],[115.55445245600004,-0.8598388699999759],[115.59139436900011,-0.9349552789999507],[115.62594774600007,-0.9660219319999328],[115.63226641200004,-0.9862120439999558],[115.6232642495152,-1.0125097598049342],[115.61993254800008,-0.977607800908042],[115.60921131800002,-0.9781709319073915],[115.60056484400003,-0.9667711179201119],[115.58465079900009,-0.9624328769249708],[115.57500000000003,-0.939166665950879],[115.56500000000007,-0.9383333319517981],[115.53593123000009,-0.9104110369829419],[115.53251372200009,-0.8986789019960594],[115.54333333300006,-0.8833333320131128],[115.53081345200007,-0.8707042360271993]]],[[[115.51433793600006,-0.8654032799999527],[115.51523506071725,-0.8652835610384093],[115.51350241626983,-0.8657551878778299],[115.51433793600006,-0.8654032799999527]]],[[[115.48000000000002,-0.8799999990168454],[115.48037230500006,-0.8762931419999518],[115.48146113342949,-0.8752677160955186],[115.48000000000002,-0.8799999990168454]]],[[[115.47645166300003,-0.8744186859999559],[115.4765466794652,-0.8752389945514478],[115.47628596899175,-0.8740307872132728],[115.47645166300003,-0.8744186859999559]]],[[[115.47588110400011,-0.8730829759999779],[115.47602283380274,-0.8734147732631788],[115.47528544326968,-0.8729124333159495],[115.47588110400011,-0.8730829759999779]]],[[[115.45064011000011,-0.8755569779999632],[115.45070244760238,-0.875541593954804],[115.45060131168358,-0.8756702400911204],[115.45064011000011,-0.8755569779999632]]],[[[115.44140529692778,-0.8781454803762585],[115.44643293400009,-0.8784258339999269],[115.44896895670556,-0.8779370310691218],[115.44140529692778,-0.8781454803762585]]],[[[115.43269571605508,-0.8773837689155545],[115.43527807600003,-0.8763772219999737],[115.43665273228358,-0.8764249977639731],[115.43408979200001,-0.8774911830196236],[115.43269571605508,-0.8773837689155545]]],[[[115.4270847470001,-0.8721271249999631],[115.42748972245234,-0.8742779746979095],[115.4246405418564,-0.8716376749737492],[115.4270847470001,-0.8721271249999631]]],[[[115.37681186300006,-0.8649357709999776],[115.38229735000004,-0.8515159909999284],[115.38743062800006,-0.8619638869999449],[115.39401667600009,-0.8573260549999304],[115.39766084200005,-0.8648796419999485],[115.39920330400003,-0.8452594039999326],[115.41606032800007,-0.8657172779999769],[115.37681186300006,-0.8649357709999776]]],[[[115.37650769421833,-0.8702180733953867],[115.37643733000004,-0.8691368769999599],[115.37689904190071,-0.8678998865608779],[115.37650769421833,-0.8702180733953867]]],[[[115.36743319400011,-0.8742312139999626],[115.36802998566439,-0.8743983139786488],[115.36680924242249,-0.8742319457731154],[115.36743319400011,-0.8742312139999626]]],[[[115.36088109400009,-0.8673649279999722],[115.36099963726016,-0.8696974200584886],[115.36032289200013,-0.8685287560296603],[115.36088109400009,-0.8673649279999722]]],[[[115.32200574300009,-0.7313902759999564],[115.32012868200002,-0.732308676999935],[115.31773911900007,-0.7328838619999374],[115.31591901000002,-0.7338595029999624],[115.31396363531022,-0.7341014808724025],[115.32200574300009,-0.7313902759999564]]],[[[115.34532746400009,-0.7210563979999733],[115.34299766900006,-0.7245529909999391],[115.32514035026648,-0.7268519019397229],[115.33375858700005,-0.7233911061915599],[115.34532746400009,-0.7210563979999733]]],[[[115.34658628600005,-0.7204452019999508],[115.34583333400009,-0.7208107828768334],[115.34583333400009,-0.7184884699913231],[115.34658628600005,-0.7204452019999508]]],[[[115.344526126,-0.7161307169999418],[115.34476086409656,-0.7165154395079647],[115.34423822385781,-0.7158414467069592],[115.344526126,-0.7161307169999418]]],[[[115.34148676310626,-0.7060670337969754],[115.34201503800011,-0.7083997069999555],[115.34174459390175,-0.7103469850990034],[115.34148676310626,-0.7060670337969754]]],[[[115.37240351460281,-0.654195372929433],[115.35706775500012,-0.6704553679999776],[115.3495840170001,-0.6679742462534634],[115.37240351460281,-0.654195372929433]]],[[[115.37254275680786,-0.645120675448787],[115.3777376380001,-0.6294887979999544],[115.37825085600002,-0.6308058429999619],[115.37836614900004,-0.6325814789999527],[115.37825548,-0.6363048869999375],[115.37803083300003,-0.6397992669999439],[115.37254275680786,-0.645120675448787]]],[[[115.36644512400005,-0.6270911539999702],[115.36753246615166,-0.629143263712933],[115.3661311610001,-0.6286617292973685],[115.36644512400005,-0.6270911539999702]]],[[[115.37484830300002,-0.5678032929999404],[115.38093334700011,-0.5722437849999551],[115.37579438000012,-0.5955723779999289],[115.36275526300005,-0.6086647939999352],[115.3657171550001,-0.5934091213367619],[115.36020878600006,-0.5853041843457348],[115.37736124400008,-0.5748612433574204],[115.37484830300002,-0.5678032929999404]]],[[[115.36817201200006,-0.5619816913718231],[115.37011363600004,-0.560986575999948],[115.3711080488925,-0.5646785551847956],[115.36817201200006,-0.5619816913718231]]],[[[115.35019858694268,-0.5479924207833676],[115.35155105100011,-0.5477716969999733],[115.35215338829786,-0.5483422461994076],[115.35019858694268,-0.5479924207833676]]],[[[115.33595888500008,-0.5433858109999505],[115.33646502443771,-0.5434780739029024],[115.33569960712191,-0.5435509240712415],[115.33595888500008,-0.5433858109999505]]],[[[115.3306247490001,-0.544284753999932],[115.33071585295717,-0.544298443631517],[115.33061113609683,-0.544312211389028],[115.3306247490001,-0.544284753999932]]],[[[115.30445024243008,-0.5489755027723123],[115.30597878800006,-0.545985365999968],[115.30821025479432,-0.5477284857267919],[115.30445024243008,-0.5489755027723123]]],[[[115.29822891700007,-0.5511110619999613],[115.29834401866276,-0.5511291520652817],[115.29793482356207,-0.5511028170607488],[115.29822891700007,-0.5511110619999613]]],[[[115.29698404900012,-0.5510761619999585],[115.29722169594345,-0.5510828244559965],[115.29695081261097,-0.5510980734939336],[115.29698404900012,-0.5510761619999585]]],[[[115.28753195884747,-0.5541671714161486],[115.28750000000002,-0.5541666663805352],[115.28749244364818,-0.5541320603664621],[115.28753195884747,-0.5541671714161486]]],[[[115.28693466851193,-0.5528109437365231],[115.28649698800007,-0.5501423979999345],[115.28703105400007,-0.5509177949999753],[115.28693466851193,-0.5528109437365231]]],[[[115.29346563000001,-0.5174770909999324],[115.28994621200002,-0.5406455239999559],[115.28110584400008,-0.5488941553864679],[115.27416666700005,-0.5324999994047563],[115.29346563000001,-0.5174770909999324]]],[[[115.29776548400001,-0.5156661864235662],[115.29645406600002,-0.5186924189999331],[115.29430187482095,-0.5166025219197191],[115.29776548400001,-0.5156661864235662]]],[[[115.30589225500013,-0.5109701674288062],[115.3066802300001,-0.5119273069999508],[115.30470429490822,-0.513237437007953],[115.30589225500013,-0.5109701674288062]]],[[[115.30643638087712,-0.510022641959291],[115.30592908400001,-0.5099091864299828],[115.30583466405233,-0.5095761687122093],[115.30643638087712,-0.510022641959291]]],[[[115.30379688000005,-0.5082055759999662],[115.30525383589958,-0.5091607330246255],[115.30254959417275,-0.5070462498182629],[115.30379688000005,-0.5082055759999662]]],[[[115.30192733150635,-0.4973417192002602],[115.30311586700009,-0.5002215889999775],[115.30141214693985,-0.504086728466801],[115.30192733150635,-0.4973417192002602]]],[[[115.3031139740001,-0.4786910399999442],[115.30710200200008,-0.4860224689999768],[115.30609714900004,-0.4904986829999416],[115.29750000000001,-0.49583333344568786],[115.30502925200004,-0.48806249445437083],[115.3031139740001,-0.4786910399999442]]],[[[115.29840994000006,-0.46358434399996895],[115.29610261000005,-0.47096158999994486],[115.29791136516161,-0.47742763918134956],[115.29558769800009,-0.4701097864744335],[115.29840994000006,-0.46358434399996895]]],[[[115.2979603487734,-0.45990046247678484],[115.29812083900003,-0.4559580719999303],[115.2989390570001,-0.45627982299993164],[115.2979603487734,-0.45990046247678484]]],[[[115.2934854670001,-0.460423364485243],[115.29303724400006,-0.4600071149999394],[115.29480741854071,-0.45969178555489487],[115.2934854670001,-0.460423364485243]]],[[[115.27742044900003,-0.4551469709999765],[115.27759374662433,-0.45532684434726706],[115.27689432225517,-0.4549843445246104],[115.27742044900003,-0.4551469709999765]]],[[[115.27320175067855,-0.4503616537439484],[115.27471511300007,-0.45137702099992794],[115.27364811862026,-0.4532605621255039],[115.27320175067855,-0.4503616537439484]]],[[[115.25916666600006,-0.44249999950527386],[115.27167373300006,-0.44049374699994814],[115.2695818136109,-0.44991326111446733],[115.2600000000001,-0.44999999949689345],[115.25916666600006,-0.44249999950527386]]],[[[115.2641876150001,-0.43074042751843317],[115.26754362700001,-0.43295292599992763],[115.26435069200063,-0.43504684110231534],[115.2641876150001,-0.43074042751843317]]],[[[115.25923713400005,-0.42540743952440785],[115.2610350760001,-0.4262234679999324],[115.26148895276819,-0.42767338208075684],[115.25923713400005,-0.42540743952440785]]],[[[115.2540165150001,-0.4122760839999273],[115.25402531717064,-0.41234227252345096],[115.2539838191359,-0.41226263918189815],[115.2540165150001,-0.4122760839999273]]],[[[115.24750000000007,-0.40916666554256537],[115.25137105090472,-0.4113574683976292],[115.24750000000007,-0.41249999953884925],[115.24750000000007,-0.40916666554256537]]],[[[115.25092983500008,-0.4044956609999417],[115.25014714154186,-0.4057631654865227],[115.25098529999693,-0.4043577214402071],[115.25092983500008,-0.4044956609999417]]],[[[115.25887592604911,-0.396267599949091],[115.26238135800008,-0.4018160429999398],[115.25242893263353,-0.40239978631703416],[115.25887592604911,-0.396267599949091]]],[[[115.24639409800011,-0.37949258499997995],[115.25045413200007,-0.3780881269999554],[115.25665337671161,-0.38729112887727635],[115.25232343900007,-0.38228646157259205],[115.24639409800011,-0.37949258499997995]]],[[[115.23883515900002,-0.3658416509999256],[115.24638830300012,-0.36743744399996103],[115.24603519610174,-0.37904114717624965],[115.24466334800003,-0.36869906258773605],[115.23883515900002,-0.3658416509999256]]],[[[115.23730529900001,-0.3649829929999555],[115.23736084779296,-0.3650141706341539],[115.2372939884485,-0.36497909018626357],[115.23730529900001,-0.3649829929999555]]],[[[115.23278055500008,-0.35628736260168853],[115.23754879700004,-0.35309469799994986],[115.2369089660001,-0.3539901869999653],[115.23310432300002,-0.3566775369999391],[115.23263810128333,-0.361412508457687],[115.23278055500008,-0.35628736260168853]]],[[[115.23409228096833,-0.3432225918846557],[115.23650014100008,-0.3411950469999283],[115.2372831560001,-0.3423405489999709],[115.23409228096833,-0.3432225918846557]]],[[[115.24316048300011,-0.30331800499993733],[115.22490459300002,-0.3117398709999293],[115.23281111100005,-0.32323300899997776],[115.23286752314188,-0.33052708030259154],[115.22000000000003,-0.3024999996617428],[115.23255983500007,-0.29697308766792985],[115.24316048300011,-0.30331800499993733]]],[[[115.25320749900004,-0.28770370899997033],[115.25486947400009,-0.29170523099998036],[115.25234873700003,-0.3036299489999692],[115.24775768728247,-0.30188917071912325],[115.25320749900004,-0.28770370899997033]]],[[[115.25289211200004,-0.2804230396864685],[115.25458178600002,-0.28321908699996357],[115.25324927281487,-0.286562006818857],[115.25289211200004,-0.2804230396864685]]],[[[115.25298995000003,-0.27662878599994656],[115.25255015300002,-0.27656235769077725],[115.25199855433848,-0.27612189669925635],[115.25298995000003,-0.27662878599994656]]],[[[115.25352309841067,-0.2724052096392589],[115.25215991100004,-0.2741249819999325],[115.25195839960652,-0.27434829504465486],[115.25352309841067,-0.2724052096392589]]],[[[115.29687209500003,-0.21463960399995585],[115.2748368550001,-0.2281165369999485],[115.27324100300007,-0.24333460899993042],[115.26037622000001,-0.23892255299995213],[115.24857055000007,-0.24776018899996188],[115.24654506200011,-0.2535974429999328],[115.25013871700003,-0.2575350439999511],[115.25078163,-0.2655198229999769],[115.25350969200008,-0.2690040939999676],[115.25415041000008,-0.27043614799993065],[115.25411262608162,-0.2708562035351388],[115.23686853400011,-0.24581824272511618],[115.23924579200002,-0.2252667177480827],[115.24692530700007,-0.22548556074786272],[115.2604030340001,-0.20580876876985232],[115.28555993900012,-0.2179286317562723],[115.29687209500003,-0.21463960399995585]]],[[[115.29832459189365,-0.20992359750478676],[115.29820483300011,-0.21114824599993653],[115.29760705955158,-0.2116682722292252],[115.29832459189365,-0.20992359750478676]]],[[[115.2688896893438,-0.1879293348383723],[115.28045677900002,-0.1903607779999561],[115.28529430200001,-0.19247925399997712],[115.29071183945621,-0.1991073844626059],[115.2688896893438,-0.1879293348383723]]],[[[115.26618610300011,-0.18576476899994532],[115.26710400335973,-0.18659901579132643],[115.26519120788207,-0.18460723814038926],[115.26618610300011,-0.18576476899994532]]],[[[115.26499285200181,-0.18436735057472486],[115.26255736700011,-0.181970152999952],[115.26405145400008,-0.18311560499995494],[115.26499285200181,-0.18436735057472486]]],[[[115.26156402371771,-0.15452703977244342],[115.25703882000005,-0.1606842979999783],[115.25653053676501,-0.1604843676476421],[115.26156402371771,-0.15452703977244342]]],[[[115.26577517152252,-0.14695544653589118],[115.263866398,-0.1495291109999357],[115.26341049107789,-0.1504967320117925],[115.26577517152252,-0.14695544653589118]]],[[[115.26599224410792,-0.14667720160798867],[115.26600098600011,-0.14659899483603436],[115.26605201656598,-0.1466005849165939],[115.26599224410792,-0.14667720160798867]]],[[[115.27197432900005,-0.14268854399995234],[115.27180099500005,-0.1423990128406857],[115.27302695260612,-0.14304907731171077],[115.27197432900005,-0.14268854399995234]]],[[[115.29221562700002,-0.12507741999996824],[115.28712296800006,-0.12807707799993295],[115.28776593700002,-0.1438313549999748],[115.28204042400012,-0.1470549509999728],[115.27468601130671,-0.14392590505324138],[115.28579726700004,-0.1439840208389769],[115.28686699900004,-0.12818706385664191],[115.29221562700002,-0.12507741999996824]]],[[[115.30663463963299,-0.11965684806047096],[115.2980410670001,-0.12481698399994912],[115.29371166865789,-0.12400512305539627],[115.30663463963299,-0.11965684806047096]]],[[[115.31468127300002,-0.09581287699995755],[115.31350915900009,-0.10723456699997769],[115.30963416800012,-0.11783321499996191],[115.30868643300005,-0.11921677499992711],[115.30717574255522,-0.11946971621234741],[115.31468127300002,-0.09581287699995755]]],[[[115.30828072700001,-0.08115884390922463],[115.3089666190001,-0.08045771699994475],[115.31005904107609,-0.08405568245013637],[115.30828072700001,-0.08115884390922463]]],[[[115.29475847148962,-0.0779231742654827],[115.29645107900001,-0.0783912759999339],[115.2971334962296,-0.08001359895247478],[115.29475847148962,-0.0779231742654827]]],[[[115.29091023846408,-0.06922072274438165],[115.29058212000007,-0.0716962929999454],[115.29058196866987,-0.07170225656717476],[115.29043936900008,-0.07120407992036923],[115.29091023846408,-0.06922072274438165]]],[[[115.29088210200007,-0.0683906729999535],[115.2908843025394,-0.0684555907916732],[115.29087533364195,-0.06837916235281079],[115.29088210200007,-0.0683906729999535]]],[[[115.28844905578913,-0.06319904392927753],[115.28840094800012,-0.06319904392927753],[115.2883923761043,-0.06287707749379305],[115.28844905578913,-0.06319904392927753]]],[[[115.28846394800007,-0.06217225999995435],[115.28838613181271,-0.06264253751008901],[115.28836105239708,-0.06170053702097512],[115.28846394800007,-0.06217225999995435]]],[[[115.28903669200008,-0.057785580999961894],[115.28886663925144,-0.05784296611520309],[115.28921694715491,-0.05759794388595205],[115.28903669200008,-0.057785580999961894]]],[[[115.28964105500008,-0.04948243194456979],[115.28801239100005,-0.0473249879999571],[115.28938254400009,-0.04894201199994086],[115.29254124400006,-0.04990267899995615],[115.29434328600007,-0.05078575299995691],[115.29479381300007,-0.05126312499993446],[115.29505475700012,-0.05319658099995195],[115.294675471,-0.0543184999999653],[115.29052640600003,-0.05768449499993267],[115.29469528900005,-0.051884730941953505],[115.29280467900003,-0.05005812694397548],[115.28964105500008,-0.04948243194456979]]],[[[115.28322341400008,-0.04613784399992937],[115.28325062229493,-0.046162071833004234],[115.28320305859083,-0.04613257248868277],[115.28322341400008,-0.04613784399992937]]]]}},{"type":"Feature","properties":{"name":"Berau","prov":"Kalimantan Timur","km2":3.2,"lx":116.99631,"ly":1.45595},"geometry":{"type":"MultiPolygon","coordinates":[[[[116.21613358200011,1.8450411080000322],[116.20639226800006,1.8371924900000636],[116.1925256821976,1.838768905272122],[116.20604467200006,1.8375945639531677],[116.21613358200011,1.8450411080000322]]],[[[116.33887934000006,1.8088889230000404],[116.33458203300006,1.8144425850000516],[116.33039229949593,1.8160237359114684],[116.33468253200012,1.8146824889785063],[116.33887934000006,1.8088889230000404]]],[[[116.34331387829812,1.806478969688047],[116.34752749100005,1.8033578660000558],[116.34613550600011,1.8040003210000464],[116.34331387829812,1.806478969688047]]],[[[116.3478579168518,1.791156576367444],[116.3475798390001,1.7921958140000243],[116.3475798390001,1.792414125549777],[116.3478579168518,1.791156576367444]]],[[[116.35304784000004,1.777933325000049],[116.34916456000008,1.779346725000039],[116.34865059600008,1.7802318850000347],[116.34832006497625,1.781721583339331],[116.35304784000004,1.777933325000049]]],[[[116.47487840200006,1.7253090690000477],[116.46922724700005,1.7228563950000648],[116.46164457572472,1.7242715570407814],[116.46868885000005,1.7236306420792225],[116.47487840200006,1.7253090690000477]]],[[[116.47594916336534,1.7250005126765016],[116.47600096500003,1.725000976077705],[116.47600077986435,1.7249678293518351],[116.47594916336534,1.7250005126765016]]],[[[116.48569982200003,1.7196405300836217],[116.48063225800001,1.7191610160000437],[116.47683681566309,1.7199725362276579],[116.48569982200003,1.7196405300836217]]],[[[116.95707311361382,1.5434293460955177],[116.94345331300008,1.5542006640000636],[116.94063495387368,1.5575049430973933],[116.95707311361382,1.5434293460955177]]],[[[116.97708026376368,1.4997516368607582],[116.97738483400008,1.5016344240000308],[116.97846544970626,1.504172038923412],[116.97708026376368,1.4997516368607582]]],[[[116.98613241800001,1.452041634000068],[116.98753050200003,1.4583987140000545],[116.97938631817621,1.4711435671203907],[117.00195204400005,1.4537367643784074],[116.98613241800001,1.452041634000068]]]]}},{"type":"Feature","properties":{"name":"Kapuas Hulu","prov":"Kalimantan Barat","km2":6.2,"lx":114.07358,"ly":1.14261},"geometry":{"type":"MultiPolygon","coordinates":[[[[113.84095986436846,0.6585693352640292],[113.84094238300008,0.6585693352640292],[113.84094074562508,0.6585938191271792],[113.84095986436846,0.6585693352640292]]],[[[113.84024354100006,0.6601116520000687],[113.84026658203182,0.6600419848892932],[113.84022275633764,0.660129960124082],[113.84024354100006,0.6601116520000687]]],[[[113.83567970828088,0.6683371926329558],[113.8361476880001,0.6654865050000467],[113.83786023248888,0.6621036317834771],[113.83567970828088,0.6683371926329558]]],[[[113.83700032800004,0.6774004670000409],[113.83437340300009,0.6737265790000606],[113.83446787056222,0.6709354473789019],[113.83422154900006,0.6728490422481023],[113.83436308700004,0.6740976472467144],[113.83700032800004,0.6774004670000409]]],[[[113.83911783991482,0.6808394058503017],[113.8387059260001,0.6793801780000308],[113.83739788303073,0.6778407966964379],[113.83911783991482,0.6808394058503017]]],[[[113.83935313900008,0.6820642100000214],[113.83930728890384,0.6818922717627628],[113.83934552789346,0.6824371678185936],[113.83935313900008,0.6820642100000214]]],[[[113.83933410400005,0.6845959570000559],[113.83933088551098,0.684569565552005],[113.83931806722212,0.6847274577702153],[113.83933410400005,0.6845959570000559]]],[[[113.83885522086075,0.6873440725987932],[113.83902953300003,0.686651811000047],[113.8391437470001,0.6861759190000498],[113.83915590721485,0.6860737727105743],[113.83885522086075,0.6873440725987932]]],[[[113.83904577399095,0.6915780325755085],[113.83891531800009,0.6906683410000483],[113.83877364109918,0.6901016326270478],[113.83904577399095,0.6915780325755085]]],[[[113.85438047758004,0.6998887135152438],[113.84937977700008,0.6960794040000451],[113.8394180577285,0.6954793907454854],[113.84121098900005,0.6977131642203173],[113.85438047758004,0.6998887135152438]]],[[[113.868884062,0.7004412302173417],[113.87719377300004,0.7106012540000393],[113.87238726100009,0.7030821570000398],[113.86797098200009,0.6990465920000588],[113.86140795200004,0.6975784640000597],[113.85584001400002,0.6990775250000638],[113.868884062,0.7004412302173417]]],[[[113.87856155200006,0.7189194291966824],[113.89482589200009,0.7260392290000368],[113.88435626300009,0.7199418600000627],[113.8787347870001,0.7187223860000245],[113.87617982034138,0.7144949025888101],[113.87856155200006,0.7189194291966824]]],[[[113.89467411991714,0.7292027615878462],[113.89654951400007,0.7344821510000656],[113.89662089800004,0.732661864000022],[113.89467411991714,0.7292027615878462]]],[[[113.89484858000003,0.7520238091596969],[113.89994700300008,0.7541500150000502],[113.89392991456297,0.740200934821744],[113.89484858000003,0.7520238091596969]]],[[[113.88998238737787,0.7577247585051711],[113.89167905400006,0.757241696000051],[113.89212330440768,0.7565183654607592],[113.88998238737787,0.7577247585051711]]],[[[113.88418156500006,0.7629919991475183],[113.88507644700007,0.763122236000072],[113.88472454654985,0.7611173265341387],[113.88418156500006,0.7629919991475183]]],[[[113.88025391229363,0.7712371710697199],[113.88136448800003,0.7692897990000347],[113.88135705140814,0.7691038837961167],[113.88025391229363,0.7712371710697199]]],[[[113.87347200986558,0.7819940976422229],[113.87445453300006,0.7799117130000468],[113.873793121889,0.7782197006859295],[113.87347200986558,0.7819940976422229]]],[[[113.88785149300008,0.7946548040000607],[113.8794843170001,0.782023683000034],[113.87438855587449,0.7827956952992323],[113.8820875890001,0.7862508731215702],[113.88785149300008,0.7946548040000607]]],[[[113.91075380500001,0.8137737730000367],[113.90706564100003,0.8097881760000405],[113.90019494700005,0.8055646330000741],[113.8986364000001,0.8030305070000736],[113.89492444100006,0.8016385220000757],[113.89064736000012,0.7955708970000614],[113.88888412699929,0.7955435775402935],[113.89920097600009,0.8060009470995247],[113.91075380500001,0.8137737730000367]]],[[[113.91092381864135,0.8155972391139287],[113.92583363900007,0.8389960600000563],[113.91979575700009,0.8276043900000332],[113.91092381864135,0.8155972391139287]]],[[[113.92257503562824,0.8476280936553069],[113.92505842100002,0.8456542700000682],[113.92565626531558,0.8442209995985064],[113.924370339,0.8451703670557704],[113.92257503562824,0.8476280936553069]]],[[[113.92056718800006,0.8485096230000408],[113.92122615643252,0.8483943034828161],[113.91962014851615,0.8485760818817834],[113.92056718800006,0.8485096230000408]]],[[[113.91587413115373,0.8500797516341311],[113.91545478900002,0.8501947890502067],[113.91501548072739,0.8505015451458866],[113.91587413115373,0.8500797516341311]]],[[[113.90304526207997,0.8585923033474988],[113.90501741100002,0.8576182000000472],[113.90515585369124,0.8559719789641508],[113.90304526207997,0.8585923033474988]]],[[[113.89818229834471,0.8634291687430857],[113.89911634700002,0.8627007280000498],[113.89980283283816,0.8609282642567074],[113.89818229834471,0.8634291687430857]]],[[[113.8940287580001,0.8684385810298645],[113.89555429400002,0.8727539510000497],[113.8958999555456,0.8657273251051539],[113.8940287580001,0.8684385810298645]]],[[[113.88672014800011,0.8723460480255026],[113.88758310000003,0.8731584590000239],[113.88793977154002,0.872881048049051],[113.88672014800011,0.8723460480255026]]],[[[113.87457989012954,0.8852170418727883],[113.87586413100007,0.8840200090000394],[113.87637939781591,0.8816747954447828],[113.87457989012954,0.8852170418727883]]],[[[113.87728155700006,0.9012806430000637],[113.87820359800003,0.8961648020000439],[113.87182617200006,0.8894042960064773],[113.87743402000001,0.8964892809985772],[113.87728155700006,0.9012806430000637]]],[[[113.87227238391031,0.91405673539121],[113.87359339200009,0.9090411560000575],[113.87301624742142,0.9039227503354145],[113.87227238391031,0.91405673539121]]],[[[113.87255859300001,0.9185790999739398],[113.88320046600006,0.9273927490000347],[113.87221966573999,0.9166491920364137],[113.87255859300001,0.9185790999739398]]],[[[113.89588093000009,0.9466023170000426],[113.88983709900003,0.9400587990000417],[113.88462608000009,0.9373938030000204],[113.88326873093573,0.9314076079933818],[113.89588093000009,0.9466023170000426]]],[[[113.89677225100003,0.9494671339394652],[113.8983793640001,0.9514802120000354],[113.89599910290733,0.9468605464750445],[113.89677225100003,0.9494671339394652]]],[[[113.91301067000006,0.9884276900000373],[113.91351273600003,0.972494819000076],[113.91196608700011,0.9684259400000315],[113.90335243800007,0.9596893530000443],[113.8954189742649,0.9561341535296638],[113.91173312400008,0.9698159439168293],[113.91301067000006,0.9884276900000373]]],[[[113.91303732873807,0.9951424242276871],[113.91352463400005,0.9924394610000604],[113.912711018012,0.9896226956279941],[113.91303732873807,0.9951424242276871]]],[[[113.91422545700004,1.0011591148819248],[113.91546290300005,1.0023449590000268],[113.91323940752096,0.9966442007828484],[113.91422545700004,1.0011591148819248]]],[[[113.91231537322938,1.0051528943005776],[113.91289308500006,1.0042865990000678],[113.91301707169526,1.004054123793909],[113.91231537322938,1.0051528943005776]]],[[[113.90940084600005,1.0118258808699903],[113.91022808900004,1.0125861590000227],[113.91100855200011,1.007536136959105],[113.90940084600005,1.0118258808699903]]],[[[113.90201865938907,1.014780468952624],[113.90406052600008,1.014794299000073],[113.90485555724476,1.0140475362528654],[113.90201865938907,1.014780468952624]]],[[[113.89888214000007,1.0150729468664188],[113.89945388900003,1.016564618000075],[113.90194188584165,1.0147891646989275],[113.89888214000007,1.0150729468664188]]],[[[113.89138030700008,1.0282294580000553],[113.89295087200003,1.0220483830000262],[113.89269622000006,1.0206382550000512],[113.89380759012829,1.018710554626678],[113.89138030700008,1.0282294580000553]]],[[[113.89058617100011,1.0312508578483877],[113.89081411600012,1.0319183870000757],[113.89116356595434,1.028776856748804],[113.89058617100011,1.0312508578483877]]],[[[113.88895813600004,1.03536860600002],[113.8889904330534,1.0352135810127134],[113.88888108163688,1.0355638106078136],[113.88895813600004,1.03536860600002]]],[[[113.88889504559144,1.0443789737153721],[113.88955300200007,1.0421381720000227],[113.88853377198409,1.0386583172923167],[113.88889504559144,1.0443789737153721]]],[[[113.89472865300002,1.054570543000068],[113.88993847400002,1.0482652840000242],[113.88891925145884,1.045142433374584],[113.88946632200009,1.0474518778303266],[113.89024969700006,1.0489511588286622],[113.89472865300002,1.054570543000068]]],[[[113.89942116609969,1.0579217998623276],[113.89815316700003,1.0565815010000392],[113.89659935054708,1.0562581655857488],[113.89942116609969,1.0579217998623276]]],[[[113.90820761700003,1.0598491048165222],[113.92128628700004,1.058519572000023],[113.90239796557042,1.0591987292145488],[113.90820761700003,1.0598491048165222]]],[[[113.94899431100009,1.0661532050000346],[113.94798655800003,1.0613113290000342],[113.9464399090001,1.0599431390000404],[113.92743473000007,1.0581911780000723],[113.92388276208722,1.0598512736214394],[113.94459486800008,1.0602977938160039],[113.94899431100009,1.0661532050000346]]],[[[113.95477469500008,1.0765418480000335],[113.95584545300005,1.0733890620000466],[113.9547211580001,1.072235024000065],[113.95263675000001,1.0714069710000445],[113.94865080273672,1.0676568511755244],[113.95477469500008,1.0765418480000335]]],[[[113.95521715900009,1.0790197677951674],[113.95587519600008,1.0788320790000512],[113.95474295211713,1.0773632054017495],[113.95521715900009,1.0790197677951674]]],[[[113.95717708262816,1.0834412913850384],[113.96329483200009,1.0947649500000693],[113.96269473100006,1.0890899360000503],[113.95717708262816,1.0834412913850384]]],[[[113.9782961090001,1.1214647780000746],[113.96421208000004,1.1133490310000411],[113.96107690056736,1.0984129238710918],[113.96370733300012,1.1130946207571968],[113.9782961090001,1.1214647780000746]]],[[[113.98499429200001,1.1253076070000247],[113.98153693500001,1.1204939580000541],[113.97966667900005,1.1204654040000719],[113.98165044600012,1.1211614597482111],[113.98499429200001,1.1253076070000247]]],[[[113.98591823357096,1.12682720269737],[113.98701683400009,1.1282700360000604],[113.98700493700005,1.1269375380000497],[113.98591823357096,1.12682720269737]]],[[[113.98579141200003,1.1306376000000569],[113.98579654861658,1.1306292529869273],[113.98577564673695,1.1306528860486242],[113.98579141200003,1.1306376000000569]]],[[[113.98539999000002,1.1310171240000386],[113.98560507214196,1.130818275711405],[113.98537824279289,1.1310133418799388],[113.98539999000002,1.1310171240000386]]],[[[113.98426732000007,1.134172102733775],[113.98449579500004,1.1332442990000686],[113.98430292719223,1.1325371164751898],[113.98426732000007,1.134172102733775]]],[[[113.99213015125851,1.1402133620093042],[113.99025171100004,1.1388249290000658],[113.98853849900001,1.1391699510000421],[113.98500220767441,1.136502194156015],[113.98650846100008,1.1383432507290812],[113.9882812530001,1.1391777067281559],[113.99213015125851,1.1402133620093042]]],[[[113.99507034500004,1.1420424607249962],[113.99424920600006,1.141061622000052],[113.9922662702813,1.1402926609863295],[113.99507034500004,1.1420424607249962]]],[[[114.00934321800003,1.142848597000068],[114.0037932240001,1.1404334440000525],[113.99981952400003,1.1402430870000444],[113.9977394697449,1.1415294205126498],[114.00934321800003,1.142848597000068]]],[[[114.015262215,1.1371239927304382],[114.01706218900006,1.1346537340000395],[114.01299557429253,1.138238682252573],[114.015262215,1.1371239927304382]]],[[[114.0249022800001,1.140159154727052],[114.024041323,1.1389304180000295],[114.02168697557117,1.1388101186523147],[114.0249022800001,1.140159154727052]]],[[[114.03005250824972,1.144228254834714],[114.02896918600004,1.143349077000039],[114.02801540624314,1.1428142902381413],[114.03005250824972,1.144228254834714]]],[[[114.03760099400006,1.1460009807205447],[114.03767801400011,1.1457166410000355],[114.034941634,1.1441342990000294],[114.03031847418758,1.1443451229070618],[114.03760099400006,1.1460009807205447]]],[[[114.04037080442701,1.1428348979533258],[114.03963012400004,1.1437274120000325],[114.03941514623754,1.1441048638970386],[114.04037080442701,1.1428348979533258]]],[[[114.04566458543918,1.1334534140785932],[114.04254750100006,1.1342482730000256],[114.04229866923481,1.1349720553497142],[114.04566458543918,1.1334534140785932]]],[[[114.05297605000011,1.1285425887400062],[114.05261032100009,1.1274518980000607],[114.05041960955734,1.128393767757693],[114.05297605000011,1.1285425887400062]]],[[[114.06331288700005,1.1362889140000334],[114.0616284780001,1.131354214000055],[114.05643419828407,1.1317773019409487],[114.06100100200001,1.1326009617354975],[114.06331288700005,1.1362889140000334]]],[[[114.08637968800008,1.1546559650000745],[114.08283953700004,1.147745225000051],[114.06802739200009,1.1372716310000328],[114.06527893467911,1.1374685283475372],[114.08637968800008,1.1546559650000745]]],[[[114.098013648,1.1519983010000487],[114.0938495910001,1.15610287100003],[114.08693177000009,1.1588532987062536],[114.09381576400006,1.1574982687078001],[114.098013648,1.1519983010000487]]],[[[114.0998753701655,1.1495531179775842],[114.09889404900002,1.1504397540000468],[114.09871032191901,1.1511767694073813],[114.0998753701655,1.1495531179775842]]],[[[114.10240123786433,1.1473266562172522],[114.10046449300012,1.1480602930000714],[114.10044948372216,1.14883948517424],[114.10240123786433,1.1473266562172522]]],[[[114.11524847597704,1.1466197252898334],[114.10903055200004,1.1441579770000203],[114.10562003359803,1.1453417597216642],[114.11524847597704,1.1466197252898334]]],[[[114.11782504000007,1.1462899740000694],[114.12791395500005,1.1567235140000207],[114.12717156300005,1.1534541340000715],[114.11782504000007,1.1462899740000694]]],[[[114.12571380877566,1.1630747322631863],[114.12580099400009,1.1620773010000676],[114.12521782850006,1.1613707890172782],[114.12571380877566,1.1630747322631863]]],[[[114.12500095400003,1.1660009606983082],[114.12548690500012,1.1647756100000493],[114.1256561884367,1.1632411906963325],[114.12500095400003,1.1660009606983082]]],[[[114.13168837500007,1.1771916370000213],[114.13149742300004,1.1706719140000246],[114.12916975273687,1.1688509285497923],[114.1306687120001,1.1709999166927534],[114.13168837500007,1.1771916370000213]]],[[[114.13917178000008,1.1878873150000686],[114.13393696600008,1.1830808030000526],[114.13178778194003,1.1778548088150862],[114.133964891,1.1836370866787154],[114.13917178000008,1.1878873150000686]]],[[[114.14105155400011,1.187209168000038],[114.14767161100008,1.19458867000003],[114.14682214400011,1.1912835990000303],[114.14463264300002,1.1866499950000389],[114.14271717700001,1.1861860000000206],[114.14105155400011,1.187209168000038]]],[[[114.14869780700008,1.1994644496610525],[114.1498845100001,1.1991001280000546],[114.1476009490001,1.1970054374200931],[114.14869780700008,1.1994644496610525]]],[[[114.14668000268458,1.2064264029738736],[114.1473503840001,1.2060243600000717],[114.14739568340454,1.205261358808328],[114.14668000268458,1.2064264029738736]]],[[[114.14389544400001,1.213128213645853],[114.14412851700001,1.2117614950000757],[114.14462369625907,1.2086865247882168],[114.14389544400001,1.213128213645853]]],[[[114.13736300897833,1.2180756854514145],[114.13819556600004,1.2173002850000216],[114.13784028838478,1.2162192549850832],[114.13736300897833,1.2180756854514145]]],[[[114.14144776800003,1.2300956270000256],[114.13600832000009,1.2226431550000711],[114.13523837800005,1.2196245746386523],[114.13570565900012,1.2223166076356833],[114.14144776800003,1.2300956270000256]]],[[[114.1443886636015,1.2348396062900033],[114.1438319880001,1.2330509180000604],[114.14304155670169,1.2328056078508463],[114.1443886636015,1.2348396062900033]]],[[[114.14838878400008,1.2410203926148131],[114.14807218700003,1.2380906160000222],[114.14489254398273,1.235587419950622],[114.14838878400008,1.2410203926148131]]],[[[114.15124082643428,1.2489965953142497],[114.15177073500001,1.247102716000029],[114.15050086543116,1.245154124183025],[114.15124082643428,1.2489965953142497]]],[[[114.15308753907105,1.2535456614911176],[114.15243698400002,1.2518283260000658],[114.15172461825969,1.2509692970097843],[114.15308753907105,1.2535456614911176]]],[[[114.1670989800001,1.2605092905931548],[114.17117615100005,1.26630897900003],[114.17088518700007,1.2644384940000464],[114.16772614500007,1.2605936070000325],[114.1649827660001,1.2586399890000735],[114.15504323306668,1.2557389677713142],[114.1670989800001,1.2605092905931548]]],[[[114.16156208000007,1.2864608120000298],[114.16513603100009,1.2821444700000484],[114.16649232300006,1.2780755920000502],[114.16557007610798,1.2744089179723412],[114.16156208000007,1.2864608120000298]]],[[[114.15436659000011,1.2892780940000534],[114.15453988493333,1.2889393816587114],[114.15376471338148,1.2895878833472068],[114.15436659000011,1.2892780940000534]]],[[[114.15370966982094,1.2982086179748598],[114.1510813430001,1.2952882550000595],[114.14924965600005,1.2925058395575764],[114.15370966982094,1.2982086179748598]]],[[[114.15471026867675,1.2990506810331401],[114.16267407800001,1.3106500550000533],[114.16307382700006,1.3090700930000594],[114.16028386200003,1.3016991450000432],[114.15471026867675,1.2990506810331401]]],[[[114.160827616,1.3138480510000363],[114.16120760366475,1.3133197754305697],[114.16059527567131,1.3140620485401908],[114.160827616,1.3138480510000363]]],[[[114.15924490919905,1.3153670547544523],[114.16295961300011,1.3243795450000562],[114.16217439100001,1.3200251320000689],[114.15924490919905,1.3153670547544523]]],[[[114.16367680700012,1.3391166590000694],[114.1648762850001,1.3333127350000495],[114.16262818583247,1.331337968475025],[114.16397767600006,1.3344834715109084],[114.16367680700012,1.3391166590000694]]],[[[114.16005576900011,1.346022180000034],[114.16030922068612,1.3451668095136933],[114.16002834400001,1.3457111744984727],[114.16005576900011,1.346022180000034]]],[[[114.15931813600002,1.3468549910000434],[114.15921267700003,1.346906811497107],[114.15919367484581,1.3470979864919672],[114.15931813600002,1.3468549910000434]]],[[[114.16245146668297,1.3572158148398068],[114.15893603649906,1.3476009944963352],[114.15840095300008,1.3476009944963354],[114.16245146668297,1.3572158148398068]]],[[[114.1609282788543,1.361867916369235],[114.16179277600008,1.3602275620000341],[114.16192387743048,1.3597905564158508],[114.1609282788543,1.361867916369235]]],[[[114.16023422900003,1.362898507000068],[114.1602974660249,1.3627931119586156],[114.16018732348013,1.3629440329505043],[114.16023422900003,1.362898507000068]]],[[[114.15666489110637,1.3680839784033711],[114.15767036000011,1.367122051000024],[114.15822410772775,1.3658145921245575],[114.15666489110637,1.3680839784033711]]],[[[114.17134641100006,1.3880167520000555],[114.1610195500001,1.378903416000071],[114.15744560000007,1.3775637800000595],[114.15569965239656,1.3696884796826936],[114.15517528900011,1.3758266944649857],[114.15840095300008,1.3792009934612706],[114.17134641100006,1.3880167520000555]]],[[[114.17179830990383,1.3886731060567317],[114.18310094800006,1.3952265190000617],[114.17810408000003,1.3947268320000603],[114.17179830990383,1.3886731060567317]]],[[[114.20553122400008,1.4102485770000612],[114.196830438,1.3968683470000656],[114.18935893100002,1.3960355360000563],[114.18824548843558,1.3966352175741044],[114.19680094700004,1.3976009474407893],[114.20553122400008,1.4102485770000612]]]]}},{"type":"Feature","properties":{"name":"Kota Samarinda","prov":"Kalimantan Timur","km2":716.8,"lx":117.15691,"ly":-0.49672},"geometry":{"type":"Polygon","coordinates":[[[117.2792504360001,-0.5978526729999771],[117.2706908780001,-0.5971055709999291],[117.26224753300005,-0.6172993299999803],[117.22921823500008,-0.6361077799999748],[117.23322048900002,-0.6515695169999276],[117.22573470400005,-0.6620486639999399],[117.19125361800002,-0.6820965739999565],[117.18493066700012,-0.7121462329999417],[117.16415598300011,-0.7167639759999247],[117.1472500000001,-0.6893055559999652],[117.14551100000006,-0.672963999999979],[117.13671054200006,-0.6740985319999595],[117.12619101900009,-0.6645560089999663],[117.14535267800011,-0.620721901999957],[117.11420800100007,-0.5985210379999444],[117.10533936500008,-0.6010118049999278],[117.09264253000003,-0.5930530599999315],[117.09583155200005,-0.5840328919999251],[117.09092998200003,-0.5769159629999763],[117.08300323000003,-0.576100619999977],[117.0777202810001,-0.5896558219999406],[117.0698680590001,-0.5915355969999609],[117.07155277800007,-0.5808722219999254],[117.0539500000001,-0.5465299999999615],[117.0675364550001,-0.5330199449999782],[117.054580009,-0.513878980999948],[117.06513000000007,-0.4789599999999723],[117.05886569900008,-0.4618026769999801],[117.06239047400004,-0.4479193149999787],[117.07394612400003,-0.4286312439999733],[117.12780800500002,-0.40843600299996297],[117.132991016,-0.36282001599994373],[117.14920597100001,-0.35279596899994203],[117.14770600000008,-0.3435469999999441],[117.14354500000002,-0.3473919999999566],[117.13849204300004,-0.34076852399994095],[117.14304780300006,-0.32009669799992935],[117.15409444400007,-0.3253122759999769],[117.16496634200007,-0.3173602759999312],[117.19206750800004,-0.32284171099996684],[117.19763921900005,-0.31812538299993776],[117.20628700000009,-0.323475999999971],[117.2257260240001,-0.3143999549999421],[117.23221903400008,-0.3191680019999694],[117.22790897100003,-0.3276279879999606],[117.23875098500002,-0.3376880169999481],[117.23359598100001,-0.35737299899994923],[117.26196502000005,-0.36534500199996955],[117.27416098900005,-0.35815203299995346],[117.29200299000001,-0.3656420239999534],[117.29759503700006,-0.3752410319999626],[117.29508897100004,-0.4024139739999555],[117.26898228200002,-0.42260538999994424],[117.26235400000007,-0.43818399999997837],[117.27056457800006,-0.46990034999993213],[117.26400535300002,-0.47754072699996186],[117.2571944440001,-0.5238055559999566],[117.26950000000011,-0.5255555559999721],[117.26808333300005,-0.531722221999928],[117.2627777780001,-0.5306666669999345],[117.26757279800006,-0.5597702529999538],[117.25174869000011,-0.5503336079999599],[117.24639399700004,-0.5577000239999279],[117.23836526900004,-0.5565488669999468],[117.23556502200006,-0.5698785009999483],[117.23589699200011,-0.5755750449999368],[117.27508150300002,-0.5835195889999341],[117.2792504360001,-0.5978526729999771]]]}},{"type":"Feature","properties":{"name":"Kutai Barat","prov":"Kalimantan Timur","km2":13516.4,"lx":115.81546,"ly":-0.51616},"geometry":{"type":"Polygon","coordinates":[[[115.29180097600009,-0.07739901491341675],[115.29505475700012,-0.05319658099995195],[115.29119975000003,-0.036448952999933226],[115.31346485900008,-0.01967061599992803],[115.31561829700001,-0.002668826999979501],[115.33593334300008,-0.0016118089999395124],[115.39063495200003,0.055584705000057966],[115.41002558800005,0.05213357700006327],[115.44058974200004,0.06193596200006368],[115.46139906500002,0.05191283500005284],[115.46141154300005,0.06353864100003648],[115.50878306300001,0.06170407100006514],[115.5235524200001,0.07950771500003384],[115.5424614000001,0.08258411200006321],[115.55739203200005,0.09646785500007127],[115.57592869000007,0.12355252900005098],[115.58086452300006,0.14539970000004132],[115.60669308600006,0.14057190000005448],[115.65626371200005,0.1629336960000387],[115.66036603100008,0.15639433400002645],[115.6747917450001,0.1593789200000515],[115.69146835800007,0.1962522840000247],[115.71362189600006,0.21482497900007047],[115.71438170300007,0.22516352100006998],[115.7113337190001,0.2782914740000706],[115.6847109040001,0.2805849260000741],[115.68333216100007,0.30248741400004064],[115.67163965700001,0.3086832160000199],[115.68291696900008,0.32953804500004935],[115.69204599800003,0.32934907800006386],[115.70308299800001,0.3141260780000721],[115.7223229980001,0.30564207800006216],[115.73054299800003,0.31110707800002046],[115.7500119980001,0.30609807800004774],[115.77327299800004,0.29205007800004523],[115.78185899800008,0.2828290780000202],[115.76764399800004,0.2574290780000297],[115.76740786500011,0.22703118700002278],[115.79202440200004,0.23161522400005197],[115.79713099800006,0.22710707800007413],[115.79595799800006,0.21305807800007415],[115.80452099800004,0.2088760780000598],[115.827229998,0.2187850780000531],[115.839522998,0.19487807800004475],[115.83818799800008,0.18594707800002652],[115.85073499800001,0.18627407800005358],[115.86143499800005,0.16990507800005616],[115.8757779980001,0.16641107800006694],[115.87880699800007,0.15353707800005623],[115.88848499800008,0.1490430780000338],[115.90226299800008,0.12265707800003156],[115.91027799800008,0.12646107800003392],[115.9151369980001,0.11822007800003576],[115.92429299800006,0.12219307800006618],[115.94627499800004,0.11727907800002413],[115.947546998,0.10930307800003902],[115.95958599800008,0.10826307800004997],[115.9590829980001,0.10121907800004237],[115.97473499800003,0.10693007800006171],[115.97940599800006,0.1006710780000617],[115.97663399800001,0.07353507800002035],[115.99403299800008,0.06068507800006273],[115.98694045500008,0.042992821000041204],[115.9893377620001,0.020679426000072],[115.97863418400004,0.01465254000004279],[115.96770053000012,0.023036679000028926],[115.96656854100002,0.0019705170000747785],[115.94769043800011,-0.019509026999969592],[115.96079070000008,-0.05784396499996092],[115.97701111100002,-0.07435249999997495],[115.97127915200008,-0.08432079999994357],[115.98873096300008,-0.09051914099995884],[115.9982500000001,-0.10408333299994865],[116.00700000000006,-0.1026388889999339],[116.03412308500003,-0.14566385399996307],[116.06052307800007,-0.15879993799995873],[116.06550086100003,-0.16782354799994437],[116.16090571900008,-0.178283902999965],[116.16495166800007,-0.21396797999994988],[116.27739402200007,-0.28903609299993605],[116.30638554100005,-0.3298454619999802],[116.30128777800007,-0.34851055599995107],[116.32249964000005,-0.3901900029999297],[116.3031377860001,-0.3857954219999442],[116.28965073500001,-0.39979199499993],[116.2362250000001,-0.4003388889999542],[116.23283333300003,-0.4078611109999315],[116.23537500000009,-0.4251499999999737],[116.2658462060001,-0.44968301899996277],[116.25056820300006,-0.48592996499996843],[116.28700000000003,-0.5240599999999631],[116.32000000000005,-0.5341989999999441],[116.37500000000011,-0.6159029999999461],[116.37500000000011,-0.6325689999999327],[116.4094970000001,-0.659311999999943],[116.44936804800011,-0.7121792459999483],[116.45500000000004,-0.7350499999999442],[116.48484800000006,-0.7348259999999414],[116.4959197820001,-0.7518336929999805],[116.51717774100007,-0.7482190429999491],[116.52186443400001,-0.7533363009999334],[116.50583815800007,-0.7652990679999334],[116.50869696500001,-0.7848011899999392],[116.5008444560001,-0.7830844669999806],[116.49909035000007,-0.7994150659999377],[116.49354330400001,-0.7987135139999282],[116.49064695800007,-0.807069945999956],[116.5007488040284,-0.8575133925041081],[116.48732302676456,-0.8643361696864478],[116.46768055700011,-0.8623841449999645],[116.45089800000005,-0.8836339999999723],[116.45417790900001,-0.9042788189999555],[116.47391010600008,-0.9273937799640155],[116.47905162200006,-0.9437072339458538],[116.4467495250001,-0.9504800489382887],[116.43931031500006,-0.9588746639289264],[116.44042100000001,-0.9699559999999678],[116.39555315633909,-0.9737637800105157],[116.38445600000011,-0.9664659999999685],[116.37399368900003,-0.992327021891653],[116.35913500000004,-0.9975849999999582],[116.33662246220293,-1.0216768983942073],[116.32101808400013,-1.017616722863419],[116.29958500000009,-1.05189699999994],[116.2652208730001,-1.0526745758243883],[116.24824987500006,-1.0848708739999324],[116.23000000000002,-1.0849999987883974],[116.21208102100002,-1.1033101857680303],[116.1400000000001,-1.0883333317847357],[116.13277125768414,-1.0924494671788934],[116.11666666700013,-1.082499998791134],[116.07905869798228,-1.0821112441913978],[116.07637220900006,-1.075842504798589],[116.01770460800005,-1.0925081357800048],[116.0120981505921,-1.089109983931464],[116.01333333400011,-1.0808333317930279],[115.98533300000008,-1.0818059999999718],[115.97895093766107,-1.1130049633693477],[115.96416666600011,-1.1158333317540363],[115.92102599677654,-1.1533333317123293],[115.91787900000008,-1.1422529999999256],[115.90750000000003,-1.1399999987271372],[115.91180616600002,-1.1225896987464954],[115.90388474100007,-1.100646746770995],[115.88583333400005,-1.0966666657754376],[115.85250000000008,-1.1108333327596378],[115.84308172621712,-1.109166665761505],[115.83083333300011,-1.0766666647976388],[115.82416666600011,-1.0766666647976386],[115.81885211300006,-1.0880187777850077],[115.80056418900004,-1.0988935537729456],[115.76583529072606,-1.1374434425437014],[115.75595232739121,-1.132499998735468],[115.74807600800011,-1.0996400917720557],[115.71093787100006,-1.0749632409999776],[115.69993119100002,-1.0297143609999466],[115.6898098580001,-1.0254193029999783],[115.67923880000001,-1.0089465609999593],[115.63994285700005,-1.019445851999933],[115.62583451243722,-1.0168774044420474],[115.63226641200004,-0.9862120439999558],[115.62594774600007,-0.9660219319999328],[115.59139436900011,-0.9349552789999507],[115.54725810800005,-0.8544208229999413],[115.48591324100006,-0.8713921320264689],[115.47972389729833,-0.8799259970523402],[115.47405483200009,-0.8708027480271189],[115.44643293400009,-0.8784258339999269],[115.42333333400006,-0.8699999990280124],[115.4144783930001,-0.8731501720244875],[115.40795520000006,-0.8686862269999551],[115.41605916700007,-0.8647149009999566],[115.39920330400003,-0.8452594039999326],[115.39766084200005,-0.8648796419999485],[115.39401667600009,-0.8573260549999304],[115.38743062800006,-0.8619638869999449],[115.38158637100003,-0.8518032129999256],[115.37422983400006,-0.8766673820205744],[115.36394346000009,-0.8731136820245212],[115.36083333300006,-0.862499999036353],[115.35256328600009,-0.8674367130308714],[115.36166666600003,-0.8516666660485085],[115.35225376000005,-0.8340015010681915],[115.35667415100012,-0.824084219079252],[115.35262609300003,-0.8181269450858734],[115.36551978000011,-0.8025835801032263],[115.36833333400013,-0.7874999991200858],[115.36009366100006,-0.7927806821141553],[115.36158786400006,-0.7728005081364918],[115.34833333300003,-0.7649999991451428],[115.33916666700009,-0.7683333321413894],[115.33726994400001,-0.7598375321509001],[115.3270621260001,-0.7581565161528149],[115.31083333300002,-0.7391666661740072],[115.32333333300005,-0.7274999991870302],[115.34658628600005,-0.7204452019999508],[115.3390335350001,-0.6959493842222263],[115.35061901200004,-0.6814524852384077],[115.34959117491985,-0.6679893135490056],[115.36547718300005,-0.6650144549999482],[115.37803083300003,-0.6397992669999439],[115.3777376380001,-0.6294887979999544],[115.36753246615166,-0.629143263712933],[115.36638453800003,-0.6149000243127074],[115.35918079600003,-0.6072591283212381],[115.3741255110001,-0.5984078359999785],[115.38093334700011,-0.5722437849999551],[115.35833333400002,-0.5491666653861202],[115.34500000000003,-0.5449999993907978],[115.32262587800005,-0.5425052743935733],[115.2890859800001,-0.5541624003805435],[115.28287997900009,-0.5487724669999352],[115.28994621200002,-0.5406455239999559],[115.29133352300005,-0.5203071589999695],[115.30710642700001,-0.5110319059999711],[115.29747464000002,-0.4941444429999251],[115.30710200200008,-0.4860224689999768],[115.2961033140001,-0.47210734999993065],[115.2989390570001,-0.45627982299993164],[115.29303724400006,-0.4600071149999394],[115.27384771100002,-0.4542141524922144],[115.26730594900005,-0.43195048299998007],[115.2483251750001,-0.41151525999993055],[115.25242893263353,-0.40239978631703416],[115.26238135800008,-0.4018160429999398],[115.2616179810001,-0.3862072215681866],[115.24639409800011,-0.37949258499997995],[115.24638830300012,-0.36743744399996103],[115.23263810128333,-0.361412508457687],[115.23721172,-0.3416602329999705],[115.22490459300002,-0.3117398709999293],[115.25323754200008,-0.30262699999997267],[115.24857055000007,-0.24776018899996188],[115.26037622000001,-0.23892255299995213],[115.27324100300007,-0.24333460899993042],[115.2748368550001,-0.2281165369999485],[115.29847137800004,-0.21043207299993583],[115.29697236700007,-0.20073470177554528],[115.26065368500008,-0.18174635379672818],[115.25604666400012,-0.16387901881676495],[115.27030532400012,-0.14332335583969658],[115.28776593700002,-0.1438313549999748],[115.28712296800006,-0.12807707799993295],[115.30572267200012,-0.12191554699995777],[115.31350915900009,-0.10723456699997769],[115.31653078300008,-0.0970657839999376],[115.3089666190001,-0.08045771699994475],[115.29180097600009,-0.07739901491341675]]]}},{"type":"Feature","properties":{"name":"Kutai Kartanegara","prov":"Kalimantan Timur","km2":23494.3,"lx":116.70524,"ly":-0.22535},"geometry":{"type":"MultiPolygon","coordinates":[[[[115.95685900000001,1.5050320000000283],[115.96639800000003,1.5258300000000418],[115.98494700000003,1.530503000000067],[116.01080347100003,1.5247036150000213],[116.02056877900009,1.51602334100005],[116.0420981420001,1.5166229650000673],[116.06134322300011,1.5086279760000707],[116.06658880600003,1.4999822740000468],[116.09206038400009,1.4998991440000395],[116.10148006100007,1.48976082300004],[116.13119990300004,1.478117449000024],[116.15284479500008,1.4896960280000258],[116.14863708100006,1.4734386030000337],[116.15434778800011,1.45050440600005],[116.14098102500009,1.4138055260000328],[116.174652562,1.3813529920000747],[116.17166476300008,1.371580376000054],[116.15852743900007,1.3627427770000509],[116.14790407600003,1.2952165600000285],[116.12986883000008,1.2865082670000447],[116.12993081800005,1.2748383010000452],[116.1121947370001,1.270631189000028],[116.11070477300007,1.2575158250000413],[116.09478611100008,1.2483320620000313],[116.08061671700011,1.2114277970000558],[116.06245296200007,1.1966544270000554],[116.06419642800006,1.1768505300000243],[116.04905073000009,1.1795012090000228],[116.03016032300002,1.1685812810000584],[116.0370661820001,1.139501335000034],[116.03182153800003,1.1283592250000538],[116.05394076200002,1.0706311240000446],[116.04973371100004,1.0612550220000685],[116.05928022600006,1.054745485000069],[116.07431299300004,1.0243179910000322],[116.06534861700004,1.0105218040000636],[116.04039012200008,1.0068409010000323],[116.04705231000003,0.9913145950000626],[116.0290246400001,0.9713877990000697],[116.0421905070001,0.9533690540000634],[116.0470720730001,0.9195903450000742],[116.06245948300011,0.9134879190000333],[116.06811393800001,0.9018283230000748],[116.03943601800006,0.8877974200000267],[116.03958646000001,0.8754936030000522],[116.02663595000001,0.8692235050000363],[116.032248632,0.8521048640000686],[116.01598085300009,0.8344441610000217],[115.99261790800006,0.8269003110000313],[115.97211970900003,0.83493495700003],[115.96810323300008,0.8209187200000656],[115.99111212500009,0.8032792680000398],[115.997166461,0.7897331200000508],[115.9938653910001,0.7802716330000408],[116.01120559900005,0.7708128450000231],[116.01497087300004,0.777637147000064],[116.03274841200005,0.7750697410000384],[116.05975479000006,0.806495453000025],[116.07566732500004,0.8094105320000722],[116.08675146900009,0.799948142000062],[116.08511769400002,0.7877123970000639],[116.10048863000009,0.7817077100000347],[116.12342622300002,0.7548274210000727],[116.14703695000003,0.7498959630000286],[116.13843374300006,0.7375289960000373],[116.14238551900007,0.7224917900000491],[116.17046969900002,0.7326319330000501],[116.18005544200003,0.7193010590000313],[116.20033607900007,0.720513090000054],[116.22438004900005,0.7097750170000268],[116.23697222200008,0.6524166670000682],[116.25051575000009,0.6397311710000508],[116.24201767300008,0.6319856950000258],[116.27387551900006,0.583768444000043],[116.25416746600001,0.5657302300000424],[116.25584804300001,0.5525456200000463],[116.26429915800009,0.5528726730000244],[116.25991162300011,0.5419497040000465],[116.26704720200007,0.5367236950000347],[116.26231743000005,0.5290616280000222],[116.2855703240001,0.5115108850000638],[116.2796170370001,0.5040466060000313],[116.28826400000003,0.4652430000000436],[116.32347000000004,0.4583740000000489],[116.3342990000001,0.44907700000004525],[116.33742200000006,0.4314730000000395],[116.36156300000005,0.4133000000000493],[116.40221100000008,0.3561690000000226],[116.42473480500007,0.3456701650000582],[116.47079700000006,0.30904300000003104],[116.47633265400009,0.29500212800002146],[116.45947028600006,0.29501750600002197],[116.45925795200003,0.28954333200005067],[116.45946111100011,0.23600000000004684],[116.469219511,0.18389593800003468],[116.6524720000001,0.18388900000002195],[116.77663900000005,0.22725000000002638],[116.8036425790001,0.22598588900007144],[116.826391564,0.2359436840000626],[116.85161305600002,0.2705463450000707],[116.84775785000011,0.3001522900000282],[116.87658662600006,0.3661388640000496],[116.87390000000005,0.38960500000007414],[116.90403409300006,0.3900372800000582],[116.93834900600007,0.4346534460000271],[116.9443190610001,0.4863340690000655],[116.94038300900002,0.5033046300000592],[116.94730674200002,0.5219750760000466],[116.94028000000003,0.5398480000000632],[116.9648904820001,0.5408695990000751],[116.96348034800008,0.5569821680000473],[116.9696006260001,0.5565621200000237],[116.9807283350001,0.5760260470000276],[116.99310801600006,0.5833075280000344],[117.00002519600002,0.5582696453760585],[117.0094965070001,0.5597162723744169],[117.0121643440001,0.547880454000051],[117.02499626800011,0.5451881780000463],[117.05678379900007,0.47607424500006346],[117.07423018100008,0.4648224840000239],[117.0785535220001,0.4483295310000699],[117.10666930900004,0.43820246300003873],[117.11829361800005,0.40765493200007086],[117.13623379900002,0.39476507700004504],[117.14437169700011,0.3705714030000422],[117.16276044000006,0.36582098600007384],[117.17813988300007,0.3507151586079763],[117.21445801200002,0.3496370070000694],[117.21500768400006,0.33987303962006654],[117.19585422500006,0.3090303810000705],[117.19666523800004,0.2977598990000274],[117.17644221300009,0.27630199669117667],[117.18194422518681,0.21211608721353536],[117.1392009860001,0.17840099280055438],[117.14840096200011,0.15920096582206913],[117.13892914000009,0.14867148683380468],[117.1374876220001,0.12114695286458362],[117.14434675300004,0.10870008987852885],[117.14210512000011,0.09978362188849405],[117.15488458700008,0.08438433290570213],[117.1518009900001,0.06100100293185568],[117.13982064900006,0.0557812919376843],[117.12825421000002,0.03878915195666484],[117.12161644200013,-0.005661945993630055],[117.12928737800007,-0.026048264970825134],[117.14180099900013,-0.02999901796641617],[117.15097685600007,-0.04255521895239322],[117.15635954000004,-0.06639661692570986],[117.13865193900007,-0.08903499090037419],[117.15778266400002,-0.11404339187240801],[117.16594531200009,-0.11581836787046405],[117.17674338600011,-0.11291564787371101],[117.18035663700003,-0.09860830188968017],[117.19188031700003,-0.08803265390152001],[117.22190081400004,-0.09272755589623005],[117.23600095500001,-0.08079904290963456],[117.23606093100011,-0.09333986089559498],[117.24612150100008,-0.09353894589535748],[117.25274818800006,-0.1080727778791235],[117.2742009760001,-0.12239903186315236],[117.26840096700006,-0.16319900781749566],[117.24083333300008,-0.2516666667185804],[117.25321351700008,-0.2666825747017729],[117.2674130700001,-0.27091751369707195],[117.26833333300011,-0.28749999967852613],[117.28416666700002,-0.28666666667946233],[117.28000000000009,-0.3141666666486875],[117.31583333300013,-0.3258333336356653],[117.32722907900006,-0.2872415806787919],[117.34075729500013,-0.2824718446841721],[117.3458333330001,-0.28249999968411993],[117.35512802200003,-0.3045081906595286],[117.3835158400001,-0.3122919476508192],[117.40244105300009,-0.3045081906595286],[117.43647591100013,-0.3078658896557631],[117.442382844056,-0.29841908308133563],[117.45200794200001,-0.3039878976600871],[117.44626960700009,-0.3186201319999782],[117.45122855700004,-0.35016118199996527],[117.46430284300004,-0.37005022199997484],[117.45980023900006,-0.38596905899993317],[117.43716552300009,-0.37932163399995034],[117.4369829850001,-0.39091279799993117],[117.42833524600007,-0.3967768319999436],[117.43070824000006,-0.4154565569999704],[117.43775877100006,-0.4212065059999759],[117.42472251400011,-0.43381684099995255],[117.44263405800007,-0.43702646799994227],[117.4552519990001,-0.45300615199994354],[117.43702038300012,-0.4836971049999761],[117.43160142200009,-0.5121190109999247],[117.41222738800002,-0.5393450399999438],[117.39132495700005,-0.5468737009999245],[117.36874571300007,-0.5689280969999686],[117.34793582500004,-0.5749823069999707],[117.34981839000011,-0.5797851319999268],[117.32920459242008,-0.577626725878737],[117.31016967400001,-0.5654601493679711],[117.30581902300003,-0.5712857379999718],[117.27597009600004,-0.5769177089999289],[117.27508150300002,-0.5835195889999341],[117.23589699200011,-0.5755750449999368],[117.23836526900004,-0.5565488669999468],[117.24639399700004,-0.5577000239999279],[117.25174869000011,-0.5503336079999599],[117.25704195500009,-0.5551436149999631],[117.25534397900003,-0.5504375819999723],[117.26757279800006,-0.5597702529999538],[117.2627777780001,-0.5306666669999345],[117.26808333300005,-0.531722221999928],[117.26950000000011,-0.5255555559999721],[117.2571944440001,-0.5238055559999566],[117.26400535300002,-0.47754072699996186],[117.27056457800006,-0.46990034999993213],[117.26235400000007,-0.43818399999997837],[117.26898228200002,-0.42260538999994424],[117.29508897100004,-0.4024139739999555],[117.29823000800002,-0.3831570439999723],[117.29224598400003,-0.36586796899996443],[117.2806600350001,-0.3601510409999378],[117.26196502000005,-0.36534500199996955],[117.23359598100001,-0.35737299899994923],[117.23875098500002,-0.3376880169999481],[117.22790897100003,-0.3276279879999606],[117.2294379970001,-0.31611904199996843],[117.20628700000009,-0.323475999999971],[117.19763921900005,-0.31812538299993776],[117.19206750800004,-0.32284171099996684],[117.16496634200007,-0.3173602759999312],[117.15409444400007,-0.3253122759999769],[117.14292200000011,-0.3201819999999316],[117.13849204300004,-0.34076852399994095],[117.14354500000002,-0.3473919999999566],[117.14770600000008,-0.3435469999999441],[117.14920597100001,-0.35279596899994203],[117.132991016,-0.36282001599994373],[117.12780800500002,-0.40843600299996297],[117.07394612400003,-0.4286312439999733],[117.06605914300007,-0.4385072779999746],[117.05886569900008,-0.4618026769999801],[117.06513000000007,-0.4789599999999723],[117.054580009,-0.513878980999948],[117.0671508260001,-0.5367375539999557],[117.0541660020001,-0.5506499579999513],[117.07155277800007,-0.5808722219999254],[117.0698680590001,-0.5915355969999609],[117.0777202810001,-0.5896558219999406],[117.08300323000003,-0.576100619999977],[117.09092998200003,-0.5769159629999763],[117.09583155200005,-0.5840328919999251],[117.09264253000003,-0.5930530599999315],[117.10533936500008,-0.6010118049999278],[117.11420800100007,-0.5985210379999444],[117.14535267800011,-0.620721901999957],[117.12619101900009,-0.6645560089999663],[117.13671054200006,-0.6740985319999595],[117.14551100000006,-0.672963999999979],[117.1472500000001,-0.6893055559999652],[117.1622209950001,-0.7165409849999378],[117.18493066700012,-0.7121462329999417],[117.19125361800002,-0.6820965739999565],[117.22573470400005,-0.6620486639999399],[117.23343464000004,-0.6497135379999577],[117.22829024500004,-0.6373498579999364],[117.26224753300005,-0.6172993299999803],[117.2706908780001,-0.5971055709999291],[117.28805733500008,-0.6062304269999572],[117.3001032300001,-0.642994966999936],[117.30261285925367,-0.6800931547459244],[117.28840498900001,-0.7209661079999705],[117.28177612600007,-0.7914454389999719],[117.270762235,-0.8043835399999466],[117.26940474000003,-0.7667609191432032],[117.25350474000004,-0.7448609191676435],[117.23825436900007,-0.740810192172134],[117.22833333300001,-0.7458333321665664],[117.22583333300008,-0.736666666176751],[117.21833333300005,-0.7349999991786303],[117.20333333300005,-0.7449999991674701],[117.18320171399999,-0.7415027671713926],[117.16115642800003,-0.7215570311936697],[117.14192512300008,-0.739563598173531],[117.13119408400009,-0.7144856272015384],[117.12372901300013,-0.7132025682029886],[117.10634939600003,-0.7233503981916739],[117.09019975100011,-0.7179942431976363],[117.06483966400005,-0.7386162131745784],[117.05690024400008,-0.7378636911754524],[117.04960342400011,-0.758747530152108],[117.03266660700001,-0.7679522831418101],[117.0331998040001,-0.7783476141302896],[117.02223173300001,-0.7960633541104962],[117.01083333300006,-0.794166665112624],[117.010831262,-0.8513420140488014],[116.99597727600008,-0.8833845760130767],[116.97269375000008,-0.880027081016868],[116.96419352300008,-0.8907344330049303],[116.95226888100002,-0.8933946540019029],[116.94515131100002,-0.90580127883691],[116.94516138100005,-0.8795977529999277],[116.9240934290001,-0.8796979809999357],[116.91549701800011,-0.8919867389999467],[116.91250000000002,-0.8766666660205518],[116.90173045800007,-0.8724559850253223],[116.89750000000005,-0.8583333320410561],[116.89316353427219,-0.8642631253212109],[116.88687963400002,-0.8605899190384806],[116.88407156300003,-0.8444238070565155],[116.87270360755015,-0.842104462548476],[116.87250000000007,-0.8333333320688999],[116.8319735230001,-0.8231714040801948],[116.8258333330001,-0.8099999990949461],[116.81002659800004,-0.8062307339999393],[116.79176041900007,-0.822441839081078],[116.77250000000002,-0.824999999078191],[116.7732969440001,-0.8013761109999678],[116.76011768900001,-0.8051019381004108],[116.74448859300001,-0.8248126810784309],[116.73581299552306,-0.8257451763123268],[116.73166666700001,-0.8024999991033169],[116.7248808920001,-0.7991740801070077],[116.71113141200011,-0.8062263420991488],[116.68416500000001,-0.7983073569999419],[116.6516666670001,-0.8241666660791066],[116.65201895900009,-0.8364755410654371],[116.63931618200003,-0.8625833730362781],[116.61222075642875,-0.8800067768651175],[116.59301468845739,-0.8761554552681183],[116.59083333400008,-0.8633333320354527],[116.56838183748434,-0.859946383052215],[116.57250601500004,-0.8307290180718061],[116.56333333300006,-0.8099999990949466],[116.53925400000003,-0.8132483569999636],[116.53135755900007,-0.8257105440774061],[116.51502400000004,-0.8262613579999538],[116.51672426735071,-0.8456995725453401],[116.5007488040284,-0.8575133925041081],[116.49064695800007,-0.807069945999956],[116.49354330400001,-0.7987135139999282],[116.49909035000007,-0.7994150659999377],[116.5008444560001,-0.7830844669999806],[116.50869696500001,-0.7848011899999392],[116.50583815800007,-0.7652990679999334],[116.52186443400001,-0.7533363009999334],[116.51717774100007,-0.7482190429999491],[116.4959197820001,-0.7518336929999805],[116.48484800000006,-0.7348259999999414],[116.45500000000004,-0.7350499999999442],[116.44936804800011,-0.7121792459999483],[116.4094970000001,-0.659311999999943],[116.37500000000011,-0.6325689999999327],[116.37500000000011,-0.6159029999999461],[116.32000000000005,-0.5341989999999441],[116.28700000000003,-0.5240599999999631],[116.25056820300006,-0.48592996499996843],[116.2658462060001,-0.44968301899996277],[116.23537500000009,-0.4251499999999737],[116.23283333300003,-0.4078611109999315],[116.2362250000001,-0.4003388889999542],[116.28965073500001,-0.39979199499993],[116.3031377860001,-0.3857954219999442],[116.32249964000005,-0.3901900029999297],[116.30128777800007,-0.34851055599995107],[116.30638554100005,-0.3298454619999802],[116.27739402200007,-0.28903609299993605],[116.16495166800007,-0.21396797999994988],[116.16090571900008,-0.178283902999965],[116.06550086100003,-0.16782354799994437],[116.06052307800007,-0.15879993799995873],[116.03412308500003,-0.14566385399996307],[116.00700000000006,-0.1026388889999339],[115.9982500000001,-0.10408333299994865],[115.98873096300008,-0.09051914099995884],[115.97127915200008,-0.08432079999994357],[115.97701111100002,-0.07435249999997495],[115.96079070000008,-0.05784396499996092],[115.94769043800011,-0.019509026999969592],[115.96656854100002,0.0019705170000747785],[115.96770053000012,0.023036679000028926],[115.97863418400004,0.01465254000004279],[115.9893377620001,0.020679426000072],[115.98694045500008,0.042992821000041204],[115.99403299800008,0.06068507800006273],[115.97663399800001,0.07353507800002035],[115.98142399800008,0.08582107800003769],[115.9754739980001,0.10641707800004951],[115.96180999800004,0.10060307800006285],[115.95907699800011,0.10884407800006102],[115.94722399800003,0.10957707800002936],[115.94758399800003,0.11680107800003725],[115.92429299800006,0.12219307800006618],[115.9151369980001,0.11822007800003576],[115.91027799800008,0.12646107800003392],[115.90226299800008,0.12265707800003156],[115.88848499800008,0.1490430780000338],[115.87880699800007,0.15353707800005623],[115.8757779980001,0.16641107800006694],[115.86143499800005,0.16990507800005616],[115.85073499800001,0.18627407800005358],[115.83818799800008,0.18594707800002652],[115.839522998,0.19487807800004475],[115.827229998,0.2187850780000531],[115.80452099800004,0.2088760780000598],[115.79595799800006,0.21305807800007415],[115.79713099800006,0.22710707800007413],[115.79202440200004,0.23161522400005197],[115.78105568500007,0.22636652000005597],[115.76457195400008,0.2300000310000314],[115.76764399800004,0.2574290780000297],[115.78179999800011,0.2844530780000696],[115.7500119980001,0.30609807800004774],[115.73054299800003,0.31110707800002046],[115.723393998,0.3054070780000302],[115.70308299800001,0.3141260780000721],[115.69204599800003,0.32934907800006386],[115.67475100000001,0.3348290000000702],[115.67153600000006,0.3431730000000357],[115.67997200000002,0.3464060000000586],[115.68451600000003,0.3593620000000328],[115.69584700000007,0.3695090000000505],[115.70562000000007,0.36980800000003455],[115.7147930000001,0.3840590000000361],[115.72610000000009,0.39101800000003095],[115.73475500000006,0.38816200000002254],[115.73761600000012,0.39820100000002867],[115.76831647100005,0.4049170590000699],[115.74764700000003,0.4416160000000673],[115.75439400000005,0.4848170000000209],[115.74163300000009,0.4930850000000646],[115.73491100000001,0.5192100000000437],[115.72353500000008,0.5122350000000324],[115.71201900000005,0.5159480000000372],[115.69991100000004,0.543813000000057],[115.68622000000005,0.5382890000000202],[115.64768900000001,0.5403180000000702],[115.64089600000011,0.5634830000000761],[115.66378800000007,0.5676070000000664],[115.6734580000001,0.580641000000071],[115.64718300000004,0.6052580000000489],[115.65151600000002,0.6213270000000648],[115.63688600000012,0.624603000000036],[115.62948900000004,0.6153170000000614],[115.60780100000011,0.6343800000000215],[115.59500500000001,0.6355660000000398],[115.59491500000001,0.6450620000000526],[115.58575600000006,0.6460190000000239],[115.57482000000005,0.6687460000000556],[115.5653000000001,0.7001390000000356],[115.554618,0.70219400000002],[115.54701000000011,0.7206160000000637],[115.52914600000008,0.7291200000000231],[115.5188280000001,0.7477940000000558],[115.50228989000004,0.7535743680000451],[115.49589800000001,0.7632190000000492],[115.40543300000002,0.7838970000000245],[115.39665900000011,0.7818600000000515],[115.39217400000007,0.7706190000000674],[115.38935100000003,0.7839330000000473],[115.37573700000007,0.7951090000000249],[115.38241705600001,0.8088919270000474],[115.3549690000001,0.817100000000039],[115.34424000000001,0.8132910000000493],[115.32707800000003,0.8188880000000722],[115.31940500000007,0.8282850000000508],[115.30941100000007,0.8173370000000659],[115.28404300000011,0.8098120000000222],[115.27842200000009,0.8393100000000686],[115.29097300000001,0.8595790000000534],[115.29105300000003,0.8755690000000413],[115.30773600000009,0.8964540000000625],[115.267244,0.9151340000000232],[115.26954200000011,0.928963000000067],[115.26194200000009,0.9317040000000247],[115.26128000000006,0.944989000000021],[115.24165422200008,0.9525538220000271],[115.23241965800003,0.9637106590000712],[115.24441439600002,0.9704949580000743],[115.24634900000001,0.9864780000000337],[115.25538300000005,0.9910240000000385],[115.24970000000008,0.9989420000000564],[115.25576000000001,1.0262370000000374],[115.27493700000002,1.032286000000056],[115.30000400000006,1.0604520000000548],[115.32536100000004,1.0541600000000244],[115.32931200000007,1.0607070000000363],[115.33793000000003,1.0576430000000414],[115.37135300000011,1.070190000000025],[115.37787700000001,1.1005300000000489],[115.40096900000003,1.1096960000000422],[115.41045800000006,1.1378850000000398],[115.42091600000003,1.1399460000000659],[115.4187280000001,1.1590010000000461],[115.40573100000006,1.1716720000000578],[115.40519100000006,1.1808050000000208],[115.41070900000011,1.1926550000000589],[115.42198000000008,1.1906660000000215],[115.42763400000001,1.2231540000000223],[115.48501400000009,1.2453630000000544],[115.48745900000006,1.2524680000000217],[115.55413400000009,1.2654060000000413],[115.58321200000012,1.2805750000000558],[115.64669541400008,1.2820407890000638],[115.65879406082854,1.2900737553495267],[115.6850924806589,1.2821558494672514],[115.7007460000001,1.264216000000033],[115.70920097800003,1.2650009975881606],[115.71107606600003,1.2753039310000531],[115.72498300000007,1.2606290000000513],[115.76447700000006,1.259065000000021],[115.77664200000004,1.275442000000055],[115.77253416200007,1.2877343025628676],[115.7940781870001,1.3085262715397517],[115.80675458400003,1.3117105945362637],[115.8031135980001,1.317475501529825],[115.80870300000004,1.3331830000000195],[115.82926100000009,1.3524440000000482],[115.83525600000007,1.3792850000000385],[115.85688200000004,1.4014140000000452],[115.8506020000001,1.4198880000000713],[115.85431100000005,1.434041000000036],[115.89032800000007,1.4547070000000417],[115.91403000000003,1.4772680000000378],[115.95741400000009,1.490562000000068],[115.95685900000001,1.5050320000000283]]],[[[116.93854120700007,-0.9098148979836429],[116.93808100000001,-0.9098209999999654],[116.93906433985711,-0.9088400068480758],[116.93854120700007,-0.9098148979836429]]]]}},{"type":"Feature","properties":{"name":"Kutai Timur","prov":"Kalimantan Timur","km2":15422.7,"lx":116.57607,"ly":1.05367},"geometry":{"type":"MultiPolygon","coordinates":[[[[116.18448738557714,1.8376084468565712],[116.20639226800006,1.8371924900000636],[116.21689407593779,1.845557158053634],[116.24260097800006,1.8310009819604818],[116.2985112440001,1.8249923679671392],[116.30919978500003,1.8317607949596566],[116.3500012933286,1.8033935580000389],[116.34782261700003,1.7834909380129784],[116.35600096000007,1.7576009610416516],[116.36647911900003,1.7556158700438154],[116.37956151300011,1.7626246420360432],[116.39420098000005,1.75840097504075],[116.39328233300012,1.746204174054246],[116.39923297400004,1.7419070550590179],[116.39420098000005,1.7226009950803576],[116.47600077986435,1.7249678293518351],[116.48325205666853,1.7175941065126126],[116.47759213200004,1.7157177710880147],[116.48496417800004,1.6938057311122257],[116.47807665800008,1.689185893117392],[116.48430645300006,1.6722791561361063],[116.49100095000004,1.6668009741421517],[116.51774483400006,1.6703444731382382],[116.52818685900002,1.654767727155517],[116.54729401000009,1.6447585011665915],[116.54920834100007,1.6325402721801379],[116.53185458800009,1.6091614442060114],[116.54680097100004,1.5860009772317178],[116.56420099800003,1.5850009892328443],[116.59269217200006,1.5999133142162696],[116.61487231400008,1.5933815352235066],[116.62073360800002,1.5999372822162405],[116.63610006600004,1.596823890219682],[116.66124762600009,1.623152399190516],[116.67760098000008,1.626800952186458],[116.6942009920001,1.621001003192919],[116.69944108600008,1.6094131732057528],[116.72208414000012,1.6058350722096773],[116.74286905800012,1.6096049322055734],[116.75680095000007,1.6210010031929192],[116.76326910000012,1.6106969082043305],[116.76000100400006,1.6018009762141678],[116.78760099400007,1.5792009812392136],[116.81420099700006,1.589200972228154],[116.83680099200002,1.584200976233705],[116.85760098700007,1.5950009802217404],[116.87600100100009,1.5860009772317176],[116.8992009760001,1.6026009902132772],[116.95707311361382,1.5434293460955177],[116.96054077600003,1.5273407722967682],[116.97721708900008,1.5177372863074117],[116.97904774500013,1.5062042573202326],[116.96857405500009,1.4785399493509244],[116.98772632800001,1.4574453880000533],[116.96260223400009,1.4410433473925222],[116.95877708700006,1.4255808524097033],[116.96080115500003,1.4185055754175921],[116.98680096900013,1.4142009604223493],[116.99420100400003,1.3976009474407889],[116.98999131200004,1.3818449704583045],[116.99847824200005,1.3727290354684314],[116.98760098200013,1.3518009764916699],[116.99100095000007,1.3468009814972335],[117.02709765800012,1.3476996014962037],[117.03340095300007,1.3534010034898822],[117.0554188770001,1.3335273675119792],[117.10124153300002,1.3315258305142028],[117.1062862880001,1.3180947565291197],[117.10122527300007,1.3079584035403722],[117.1038116410001,1.2884600705620455],[117.11738734400001,1.2902153485601198],[117.1566400710001,1.3160076625314612],[117.16242271300008,1.3084138625398942],[117.18429637200008,1.3053912005432573],[117.18963059700002,1.2911408135591045],[117.21000099100002,1.2860009655648221],[117.20958755299999,1.2404612646154884],[117.19943496600001,1.2379896866181832],[117.19100099800005,1.2034009676566566],[117.17340099800005,1.2050009946548925],[117.15260791100002,1.155080550710481],[117.15721429600002,1.1470208137194775],[117.14920780900002,1.132083106736111],[117.15980825100009,1.1277054017409345],[117.12260097300009,1.1018009767697732],[117.11513857600006,1.0782633247960034],[117.095768398,1.0516957358255856],[117.10024089900004,1.0362493308427974],[117.09550214500008,1.0267232398534234],[117.09731459900003,0.9940940818897638],[117.09095504700008,0.9943155438895122],[117.09261407900009,0.9840414159010095],[117.07849821100002,0.962902903924484],[117.06663895600002,0.958779419929116],[117.0687569800001,0.9508856679379394],[117.05000096600007,0.9410009969489334],[117.05427178900004,0.931517417959525],[117.04444972600004,0.9133455769798253],[117.0492009520001,0.8826009620141013],[117.06100100300011,0.8860009900102555],[117.08000099700007,0.8476009960530664],[117.09840095000003,0.8492009630512748],[117.10916499400003,0.8420705450592689],[117.10144764800009,0.8274888410755339],[117.10604625800012,0.8193388680846156],[117.10340100600001,0.7850009791229661],[117.09398917500003,0.7851583111227077],[117.06350557500002,0.7640328771462968],[117.05905013000006,0.7544074831570748],[117.0658634020001,0.7500158801619294],[117.06039540600013,0.7382097211751247],[117.03743590600004,0.7476341041646063],[117.03392234400008,0.7416025061713392],[117.00735366100004,0.7412278821717455],[116.99930859500012,0.6743874412464124],[116.98694021500012,0.6536875372694837],[116.9925127680001,0.645431972278675],[116.98677976500005,0.6359028882893202],[116.99343257300006,0.6255538643008847],[116.99263150900003,0.610842327317351],[117.01298645300007,0.6107408603174573],[117.01482547200011,0.5928713043374385],[116.99441373200013,0.5923996933379253],[116.99392639632866,0.5831244502930579],[116.9807283350001,0.5760260470000276],[116.9696006260001,0.5565621200000237],[116.96348034800008,0.5569821680000473],[116.9648904820001,0.5408695990000751],[116.94028000000003,0.5398480000000632],[116.94730674200002,0.5219750760000466],[116.94038300900002,0.5033046300000592],[116.9443190610001,0.4863340690000655],[116.93834900600007,0.4346534460000271],[116.90403409300006,0.3900372800000582],[116.87390000000005,0.38960500000007414],[116.87658662600006,0.3661388640000496],[116.84775785000011,0.3001522900000282],[116.85161305600002,0.2705463450000707],[116.826391564,0.2359436840000626],[116.8036425790001,0.22598588900007144],[116.77663900000005,0.22725000000002638],[116.6524720000001,0.18388900000002195],[116.469219511,0.18389593800003468],[116.45946111100011,0.23600000000004684],[116.45925795200003,0.28954333200005067],[116.45947028600006,0.29501750600002197],[116.47633265400009,0.29500212800002146],[116.47079700000006,0.30904300000003104],[116.42473480500007,0.3456701650000582],[116.40221100000008,0.3561690000000226],[116.36156300000005,0.4133000000000493],[116.33742200000006,0.4314730000000395],[116.3342990000001,0.44907700000004525],[116.32347000000004,0.4583740000000489],[116.28826400000003,0.4652430000000436],[116.2796170370001,0.5040466060000313],[116.2855703240001,0.5115108850000638],[116.26231743000005,0.5290616280000222],[116.26704720200007,0.5367236950000347],[116.25991162300011,0.5419497040000465],[116.26429915800009,0.5528726730000244],[116.25584804300001,0.5525456200000463],[116.25416746600001,0.5657302300000424],[116.27387551900006,0.583768444000043],[116.24201767300008,0.6319856950000258],[116.25051575000009,0.6397311710000508],[116.23697222200008,0.6524166670000682],[116.22438004900005,0.7097750170000268],[116.20033607900007,0.720513090000054],[116.18005544200003,0.7193010590000313],[116.17046969900002,0.7326319330000501],[116.14238551900007,0.7224917900000491],[116.13843374300006,0.7375289960000373],[116.14703695000003,0.7498959630000286],[116.12342622300002,0.7548274210000727],[116.10048863000009,0.7817077100000347],[116.08511769400002,0.7877123970000639],[116.08675146900009,0.799948142000062],[116.07566732500004,0.8094105320000722],[116.05975479000006,0.806495453000025],[116.03274841200005,0.7750697410000384],[116.01497087300004,0.777637147000064],[116.01120559900005,0.7708128450000231],[115.9938653910001,0.7802716330000408],[115.997166461,0.7897331200000508],[115.99111212500009,0.8032792680000398],[115.96810323300008,0.8209187200000656],[115.97211970900003,0.83493495700003],[115.99261790800006,0.8269003110000313],[116.01598085300009,0.8344441610000217],[116.032248632,0.8521048640000686],[116.02663595000001,0.8692235050000363],[116.03958646000001,0.8754936030000522],[116.03943601800006,0.8877974200000267],[116.06811393800001,0.9018283230000748],[116.06245948300011,0.9134879190000333],[116.0470720730001,0.9195903450000742],[116.0421905070001,0.9533690540000634],[116.0290246400001,0.9713877990000697],[116.04705231000003,0.9913145950000626],[116.04039012200008,1.0068409010000323],[116.06534861700004,1.0105218040000636],[116.07431299300004,1.0243179910000322],[116.05928022600006,1.054745485000069],[116.04973371100004,1.0612550220000685],[116.05394076200002,1.0706311240000446],[116.03182153800003,1.1283592250000538],[116.0370661820001,1.139501335000034],[116.03016032300002,1.1685812810000584],[116.04905073000009,1.1795012090000228],[116.06419642800006,1.1768505300000243],[116.06245296200007,1.1966544270000554],[116.08061671700011,1.2114277970000558],[116.09478611100008,1.2483320620000313],[116.11070477300007,1.2575158250000413],[116.1121947370001,1.270631189000028],[116.12993081800005,1.2748383010000452],[116.12986883000008,1.2865082670000447],[116.14790407600003,1.2952165600000285],[116.15852743900007,1.3627427770000509],[116.17166476300008,1.371580376000054],[116.174652562,1.3813529920000747],[116.14098102500009,1.4138055260000328],[116.15434778800011,1.45050440600005],[116.14863708100006,1.4734386030000337],[116.15284479500008,1.4896960280000258],[116.13119990300004,1.478117449000024],[116.10148006100007,1.48976082300004],[116.09206038400009,1.4998991440000395],[116.06658880600003,1.4999822740000468],[116.06134322300011,1.5086279760000707],[116.04129864300012,1.5168799470000636],[116.02056877900009,1.51602334100005],[116.00759800000003,1.5259220000000369],[116.02764200000001,1.5513800000000515],[116.04141700000002,1.5566440000000625],[116.04558700000007,1.5794970000000603],[116.03644000000008,1.6061010000000238],[116.05648485980305,1.6310092246123788],[116.06586621500003,1.6305839831822924],[116.07018366740604,1.6497799707254681],[116.1023540000001,1.6672130000000607],[116.11595900000009,1.6546390000000315],[116.13346800000011,1.668068000000062],[116.13083300000005,1.6785900000000424],[116.14188100000001,1.686879000000033],[116.1497899640001,1.7263484160762423],[116.16172900000004,1.7440930000000208],[116.15919214359101,1.7691579939360296],[116.17019100000005,1.78244200000006],[116.17515237909389,1.8159508128636366],[116.18448738557714,1.8376084468565712]]],[[[116.99428916411556,0.5810336542843506],[116.99428859200009,0.5804740893512694],[116.99425902628501,0.5801841290458832],[116.99428916411556,0.5810336542843506]]],[[[117.00020898000002,0.5655108980000705],[116.99408170900006,0.5751859090000266],[116.99425252945377,0.580000996351809],[117.00074434200008,0.5765392063556701],[117.00020898000002,0.5655108980000705]]],[[[117.0971925340001,0.44430276200006347],[117.0785535220001,0.4483295310000699],[117.07423018100008,0.4648224840000239],[117.05678379900007,0.47607424500006346],[117.04874215400002,0.49048184200006517],[117.02499626800011,0.5451881780000463],[117.01828459500007,0.5426994050000644],[117.00978410200003,0.5501260430000343],[117.00958378858158,0.5510456687325459],[117.03045659100007,0.5454928023903143],[117.03735232100006,0.5554421283791708],[117.04552519700009,0.5546123343801294],[117.04190298600008,0.514227264425237],[117.05388139000002,0.5193706694195044],[117.06003141500004,0.5108233594290672],[117.06539139000006,0.5123875574273048],[117.05791854900008,0.49048091345175576],[117.07002094500002,0.483837437459182],[117.07804644200009,0.4631863204822425],[117.08395688100008,0.4736102394705983],[117.09260100100005,0.4742009634699657],[117.09916365000002,0.45934920548658015],[117.0971925340001,0.44430276200006347]]],[[[117.10479873698159,0.4392025949312564],[117.1050009720001,0.4392009975090706],[117.10499728868841,0.439096436013008],[117.10479873698159,0.4392025949312564]]],[[[117.10898222900005,0.4352068645135481],[117.107759611,0.4313417250000384],[117.10630086128573,0.4383994595981018],[117.10898222900005,0.4352068645135481]]],[[[117.11829361800005,0.40765493200007086],[117.11377036300007,0.4202358450000361],[117.11228298265888,0.4233970634292837],[117.11909946000003,0.41104648254055515],[117.12863804000006,0.41047648154115357],[117.12727963064499,0.4014138938743497],[117.11829361800005,0.40765493200007086]]],[[[117.13623379900002,0.39476507700004504],[117.13056872395957,0.3991176004660687],[117.13691981279118,0.3903742388407464],[117.13623379900002,0.39476507700004504]]],[[[117.14437169700011,0.3705714030000422],[117.14307863493163,0.37299134868036243],[117.14761549034719,0.3699133868966555],[117.14437169700011,0.3705714030000422]]],[[[117.15920096600009,0.37000095858637994],[117.15969374100007,0.3666700550000428],[117.15716373200007,0.36844530800004804],[117.15118829172494,0.36918863023394716],[117.15920096600009,0.37000095858637994]]],[[[117.1657925300367,0.3617865310789148],[117.1668009760001,0.3618009685956068],[117.16722949495225,0.36091137902346127],[117.1657925300367,0.3617865310789148]]],[[[117.18647390176208,0.350831763877551],[117.1829237500001,0.34938064100003885],[117.18101341849678,0.3504023729557375],[117.18647390176208,0.350831763877551]]],[[[117.20450043219276,0.35220164270022475],[117.19580392300008,0.35007502600007],[117.19305763604493,0.35177360907368127],[117.20450043219276,0.35220164270022475]]],[[[117.21254936532186,0.35260097168420423],[117.21260100600011,0.35260099160583],[117.21263203262916,0.3524725964421293],[117.21254936532186,0.35260097168420423]]],[[[117.21445801200002,0.3496370070000694],[117.21271493724096,0.352343852686492],[117.21457629076984,0.3493640672956763],[117.21445801200002,0.3496370070000694]]],[[[117.20866176407276,0.33109232932832183],[117.2112928900001,0.3366134920000263],[117.2131679065382,0.33781630502054955],[117.21017298900004,0.3325814876282541],[117.20866176407276,0.33109232932832183]]],[[[117.20360717500012,0.32513804600006324],[117.20379646673906,0.3253766054679418],[117.20350059268866,0.3247593982614553],[117.20360717500012,0.32513804600006324]]],[[[117.20091540400006,0.31557517400005963],[117.20304007297781,0.32312334116442754],[117.20313901000007,0.3181336726443792],[117.20091540400006,0.31557517400005963]]],[[[117.19585422500006,0.3090303810000705],[117.19896859520217,0.3126806520047182],[117.19613512003951,0.30852613711829835],[117.19585422500006,0.3090303810000705]]],[[[117.19303310302506,0.2935527368876483],[117.19666523800004,0.2977598990000274],[117.19792839394455,0.3003149181313558],[117.19303310302506,0.2935527368876483]]],[[[117.18719072700003,0.28749470900004326],[117.19019259658253,0.2906073826054079],[117.18491756766927,0.2846880439595841],[117.18719072700003,0.28749470900004326]]],[[[117.18048764600007,0.279218429000025],[117.18307087415285,0.28240793536230485],[117.17938365825201,0.27729209701732493],[117.18048764600007,0.279218429000025]]],[[[117.17898148544553,0.2698804992052525],[117.17663588000005,0.27417791000004854],[117.17701139611196,0.27457527491912337],[117.17878518300004,0.2717937666961587],[117.17898148544553,0.2698804992052525]]],[[[117.17944797535003,0.2599526704825802],[117.17817111700003,0.26368380600007413],[117.1785019916171,0.26458189413893796],[117.17944797535003,0.2599526704825802]]],[[[117.17993943941106,0.24160814424150892],[117.176848027,0.25254862300005243],[117.18020843438245,0.2556797978358444],[117.17993943941106,0.24160814424150892]]],[[[117.18194422518681,0.21211608721353536],[117.18207935500004,0.2204353490000699],[117.18220899804746,0.2225764255035235],[117.18194422518681,0.21211608721353536]]]]}},{"type":"Feature","properties":{"name":"Mahakam Ulu","prov":"Kalimantan Timur","km2":18444.4,"lx":114.47014,"ly":1.01697},"geometry":{"type":"Polygon","coordinates":[[[114.40757472200005,1.5223702780000394],[114.4143011110001,1.5114488890000644],[114.47253694400001,1.475149722000026],[114.5119497631146,1.4620630628836433],[114.52600527800007,1.4428491670000199],[114.56296850547925,1.433250920583912],[114.57696500000009,1.4120880000000398],[114.57180700000004,1.3891920000000368],[114.59530700000005,1.3942730000000552],[114.60953500000005,1.38955100000004],[114.61370800000009,1.3805220000000418],[114.60885600000006,1.3753180000000498],[114.61680400000012,1.3632420000000707],[114.64940400000012,1.354613000000029],[114.65779100000009,1.359386000000029],[114.67007600000011,1.35189500000007],[114.69010500000002,1.359894000000054],[114.70418100000006,1.3514620000000264],[114.69932100000005,1.3413600000000656],[114.71249100000011,1.3353630000000294],[114.72248100000002,1.313327000000072],[114.7408881,1.3180003560000273],[114.74532163800006,1.3274708900000292],[114.7597673460001,1.326053820000027],[114.76477339900009,1.3451515440000321],[114.79623783000011,1.367362470000046],[114.79484642200009,1.376198324000029],[114.80222486700006,1.382489531000033],[114.83595347700009,1.3946627290000606],[114.84242067700006,1.4023902510000426],[114.8671758690001,1.4038770520000412],[114.8796837110001,1.4184421050000537],[114.9018164470001,1.4190078230000722],[114.90752222900005,1.41757773300003],[114.9085715120001,1.4034532740000714],[114.930588166,1.4016986280000197],[114.95392510200008,1.3731708610000624],[114.98816897300003,1.3536814500000673],[115.01701365100007,1.3479268870000283],[115.03015613000002,1.3094132580000633],[115.0461303830001,1.292644813000038],[115.04519423500005,1.267450125000039],[115.07811474000005,1.268544557000041],[115.09792200000004,1.2498520000000326],[115.09369793500002,1.211958245000062],[115.09919800000011,1.1991810000000669],[115.11662400000012,1.1923940000000357],[115.11445500000002,1.181107000000054],[115.18201700000009,1.196749000000068],[115.2103350000001,1.1768780000000447],[115.23241800000005,1.1727780000000507],[115.24678700000004,1.181380000000047],[115.27355245100011,1.1607520390000445],[115.28034794900009,1.134468557000048],[115.30220639400011,1.1341087780000407],[115.31494379900005,1.1252550010000277],[115.33458270000006,1.1269602900000564],[115.3676382220001,1.1140578810000648],[115.38078876100008,1.1179874270000596],[115.38451409100003,1.1303522140000268],[115.40062343700004,1.1463702920000287],[115.41810217800003,1.1516615270000443],[115.42081800000005,1.1397340000000327],[115.41045800000006,1.1378850000000398],[115.40096900000003,1.1096960000000422],[115.37787700000001,1.1005300000000489],[115.36733000000004,1.0667700000000195],[115.33793000000003,1.0576430000000414],[115.32931200000007,1.0607070000000363],[115.32377100000008,1.0539730000000418],[115.30000400000006,1.0604520000000548],[115.28332200000011,1.0387740000000463],[115.25397800000007,1.0227330000000734],[115.24970000000008,0.9989420000000564],[115.25538300000005,0.9910240000000385],[115.24634900000001,0.9864780000000337],[115.24441439600002,0.9704949580000743],[115.232151079,0.9619019270000422],[115.26128000000006,0.944989000000021],[115.26194200000009,0.9317040000000247],[115.26954200000011,0.928963000000067],[115.267244,0.9151340000000232],[115.30821100000003,0.8946500000000697],[115.29191500000002,0.8772180000000276],[115.29097300000001,0.8595790000000534],[115.27842200000009,0.8393100000000686],[115.28404300000011,0.8098120000000222],[115.30941100000007,0.8173370000000659],[115.31940500000007,0.8282850000000508],[115.32707800000003,0.8188880000000722],[115.34424000000001,0.8132910000000493],[115.3549690000001,0.817100000000039],[115.38241705600001,0.8088919270000474],[115.37573700000007,0.7951090000000249],[115.38935100000003,0.7839330000000473],[115.39217400000007,0.7706190000000674],[115.39665900000011,0.7818600000000515],[115.40495600000008,0.7838900000000422],[115.42983300000003,0.7743330000000697],[115.44824500000004,0.7778190000000222],[115.47036700000001,0.7664450000000329],[115.49204500000008,0.7655560000000605],[115.50228989000004,0.7535743680000451],[115.5188280000001,0.7477940000000558],[115.52914600000008,0.7291200000000231],[115.54701000000011,0.7206160000000637],[115.55317400000001,0.7036620000000653],[115.57027100000005,0.6928610000000504],[115.56920200000002,0.681523000000027],[115.58536500000002,0.6464840000000436],[115.59491500000001,0.6450620000000526],[115.59500500000001,0.6355660000000398],[115.60780100000011,0.6343800000000215],[115.62948900000004,0.6153170000000614],[115.63688600000012,0.624603000000036],[115.65201900000011,0.620565000000056],[115.64718300000004,0.6052580000000489],[115.6734580000001,0.580641000000071],[115.66378800000007,0.5676070000000664],[115.64089600000011,0.5634830000000761],[115.64768900000001,0.5403180000000702],[115.68622000000005,0.5382890000000202],[115.70091400000001,0.5435150000000704],[115.71049200000004,0.5174560000000383],[115.72353500000008,0.5122350000000324],[115.7346520000001,0.5194850000000315],[115.74163300000009,0.4930850000000646],[115.75439400000005,0.4848170000000209],[115.74655000000007,0.4469420000000355],[115.76831647100005,0.4049170590000699],[115.73761600000012,0.39820100000002867],[115.73475500000006,0.38816200000002254],[115.72610000000009,0.39101800000003095],[115.7147930000001,0.3840590000000361],[115.70874400000002,0.3723740000000362],[115.69584700000007,0.3695090000000505],[115.67997200000002,0.3464060000000586],[115.67153600000006,0.3431730000000357],[115.68291696900008,0.32953804500004935],[115.67039610900008,0.31435811800002966],[115.68333216100007,0.30248741400004064],[115.6847109040001,0.2805849260000741],[115.70478736200005,0.28061840400005167],[115.71390182300001,0.2712079860000358],[115.71362189600006,0.21482497900007047],[115.70050123100009,0.19969913300002418],[115.6944156510001,0.20084735800003273],[115.6773516940001,0.16193357400004516],[115.66036603100008,0.15639433400002645],[115.65626371200005,0.1629336960000387],[115.60669308600006,0.14057190000005448],[115.58086452300006,0.14539970000004132],[115.57592869000007,0.12355252900005098],[115.55739203200005,0.09646785500007127],[115.5424614000001,0.08258411200006321],[115.5235524200001,0.07950771500003384],[115.50878306300001,0.06170407100006514],[115.46141154300005,0.06353864100003648],[115.46139906500002,0.05191283500005284],[115.44058974200004,0.06193596200006368],[115.41002558800005,0.05213357700006327],[115.39484183900004,0.057881934000022284],[115.33593334300008,-0.0016118089999395124],[115.31561829700001,-0.002668826999979501],[115.31346485900008,-0.01967061599992803],[115.29119975000003,-0.036448952999933226],[115.29157782000004,-0.04955005399995116],[115.27420097600009,-0.044199049950575636],[115.26161915900002,-0.047323811947041806],[115.22788721600011,-0.07025217392141132],[115.18414027100005,-0.08079598690959547],[115.17815241800008,-0.09473580389399545],[115.16494474800004,-0.08659574490311864],[115.14501812700007,-0.1221983878633313],[115.14949888700005,-0.1367921738470131],[115.1400699406897,-0.1414477130341877],[115.13000094800009,-0.13419902384992907],[115.11914711400004,-0.14721264583535065],[115.10569496000005,-0.14477256699996133],[115.08897673115527,-0.1540642187196417],[115.0700010060001,-0.1473990078351486],[115.05840098900002,-0.15159904983044983],[115.0500278820001,-0.1603736968206725],[115.05435543200008,-0.17537153380388065],[115.04099322500008,-0.19304532778408975],[115.04260098900012,-0.20159900177457563],[115.0366111217544,-0.20675700201857963],[115.02806024800009,-0.20238538499995684],[115.02057499600006,-0.20939726576583456],[115.02813659327806,-0.22238075024905413],[115.02513928200005,-0.24941711772109051],[115.01412771000004,-0.26497281570371006],[114.99566704200004,-0.27337728899993863],[114.9614539470001,-0.265524408703113],[114.9547334440001,-0.24185104372954228],[114.94410133100008,-0.24547719672549345],[114.92377016600007,-0.22747995074563082],[114.9171247502012,-0.20384555630901785],[114.92478965813055,-0.1911432110465205],[114.93064952400005,-0.19215759999997317],[114.9225353490001,-0.18154281579695053],[114.92987802000005,-0.1595370168215747],[114.91641568800003,-0.13639781099993797],[114.92131198600009,-0.10157596599992758],[114.91760098900009,-0.09239900089661889],[114.90799641092268,-0.09158314500011351],[114.90476082300006,-0.07367928099995424],[114.90991693900003,-0.06091647699997793],[114.89680099500004,-0.029999017966416176],[114.87582047800004,-0.01497321998320809],[114.83721898200007,-0.04399432395072996],[114.83057929500002,-0.016280932981748805],[114.79601367445453,0.0008500521042601932],[114.79208992700002,0.030809914965570947],[114.7741066320001,0.037609158957983994],[114.7373853150001,0.03186343296445083],[114.70891893300006,0.0739809870000272],[114.71019240700002,0.08320954790703272],[114.72518943800003,0.07938938700004883],[114.75526287900006,0.10393902988384005],[114.77078425000002,0.10835104087888167],[114.77341118300002,0.12106277586467745],[114.75848164362131,0.13571424856233802],[114.76245033500004,0.1463730760000317],[114.82975087300008,0.19161126800003103],[114.83260095100003,0.22760099174555043],[114.82000438245382,0.23673381350178843],[114.84491040900002,0.2430332240000439],[114.86289073300009,0.2750909500000489],[114.88430191200007,0.2784871800000701],[114.88485985700004,0.29687426000003825],[114.90217695293661,0.3172249536575894],[114.94159148300002,0.3332527770000411],[114.94949746700003,0.33229919262853036],[114.95514856900002,0.3200242936422646],[114.98979638900005,0.33454088900003853],[114.99760097300009,0.3276009556337656],[115.022874021,0.33035055100003774],[115.03642377724367,0.31508659577813786],[115.03680098100007,0.30180096666258655],[115.04761638700006,0.29828124500005515],[115.06493087700005,0.3250330170000666],[115.12931958200011,0.3744141690000333],[115.13738753200005,0.425491371000021],[115.11673511800007,0.44856032100005905],[115.1088730958211,0.44183832347933744],[115.07759619647067,0.4696516311896879],[115.09162122000009,0.48037707600002477],[115.06804936700007,0.5222493364163161],[115.04034818460124,0.5526840510761865],[115.01300154506033,0.6034062960853582],[114.9855583310001,0.7316574140000398],[114.9557698100001,0.7618232610000746],[114.94626719400003,0.7640161720000265],[114.94330425500004,0.7728910370000222],[114.92419199530606,0.7728125443682817],[114.9242752780001,0.7793385840000724],[114.90850400600004,0.7906476740000699],[114.9097047108148,0.7693556049139677],[114.86891978900007,0.7412894081716854],[114.85335027243184,0.740398261146154],[114.833400965,0.7550009481563804],[114.81867019900004,0.753358341158261],[114.80609317753702,0.740986896311089],[114.79420095700006,0.741800963171126],[114.78446110963978,0.7297751363603127],[114.7609780570001,0.7317003440000462],[114.71689449900009,0.7018303732157775],[114.7002017506555,0.702025824567013],[114.69175054200002,0.7084060792084083],[114.66236806200004,0.7027282050000281],[114.6518009900001,0.6750009652456602],[114.64005332400008,0.672148652248862],[114.63680100400006,0.6610009662613471],[114.60860495500003,0.6452970332788983],[114.59990633659916,0.6333789946223771],[114.5680294120001,0.6261577453002363],[114.54359280000007,0.6298908012960702],[114.53920042900006,0.6209542663060689],[114.5456550950602,0.5860116461310685],[114.52256892494457,0.5626151652467378],[114.48073852300001,0.5707620103621314],[114.43079633589943,0.5418051266834484],[114.39069869800005,0.5544367033803671],[114.38680100500005,0.5634009833703416],[114.36100095500001,0.5626009693712108],[114.3499062410001,0.5318034124056192],[114.32180094700004,0.5410009623953553],[114.3097935290001,0.5335978174035971],[114.29015645700008,0.5384168883982388],[114.26673977400003,0.5289046144088553],[114.25095044700004,0.5316848234057256],[114.24384337200001,0.5225800490000552],[114.20286291037809,0.5410009623953554],[114.1950010060001,0.58600097834512],[114.16974652321413,0.5839166717948748],[114.14673994729765,0.5947200876716314],[114.17438077800011,0.6056538573231364],[114.17975100800004,0.6189607700000579],[114.1766428420001,0.6407411292839557],[114.16151788700006,0.6545906530000707],[114.16277116200001,0.6690108890000488],[114.15800063400002,0.6777433810000275],[114.11920100500005,0.6968009462213757],[114.1013202900001,0.6938338060000433],[114.09000098700005,0.69920098721866],[114.08069962000002,0.6894839642295144],[114.06944777800004,0.6901668050000467],[114.06944777800004,0.6834245024083843],[114.04901160006206,0.6698190546703453],[114.02714508400004,0.6714470942496786],[114.00340098100003,0.6418009982827794],[113.97680097900003,0.6610009662613472],[113.96553754900003,0.6570644362657269],[113.96185076782163,0.6483975085748099],[113.94147823600008,0.6533898382698221],[113.92129077100003,0.6440016190000506],[113.85345994800002,0.654593999000042],[113.8361476880001,0.6654865050000467],[113.8394180577285,0.6954793907454854],[113.86797098200009,0.6990465920000588],[113.87718813700008,0.7173541960000307],[113.89482589200009,0.7260392290000368],[113.89408677200004,0.746617403000073],[113.89966146800009,0.7549495140000317],[113.88523024400001,0.7601930291506072],[113.87341308600004,0.7825927721256069],[113.8794843170001,0.782023683000034],[113.91039688600006,0.8127327590000277],[113.92648799100004,0.8414052640000591],[113.87221700266751,0.8894042960064773],[113.87850103000005,0.8971760730000256],[113.87249289100009,0.9176072150000323],[113.89600098100004,0.946800945942471],[113.89547508900012,0.9562463830000638],[113.91351273600003,0.972494819000076],[113.91546290300005,1.0023449590000268],[113.90958087500007,1.013138194000021],[113.89288657700001,1.020105256000022],[113.88853377198409,1.0386583172923167],[113.89281762200005,1.0526315950000367],[113.90180099000008,1.0592010008172295],[113.947522563,1.0603476470000714],[113.96269473100006,1.0890899360000503],[113.96401577400002,1.1130575470000394],[113.97142485200004,1.1210639570000467],[113.98284088000003,1.1216908270000658],[113.98853849900001,1.1391699510000421],[114.00847233500008,1.1433720790000734],[114.01706218900006,1.1346537340000395],[114.03802303600003,1.1457047440000565],[114.05261032100009,1.1274518980000607],[114.08305368800006,1.1479355820000592],[114.08777513100006,1.159101890000045],[114.10598484200011,1.1448622970000315],[114.12155603500003,1.1476986150000243],[114.13393696600008,1.1830808030000526],[114.14463264300002,1.1866499950000389],[114.1498845100001,1.1991001280000546],[114.13600832000009,1.2226431550000711],[114.15379431200006,1.2545697895997716],[114.17109301900007,1.265352953000047],[114.16354179200005,1.2842146010000306],[114.14926122560364,1.2924971363705384],[114.16028386200003,1.3016991450000432],[114.1648762850001,1.3333127350000495],[114.15500427300003,1.3743800610000676],[114.17810408000003,1.3947268320000603],[114.196830438,1.3968683470000656],[114.20566777174105,1.4104065827485237],[114.22420096400003,1.4168009744194476],[114.22402414500004,1.4253805224099254],[114.23990527100011,1.4476868623851513],[114.29911000000004,1.4571958330000712],[114.30873953654643,1.4719802683251606],[114.35386291202545,1.490074505137472],[114.37914916700004,1.492945278000036],[114.3878163710001,1.5014155443255146],[114.38593666600002,1.516460830308833],[114.40757472200005,1.5223702780000394]]]}},{"type":"Feature","properties":{"name":"Malinau","prov":"Kalimantan Utara","km2":4544.5,"lx":115.28574,"ly":1.40612},"geometry":{"type":"MultiPolygon","coordinates":[[[[114.70650250000006,1.6372683330000655],[114.72100097000009,1.6310009941818675],[114.72957977300008,1.6157935541986574],[114.768478339,1.6302865531826438],[114.835000992,1.6218009571920418],[114.84806104000005,1.6058740192096699],[114.8434009550001,1.5934009532234974],[114.85500097200008,1.581000982237265],[114.85180097900002,1.569200991250321],[114.86375632400008,1.537781544285219],[114.90147066100009,1.5348729832883932],[114.90760099900001,1.5268009882973594],[114.91600096200013,1.5376009922854128],[114.93078624200007,1.5249369712994105],[114.97920096000007,1.5442009552780736],[114.98952310300002,1.5580351552627185],[115.02077823700007,1.566010270253854],[115.04156031000002,1.5634676102566947],[115.06600099800005,1.5418009742807062],[115.08890896000003,1.539253381283559],[115.10294562200012,1.5570863652637998],[115.11304046800002,1.5542228262669249],[115.12038201100006,1.5768528892418483],[115.13128971800006,1.5748580632440485],[115.13635498400004,1.5836084442343392],[115.14500099500003,1.5850009892328445],[115.15000098900008,1.6068009712086293],[115.13551913900007,1.6279153041852272],[115.15328868100005,1.6614247511481308],[115.14748340800008,1.6734234001348054],[115.1491842280001,1.691085976115273],[115.16499545500004,1.6973462841083125],[115.1518009900001,1.7176010000859168],[115.14600098100006,1.7176010000859165],[115.16002675200004,1.750178479049837],[115.15157502200009,1.761047939037863],[115.14592236700003,1.7883082680077198],[115.12765036400005,1.7977870639972138],[115.12760096800002,1.8142009959790515],[115.16920095700006,1.8276009539642168],[115.20848804500008,1.8167899619762105],[115.24680095900011,1.8292009809624254],[115.26292920900006,1.814342392978848],[115.28343740300011,1.8283538239633956],[115.3119725700001,1.8245674109676118],[115.3363612910001,1.7921612850034225],[115.36091432,1.7754063330219616],[115.36380284200004,1.766488151031816],[115.36840099100003,1.7684009650297048],[115.37714466000011,1.7393006210618824],[115.44923670000004,1.7197140670835411],[115.44500205100007,1.7145326410892923],[115.45840096400002,1.682600973124693],[115.46500098700005,1.6876009681191257],[115.48302731600006,1.6764272791314767],[115.484200954,1.6692009551394988],[115.5142009850001,1.6550009831552792],[115.52461108000011,1.6375273291746257],[115.51840096700005,1.621001003192919],[115.5311693000001,1.5977693232186843],[115.54600095700005,1.5926009992243848],[115.54678445600007,1.578912417239558],[115.58000099600007,1.5384009462845112],[115.58840096000007,1.514200984311315],[115.60680097300008,1.5142009843113144],[115.61326686600013,1.5079468393182818],[115.61302224600003,1.4795519333498133],[115.59141155000009,1.4613747453699466],[115.57373867400008,1.4559467583760197],[115.56654964900008,1.4436096733897128],[115.55500096100003,1.4410009963925896],[115.56077254099999,1.4217454814139834],[115.54420095700006,1.4100009784270398],[115.53419203900012,1.3876902344517739],[115.54680097100004,1.3750009514658716],[115.5448654590001,1.3460435264980712],[115.5637647010001,1.3347614945106185],[115.55760097500001,1.3326009495130429],[115.55680096100002,1.311800955536138],[115.58340096500001,1.2826009975686083],[115.59210382600008,1.283622447567471],[115.59396028500008,1.2829907795681252],[115.59656332179901,1.2812334580030738],[115.58321200000012,1.2805750000000558],[115.55413400000009,1.2654060000000413],[115.51077800000007,1.2583040000000665],[115.50820600000009,1.2532480000000419],[115.49267600000007,1.2542680000000246],[115.48501400000009,1.2453630000000544],[115.43648200000007,1.2302150000000438],[115.42740600000002,1.2228170000000205],[115.42198000000008,1.1906660000000215],[115.41070900000011,1.1926550000000589],[115.40556200000003,1.1831930000000739],[115.40504800000008,1.1730360000000246],[115.4183680000001,1.1596210000000724],[115.41810217800003,1.1516615270000443],[115.40062343700004,1.1463702920000287],[115.38451409100003,1.1303522140000268],[115.38078876100008,1.1179874270000596],[115.3679611340001,1.1140413540000509],[115.33458270000006,1.1269602900000564],[115.31494379900005,1.1252550010000277],[115.30220639400011,1.1341087780000407],[115.28034794900009,1.134468557000048],[115.27355245100011,1.1607520390000445],[115.24678700000004,1.181380000000047],[115.23241800000005,1.1727780000000507],[115.2103350000001,1.1768780000000447],[115.18201700000009,1.196749000000068],[115.11445500000002,1.181107000000054],[115.11662400000012,1.1923940000000357],[115.09919800000011,1.1991810000000669],[115.09369793500002,1.211958245000062],[115.09792200000004,1.2498520000000326],[115.07811474000005,1.268544557000041],[115.04519423500005,1.267450125000039],[115.0461303830001,1.292644813000038],[115.03015613000002,1.3094132580000633],[115.01701365100007,1.3479268870000283],[114.98816897300003,1.3536814500000673],[114.95392510200008,1.3731708610000624],[114.930588166,1.4016986280000197],[114.9085715120001,1.4034532740000714],[114.90752222900005,1.41757773300003],[114.8796837110001,1.4184421050000537],[114.8671758690001,1.4038770520000412],[114.84242067700006,1.4023902510000426],[114.83595347700009,1.3946627290000606],[114.80222486700006,1.382489531000033],[114.79484642200009,1.376198324000029],[114.79623783000011,1.367362470000046],[114.76477339900009,1.3451515440000321],[114.7597673460001,1.326053820000027],[114.74532163800006,1.3274708900000292],[114.7408881,1.3180003560000273],[114.72248100000002,1.313327000000072],[114.71249100000011,1.3353630000000294],[114.69932100000005,1.3413600000000656],[114.7048390000001,1.350878000000023],[114.69010500000002,1.359894000000054],[114.67537700000003,1.3521720000000528],[114.65779100000009,1.359386000000029],[114.64790400000004,1.3547660000000405],[114.61680400000012,1.3632420000000707],[114.60885600000006,1.3753180000000498],[114.61370800000009,1.3805220000000418],[114.60918100000004,1.3897120000000314],[114.59530700000005,1.3942730000000552],[114.57180700000004,1.3891920000000368],[114.57696500000009,1.4120880000000398],[114.56519000000003,1.4252410000000282],[114.57454681700005,1.4406088603930236],[114.5869548840001,1.4474589543854286],[114.59524957400004,1.4807737483484233],[114.60679627300011,1.4883612053400133],[114.61612286900004,1.5156821713097368],[114.60140641100008,1.5326698092908606],[114.61180096900011,1.5584009872623092],[114.6115880430001,1.5748209412440897],[114.63926695500004,1.589112175228274],[114.65168666700004,1.5893386110000733],[114.65711290700006,1.5997106342165364],[114.68085583300001,1.610368056000027],[114.69478964400002,1.6331961621793698],[114.70650250000006,1.6372683330000655]]],[[[115.65301678700007,1.2874952390000658],[115.64669541400008,1.2820407890000638],[115.6001318811832,1.2806910219597847],[115.6227947430001,1.286807212563906],[115.64086392800004,1.2831385325679865],[115.65301678700007,1.2874952390000658]]],[[[115.66180098000007,1.2918009745583698],[115.66376383900001,1.2876923800000668],[115.65879406082854,1.2900737553495267],[115.66180098000007,1.2918009745583698]]],[[[115.6850924806589,1.2821558494672514],[115.67960090600002,1.2846374900000228],[115.6735611690001,1.285352276000026],[115.67288956817269,1.2858513512996181],[115.67812081800001,1.2855687465653038],[115.6850924806589,1.2821558494672514]]],[[[115.69221500000003,1.27080600000005],[115.69220262869379,1.270843186815475],[115.69227195160897,1.2707515516269243],[115.69221500000003,1.27080600000005]]],[[[115.70745548900004,1.2646050870000636],[115.7007460000001,1.264216000000033],[115.69613666217386,1.2670567095180165],[115.70092245400006,1.2650370705881357],[115.70745548900004,1.2646050870000636]]],[[[115.71445580800003,1.27379045400005],[115.71033456000009,1.2744150990000662],[115.71001746700006,1.2665534380000736],[115.70919995732336,1.265839170580346],[115.71010893100004,1.2748504505772353],[115.71445580800003,1.27379045400005]]],[[[115.71707412300009,1.2680960510000432],[115.71700218285775,1.268466158954656],[115.71763871014564,1.2673358571632627],[115.71707412300009,1.2680960510000432]]],[[[115.71995040340104,1.2644708798865751],[115.72701900000004,1.2600480000000402],[115.72208,1.2618080000000305],[115.71995040340104,1.2644708798865751]]],[[[115.7741860000001,1.2811550000000693],[115.77267900000004,1.2637920000000236],[115.76191900000003,1.2584000000000515],[115.74521725401812,1.26040386015438],[115.765705625,1.2628862845904938],[115.77246293300006,1.272240425580121],[115.77201343173165,1.2860245764381633],[115.7741860000001,1.2811550000000693]]],[[[115.95782600000007,1.5021310000000199],[115.96037000000001,1.4968930000000569],[115.95741400000009,1.490562000000068],[115.91403000000003,1.4772680000000378],[115.89032800000007,1.4547070000000417],[115.85431100000005,1.434041000000036],[115.8506020000001,1.4198880000000713],[115.85688200000004,1.4014140000000452],[115.83525600000007,1.3792850000000385],[115.82926100000009,1.3524440000000482],[115.80500096100002,1.3276009545185277],[115.81057284300006,1.3444096134999317],[115.8267660780001,1.3549130334881936],[115.83288858800005,1.3815578304586238],[115.85336152700005,1.4014561544365298],[115.84786373300007,1.409957661427048],[115.85196230400003,1.4364796363976096],[115.89100098600012,1.4592009763724174],[115.91066431400007,1.478504048350943],[115.95419010700006,1.4912644443368002],[115.95782600000007,1.5021310000000199]]],[[[115.9943310000001,1.5269680000000676],[115.98641300000008,1.5277640000000474],[115.98494700000003,1.530503000000067],[115.97682700000007,1.5294130000000337],[115.97268300000007,1.5313020000000392],[115.96477300000004,1.524124000000029],[115.96192200000007,1.5114840000000527],[115.95664598730829,1.5048663930740027],[115.96293963100004,1.5222399463024],[115.96778905400004,1.5282116722957741],[115.97244617300011,1.5317449622918853],[115.98500096800002,1.5318009832918662],[115.9943310000001,1.5269680000000676]]],[[[116.02451893800004,1.5515814052698802],[116.03351700000007,1.5532190000000696],[116.02764200000001,1.5513800000000515],[116.0204960000001,1.5368400000000406],[116.00704200000007,1.5248980000000643],[116.00255600000003,1.5249710000000505],[115.99987700000008,1.5264210000000276],[115.99576800000011,1.5258390000000759],[115.99503306817294,1.5268030184625936],[116.00760096300006,1.5260009752982209],[116.02451893800004,1.5515814052698802]]],[[[116.03733105301644,1.5568921716732114],[116.04511100000002,1.5836230000000455],[116.04558700000007,1.5794970000000603],[116.04141700000002,1.5566440000000625],[116.03733105301644,1.5568921716732114]]],[[[116.0407143279043,1.594018809012069],[116.04345300000011,1.5893670000000384],[116.04271998750711,1.586687224403531],[116.0407143279043,1.594018809012069]]],[[[116.03621409662667,1.5995242047833107],[116.03824877700004,1.5962950570000203],[116.0385421154732,1.595677779053608],[116.03621409662667,1.5995242047833107]]],[[[116.05150400000002,1.6221680000000447],[116.03644000000008,1.6061010000000238],[116.0359986853409,1.6003409974253366],[116.03624020700012,1.6073617452080067],[116.05150400000002,1.6221680000000447]]],[[[116.05648485980305,1.6310092246123788],[116.05435200000011,1.629186000000061],[116.05155686952034,1.6247379509126523],[116.05648485980305,1.6310092246123788]]],[[[116.06747000000007,1.6434110000000715],[116.06685294503738,1.641536238363933],[116.0675448881542,1.6437306029078513],[116.06747000000007,1.6434110000000715]]],[[[116.07521800000006,1.6541110000000572],[116.07018366740604,1.6497799707254681],[116.0760362891198,1.6550853573255182],[116.07521800000006,1.6541110000000572]]],[[[116.0888802436161,1.6615928054021583],[116.08121200000005,1.6557560000000535],[116.0775912980795,1.6556896239303702],[116.0888802436161,1.6615928054021583]]],[[[116.10734800000012,1.6649690000000419],[116.1023540000001,1.6672130000000607],[116.09649300000001,1.6614080000000513],[116.0888927100135,1.6615987020941028],[116.1016937190001,1.667583589141265],[116.10734800000012,1.6649690000000419]]],[[[116.11293229989921,1.6590176700598926],[116.10925300000008,1.6621370000000297],[116.10825587351357,1.664587364296463],[116.11293229989921,1.6590176700598926]]],[[[116.14978000000008,1.7252990000000636],[116.14769300000012,1.706559000000027],[116.14201600000001,1.701103000000046],[116.14188100000001,1.686879000000033],[116.13779000000011,1.6824760000000651],[116.13083300000005,1.6785900000000424],[116.13346800000011,1.668068000000062],[116.12832600000002,1.6617330000000265],[116.11453400000005,1.6547300000000291],[116.13057511600006,1.6664785771425317],[116.13063822900004,1.6788856001287926],[116.14017533100002,1.6865191051203037],[116.14213946500001,1.7022140371029737],[116.14758901600011,1.7101838670941227],[116.14378753900007,1.7176877110858129],[116.14978000000008,1.7252990000000636]]],[[[116.15480965371577,1.7341019099325148],[116.15459300000009,1.7310080000000312],[116.15012691980118,1.727166228142782],[116.15480965371577,1.7341019099325148]]],[[[116.16181700000004,1.7454630000000293],[116.15776700000004,1.7358050000000276],[116.15507000268303,1.7345336895586243],[116.15801994000005,1.7411898540598252],[116.16181700000004,1.7454630000000293]]],[[[116.15784500000007,1.7500270000000455],[116.15860042880703,1.7488463149369788],[116.15744816773501,1.7504215007006858],[116.15784500000007,1.7500270000000455]]],[[[116.15919214359101,1.7691579939360296],[116.16031300000009,1.7622140000000286],[116.15712118946458,1.7511133261605552],[116.15919214359101,1.7691579939360296]]],[[[116.1653977538832,1.777070094268033],[116.16419400000007,1.772544000000039],[116.15971408057693,1.7700974088853345],[116.1653977538832,1.777070094268033]]],[[[116.16760099000008,1.7926009870029234],[116.17019100000005,1.78244200000006],[116.16556498051145,1.7774075738902577],[116.16760099000008,1.7926009870029234]]],[[[116.17471779682901,1.81319215779743],[116.17520100000002,1.8042470000000321],[116.17180097100002,1.7993750032109324],[116.17471779682901,1.81319215779743]]],[[[116.17487800000004,1.814849000000038],[116.17473178805254,1.8140886978730524],[116.17493213417345,1.8151903205509083],[116.17487800000004,1.814849000000038]]],[[[116.18463800000006,1.8370070000000283],[116.1827330000001,1.8265970000000493],[116.17515237909389,1.8159508128636366],[116.18219244000011,1.8288436589628725],[116.18463800000006,1.8370070000000283]]]]}},{"type":"Feature","properties":{"name":"Murung Raya","prov":"Kalimantan Tengah","km2":23.9,"lx":114.95478,"ly":0.75362},"geometry":{"type":"MultiPolygon","coordinates":[[[[114.92419199530606,0.7728125443682817],[114.90850400600004,0.7906476740000699],[114.9242752780001,0.7793385840000724],[114.92419199530606,0.7728125443682817]]],[[[114.91134648765934,0.771713395364815],[114.91271662700001,0.7772661680000397],[114.91274926730209,0.7789479874099877],[114.91134648765934,0.771713395364815]]],[[[114.90857004200006,0.7668689661431828],[114.90880151500005,0.7685378500000297],[114.9097047108148,0.7693556049139677],[114.90857004200006,0.7668689661431828]]],[[[114.88799014347143,0.7560259340221136],[114.8873695310001,0.7552324051561483],[114.88646927925575,0.7543088456421005],[114.88799014347143,0.7560259340221136]]],[[[114.88350346384586,0.7509603410847253],[114.8829715610001,0.7503106201616384],[114.882678362982,0.7500287710079204],[114.88350346384586,0.7509603410847253]]],[[[114.87919864181161,0.746376258079263],[114.87920099500002,0.7460010041664463],[114.87806333772797,0.74536512780038],[114.87919864181161,0.746376258079263]]],[[[114.8586599030001,0.7404624900000272],[114.86419024172673,0.7405293772482612],[114.85335027243184,0.740398261146154],[114.8586599030001,0.7404624900000272]]],[[[114.84055557200008,0.7474264380000477],[114.8428728677169,0.7455086868504545],[114.83958500748147,0.7482296635588522],[114.84055557200008,0.7474264380000477]]],[[[114.8299076620001,0.755187754000076],[114.83053813188195,0.7550009481563803],[114.82961841433851,0.7550009481563803],[114.8299076620001,0.755187754000076]]],[[[114.80609317753702,0.740986896311089],[114.8128137540001,0.7506369540000719],[114.81310823109077,0.7507319466275193],[114.80609317753702,0.740986896311089]]],[[[114.8056705965961,0.7408049883966773],[114.80406653600005,0.7402248031728683],[114.80168276792058,0.7401147875670768],[114.8056705965961,0.7408049883966773]]],[[[114.78773254730669,0.7318867330541732],[114.79357538700003,0.741343400000062],[114.79439405300616,0.7412121487356363],[114.78773254730669,0.7318867330541732]]],[[[114.78446110963978,0.7297751363603127],[114.78211176600007,0.7288974601855308],[114.78025303690964,0.7286705174118311],[114.78446110963978,0.7297751363603127]]],[[[114.75417716347518,0.7274867471458454],[114.77197350800009,0.7319621410000536],[114.77936326834187,0.7287015979333173],[114.75417716347518,0.7274867471458454]]],[[[114.71947479507799,0.7037492693724834],[114.71885492300008,0.7032491002141796],[114.71705493014194,0.7019407385547972],[114.71947479507799,0.7037492693724834]]],[[[114.7002017506555,0.702025824567013],[114.69958759100007,0.7021808252153838],[114.69890617790502,0.7025592961362056],[114.7002017506555,0.702025824567013]]],[[[114.69683792700005,0.7063933540000562],[114.6983933067397,0.7029551469938154],[114.69618913000029,0.7065735754462402],[114.69683792700005,0.7063933540000562]]],[[[114.69369637000011,0.7072660090000227],[114.69488188768537,0.7069366984270764],[114.69374960200003,0.7068181762102066],[114.69369637000011,0.7072660090000227]]],[[[114.65789468224348,0.6942494151675506],[114.66236806200004,0.7027282050000281],[114.66901778493158,0.7030926380845555],[114.65789468224348,0.6942494151675506]]],[[[114.61956444500004,0.6469728060000648],[114.6206608020146,0.6483218043661672],[114.61746435739106,0.6475002940254966],[114.61956444500004,0.6469728060000648]]],[[[114.60056166600009,0.6338953890000312],[114.60282631682382,0.6353058542237061],[114.59990633659916,0.6333789946223771],[114.60056166600009,0.6338953890000312]]],[[[114.5958386894495,0.6319545897854228],[114.59494493100011,0.6318141242939361],[114.59430032596201,0.6320852054842039],[114.5958386894495,0.6319545897854228]]],[[[114.54823138200004,0.6291555582968641],[114.54706631200008,0.629941074000044],[114.54981564086621,0.6285210908781647],[114.54823138200004,0.6291555582968641]]],[[[114.5458254951588,0.5944447438124519],[114.54373080100004,0.6050976850000325],[114.54371228125947,0.6053116910697707],[114.5481491380001,0.598995417330574],[114.5458254951588,0.5944447438124519]]],[[[114.5456550950602,0.5860116461310685],[114.54577772700009,0.5863902013446496],[114.54600095700005,0.5860009783451195],[114.5456550950602,0.5860116461310685]]],[[[114.5162697510001,0.562015984000027],[114.52256892494457,0.5626151652467378],[114.51511813225304,0.5619062057866865],[114.5162697510001,0.562015984000027]]],[[[114.46337974200003,0.5650737620000541],[114.47116217300004,0.5638609160000669],[114.47264436867458,0.5643720095887622],[114.46143875290194,0.5578793207061826],[114.46337974200003,0.5650737620000541]]],[[[114.43593777661997,0.5437054971495248],[114.4339186740001,0.5419055223943308],[114.43079633589943,0.5418051266834484],[114.43593777661997,0.5437054971495248]]],[[[114.42202740200003,0.5442215960000567],[114.4237970130484,0.54366653621705],[114.41723423373155,0.5465838060440686],[114.42202740200003,0.5442215960000567]]],[[[114.32623693675588,0.5372433484989307],[114.32532042800007,0.5373043513994674],[114.32479100046659,0.5375509946346975],[114.32623693675588,0.5372433484989307]]],[[[114.29689173400004,0.5348852630000351],[114.29843812601193,0.5335679666257209],[114.29627093284205,0.5351006430345603],[114.29689173400004,0.5348852630000351]]],[[[114.24384337200001,0.5225800490000552],[114.24838800632779,0.5254229963187363],[114.24667779800006,0.522300423416212],[114.24384337200001,0.5225800490000552]]],[[[114.2189957935669,0.5300098700616304],[114.2184009550001,0.5300009844076373],[114.21256526529696,0.535412161212399],[114.2189957935669,0.5300098700616304]]],[[[114.20087474600007,0.5495025860000737],[114.20286291037809,0.5410009623953554],[114.20180100200002,0.5410009623953556],[114.20087474600007,0.5495025860000737]]],[[[114.19468417700011,0.5823505030000433],[114.19392614800006,0.575654582000027],[114.19708460200002,0.5674426030000745],[114.19894791577481,0.5534056373292139],[114.19349552200003,0.5751193533572416],[114.19468417700011,0.5823505030000433]]],[[[114.18045142300002,0.5809768373506754],[114.18407177200004,0.5843719140000303],[114.18620815702012,0.5846771118600392],[114.18045142300002,0.5809768373506754]]],[[[114.16600541800005,0.5850819340000726],[114.16974652321413,0.5839166717948748],[114.1680879270001,0.5841144583471588],[114.16600541800005,0.5850819340000726]]],[[[114.16882983787856,0.6051729870906589],[114.15575567000008,0.5963364810000371],[114.14608436100002,0.5952129333348302],[114.15381278100006,0.602147995327065],[114.16882983787856,0.6051729870906589]]],[[[114.17975100800004,0.6189607700000579],[114.17727950759607,0.6121023669162665],[114.17908318237083,0.6245037233835563],[114.17975100800004,0.6189607700000579]]],[[[114.17797216700001,0.636668324000027],[114.17889866248409,0.6261680424844903],[114.17680083311164,0.6396200858623005],[114.17797216700001,0.636668324000027]]],[[[114.17595075700001,0.6417622780000443],[114.17603912876314,0.6415395811219846],[114.17104036412218,0.6445874353296767],[114.17595075700001,0.6417622780000443]]],[[[114.16697222884984,0.6469597943872609],[114.1658673290001,0.647467314276416],[114.16482918991383,0.6482149222988584],[114.16697222884984,0.6469597943872609]]],[[[114.15800063400002,0.6777433810000275],[114.16277116200001,0.6690108890000488],[114.16535856700011,0.6627849450000554],[114.1641612515424,0.6488233138231835],[114.15800063400002,0.6777433810000275]]],[[[114.13988879800002,0.6838076110000202],[114.14550240389097,0.67997085433174],[114.1369836613564,0.6851439741004332],[114.13988879800002,0.6838076110000202]]],[[[114.12711348500011,0.6910038320000353],[114.12916836507242,0.6884009832307372],[114.12760096800002,0.6884009832307372],[114.12711348500011,0.6910038320000353]]],[[[114.12308666600006,0.6953644160000749],[114.12476672635789,0.6934709372821387],[114.11918382216037,0.6960427633197256],[114.12308666600006,0.6953644160000749]]],[[[114.09831579400462,0.6951096637143316],[114.10560567900006,0.693995520000044],[114.10696043378579,0.6942664706891071],[114.09831579400462,0.6951096637143316]]],[[[114.07943791326993,0.6892391191320011],[114.0789473640001,0.6892167042298214],[114.07883288471903,0.6892188485610892],[114.07943791326993,0.6892391191320011]]],[[[114.06944777800004,0.6901668050000467],[114.07337581399953,0.689553047935937],[114.06944777800004,0.6834245024083843],[114.06944777800004,0.6901668050000467]]],[[[114.0550059748304,0.6735407143012484],[114.05500096100002,0.6700009702512661],[114.04901160006206,0.6698190546703453],[114.0550059748304,0.6735407143012484]]],[[[114.03690437787041,0.6697900510439492],[114.03608123100003,0.6694356012518979],[114.03512922571979,0.6694003835639852],[114.03690437787041,0.6697900510439492]]],[[[114.01576207900007,0.660480537000069],[114.01654965930327,0.6611739367415163],[114.0153790307053,0.6578630421615199],[114.01576207900007,0.660480537000069]]],[[[114.00282804985372,0.6420136043597966],[114.0022248680001,0.6424700932820072],[114.0016851010038,0.6429811361383085],[114.00282804985372,0.6420136043597966]]],[[[113.99805321991018,0.6460452200077991],[113.99734634600009,0.6465463672774733],[113.99675295349294,0.6470710393644744],[113.99805321991018,0.6460452200077991]]],[[[113.98826776100009,0.6538225520000651],[113.98995881996495,0.6522649983521214],[113.986554965015,0.654170463935021],[113.98826776100009,0.6538225520000651]]],[[[113.96384759423303,0.6521589719749069],[113.96291403800001,0.6499682402736877],[113.96185076782163,0.6483975085748099],[113.96384759423303,0.6521589719749069]]],[[[113.94584169514721,0.6525072973408411],[113.9555978520001,0.648620286000039],[113.95668389616391,0.6484354270727171],[113.94584169514721,0.6525072973408411]]],[[[113.94406971775068,0.6527446831865856],[113.9433330610001,0.6525963952707184],[113.94273071567828,0.6527965567424984],[113.94406971775068,0.6527446831865856]]],[[[113.92129077100003,0.6440016190000506],[113.92378026862622,0.6442347726955638],[113.91785594646937,0.6450978392610056],[113.92129077100003,0.6440016190000506]]],[[[113.91252326669598,0.6454108931989779],[113.91130005800005,0.6450247392791637],[113.91000512298719,0.6454723115636071],[113.91252326669598,0.6454108931989779]]],[[[113.90304319200004,0.6470490370000448],[113.89932818900002,0.6450273242791872],[113.89590013705886,0.6475097224152745],[113.90304319200004,0.6470490370000448]]],[[[113.87969383407007,0.6512778212020626],[113.88680059300009,0.6494108360000723],[113.88926150323924,0.6486210331091391],[113.88233428900003,0.6492840392744245],[113.87969383407007,0.6512778212020626]]],[[[113.87561209251334,0.6525846524475954],[113.87796805700009,0.6529159410000602],[113.87813295598829,0.6527339229496266],[113.87561209251334,0.6525846524475954]]],[[[113.86370542282756,0.6537685563092005],[113.86770881300004,0.6534382490000326],[113.86902566380189,0.6526461155922363],[113.86370542282756,0.6537685563092005]]],[[[113.84818705100008,0.6521674972711924],[113.84608871800003,0.6604786120000199],[113.86126518240893,0.6535532422557668],[113.84818705100008,0.6521674972711924]]],[[[114.99824621000005,-0.2737548446938582],[114.99566704200004,-0.27337728899993863],[115.0103927155716,-0.2678389805189128],[115.0025258490001,-0.2726985406950745],[114.99824621000005,-0.2737548446938582]]],[[[114.92337431696875,-0.21717543346733278],[114.92448839000008,-0.22119356999996853],[114.92342639714286,-0.2261796891172623],[114.92337431696875,-0.21717543346733278]]],[[[114.91726752309798,-0.2052099759360962],[114.91904739100005,-0.2103024029999574],[114.92011810109746,-0.21336578919746918],[114.91726752309798,-0.2052099759360962]]],[[[114.92209329027133,-0.19407804422920974],[114.91859948000001,-0.20008499299996174],[114.9171247502012,-0.20384555630901785],[114.9184010030001,-0.19919902077725452],[114.92209329027133,-0.19407804422920974]]],[[[114.92643059223005,-0.18948776285116473],[114.93064952400005,-0.19215759999997317],[114.92478965813055,-0.1911432110465205],[114.92643059223005,-0.18948776285116473]]],[[[114.92389732700006,-0.1779647088009975],[114.92730214700009,-0.1763590239999644],[114.92257439336977,-0.18087648847545815],[114.92389732700006,-0.1779647088009975]]],[[[114.92761172700011,-0.16758289481258248],[114.92783261000011,-0.1704496149999386],[114.92806962817073,-0.1725768162729369],[114.92763909600001,-0.17162758980805942],[114.92761172700011,-0.16758289481258248]]],[[[114.92401626600007,-0.14953780783275275],[114.9245927720001,-0.1500366029999327],[114.92539523469736,-0.15171599308476721],[114.92401626600007,-0.14953780783275275]]],[[[114.91641568800003,-0.13639781099993797],[114.92162566400009,-0.13868747399993708],[114.92271026210598,-0.14495267136324316],[114.91812407300006,-0.14066912084266153],[114.91641568800003,-0.13639781099993797]]],[[[114.91996920802941,-0.12819094153061616],[114.91641568700004,-0.13418245599996226],[114.91641568749313,-0.13527484779343513],[114.91996920802941,-0.12819094153061616]]],[[[114.91999089921565,-0.12566840300941456],[114.92009394000002,-0.12804858899994542],[114.92000031265292,-0.12815544283809271],[114.91999089921565,-0.12566840300941456]]],[[[114.92295876466058,-0.11404552517626217],[114.92251202600005,-0.1177315049999379],[114.92049126424416,-0.12051741247879855],[114.92295876466058,-0.11404552517626217]]],[[[114.9204982272509,-0.10006799392921668],[114.92131198600009,-0.10157596599992758],[114.92127794996803,-0.10194194547257006],[114.9204982272509,-0.10006799392921668]]],[[[114.90581696000004,-0.0477913629999307],[114.90991693900003,-0.06091647699997793],[114.90476082300006,-0.07367928099995424],[114.90799641092268,-0.09158314500011351],[114.90278641500005,-0.08202443290826432],[114.90581696000004,-0.0477913629999307]]],[[[114.89767659500001,-0.0316807109999786],[114.89978158400004,-0.03781861399994568],[114.90103440500002,-0.043951427999957104],[114.90405808414269,-0.04654158413635661],[114.89823590900005,-0.04421505095056212],[114.89767659500001,-0.0316807109999786]]],[[[114.8924030820001,-0.025879846999941947],[114.89241685540495,-0.02589499782253557],[114.89236594345286,-0.025866412743914838],[114.8924030820001,-0.025879846999941947]]],[[[114.88941531600005,-0.024799071999950684],[114.89199099298476,-0.025730780605335346],[114.88571252630398,-0.02345964114326955],[114.88941531600005,-0.024799071999950684]]],[[[114.88063372500005,-0.021622449999938453],[114.8818503847306,-0.02206256181851054],[114.87994722178374,-0.021412369917003644],[114.88063372500005,-0.021622449999938453]]],[[[114.87611587055423,-0.015359484292073428],[114.87769064300005,-0.01724239699996133],[114.8786692436497,-0.020126459498810534],[114.87611587055423,-0.015359484292073428]]],[[[114.86489353040363,-0.021723776079864893],[114.87404680500003,-0.01586682999993627],[114.87496522776912,-0.015635658678861266],[114.86489353040363,-0.021723776079864893]]],[[[114.80456883558281,-0.0060087222184228],[114.8073711620001,-0.006382331999930102],[114.80804031226238,-0.006639901842505056],[114.80593503400007,-0.006522084992696271],[114.80456883558281,-0.0060087222184228]]],[[[114.79752361800001,1.95800000710733e-05],[114.79838144393013,-0.0007349630441830762],[114.79601367445453,0.0008500521042601932],[114.79752361800001,1.95800000710733e-05]]],[[[114.79448674500009,0.009882016989017453],[114.79613872000004,0.006075254000052155],[114.79600092438103,0.0022145802319084667],[114.79448674500009,0.009882016989017453]]],[[[114.73406084234597,0.03742129361793728],[114.73590596400004,0.034267364000072575],[114.73671468672663,0.03244751264517464],[114.73406084234597,0.03742129361793728]]],[[[114.71621394100009,0.058931524000058744],[114.71834903900003,0.05349708900007499],[114.72490458220099,0.04725962134330834],[114.71922007400009,0.04966496194454566],[114.71621394100009,0.058931524000058744]]],[[[114.70759019600008,0.07764266891325339],[114.70891893300006,0.0739809870000272],[114.71143783237213,0.06789876801360814],[114.70954176900011,0.07160627491995736],[114.70759019600008,0.07764266891325339]]],[[[114.7132313190001,0.08305953600006433],[114.71352789900003,0.08421829590592123],[114.71733503756046,0.08171516920770208],[114.7132313190001,0.08305953600006433]]],[[[114.74925945400003,0.09687185800004272],[114.7393693570001,0.08804453700003023],[114.72518943800003,0.07938938700004883],[114.72158161114552,0.07979920849191258],[114.74925945400003,0.09687185800004272]]],[[[114.77028603100007,0.1233490600000664],[114.7709706419525,0.12271059569836792],[114.76772270044825,0.12573962148378304],[114.77028603100007,0.1233490600000664]]],[[[114.76435013889709,0.1288848905332609],[114.76365654700011,0.12945656985531698],[114.7627951693524,0.13033507093070304],[114.76435013889709,0.1288848905332609]]],[[[114.7712042022646,0.15469991618138698],[114.76245033500004,0.1463730760000317],[114.75848164362131,0.13571424856233802],[114.7712042022646,0.15469991618138698]]],[[[114.80473689000007,0.17835996800005205],[114.80127804800009,0.16990000300006614],[114.77129061976316,0.1547748937854941],[114.80100095300007,0.17260098380705827],[114.80473689000007,0.17835996800005205]]],[[[114.82724740000003,0.19327485378393144],[114.8147674920001,0.1794629990000658],[114.80733534500686,0.17935353703713972],[114.82724740000003,0.19327485378393144]]],[[[114.8313938808004,0.21797105683454077],[114.83016546300007,0.21480366800005868],[114.82748494738787,0.21014802277628347],[114.8313938808004,0.21797105683454077]]],[[[114.85428523700011,0.2566439670000591],[114.84491040900002,0.2430332240000439],[114.82598874400003,0.23688850600007072],[114.81932364100008,0.23790312473405298],[114.85428523700011,0.2566439670000591]]],[[[114.86289073300009,0.2750909500000489],[114.85767007100003,0.27037573600006226],[114.85725346900006,0.2657783650000738],[114.85544015570503,0.2609860980422487],[114.86289073300009,0.2750909500000489]]],[[[114.90217695293661,0.3172249536575894],[114.89174847900006,0.30291691200005744],[114.88485985700004,0.29687426000003825],[114.88606838600003,0.28551407500003734],[114.88430191200007,0.2784871800000701],[114.8683466870001,0.27383532000004607],[114.88417898300008,0.28083728568606925],[114.88340097600009,0.2976009836673225],[114.90217695293661,0.3172249536575894]]],[[[114.90759424308055,0.31993949229314167],[114.90760099900001,0.32000100564229417],[114.90775647067125,0.32000100564229417],[114.90759424308055,0.31993949229314167]]],[[[114.94935843011496,0.33241184076186986],[114.92256600300004,0.32732922500002815],[114.90840095300007,0.32024538001995845],[114.91708990400002,0.32651207363501933],[114.9340466320001,0.3323667586284528],[114.94247993400006,0.334213457626371],[114.94935843011496,0.33241184076186986]]],[[[114.95218173500008,0.3221564216398829],[114.95074629900012,0.3217625780000617],[114.94974743803715,0.3320294264867492],[114.95218173500008,0.3221564216398829]]],[[[114.96085865100008,0.32073312200003556],[114.95789025040543,0.32043434486085276],[114.96167400795717,0.3210181607560569],[114.96085865100008,0.32073312200003556]]],[[[114.98979638900005,0.33454088900003853],[114.97368683700006,0.32865860800006885],[114.96728162600004,0.32297851500004526],[114.96232244739296,0.3212448472012159],[114.97381457400002,0.32878735963247036],[114.98979638900005,0.33454088900003853]]],[[[114.99179553896947,0.33340621395953274],[114.99218101500003,0.3332476726274897],[114.99252312984534,0.33299324883976283],[114.99179553896947,0.33340621395953274]]],[[[115.02340096300009,0.33100098363001995],[115.022874021,0.33035055100003774],[115.01441430900002,0.3281751960000747],[115.00740483200002,0.32865860800006885],[115.00390009500006,0.3274500780000267],[114.99994775867619,0.32787615054271513],[115.02340096300009,0.33100098363001995]]],[[[115.03347135388773,0.31949489941977194],[115.03359479200003,0.3193896346429658],[115.03369292282856,0.3192781555974946],[115.03347135388773,0.31949489941977194]]],[[[115.0354555130001,0.315859941000042],[115.03498142977493,0.3175636003933548],[115.03642377724367,0.31508659577813786],[115.0354555130001,0.315859941000042]]],[[[115.03694486800009,0.30289363900004673],[115.0371389556402,0.30323271164774757],[115.03706460815177,0.30280138616243074],[115.03694486800009,0.30289363900004673]]],[[[115.04262198409953,0.29924734317138035],[115.04014524900003,0.2985466700000643],[115.03932174309101,0.300337410108705],[115.04262198409953,0.29924734317138035]]],[[[115.05687037900009,0.3089605330000609],[115.05198199300003,0.3023149210000611],[115.04828066000005,0.2987346730000695],[115.0464305160001,0.2983771950000573],[115.05687037900009,0.3089605330000609]]],[[[115.06197956600012,0.3240138056378152],[115.07774129800009,0.33071311000003334],[115.06493087700005,0.3250330170000666],[115.05583774468461,0.314754421952098],[115.06197956600012,0.3240138056378152]]],[[[115.10813988319859,0.3583697088592319],[115.09292597600006,0.3496057120000273],[115.08153412393438,0.33833558159402727],[115.08267715800002,0.34597476261327803],[115.10813988319859,0.3583697088592319]]],[[[115.12861138100004,0.37564472000002525],[115.12931958200011,0.3744141690000333],[115.1252292910001,0.3701311380000334],[115.12123426700009,0.3725563660000262],[115.1083979076275,0.35851557561347897],[115.11890054000004,0.3717468245844773],[115.12861138100004,0.37564472000002525]]],[[[115.13222173047086,0.40100464922663315],[115.13310287900003,0.39473068300003433],[115.12842445461902,0.3788551488523219],[115.13222173047086,0.40100464922663315]]],[[[115.13445229785198,0.42657733803674275],[115.13670963600009,0.4217314340000371],[115.13229309170612,0.40881281156542143],[115.13445229785198,0.42657733803674275]]],[[[115.13404627400007,0.4304711200000497],[115.133701320372,0.42885650113336804],[115.13248252168808,0.4320217889494687],[115.13404627400007,0.4304711200000497]]],[[[115.13001832087994,0.43439477273527416],[115.13169795700003,0.4340357610000751],[115.13214499804391,0.43246122798933645],[115.13001832087994,0.43439477273527416]]],[[[115.12858636100009,0.43610864700002594],[115.12888324992836,0.4354389943779961],[115.12807639570116,0.43646082229732613],[115.12858636100009,0.43610864700002594]]],[[[115.12044039400007,0.4425352330000578],[115.12153904101486,0.44141822664991304],[115.11960395930107,0.44338564488571824],[115.12044039400007,0.4425352330000578]]],[[[115.11571301925015,0.4475738664343424],[115.11673511800007,0.44856032100005905],[115.11774185086294,0.4457733620842237],[115.11571301925015,0.4475738664343424]]],[[[115.11324094500003,0.44276101650511357],[115.11309804000007,0.4440260080000371],[115.11425344504647,0.445872668069154],[115.11324094500003,0.44276101650511357]]],[[[115.10259851457734,0.4471989474589268],[115.10464379000007,0.44536779800006343],[115.10499898362063,0.445065751661275],[115.10407139100005,0.4456747815018295],[115.10259851457734,0.4471989474589268]]],[[[115.09547349371529,0.45315653405386636],[115.09788853700002,0.45265380300003244],[115.09800993441382,0.45247026073418417],[115.09547349371529,0.45315653405386636]]],[[[115.0888073768132,0.46222644714855227],[115.08828969800004,0.4642990110000369],[115.08882248100008,0.46280642600004285],[115.0888073768132,0.46222644714855227]]],[[[115.08307313700004,0.46651063300004125],[115.08100098400006,0.46680098747825494],[115.0810070552183,0.4672005327314328],[115.08307313700004,0.46651063300004125]]],[[[115.07940803336842,0.4684292848479834],[115.07928033400005,0.4684821184763761],[115.07922806614565,0.4685986776199163],[115.07940803336842,0.4684292848479834]]],[[[115.07833125900004,0.4693427940000561],[115.07760095600008,0.4692009684755366],[115.07759619647067,0.4696516311896879],[115.07833125900004,0.4693427940000561]]],[[[115.07773728900008,0.47166464847279604],[115.07761474600011,0.4709728010000731],[115.07758315473353,0.47088650635056906],[115.07773728900008,0.47166464847279604]]],[[[115.07986961400002,0.4738665150000543],[115.07920336115743,0.4732243359919219],[115.08180587927106,0.47370063235541204],[115.07986961400002,0.4738665150000543]]],[[[115.08554661948415,0.4885872197424177],[115.09162122000009,0.48037707600002477],[115.0876575794082,0.4781451341793217],[115.08554661948415,0.4885872197424177]]],[[[115.0731069080613,0.5132031249400687],[115.0764831240001,0.5075890970000501],[115.0765804869886,0.5074265973141352],[115.0731069080613,0.5132031249400687]]],[[[115.05995748300006,0.5293969590000529],[115.06130933851414,0.5281802966890682],[115.05876474794877,0.5304704238000618],[115.05995748300006,0.5293969590000529]]],[[[115.04034818460124,0.5526840510761865],[115.03955528200002,0.5537612763810701],[115.03882730150237,0.555071838545507],[115.04034818460124,0.5526840510761865]]],[[[115.03197058936162,0.5725981246929994],[115.03798804000007,0.5602623920000269],[115.03858701710513,0.5556603260079085],[115.03197058936162,0.5725981246929994]]],[[[115.02317040184484,0.5840218805713914],[115.02180099500004,0.58500099134623],[115.02143184600547,0.5867872302212428],[115.02317040184484,0.5840218805713914]]],[[[115.00320345313835,0.6430952630740604],[115.00890815000002,0.6265699460000747],[115.01300154506033,0.6034062960853582],[115.00320345313835,0.6430952630740604]]],[[[114.99841331470645,0.6739931289398063],[115.00034113400011,0.6608886000000211],[115.0031435035828,0.6434192189151147],[114.99841331470645,0.6739931289398063]]],[[[114.99024148628884,0.7097217358138516],[114.99596678300009,0.698217302000046],[114.99827578349733,0.67598315362592],[114.99024148628884,0.7097217358138516]]],[[[114.9807370868362,0.7363036551387663],[114.9855583310001,0.7316574140000398],[114.9880516756678,0.7191745465920812],[114.9807370868362,0.7363036551387663]]],[[[114.94463205200009,0.7659397840000679],[114.9557698100001,0.7618232610000746],[114.97302490373725,0.7447229265122526],[114.9461076670001,0.7454264861670935],[114.94463205200009,0.7659397840000679]]],[[[114.94100099800005,0.7734009621358537],[114.94330425500004,0.7728910370000222],[114.94369817012777,0.7674977807239414],[114.94100099800005,0.7734009621358537]]]]}},{"type":"Feature","properties":{"name":"Paser","prov":"Kalimantan Timur","km2":2.2,"lx":116.29241,"ly":-1.05433},"geometry":{"type":"MultiPolygon","coordinates":[[[[116.38297618129957,-0.9699873858918855],[116.38848300000006,-0.9665959999999245],[116.38929901389324,-0.9692797809681605],[116.38297618129957,-0.9699873858918855]]],[[[116.35526167348978,-1.0021742441729404],[116.35913500000004,-0.9975849999999582],[116.36063245600539,-0.9974019172619821],[116.35526167348978,-1.0021742441729404]]],[[[116.34759627006412,-1.01092470200538],[116.34475837700005,-1.014000041867481],[116.34087838747178,-1.0174851855177425],[116.34759627006412,-1.01092470200538]]],[[[116.33697000000006,-1.0213019999999347],[116.34083393116352,-1.0175286002207147],[116.33916666600011,-1.0208333328598962],[116.33697000000006,-1.0213019999999347]]],[[[116.30761100000007,-1.0397499999999695],[116.30847342025746,-1.0386697120597863],[116.30728222537331,-1.041736539646208],[116.30761100000007,-1.0397499999999695]]],[[[116.28403954258134,-1.054904505716765],[116.29958500000009,-1.05189699999994],[116.3000740140083,-1.0513484727769078],[116.29892046600004,-1.0537577618232157],[116.29349274200001,-1.0565724508200565],[116.28403954258134,-1.054904505716765]]],[[[116.26213700000005,-1.0559959999999364],[116.26280193400466,-1.0559357719859332],[116.26176907827096,-1.0566291130191963],[116.26213700000005,-1.0559959999999364]]],[[[116.25963000000002,-1.0603099999999586],[116.26128200772642,-1.0574672551528639],[116.25905088944143,-1.0623653221011862],[116.25963000000002,-1.0603099999999586]]],[[[116.2514581590001,-1.0753598139999667],[116.25168186764095,-1.0738993632330252],[116.2510476440875,-1.0770836488838946],[116.2514581590001,-1.0753598139999667]]],[[[116.2505813890001,-1.0790415479999638],[116.25096432206698,-1.0774335348471147],[116.25052127574995,-1.079843745836399],[116.2505813890001,-1.0790415479999638]]],[[[116.24915243900011,-1.0817752309999378],[116.25013947883903,-1.0805121116705112],[116.24898864988499,-1.0823370001682973],[116.24915243900011,-1.0817752309999378]]],[[[116.24718753800005,-1.0856448429999546],[116.24832637134325,-1.084608504384757],[116.24446668144792,-1.0856343609184238],[116.24718753800005,-1.0856448429999546]]],[[[116.22965825600012,-1.0870020037861603],[116.22894942000005,-1.0863779509999745],[116.22997473100028,-1.086042965225673],[116.22965825600012,-1.0870020037861603]]],[[[116.22416627629956,-1.095820215482141],[116.22416666600009,-1.0958333317763507],[116.22413777116599,-1.0958325565431912],[116.22416627629956,-1.095820215482141]]],[[[116.21425902300007,-1.0995042069999386],[116.21440434915831,-1.0994672607476659],[116.2142440253973,-1.0996135818042743],[116.21425902300007,-1.0995042069999386]]],[[[116.20802219000007,-1.1023173149999366],[116.20887235881997,-1.1025188797083558],[116.20671892809244,-1.1021417146200074],[116.20802219000007,-1.1023173149999366]]],[[[116.18487289500001,-1.1002265859999625],[116.18548454217127,-1.1005478038903342],[116.18481694818652,-1.1002073007471682],[116.18487289500001,-1.1002265859999625]]],[[[116.14927214000011,-1.0932315349999726],[116.14966094239657,-1.0933333317791034],[116.14777962841335,-1.0933333317791034],[116.14927214000011,-1.0932315349999726]]],[[[116.14764632125484,-1.0933333317791034],[116.14750000000004,-1.0933333317791034],[116.14749808590278,-1.0932248275274747],[116.14764632125484,-1.0933333317791034]]],[[[116.14357963100008,-1.0906555639999738],[116.14394564977039,-1.090863676600945],[116.14176193539949,-1.0897441225464868],[116.14357963100008,-1.0906555639999738]]],[[[116.13811157000009,-1.0897782367830788],[116.13788807200001,-1.089119443999948],[116.13853087074844,-1.0888293700632028],[116.13811157000009,-1.0897782367830788]]],[[[116.13277125768414,-1.0924494671788934],[116.13250000000004,-1.0924999987800468],[116.13239723719019,-1.0922567899607478],[116.13277125768414,-1.0924494671788934]]],[[[116.11695504380063,-1.0832295423184817],[116.11778896800001,-1.0847355329999573],[116.11771295878886,-1.0851679509294103],[116.11695504380063,-1.0832295423184817]]],[[[116.10571992300004,-1.0866698827865358],[116.10606421500006,-1.0837199909999526],[116.10999314300378,-1.0846080702581633],[116.10571992300004,-1.0866698827865358]]],[[[116.09959146100005,-1.082272727999964],[116.09994659311499,-1.0824788057256223],[116.09865854487276,-1.0825243079007856],[116.09959146100005,-1.082272727999964]]],[[[116.09560411696857,-1.084786945318076],[116.09517916400011,-1.0849370157884575],[116.09459191837917,-1.0850094554463627],[116.09560411696857,-1.084786945318076]]],[[[116.09130424055044,-1.0835548923968037],[116.0908333340001,-1.0833333317902116],[116.09084565619354,-1.0829667080764822],[116.09130424055044,-1.0835548923968037]]],[[[116.0758333340001,-1.0774999987967329],[116.07905869798228,-1.0821112441913978],[116.0758333340001,-1.0824999987911341],[116.0758333340001,-1.0774999987967329]]],[[[116.07144637470702,-1.0772619071671832],[116.07201252900006,-1.0764098979999517],[116.07314906850746,-1.0762417884492361],[116.07144637470702,-1.0772619071671832]]],[[[116.06894016900003,-1.0768096469999477],[116.0697181003846,-1.0773292087432051],[116.06880509635424,-1.0767905779319986],[116.06894016900003,-1.0768096469999477]]],[[[116.03083333300002,-1.0924999987800468],[116.03456358800008,-1.090366625999934],[116.03524774236728,-1.0900695076238374],[116.03083333300002,-1.0924999987800468]]],[[[116.01758585938468,-1.092503413298586],[116.01750000000004,-1.0924999987800468],[116.017504566444,-1.092468168459493],[116.01758585938468,-1.092503413298586]]],[[[116.0160351689565,-1.090709926279721],[116.01691940900002,-1.0911680289999595],[116.01714562326714,-1.0918654950801105],[116.0160351689565,-1.090709926279721]]],[[[116.01180297700013,-1.0872424887858505],[116.0138879750001,-1.08407326899993],[116.0120981505921,-1.089109983931464],[116.01180297700013,-1.0872424887858505]]],[[[115.98635757700004,-1.0826090177910728],[115.98533300000008,-1.0818059999999718],[115.98801722797948,-1.081957301135636],[115.98635757700004,-1.0826090177910728]]],[[[115.98258300000009,-1.0977499999999623],[115.98260264680563,-1.0971458607298261],[115.9843107985147,-1.099988344147567],[115.98258300000009,-1.0977499999999623]]],[[[115.98448882582491,-1.1004593245136798],[115.98467802300003,-1.1014836867700404],[115.98283570643501,-1.10423255620371],[115.98448882582491,-1.1004593245136798]]],[[[115.98116074639825,-1.1060442048399115],[115.98133367800006,-1.1056987489999415],[115.98166518554403,-1.105420263527849],[115.98116074639825,-1.1060442048399115]]],[[[115.97895093766107,-1.1130049633693477],[115.9804170000001,-1.1076939999999809],[115.98097608001966,-1.1064538359969698],[115.97895093766107,-1.1130049633693477]]],[[[115.92102599677654,-1.1533333317123293],[115.92083333300003,-1.1533333317123293],[115.92077503942102,-1.1531141934484566],[115.92102599677654,-1.1533333317123293]]],[[[115.91768348300002,-1.1502331827157741],[115.91787900000008,-1.1422529999999256],[115.92027366261841,-1.152585030724811],[115.91768348300002,-1.1502331827157741]]],[[[115.8650560000001,-1.1034719999999538],[115.86735616390875,-1.1026830216859393],[115.86494404318312,-1.1035486689400051],[115.8650560000001,-1.1034719999999538]]],[[[116.43583333400012,-0.9708333329155803],[116.43545771100003,-0.9695279039999605],[116.44047135933177,-0.9699163128444781],[116.43583333400012,-0.9708333329155803]]],[[[116.4225212440001,-0.9732167369129722],[116.42852100000005,-0.9687569999999255],[116.43220689794867,-0.9694365185256446],[116.4225212440001,-0.9732167369129722]]],[[[116.39555315633909,-0.9737637800105157],[116.40093700000011,-0.9714519999999425],[116.40493400000003,-0.971527999999978],[116.41086300000006,-0.9696049999999445],[116.4112801259452,-0.9700039677954159],[116.3990863480001,-0.9746636479113412],[116.39555315633909,-0.9737637800105157]]]]}},{"type":"Feature","properties":{"name":"Penajam Paser Utara","prov":"Kalimantan Timur","km2":15.9,"lx":116.92966,"ly":-0.89813},"geometry":{"type":"MultiPolygon","coordinates":[[[[116.69913811600009,-0.8042515761013437],[116.69550000000004,-0.7989413579999791],[116.70641031432285,-0.8025623226459861],[116.69913811600009,-0.8042515761013437]]],[[[116.68041500000004,-0.801689357999976],[116.68416500000001,-0.7983073569999419],[116.68751371918736,-0.7979954841496594],[116.68647858900012,-0.8011973211047531],[116.68041500000004,-0.801689357999976]]],[[[116.67422470775925,-0.8056614166289419],[116.6783748900001,-0.8058374539999704],[116.67910890156195,-0.8037426187425433],[116.67422470775925,-0.8056614166289419]]],[[[116.67085200000008,-0.8055183569999258],[116.67132012089866,-0.8055382132124608],[116.66806112629874,-0.8084679784548618],[116.67085200000008,-0.8055183569999258]]],[[[116.66452300000003,-0.812207356999977],[116.6649548448542,-0.8117509483683621],[116.66401629001162,-0.8128486705199098],[116.66452300000003,-0.812207356999977]]],[[[116.65957200000003,-0.8187883569999599],[116.66002281315498,-0.8173447326917285],[116.65873728179143,-0.8199201117877687],[116.65957200000003,-0.8187883569999599]]],[[[116.65683844812904,-0.8211582487634618],[116.6566666670001,-0.8216666650819036],[116.65594716756107,-0.8216587758443098],[116.65683844812904,-0.8211582487634618]]],[[[116.65150453237406,-0.8249494664191933],[116.6507620000001,-0.8336773569999423],[116.65122700000006,-0.8251843569999551],[116.65150453237406,-0.8249494664191933]]],[[[116.64836226423911,-0.8470425019577362],[116.64829900000007,-0.841064357999926],[116.65186392049552,-0.8368124114438292],[116.64836226423911,-0.8470425019577362]]],[[[116.6412779813952,-0.8589241390288275],[116.64163200000007,-0.8567303569999467],[116.64289115538043,-0.8554310099524601],[116.6412779813952,-0.8589241390288275]]],[[[116.61500000000002,-0.8799999990168456],[116.614371,-0.8778773569999316],[116.61568036235805,-0.8776183569999603],[116.61500000000002,-0.8799999990168456]]],[[[116.6070370000001,-0.8799513579999712],[116.60704904112495,-0.8799560371377292],[116.60702902089747,-0.8799523536991365],[116.6070370000001,-0.8799513579999712]]],[[[116.59260600000005,-0.8754753569999707],[116.59301468845739,-0.8761554552681183],[116.59247601251994,-0.8753153888819295],[116.59260600000005,-0.8754753569999707]]],[[[116.58862529420465,-0.8724999990252368],[116.5884379260001,-0.8721156470257022],[116.58979882263473,-0.870674119082322],[116.58862529420465,-0.8724999990252368]]],[[[116.59013472386904,-0.8702734503270597],[116.59019710500003,-0.8701971030277961],[116.5902734239006,-0.8701379210100573],[116.59013472386904,-0.8702734503270597]]],[[[116.59095856187939,-0.8694684459348759],[116.59103708100008,-0.8693704130287158],[116.5912829809437,-0.8691514434892172],[116.59095856187939,-0.8694684459348759]]],[[[116.59145500000011,-0.8689833569999337],[116.5914018237634,-0.8690353175624834],[116.59146023360339,-0.8689656843747796],[116.59145500000011,-0.8689833569999337]]],[[[116.59167955720208,-0.8654463153870701],[116.59212600000001,-0.8672473569999397],[116.59164290329689,-0.8683488525576092],[116.59167955720208,-0.8654463153870701]]],[[[116.58611052158578,-0.8640349164148373],[116.58788700000002,-0.8637283569999568],[116.5889893506156,-0.8636209522000026],[116.58782827800009,-0.8639017130348202],[116.58611052158578,-0.8640349164148373]]],[[[116.57005846200002,-0.8616056649999564],[116.58096000000012,-0.8602103579999607],[116.58401306037221,-0.8638141687031042],[116.57000000000005,-0.8674999990308253],[116.57005846200002,-0.8616056649999564]]],[[[116.56927100000007,-0.8493643569999563],[116.56758753730834,-0.8511233156889592],[116.5702847383658,-0.8478819668855968],[116.56927100000007,-0.8493643569999563]]],[[[116.57083333300012,-0.8341666650679558],[116.57250900000008,-0.8340713569999707],[116.57188600000006,-0.8355483569999365],[116.57120691522347,-0.8442947392784216],[116.57083333300012,-0.8341666650679558]]],[[[116.56814060152361,-0.8199106046350112],[116.5688110000001,-0.8205443579999496],[116.56991204178505,-0.8275984003887848],[116.56814060152361,-0.8199106046350112]]],[[[116.54344446900006,-0.8195432680842698],[116.54076400000008,-0.8127103579999471],[116.55066480256266,-0.8128554357184054],[116.54344446900006,-0.8195432680842698]]],[[[116.53480900000011,-0.8207293569999479],[116.53500134908809,-0.8201147058950379],[116.53495579900004,-0.8205618580831331],[116.53480900000011,-0.8207293569999479]]],[[[116.52685184089917,-0.8258318463836593],[116.52616075800006,-0.8257234430774102],[116.52575237958507,-0.8253738429363808],[116.52685184089917,-0.8258318463836593]]],[[[116.5208461701561,-0.8242913579999254],[116.51401400000009,-0.8270533569999543],[116.51502400000004,-0.8262613579999538],[116.5203580000001,-0.8242913579999254],[116.5208461701561,-0.8242913579999254]]],[[[116.51709000000005,-0.8439193569999475],[116.5131060000001,-0.8381053569999608],[116.51211200000012,-0.8358563579999441],[116.51248598190898,-0.8335544214684856],[116.51709000000005,-0.8439193569999475]]],[[[116.50714200000004,-0.8536013579999349],[116.50751604758783,-0.8529406023188923],[116.50689603420642,-0.8541828796134668],[116.50714200000004,-0.8536013579999349]]],[[[116.50661807200004,-0.8548400489999608],[116.50666666600011,-0.8558333330438217],[116.50619483525003,-0.8558406813445881],[116.50661807200004,-0.8548400489999608]]],[[[116.5032489144104,-0.8572071274556972],[116.50299078800002,-0.8573735040420714],[116.5025865110547,-0.8574656276232495],[116.5032489144104,-0.8572071274556972]]],[[[116.4783175770001,-0.8642594079999526],[116.48272200000008,-0.8617219999999293],[116.48732302676456,-0.8643361696864478],[116.48416772700011,-0.8660795530324084],[116.4783175770001,-0.8642594079999526]]],[[[116.46039107900003,-0.8718060169999262],[116.46768055700011,-0.8623841449999645],[116.47480966939867,-0.8637125756143385],[116.47060054900008,-0.8713033940265478],[116.46039107900003,-0.8718060169999262]]],[[[116.45268729700001,-0.8855359120106836],[116.45055900000011,-0.8855899999999792],[116.45158581197704,-0.8827997869840123],[116.45268729700001,-0.8855359120106836]]],[[[116.4546571291485,-0.8900132213660569],[116.45469495700002,-0.8900165800056856],[116.45486071876583,-0.890071802662325],[116.4546571291485,-0.8900132213660569]]],[[[116.45833333300004,-0.9041666659899501],[116.46122900000012,-0.9165869999999359],[116.45827106000002,-0.9097544339999786],[116.45417790900001,-0.9042788189999555],[116.45356500231172,-0.9022506412664336],[116.45833333300004,-0.9041666659899501]]],[[[116.47128601837933,-0.9491721686602785],[116.47332943848656,-0.9488933698717061],[116.47333333300004,-0.9491666649397368],[116.47128601837933,-0.9491721686602785]]],[[[116.44199455420114,-0.955119831778483],[116.44344500000011,-0.9533309999999346],[116.44452824731768,-0.9528455166511032],[116.44199455420114,-0.955119831778483]]],[[[116.4408297708671,-0.9678476247658402],[116.43994159400006,-0.9649217619999604],[116.43983150094869,-0.9646135012093092],[116.4408297708671,-0.9678476247658402]]],[[[116.94515131100002,-0.90580127883691],[116.92666666700008,-0.9166666659759954],[116.91416666700002,-0.901666665992732],[116.91830401800007,-0.8830275099999767],[116.94516138100005,-0.8795977529999277],[116.94515131100002,-0.90580127883691]]],[[[116.89083333300005,-0.8658333330326679],[116.89277378500003,-0.8630605809999565],[116.89100753200013,-0.8658110260326747],[116.89083333300005,-0.8658333330326679]]],[[[116.8860428500001,-0.8593424350399231],[116.88596635800002,-0.8568690209999659],[116.88652289946472,-0.8601608551510717],[116.8860428500001,-0.8593424350399231]]],[[[116.87633487090685,-0.8449976540673048],[116.87500000000011,-0.844999999055934],[116.87475915590089,-0.8437422107563917],[116.87633487090685,-0.8449976540673048]]],[[[116.87316704206238,-0.8424737017549422],[116.87292657400008,-0.8423512030588579],[116.87270360755015,-0.842104462548476],[116.87316704206238,-0.8424737017549422]]],[[[116.84394066900006,-0.8261786049999387],[116.84728325860836,-0.826737949477042],[116.84250193600008,-0.8265647300764652],[116.84394066900006,-0.8261786049999387]]],[[[116.83906035847022,-0.8258182142365473],[116.83865140400007,-0.825721697077387],[116.83848103533872,-0.8256108012605498],[116.83906035847022,-0.8258182142365473]]],[[[116.82898117500008,-0.8186405899999727],[116.82951633350058,-0.8206117469358871],[116.82652619134004,-0.8172046515459948],[116.82898117500008,-0.8186405899999727]]],[[[116.82516625700009,-0.8097552859999269],[116.80683705700005,-0.8060468619999597],[116.81002659800004,-0.8062307339999393],[116.82516625700009,-0.8097552859999269]]],[[[116.78466801100001,-0.8209697019999567],[116.78986605326159,-0.8232779133414059],[116.78614806900009,-0.8235500170798186],[116.78466801100001,-0.8209697019999567]]],[[[116.77428645600003,-0.8094491789999552],[116.77106878000006,-0.813405176999936],[116.77039162754409,-0.8206664039029652],[116.77051959200003,-0.8137904810907205],[116.77428645600003,-0.8094491789999552]]],[[[116.77406593323721,-0.8074111206559372],[116.7743565620001,-0.8078857179999659],[116.77433772805593,-0.8083057410672873],[116.77406593323721,-0.8074111206559372]]],[[[116.7727233920001,-0.8016391999999541],[116.7721306930572,-0.8044276755350266],[116.76961857307944,-0.8027716198132459],[116.7727233920001,-0.8016391999999541]]],[[[116.76291500000002,-0.8036693569999329],[116.7629883753164,-0.8036720592486236],[116.76287880834532,-0.803696410705285],[116.76291500000002,-0.8036693569999329]]],[[[116.7515189290001,-0.8144819319999783],[116.75252803905549,-0.8125315717821219],[116.75134355775165,-0.8149400872123292],[116.7515189290001,-0.8144819319999783]]],[[[116.73581299552306,-0.8257451763123268],[116.73619688400005,-0.8257702160773452],[116.73583333300009,-0.8258333320772845],[116.73581299552306,-0.8257451763123268]]],[[[116.73484471183188,-0.8100524461187226],[116.73509588400009,-0.8107050499999673],[116.73468775874278,-0.8111894302902465],[116.73484471183188,-0.8100524461187226]]]]}}]}