{"type":"FeatureCollection","features":[{"type":"Feature","properties":{"nama_usaha":"ALHASANIE","badan_usaha":"PT","jenis_izin":"IUP","komoditas":"BATUBARA","kegiatan":"OPERASI PRODUKSI","luas_ha":932.8,"kabupaten":"KAB. KUTAI KARTANEGARA","berlaku_hingga":2036},"geometry":{"type":"Polygon","coordinates":[[[117.27917,-0.61556],[117.27917,-0.63194],[117.27528,-0.63194],[117.27528,-0.64639],[117.27069,-0.64639],[117.27069,-0.66265],[117.24744,-0.66267],[117.24744,-0.66128],[117.25036,-0.66128],[117.25036,-0.65903],[117.25253,-0.65903],[117.25253,-0.65681],[117.25447,-0.65681],[117.25447,-0.64836],[117.25672,-0.64836],[117.25672,-0.64431],[117.25833,-0.64431],[117.25833,-0.64097],[117.25897,-0.64097],[117.25897,-0.63956],[117.26022,-0.63956],[117.26022,-0.63711],[117.26125,-0.63711],[117.26125,-0.63622],[117.26251,-0.63622],[117.26251,-0.63333],[117.26442,-0.63333],[117.26442,-0.62984],[117.26563,-0.62984],[117.26563,-0.62738],[117.26689,-0.62738],[117.26689,-0.62505],[117.26786,-0.62505],[117.26786,-0.6235],[117.26893,-0.6235],[117.26893,-0.62131],[117.26981,-0.62131],[117.26981,-0.61952],[117.27068,-0.61952],[117.27068,-0.61776],[117.27185,-0.61776],[117.27185,-0.61572],[117.27273,-0.61572],[117.27273,-0.61416],[117.2736,-0.61416],[117.2736,-0.61231],[117.27448,-0.61231],[117.27448,-0.61095],[117.27535,-0.61095],[117.27535,-0.6094],[117.27632,-0.6094],[117.27632,-0.6073],[117.28333,-0.6073],[117.28333,-0.61556],[117.27917,-0.61556]]]}},{"type":"Feature","properties":{"nama_usaha":"PANCARAN SURYA ABADI","badan_usaha":"PT","jenis_izin":"IUP","komoditas":"Batubara","kegiatan":"OPERASI PRODUKSI","luas_ha":991,"kabupaten":"KAB. KUTAI KARTANEGARA","berlaku_hingga":2035},"geometry":{"type":"Polygon","coordinates":[[[117.32706,-0.42734],[117.32361,-0.42734],[117.32361,-0.38778],[117.34167,-0.38778],[117.34167,-0.43333],[117.32706,-0.43333],[117.32706,-0.42734]]]}},{"type":"Feature","properties":{"nama_usaha":"ARZARA BARAINDO ENERGITAMA","badan_usaha":"PT","jenis_izin":"IUP","komoditas":"BATUBARA","kegiatan":"OPERASI PRODUKSI","luas_ha":3409,"kabupaten":"KAB. KUTAI KARTANEGARA","berlaku_hingga":2034},"geometry":{"type":"Polygon","coordinates":[[[117.13333,-0.25833],[117.14167,-0.25833],[117.14167,-0.21444],[117.14472,-0.21444],[117.14472,-0.16972],[117.14167,-0.16972],[117.14167,-0.16389],[117.18333,-0.16389],[117.18333,-0.19167],[117.175,-0.19167],[117.175,-0.2],[117.16667,-0.2],[117.16667,-0.21667],[117.15833,-0.21667],[117.15833,-0.25],[117.15,-0.25],[117.15,-0.275],[117.14167,-0.275],[117.14167,-0.29167],[117.13333,-0.29167],[117.13333,-0.25833]]]}},{"type":"Feature","properties":{"nama_usaha":"MANDIRA MITRA COALINDO","badan_usaha":"PT","jenis_izin":"IUP","komoditas":"BATUBARA","kegiatan":"OPERASI PRODUKSI","luas_ha":2000,"kabupaten":"KUTAI KARTANEGARA","berlaku_hingga":2028},"geometry":{"type":"Polygon","coordinates":[[[117.3325,-0.3075],[117.3325,-0.285],[117.3325,-0.285],[117.33272,-0.28499],[117.33325,-0.28502],[117.33394,-0.28512],[117.33428,-0.28519],[117.3346,-0.2853],[117.33528,-0.28564],[117.33553,-0.28573],[117.3358,-0.28579],[117.3361,-0.28583],[117.3367,-0.28586],[117.3373,-0.28582],[117.33758,-0.28577],[117.33784,-0.2857],[117.33806,-0.28559],[117.33822,-0.28547],[117.33836,-0.28533],[117.33876,-0.28489],[117.33888,-0.28473],[117.33898,-0.28451],[117.33905,-0.28427],[117.33923,-0.28351],[117.3393,-0.28326],[117.33939,-0.28304],[117.33952,-0.28286],[117.33971,-0.28272],[117.33993,-0.28262],[117.34019,-0.28255],[117.34046,-0.2825],[117.34076,-0.28247],[117.34138,-0.28244],[117.34167,-0.28245],[117.34167,-0.37044],[117.32361,-0.37044],[117.32361,-0.30818],[117.32381,-0.3075],[117.3325,-0.3075]]]}},{"type":"Feature","properties":{"nama_usaha":"WELARCO SUBUR JAYA","badan_usaha":"PT","jenis_izin":"IUP","komoditas":"BATUBARA","kegiatan":"OPERASI PRODUKSI","luas_ha":1114,"kabupaten":"KAB. KUTAI KARTANEGARA","berlaku_hingga":2033},"geometry":{"type":"Polygon","coordinates":[[[117.08333,-0.66531],[117.08333,-0.68108],[117.0795,-0.68108],[117.0795,-0.68806],[117.075,-0.68806],[117.075,-0.69503],[117.0705,-0.69503],[117.0705,-0.70203],[117.066,-0.70203],[117.066,-0.71667],[117.05231,-0.71667],[117.05231,-0.69461],[117.06131,-0.69461],[117.06131,-0.66531],[117.08333,-0.66531]]]}},{"type":"Feature","properties":{"nama_usaha":"ADIMITRA BARATAMA NUSANTARA","badan_usaha":"PT","jenis_izin":"IUP","komoditas":"BATUBARA","kegiatan":"OPERASI PRODUKSI","luas_ha":2990,"kabupaten":"KUTAI KARTANEGARA","berlaku_hingga":2029},"geometry":{"type":"Polygon","coordinates":[[[117.2775,-0.67889],[117.2775,-0.70944],[117.2,-0.70944],[117.2,-0.67667],[117.225,-0.67667],[117.225,-0.67889],[117.2775,-0.67889]]]}},{"type":"Feature","properties":{"nama_usaha":"SUNGAI BERLIAN JAYA","badan_usaha":"CV","jenis_izin":"IUP","komoditas":"BATUBARA","kegiatan":"OPERASI PRODUKSI","luas_ha":170.8,"kabupaten":"KOTA SAMARINDA","berlaku_hingga":2027},"geometry":{"type":"Polygon","coordinates":[[[117.1875,-0.64167],[117.19167,-0.64167],[117.19167,-0.63333],[117.20033,-0.63333],[117.20033,-0.64681],[117.1875,-0.64681],[117.1875,-0.64167]]]}},{"type":"Feature","properties":{"nama_usaha":"KALTIM NUSANTARA COAL","badan_usaha":"PT","jenis_izin":"IUP","komoditas":"BATUBARA","kegiatan":"OPERASI PRODUKSI","luas_ha":14950,"kabupaten":"KUTAI TIMUR","berlaku_hingga":2032},"geometry":{"type":"Polygon","coordinates":[[[116.5575,0.94444],[116.60639,0.94444],[116.60639,0.86111],[116.66806,0.86111],[116.66806,0.86111],[116.66806,0.77222],[116.61944,0.77222],[116.61944,0.8],[116.56389,0.8],[116.56389,0.8129],[116.5578,0.8129],[116.5578,0.82],[116.5575,0.82],[116.5575,0.94444]]]}},{"type":"Feature","properties":{"nama_usaha":"KALTIM BATU HITAM","badan_usaha":"PT","jenis_izin":"IUP","komoditas":"BATUBARA","kegiatan":"OPERASI PRODUKSI","luas_ha":2500,"kabupaten":"KUTAI BARAT","berlaku_hingga":2029},"geometry":{"type":"Polygon","coordinates":[[[115.73961,-0.50069],[115.75659,-0.50069],[115.75659,-0.47634],[115.78342,-0.47634],[115.78342,-0.52944],[115.77681,-0.52944],[115.77681,-0.52389],[115.77533,-0.52389],[115.77533,-0.52074],[115.7743,-0.52074],[115.7743,-0.50611],[115.715,-0.50611],[115.715,-0.48842],[115.71947,-0.48842],[115.71947,-0.47033],[115.72397,-0.47033],[115.72397,-0.46111],[115.73961,-0.46111],[115.73961,-0.50069]]]}},{"type":"Feature","properties":{"nama_usaha":"INSANI BARAPERKASA","badan_usaha":"PT","jenis_izin":"PKP2B","komoditas":"BATUBARA","kegiatan":"OPERASI PRODUKSI","luas_ha":379.4,"kabupaten":"KUTAI KARTANEGARA","berlaku_hingga":2036},"geometry":{"type":"Polygon","coordinates":[[[117.12568,-0.63306],[117.12568,-0.63761],[117.12433,-0.63761],[117.12433,-0.64212],[117.1214,-0.64212],[117.1214,-0.65135],[117.10333,-0.65135],[117.10333,-0.64212],[117.10788,-0.64212],[117.10788,-0.63468],[117.11712,-0.63468],[117.11712,-0.63306],[117.12568,-0.63306]]]}},{"type":"Feature","properties":{"nama_usaha":"RAJA KUTAI BARU MAKMUR","badan_usaha":"PT","jenis_izin":"IUP","komoditas":"BATUBARA","kegiatan":"OPERASI PRODUKSI","luas_ha":8404,"kabupaten":"KAB. KUTAI KARTANEGARA","berlaku_hingga":2028},"geometry":{"type":"Polygon","coordinates":[[[117.38705,-0.38391],[117.39475,-0.38391],[117.39475,-0.38792],[117.4,-0.38792],[117.4,-0.39549],[117.39225,-0.39549],[117.39225,-0.4],[117.375,-0.4],[117.375,-0.43333],[117.36667,-0.43333],[117.36667,-0.45833],[117.31847,-0.45833],[117.31847,-0.44775],[117.30217,-0.44775],[117.30217,-0.45833],[117.2959,-0.45833],[117.2959,-0.51667],[117.28333,-0.51667],[117.28333,-0.43333],[117.3,-0.43333],[117.3,-0.44187],[117.30947,-0.44187],[117.30947,-0.43333],[117.34167,-0.43333],[117.34167,-0.4],[117.35,-0.4],[117.35,-0.325],[117.3994,-0.325],[117.3994,-0.33611],[117.39379,-0.33611],[117.39379,-0.34958],[117.38705,-0.34958],[117.38705,-0.38391]]]}},{"type":"Feature","properties":{"nama_usaha":"RENCANA MULIA BARATAMA","badan_usaha":"PT","jenis_izin":"IUP","komoditas":"BATUBARA","kegiatan":"OPERASI PRODUKSI","luas_ha":3993,"kabupaten":"KUTAI KARTANEGARA","berlaku_hingga":2029},"geometry":{"type":"Polygon","coordinates":[[[116.25509,0.4174],[116.25509,0.38227],[116.20893,0.38227],[116.20893,0.37082],[116.21858,0.37082],[116.21858,0.36542],[116.179,0.36542],[116.179,0.4174],[116.25509,0.4174]]]}},{"type":"Feature","properties":{"nama_usaha":"KEMILAU RINDANG ABADI","badan_usaha":"PT","jenis_izin":"IUP","komoditas":"BATUBARA","kegiatan":"OPERASI PRODUKSI","luas_ha":2479,"kabupaten":"KAB. KUTAI KARTANEGARA","berlaku_hingga":2032},"geometry":{"type":"Polygon","coordinates":[[[117.14167,-0.21444],[117.14167,-0.225],[117.10833,-0.225],[117.10833,-0.25833],[117.1,-0.25833],[117.1,-0.29167],[117.08333,-0.29167],[117.08333,-0.21444],[117.14167,-0.21444]]]}},{"type":"Feature","properties":{"nama_usaha":"KOETAINDO","badan_usaha":"PT","jenis_izin":"IUP","komoditas":"BATUBARA","kegiatan":"OPERASI PRODUKSI","luas_ha":1816,"kabupaten":"KUTAI KARTANEGARA","berlaku_hingga":2030},"geometry":{"type":"Polygon","coordinates":[[[116.83977,-0.20865],[116.83977,-0.26198],[116.81223,-0.26198],[116.81223,-0.20865],[116.83977,-0.20865]]]}},{"type":"Feature","properties":{"nama_usaha":"BARA KUMALA","badan_usaha":"PT","jenis_izin":"IUP","komoditas":"BATUBARA","kegiatan":"OPERASI PRODUKSI","luas_ha":99.4,"kabupaten":"KUTAI KARTANEGARA","berlaku_hingga":2029},"geometry":{"type":"Polygon","coordinates":[[[117.30294,-0.48939],[117.30861,-0.48939],[117.30861,-0.50319],[117.30686,-0.50319],[117.30686,-0.50603],[117.30525,-0.50603],[117.30525,-0.50214],[117.30294,-0.50214],[117.30294,-0.48939]]]}},{"type":"Feature","properties":{"nama_usaha":"BATUAH ENERGI PRIMA","badan_usaha":"PT","jenis_izin":"IUP","komoditas":"BATUBARA","kegiatan":"OPERASI PRODUKSI","luas_ha":1253,"kabupaten":"KUTAI KARTANEGARA","berlaku_hingga":2027},"geometry":{"type":"Polygon","coordinates":[[[117.0994,-0.7173],[117.103,-0.7173],[117.103,-0.7034],[117.1066,-0.7034],[117.1066,-0.6823],[117.1114,-0.6823],[117.1114,-0.66694],[117.12917,-0.66694],[117.12917,-0.675],[117.125,-0.675],[117.125,-0.68333],[117.12083,-0.68333],[117.12083,-0.69167],[117.11667,-0.69167],[117.11667,-0.7],[117.1125,-0.7],[117.1125,-0.7125],[117.10833,-0.7125],[117.10833,-0.72033],[117.1081,-0.72043],[117.1074,-0.72137],[117.10693,-0.7223],[117.10635,-0.72335],[117.10495,-0.72312],[117.10367,-0.72242],[117.10203,-0.72183],[117.10075,-0.72125],[117.0997,-0.72078],[117.0994,-0.72048],[117.0994,-0.7173]]]}},{"type":"Feature","properties":{"nama_usaha":"INDOMINING","badan_usaha":"PT","jenis_izin":"IUP","komoditas":"BATUBARA","kegiatan":"OPERASI PRODUKSI","luas_ha":683,"kabupaten":"KAB. KUTAI KARTANEGARA","berlaku_hingga":2033},"geometry":{"type":"Polygon","coordinates":[[[117.25828,-0.663],[117.25828,-0.66325],[117.25978,-0.66325],[117.25978,-0.66347],[117.26111,-0.66347],[117.26111,-0.66389],[117.26156,-0.66389],[117.26156,-0.66444],[117.262,-0.66444],[117.262,-0.66517],[117.26231,-0.66517],[117.26231,-0.66561],[117.26422,-0.66561],[117.26422,-0.66586],[117.26486,-0.66586],[117.26486,-0.66614],[117.26547,-0.66614],[117.26547,-0.66583],[117.26597,-0.66583],[117.26597,-0.66547],[117.26639,-0.66547],[117.26639,-0.66525],[117.26667,-0.66525],[117.26667,-0.665],[117.26842,-0.665],[117.26842,-0.67008],[117.2775,-0.67008],[117.2775,-0.67889],[117.23456,-0.67889],[117.23456,-0.67592],[117.23653,-0.67592],[117.23653,-0.67342],[117.23722,-0.67342],[117.23722,-0.67058],[117.23869,-0.67058],[117.23869,-0.66789],[117.24019,-0.66789],[117.24019,-0.66547],[117.24122,-0.66547],[117.24122,-0.66264],[117.257,-0.66264],[117.257,-0.663],[117.25828,-0.663]]]}},{"type":"Feature","properties":{"nama_usaha":"JASA MANDIRI SEJAHTERA","badan_usaha":"PT","jenis_izin":"IUP","komoditas":"Batubara","kegiatan":"SANKSI (PEMBEKUAN)","luas_ha":99.4,"kabupaten":"KAB. KUTAI KARTANEGARA","berlaku_hingga":2028},"geometry":{"type":"Polygon","coordinates":[[[117.225,-0.32429],[117.225,-0.31667],[117.23556,-0.31667],[117.23556,-0.32429],[117.225,-0.32429]]]}},{"type":"Feature","properties":{"nama_usaha":"ETAM MANUNGGAL JAYA","badan_usaha":"PT","jenis_izin":"IUP","komoditas":"BATUBARA","kegiatan":"OPERASI PRODUKSI","luas_ha":402.5,"kabupaten":"KUTAI KARTANEGARA","berlaku_hingga":2029},"geometry":{"type":"Polygon","coordinates":[[[117.01539,-0.74039],[117.01539,-0.74039],[117.02019,-0.74039],[117.02019,-0.73139],[117.01858,-0.73139],[117.01858,-0.73139],[117.01858,-0.73022],[117.01794,-0.73022],[117.01794,-0.72875],[117.01733,-0.72875],[117.01733,-0.72631],[117.01658,-0.72631],[117.01658,-0.72506],[117.02519,-0.72506],[117.02519,-0.759],[117.01142,-0.759],[117.01142,-0.74908],[117.01274,-0.74908],[117.01274,-0.74544],[117.01364,-0.74544],[117.01364,-0.74481],[117.01427,-0.74481],[117.01427,-0.74428],[117.01447,-0.74428],[117.01447,-0.74353],[117.01488,-0.74353],[117.01488,-0.74197],[117.01539,-0.74197],[117.01539,-0.74039]]]}},{"type":"Feature","properties":{"nama_usaha":"YUDI MULIA","badan_usaha":"CV","jenis_izin":"IUP","komoditas":"BATUBARA","kegiatan":"OPERASI PRODUKSI","luas_ha":74.7,"kabupaten":"KAB. KUTAI KARTANEGARA","berlaku_hingga":2031},"geometry":{"type":"Polygon","coordinates":[[[117.28789,-0.60974],[117.28789,-0.61556],[117.28428,-0.61556],[117.28428,-0.61863],[117.28329,-0.61863],[117.28329,-0.62277],[117.28102,-0.62277],[117.28102,-0.62611],[117.28031,-0.62611],[117.28031,-0.62889],[117.27917,-0.62889],[117.27917,-0.61556],[117.28406,-0.61556],[117.28406,-0.61234],[117.28497,-0.61234],[117.28497,-0.61098],[117.28629,-0.61098],[117.28629,-0.60974],[117.28789,-0.60974]]]}},{"type":"Feature","properties":{"nama_usaha":"TRISENSA MINERAL UTAMA","badan_usaha":"PT","jenis_izin":"IUP","komoditas":"BATUBARA","kegiatan":"OPERASI PRODUKSI","luas_ha":3414,"kabupaten":"KAB. KUTAI KARTANEGARA","berlaku_hingga":2033},"geometry":{"type":"Polygon","coordinates":[[[117.10833,-0.7125],[117.1125,-0.7125],[117.1125,-0.7],[117.11667,-0.7],[117.11667,-0.69167],[117.12083,-0.69167],[117.12083,-0.68333],[117.125,-0.68333],[117.125,-0.675],[117.12917,-0.675],[117.12917,-0.66943],[117.13122,-0.66943],[117.13122,-0.67104],[117.13333,-0.67104],[117.13333,-0.68833],[117.13771,-0.68833],[117.13771,-0.69449],[117.14026,-0.69449],[117.14026,-0.70352],[117.15269,-0.70352],[117.15269,-0.71767],[117.16672,-0.71767],[117.16672,-0.71602],[117.17661,-0.71602],[117.17661,-0.7155],[117.17817,-0.7155],[117.17817,-0.71395],[117.18417,-0.71395],[117.18417,-0.70816],[117.18505,-0.70816],[117.18505,-0.70214],[117.18594,-0.70214],[117.18594,-0.69791],[117.18811,-0.69791],[117.18811,-0.69493],[117.18997,-0.69493],[117.18997,-0.68993],[117.19094,-0.68993],[117.19094,-0.68413],[117.19231,-0.68413],[117.19231,-0.68151],[117.1944,-0.68151],[117.1944,-0.67957],[117.2,-0.67957],[117.2,-0.70942],[117.20528,-0.70942],[117.20528,-0.71667],[117.2,-0.71667],[117.2,-0.7375],[117.18026,-0.7375],[117.1797,-0.73687],[117.17927,-0.73599],[117.17883,-0.73512],[117.17813,-0.73407],[117.17752,-0.73337],[117.17682,-0.73258],[117.17629,-0.73179],[117.17559,-0.73066],[117.17454,-0.72917],[117.1741,-0.72873],[117.17279,-0.72812],[117.17165,-0.72768],[117.1706,-0.72724],[117.16973,-0.72681],[117.16894,-0.72654],[117.16754,-0.72637],[117.16641,-0.72619],[117.16492,-0.72558],[117.16369,-0.72497],[117.16282,-0.72409],[117.16212,-0.72322],[117.16151,-0.72243],[117.16116,-0.72156],[117.16011,-0.72173],[117.15879,-0.72191],[117.15722,-0.72261],[117.15556,-0.72374],[117.1546,-0.72453],[117.15374,-0.725],[117.13676,-0.725],[117.13644,-0.72463],[117.13598,-0.72405],[117.13551,-0.72335],[117.13469,-0.72277],[117.13353,-0.72265],[117.13306,-0.72242],[117.13306,-0.72172],[117.13306,-0.72067],[117.13224,-0.71973],[117.13166,-0.71903],[117.13026,-0.71903],[117.12956,-0.71868],[117.12921,-0.71798],[117.12921,-0.71694],[117.13003,-0.716],[117.13096,-0.71507],[117.13119,-0.71449],[117.13061,-0.71402],[117.12933,-0.71355],[117.12699,-0.71332],[117.12373,-0.7132],[117.12128,-0.71379],[117.11988,-0.71414],[117.11708,-0.71484],[117.11533,-0.71519],[117.11416,-0.71554],[117.11358,-0.71635],[117.1123,-0.71763],[117.11113,-0.7188],[117.10962,-0.71973],[117.10833,-0.72033],[117.10833,-0.7125]]]}},{"type":"Feature","properties":{"nama_usaha":"BUMI ALAM RAYA","badan_usaha":"PT","jenis_izin":"IUP","komoditas":"BATUBARA","kegiatan":"OPERASI PRODUKSI","luas_ha":4657,"kabupaten":"KAB. KUTAI KARTANEGARA","berlaku_hingga":2034},"geometry":{"type":"Polygon","coordinates":[[[116.00042,0.29028],[115.98976,0.29028],[115.98976,0.26422],[115.95,0.26422],[115.95,0.34444],[116.00042,0.34444],[116.00042,0.29028]]]}},{"type":"Feature","properties":{"nama_usaha":"ALAMJAYA BARAPRATAMA","badan_usaha":"PT","jenis_izin":"IUP","komoditas":"BATUBARA","kegiatan":"OPERASI PRODUKSI","luas_ha":2912,"kabupaten":"KAB. KUTAI KARTANEGARA","berlaku_hingga":2033},"geometry":{"type":"Polygon","coordinates":[[[116.97794,-0.67241],[116.97794,-0.68049],[116.97377,-0.68049],[116.97377,-0.68722],[116.96534,-0.68722],[116.96534,-0.70037],[116.96294,-0.70037],[116.96294,-0.71667],[116.88889,-0.71667],[116.88889,-0.69722],[116.95556,-0.69722],[116.95556,-0.65417],[116.98333,-0.65417],[116.98333,-0.67241],[116.97794,-0.67241]]]}},{"type":"Feature","properties":{"nama_usaha":"ALFARA DELTA PERSADA","badan_usaha":"PT","jenis_izin":"IUP","komoditas":"Batubara","kegiatan":"OPERASI PRODUKSI","luas_ha":2077.6,"kabupaten":"KAB. KUTAI KARTANEGARA","berlaku_hingga":2037},"geometry":{"type":"Polygon","coordinates":[[[117.28333,-0.51667],[117.2959,-0.51667],[117.2959,-0.45861],[117.3,-0.45861],[117.3,-0.47231],[117.31722,-0.47231],[117.31722,-0.48939],[117.30294,-0.48939],[117.30294,-0.50639],[117.30667,-0.50639],[117.30667,-0.56111],[117.28333,-0.56111],[117.28333,-0.51667]]]}},{"type":"Feature","properties":{"nama_usaha":"MURAU COAL","badan_usaha":"PT","jenis_izin":"IUP","komoditas":"BATUBARA","kegiatan":"OPERASI PRODUKSI","luas_ha":3863,"kabupaten":"KUTAI TIMUR","berlaku_hingga":2033},"geometry":{"type":"Polygon","coordinates":[[[116.75,0.86667],[116.79167,0.86667],[116.79167,0.79167],[116.75,0.79167],[116.75,0.86667]]]}},{"type":"Feature","properties":{"nama_usaha":"NUSANTARA KALTIM COAL","badan_usaha":"PT","jenis_izin":"IUP","komoditas":"BATUBARA","kegiatan":"OPERASI PRODUKSI","luas_ha":11040,"kabupaten":"KUTAI TIMUR","berlaku_hingga":2032},"geometry":{"type":"Polygon","coordinates":[[[116.5,0.65833],[116.4,0.65833],[116.4,0.77981],[116.45,0.77981],[116.46667,0.77981],[116.46667,0.725],[116.45833,0.725],[116.45833,0.69167],[116.5,0.69167],[116.5,0.66667],[116.5,0.65833]]]}},{"type":"Feature","properties":{"nama_usaha":"CITRA DAYAK INDAH","badan_usaha":"PT","jenis_izin":"IUP","komoditas":"BATUBARA","kegiatan":"OPERASI PRODUKSI","luas_ha":5000,"kabupaten":"KUTAI BARAT","berlaku_hingga":2031},"geometry":{"type":"Polygon","coordinates":[[[115.3892,-0.3929],[115.3892,-0.4436],[115.3087,-0.4436],[115.3087,-0.3929],[115.3892,-0.3929]]]}},{"type":"Feature","properties":{"nama_usaha":"GURUH PUTRA BERSAMA","badan_usaha":"PT","jenis_izin":"IUP","komoditas":"BATUBARA","kegiatan":"OPERASI PRODUKSI","luas_ha":3205,"kabupaten":"KUTAI KARTANEGARA","berlaku_hingga":2027},"geometry":{"type":"Polygon","coordinates":[[[116.16116,0.35833],[116.14333,0.35833],[116.14333,0.36034],[116.14333,0.36216],[116.14333,0.37167],[116.11833,0.37167],[116.11833,0.41764],[116.17337,0.41764],[116.17337,0.41158],[116.17861,0.41158],[116.17861,0.40059],[116.17861,0.39977],[116.17566,0.39977],[116.17566,0.39824],[116.17385,0.39824],[116.17385,0.39718],[116.17329,0.39718],[116.17329,0.39411],[116.17143,0.39411],[116.17143,0.39053],[116.16702,0.39053],[116.16702,0.38778],[116.16391,0.38778],[116.16391,0.38538],[116.1629,0.38538],[116.1629,0.38217],[116.16098,0.38217],[116.16098,0.37836],[116.15866,0.37836],[116.15866,0.37669],[116.15741,0.37669],[116.15741,0.37065],[116.15834,0.37065],[116.15834,0.36898],[116.1594,0.36898],[116.1594,0.36634],[116.16043,0.36634],[116.16043,0.36446],[116.16116,0.36446],[116.16116,0.36216],[116.16242,0.36216],[116.16242,0.36034],[116.16303,0.36034],[116.16303,0.35833],[116.16242,0.35833],[116.16116,0.35833]]]}},{"type":"Feature","properties":{"nama_usaha":"MULTI SARANA PERKASA","badan_usaha":"PT","jenis_izin":"IUP","komoditas":"Batubara","kegiatan":"OPERASI PRODUKSI","luas_ha":9979,"kabupaten":"KAB. KUTAI TIMUR","berlaku_hingga":2034},"geometry":{"type":"Polygon","coordinates":[[[116.33306,0.6582],[116.49972,0.6582],[116.49972,0.62711],[116.43966,0.62711],[116.43966,0.62711],[116.43966,0.6],[116.33306,0.6],[116.33306,0.60234],[116.33306,0.60234],[116.33306,0.6582]]]}},{"type":"Feature","properties":{"nama_usaha":"TELEN ECO COAL","badan_usaha":"PT","jenis_izin":"IUP","komoditas":"BATUBARA","kegiatan":"OPERASI PRODUKSI","luas_ha":6844,"kabupaten":"KUTAI TIMUR","berlaku_hingga":2038},"geometry":{"type":"Polygon","coordinates":[[[116.67083,1.09167],[116.67083,1.15972],[116.68611,1.15972],[116.68611,1.15],[116.70833,1.15],[116.70833,1.22917],[116.7,1.22917],[116.7,1.26667],[116.725,1.26667],[116.725,1.09167],[116.67083,1.09167]]]}},{"type":"Feature","properties":{"nama_usaha":"TRI PANUNTUN PERSADA","badan_usaha":"PT","jenis_izin":"IUP","komoditas":"BATUBARA","kegiatan":"OPERASI PRODUKSI","luas_ha":2575,"kabupaten":"KUTAI TIMUR","berlaku_hingga":2033},"geometry":{"type":"Polygon","coordinates":[[[116.7,1.26667],[116.66667,1.26667],[116.65833,1.26667],[116.65833,1.31667],[116.66667,1.31667],[116.7,1.31667],[116.7,1.30833],[116.7,1.26667]]]}},{"type":"Feature","properties":{"nama_usaha":"KHAZANA BUMI KALIMAN","badan_usaha":"PT","jenis_izin":"IUP","komoditas":"BATUBARA","kegiatan":"OPERASI PRODUKSI","luas_ha":5066,"kabupaten":"KUTAI TIMUR","berlaku_hingga":2032},"geometry":{"type":"Polygon","coordinates":[[[116.85,1.09167],[116.825,1.09167],[116.81944,1.09167],[116.81944,1.11694],[116.80806,1.11694],[116.80806,1.13222],[116.80583,1.13222],[116.80583,1.14],[116.80861,1.14],[116.80861,1.14611],[116.81278,1.14611],[116.81278,1.15194],[116.81667,1.15194],[116.81667,1.1675],[116.814,1.1675],[116.81278,1.1675],[116.81278,1.18389],[116.80694,1.18389],[116.80694,1.19111],[116.80139,1.19111],[116.80139,1.2],[116.80972,1.2],[116.814,1.2],[116.83333,1.2],[116.85,1.2],[116.85,1.09167]]]}},{"type":"Feature","properties":{"nama_usaha":"NUSANTARA WAHAU COAL","badan_usaha":"PT","jenis_izin":"IUP","komoditas":"BATUBARA","kegiatan":"OPERASI PRODUKSI","luas_ha":14890,"kabupaten":"KUTAI TIMUR","berlaku_hingga":2032},"geometry":{"type":"Polygon","coordinates":[[[116.61944,0.65833],[116.5,0.65833],[116.5,0.66667],[116.525,0.66667],[116.525,0.70833],[116.53038,0.70833],[116.53038,0.73549],[116.54167,0.73549],[116.54167,0.78549],[116.56387,0.78549],[116.56388,0.8],[116.61944,0.8],[116.61944,0.65833]]]}},{"type":"Feature","properties":{"nama_usaha":"TEPIAN INDAH SUKSES","badan_usaha":"PT","jenis_izin":"IUP","komoditas":"BATUBARA","kegiatan":"OPERASI PRODUKSI","luas_ha":2065,"kabupaten":"KUTAI BARAT","berlaku_hingga":2029},"geometry":{"type":"Polygon","coordinates":[[[115.7284,-0.75],[115.7284,-0.79501],[115.69806,-0.79501],[115.69806,-0.78224],[115.68833,-0.78224],[115.68833,-0.75],[115.7284,-0.75]]]}},{"type":"Feature","properties":{"nama_usaha":"SERANGKAI JAYA","badan_usaha":"PT","jenis_izin":"IUP","komoditas":"BATUBARA","kegiatan":"OPERASI PRODUKSI","luas_ha":830.8,"kabupaten":"KAB. KUTAI KARTANEGARA","berlaku_hingga":2035},"geometry":{"type":"Polygon","coordinates":[[[116.24039,0.35245],[116.24964,0.35245],[116.24964,0.36269],[116.22919,0.36269],[116.22919,0.36528],[116.21875,0.36528],[116.21875,0.371],[116.20931,0.371],[116.20931,0.38208],[116.23875,0.38208],[116.23875,0.371],[116.25425,0.371],[116.25425,0.35028],[116.24039,0.35028],[116.24039,0.35245]]]}},{"type":"Feature","properties":{"nama_usaha":"KARYA PERMATA PRIMA","badan_usaha":"PT","jenis_izin":"IUP","komoditas":"BATUBARA","kegiatan":"OPERASI PRODUKSI","luas_ha":6341.9,"kabupaten":"KAB. KUTAI BARAT","berlaku_hingga":2030},"geometry":{"type":"Polygon","coordinates":[[[115.69697,-0.51681],[115.69697,-0.52458],[115.69247,-0.52458],[115.69247,-0.606],[115.69694,-0.606],[115.69694,-0.62411],[115.73289,-0.62411],[115.73289,-0.61959],[115.74167,-0.61959],[115.74167,-0.61506],[115.75834,-0.61506],[115.75834,-0.60834],[115.76667,-0.60834],[115.76667,-0.603],[115.7957,-0.603],[115.7957,-0.62859],[115.67111,-0.62859],[115.67111,-0.57528],[115.6501,-0.57528],[115.6501,-0.51681],[115.69697,-0.51681]]]}},{"type":"Feature","properties":{"nama_usaha":"JAGAD ARTHA BARA","badan_usaha":"PT","jenis_izin":"IUP","komoditas":"BATUBARA","kegiatan":"OPERASI PRODUKSI","luas_ha":2550,"kabupaten":"KAB. KUTAI BARAT","berlaku_hingga":2032},"geometry":{"type":"Polygon","coordinates":[[[115.34309,-0.22472],[115.34309,-0.24981],[115.33333,-0.24981],[115.33333,-0.25831],[115.31778,-0.25831],[115.31778,-0.3039],[115.29948,-0.3039],[115.29948,-0.29162],[115.30574,-0.29162],[115.30574,-0.23922],[115.28497,-0.23922],[115.28497,-0.23546],[115.28803,-0.23546],[115.28803,-0.23099],[115.29222,-0.23099],[115.29222,-0.22472],[115.34309,-0.22472]]]}},{"type":"Feature","properties":{"nama_usaha":"GRAHA PANCA KARSA","badan_usaha":"PT","jenis_izin":"IUP","komoditas":"BATUBARA","kegiatan":"OPERASI PRODUKSI","luas_ha":5060,"kabupaten":"KUTAI BARAT","berlaku_hingga":2029},"geometry":{"type":"Polygon","coordinates":[[[115.74911,0.1167],[115.74911,0.15072],[115.72148,0.15072],[115.72148,0.14033],[115.70866,0.14033],[115.70866,0.13767],[115.68914,0.13767],[115.68914,0.12304],[115.68101,0.12304],[115.68101,0.11566],[115.67346,0.11566],[115.67346,0.10976],[115.66678,0.10976],[115.66678,0.05823],[115.65831,0.05823],[115.65831,0.05],[115.62083,0.05],[115.62083,0.07083],[115.65,0.07083],[115.65,0.10854],[115.65486,0.10854],[115.65486,0.11542],[115.66,0.11542],[115.66,0.12043],[115.66459,0.12043],[115.66459,0.12655],[115.66719,0.12655],[115.66719,0.13159],[115.6722,0.13159],[115.6722,0.13646],[115.67611,0.13646],[115.67611,0.14318],[115.68075,0.14318],[115.68075,0.14719],[115.70772,0.14719],[115.70772,0.15781],[115.7665,0.15781],[115.7665,0.15071],[115.78333,0.15071],[115.78333,0.1167],[115.74911,0.1167]]]}},{"type":"Feature","properties":{"nama_usaha":"GELINGGANG MANDIRI","badan_usaha":"PT","jenis_izin":"IUP","komoditas":"Batubara","kegiatan":"SANKSI (PENGHENTIAN SEMENTARA)","luas_ha":101.6,"kabupaten":"KOTA SAMARINDA","berlaku_hingga":2026},"geometry":{"type":"Polygon","coordinates":[[[117.19722,-0.60833],[117.19722,-0.6175],[117.19583,-0.6175],[117.19583,-0.625],[117.19167,-0.625],[117.19167,-0.60833],[117.19722,-0.60833]]]}},{"type":"Feature","properties":{"nama_usaha":"KARYA PUTRA BORNEO","badan_usaha":"PT","jenis_izin":"IUP","komoditas":"BATUBARA","kegiatan":"OPERASI PRODUKSI","luas_ha":914,"kabupaten":"KAB. KUTAI KARTANEGARA","berlaku_hingga":2033},"geometry":{"type":"Polygon","coordinates":[[[117.05231,-0.71261],[117.05231,-0.71667],[117.066,-0.71667],[117.066,-0.70203],[117.0705,-0.70203],[117.0705,-0.69503],[117.075,-0.69503],[117.075,-0.68806],[117.08045,-0.68806],[117.08045,-0.72506],[117.03753,-0.72506],[117.03753,-0.71261],[117.05231,-0.71261]]]}},{"type":"Feature","properties":{"nama_usaha":"KALTIM MINERAL","badan_usaha":"PT","jenis_izin":"IUP","komoditas":"Batubara","kegiatan":"OPERASI PRODUKSI","luas_ha":10000,"kabupaten":"KAB. KUTAI TIMUR","berlaku_hingga":2034},"geometry":{"type":"Polygon","coordinates":[[[116.61667,1.19167],[116.63333,1.19167],[116.63333,1.18333],[116.66667,1.18333],[116.66667,1.09167],[116.65833,1.09167],[116.65833,1.08543],[116.625,1.08543],[116.625,1.10417],[116.6,1.10417],[116.6,1.11667],[116.58333,1.11667],[116.58333,1.20833],[116.61667,1.20833],[116.61667,1.19167]]]}},{"type":"Feature","properties":{"nama_usaha":"KOMUNITAS BANGUN BERSAMA","badan_usaha":"PT","jenis_izin":"IUP","komoditas":"BATUBARA","kegiatan":"OPERASI PRODUKSI","luas_ha":1903,"kabupaten":"KAB. KUTAI KARTANEGARA","berlaku_hingga":2034},"geometry":{"type":"MultiPolygon","coordinates":[[[[117.08333,-0.66667],[117.11139,-0.66667],[117.11139,-0.68215],[117.10657,-0.68215],[117.10657,-0.70333],[117.10278,-0.70333],[117.10278,-0.71729],[117.09916,-0.71729],[117.09916,-0.72024],[117.09888,-0.71997],[117.09842,-0.71822],[117.09772,-0.7167],[117.09634,-0.71609],[117.0958,-0.71697],[117.0953,-0.71759],[117.0948,-0.71815],[117.09456,-0.71835],[117.09433,-0.71851],[117.0941,-0.71866],[117.09386,-0.71878],[117.09359,-0.71885],[117.0933,-0.71886],[117.09302,-0.71884],[117.09274,-0.71876],[117.09194,-0.71841],[117.09087,-0.71802],[117.09064,-0.71795],[117.09042,-0.71794],[117.0902,-0.71799],[117.09,-0.71811],[117.08964,-0.71845],[117.08947,-0.71866],[117.08934,-0.71892],[117.08924,-0.71921],[117.08899,-0.72014],[117.08873,-0.72093],[117.08868,-0.72118],[117.08868,-0.72142],[117.08873,-0.72185],[117.08872,-0.72207],[117.08863,-0.7223],[117.08845,-0.72251],[117.08819,-0.72272],[117.08789,-0.72292],[117.08754,-0.72309],[117.08717,-0.72321],[117.08678,-0.72329],[117.08642,-0.72333],[117.08612,-0.72335],[117.08583,-0.72333],[117.0847,-0.72333],[117.08414,-0.72337],[117.08389,-0.72341],[117.08369,-0.72346],[117.08354,-0.72354],[117.08333,-0.72373],[117.08333,-0.66667]]],[[[117.07456,-0.72506],[117.08118,-0.72506],[117.08113,-0.72509],[117.08104,-0.72521],[117.08096,-0.72536],[117.08087,-0.72572],[117.08079,-0.72655],[117.08073,-0.72694],[117.08068,-0.72712],[117.08061,-0.72728],[117.08052,-0.7274],[117.08012,-0.72775],[117.0797,-0.72814],[117.07956,-0.72824],[117.07942,-0.7283],[117.0793,-0.72833],[117.07917,-0.72833],[117.07905,-0.72833],[117.07875,-0.72834],[117.07832,-0.7284],[117.07781,-0.7285],[117.07575,-0.72906],[117.07512,-0.72925],[117.07456,-0.72947],[117.07456,-0.72506]]]]}},{"type":"Feature","properties":{"nama_usaha":"FAJAR SAKTI PRIMA","badan_usaha":"PT","jenis_izin":"IUP","komoditas":"BATUBARA","kegiatan":"OPERASI PRODUKSI","luas_ha":3775,"kabupaten":"KAB. KUTAI KARTANEGARA","berlaku_hingga":2035},"geometry":{"type":"Polygon","coordinates":[[[116.13306,0.57039],[116.13306,0.50228],[116.08564,0.50228],[116.08564,0.54717],[116.09061,0.54717],[116.09061,0.55758],[116.09544,0.55758],[116.09544,0.57039],[116.13306,0.57039]]]}},{"type":"Feature","properties":{"nama_usaha":"TEKNO ORBIT PERSADA","badan_usaha":"PT","jenis_izin":"IUP","komoditas":"BATUBARA","kegiatan":"OPERASI PRODUKSI","luas_ha":5000,"kabupaten":"KUTAI TIMUR","berlaku_hingga":2028},"geometry":{"type":"Polygon","coordinates":[[[116.78333,1.11667],[116.78333,1.09167],[116.825,1.09167],[116.825,1.04639],[116.81111,1.04639],[116.81111,1.05556],[116.79869,1.05556],[116.79869,1.06667],[116.78181,1.06667],[116.78181,1.05472],[116.81056,1.05472],[116.81056,1.03847],[116.8,1.03847],[116.8,1.03944],[116.77333,1.03944],[116.77333,1.05389],[116.75917,1.05389],[116.75917,1.06611],[116.77333,1.06611],[116.77333,1.08472],[116.75917,1.08472],[116.75917,1.0925],[116.73278,1.0925],[116.73278,1.09861],[116.725,1.09861],[116.725,1.11667],[116.78333,1.11667]]]}},{"type":"Feature","properties":{"nama_usaha":"TIWA ABADI","badan_usaha":"PT","jenis_izin":"IUP","komoditas":"BATUBARA","kegiatan":"OPERASI PRODUKSI","luas_ha":4996,"kabupaten":"KUTAI KARTANEGARA","berlaku_hingga":2038},"geometry":{"type":"Polygon","coordinates":[[[116.13332,0.5333],[116.1794,0.5333],[116.1794,0.43359],[116.1658,0.43359],[116.1658,0.45001],[116.13332,0.45001],[116.13332,0.5333]]]}},{"type":"Feature","properties":{"nama_usaha":"INSANI BARAPERKASA","badan_usaha":"PT","jenis_izin":"PKP2B","komoditas":"BATUBARA","kegiatan":"OPERASI PRODUKSI","luas_ha":430.1,"kabupaten":"KOTA SAMARINDA","berlaku_hingga":2036},"geometry":{"type":"Polygon","coordinates":[[[117.1299,-0.5709],[117.1299,-0.5958],[117.1092,-0.5958],[117.1092,-0.5872],[117.1159,-0.5872],[117.1159,-0.579],[117.1231,-0.579],[117.1231,-0.5709],[117.1299,-0.5709]]]}},{"type":"Feature","properties":{"nama_usaha":"LANNA HARITA INDONESIA","badan_usaha":"PT","jenis_izin":"PKP2B","komoditas":"BATUBARA","kegiatan":"OPERASI PRODUKSI","luas_ha":12343,"kabupaten":"KOTA SAMARINDA, KUTAI KARTANEGARA","berlaku_hingga":2031},"geometry":{"type":"Polygon","coordinates":[[[117.32358,-0.31667],[117.32358,-0.35286],[117.31458,-0.35286],[117.31458,-0.39811],[117.30561,-0.39811],[117.30561,-0.41619],[117.29661,-0.41619],[117.29661,-0.43333],[117.28333,-0.43333],[117.28333,-0.53748],[117.24167,-0.53748],[117.24167,-0.44717],[117.24167,-0.43333],[117.23369,-0.43333],[117.23369,-0.41619],[117.24269,-0.41619],[117.24269,-0.40853],[117.24269,-0.39811],[117.26064,-0.39811],[117.26065,-0.39811],[117.26065,-0.38906],[117.26964,-0.38906],[117.26964,-0.37097],[117.27864,-0.37097],[117.27864,-0.35907],[117.27864,-0.33478],[117.28761,-0.33478],[117.28761,-0.32122],[117.28761,-0.31667],[117.28909,-0.31667],[117.28936,-0.31699],[117.28954,-0.31721],[117.28977,-0.31757],[117.29023,-0.31831],[117.29049,-0.31864],[117.29069,-0.31883],[117.29112,-0.31917],[117.29135,-0.31931],[117.29174,-0.31946],[117.29216,-0.31955],[117.29259,-0.31959],[117.29302,-0.31959],[117.29404,-0.3195],[117.2945,-0.31947],[117.29496,-0.31947],[117.29597,-0.3195],[117.29626,-0.31949],[117.29655,-0.31947],[117.29771,-0.31933],[117.29831,-0.31929],[117.29893,-0.31927],[117.29957,-0.31928],[117.30021,-0.31931],[117.30083,-0.31937],[117.30142,-0.31948],[117.30197,-0.31964],[117.30226,-0.31976],[117.30281,-0.32005],[117.30307,-0.3202],[117.30332,-0.32037],[117.30384,-0.32078],[117.30438,-0.32128],[117.30502,-0.32194],[117.30538,-0.32233],[117.30569,-0.32274],[117.30596,-0.32317],[117.30618,-0.32358],[117.30637,-0.32397],[117.30657,-0.32447],[117.30665,-0.32473],[117.30668,-0.32492],[117.30667,-0.325],[117.30788,-0.325],[117.30835,-0.32503],[117.30855,-0.32506],[117.30885,-0.32515],[117.30897,-0.32523],[117.30906,-0.32531],[117.30928,-0.32558],[117.30937,-0.32566],[117.30949,-0.32572],[117.30962,-0.32576],[117.30992,-0.3258],[117.31023,-0.32578],[117.3105,-0.32571],[117.31062,-0.32565],[117.31071,-0.32557],[117.31094,-0.32529],[117.31103,-0.32522],[117.31115,-0.32514],[117.31147,-0.32505],[117.31182,-0.32501],[117.3124,-0.32499],[117.315,-0.325],[117.31499,-0.32565],[117.315,-0.32573],[117.31503,-0.3258],[117.3151,-0.32583],[117.31519,-0.32584],[117.31583,-0.32583],[117.31586,-0.32572],[117.31619,-0.32509],[117.31632,-0.32478],[117.31643,-0.32441],[117.31653,-0.32401],[117.31679,-0.32252],[117.31686,-0.32222],[117.31695,-0.32194],[117.31721,-0.32137],[117.3173,-0.32108],[117.31741,-0.32043],[117.31756,-0.31905],[117.31762,-0.31873],[117.31769,-0.31842],[117.31779,-0.31814],[117.31792,-0.3179],[117.31807,-0.31772],[117.31858,-0.31728],[117.31872,-0.31712],[117.31882,-0.31693],[117.31888,-0.31672],[117.31888,-0.31667],[117.32358,-0.31667]]]}},{"type":"Feature","properties":{"nama_usaha":"KARTIKA SELABUMI MINING","badan_usaha":"PT","jenis_izin":"PKP2B","komoditas":"BATUBARA","kegiatan":"OPERASI PRODUKSI","luas_ha":15000,"kabupaten":"KUTAI KARTANEGARA","berlaku_hingga":2033},"geometry":{"type":"Polygon","coordinates":[[[116.62453,-0.44264],[116.62453,-0.50022],[116.63994,-0.50022],[116.63994,-0.49759],[116.64519,-0.49759],[116.64519,-0.49058],[116.66528,-0.49058],[116.66528,-0.50444],[116.66678,-0.50444],[116.66678,-0.53355],[116.66465,-0.53355],[116.66452,-0.54056],[116.6657,-0.54056],[116.6657,-0.53555],[116.66823,-0.53555],[116.66823,-0.53046],[116.67158,-0.53046],[116.67158,-0.52581],[116.67647,-0.52581],[116.67647,-0.52333],[116.67954,-0.52333],[116.67954,-0.51569],[116.67954,-0.51569],[116.68708,-0.51569],[116.68708,-0.50444],[116.68708,-0.50444],[116.70378,-0.50444],[116.70377,-0.51598],[116.69561,-0.51597],[116.69561,-0.53022],[116.68947,-0.53022],[116.68947,-0.54353],[116.68228,-0.54353],[116.68228,-0.55786],[116.67253,-0.55786],[116.67253,-0.5725],[116.66353,-0.5725],[116.66353,-0.59833],[116.65583,-0.59833],[116.65583,-0.61136],[116.64303,-0.61136],[116.64303,-0.62428],[116.6175,-0.62428],[116.6175,-0.63869],[116.59939,-0.63869],[116.59939,-0.64517],[116.5815,-0.64517],[116.5815,-0.65231],[116.57569,-0.65231],[116.57569,-0.65583],[116.56611,-0.65583],[116.56611,-0.65837],[116.56278,-0.65837],[116.56278,-0.66072],[116.56064,-0.66072],[116.56064,-0.66281],[116.53545,-0.66281],[116.53544,-0.67636],[116.50939,-0.67636],[116.50939,-0.66281],[116.50346,-0.66281],[116.50346,-0.65367],[116.49839,-0.65367],[116.49839,-0.6236],[116.54103,-0.62361],[116.54103,-0.63191],[116.59005,-0.63191],[116.59005,-0.61694],[116.59691,-0.61694],[116.59692,-0.60941],[116.60378,-0.60941],[116.60378,-0.60473],[116.60979,-0.60473],[116.60979,-0.60006],[116.62214,-0.60006],[116.62214,-0.59494],[116.62658,-0.59494],[116.62658,-0.58931],[116.63558,-0.58931],[116.63558,-0.57872],[116.64619,-0.57872],[116.64619,-0.56572],[116.65225,-0.56572],[116.65225,-0.55596],[116.6553,-0.55596],[116.6553,-0.55102],[116.6582,-0.55102],[116.6582,-0.54789],[116.6606,-0.54789],[116.6606,-0.54307],[116.65225,-0.54307],[116.65225,-0.5462],[116.60656,-0.54619],[116.60656,-0.51484],[116.60953,-0.51484],[116.60953,-0.50539],[116.62089,-0.50539],[116.62089,-0.44464],[116.612,-0.44464],[116.612,-0.43069],[116.60167,-0.43069],[116.60167,-0.44244],[116.59775,-0.44244],[116.59775,-0.47086],[116.59,-0.47086],[116.59,-0.42119],[116.59389,-0.42119],[116.59389,-0.41403],[116.59806,-0.41403],[116.59806,-0.40381],[116.60342,-0.40381],[116.60342,-0.39658],[116.60744,-0.39658],[116.60744,-0.3925],[116.61564,-0.3925],[116.61564,-0.40775],[116.62622,-0.40775],[116.62622,-0.38967],[116.61769,-0.38967],[116.61769,-0.37306],[116.6235,-0.37306],[116.6235,-0.36694],[116.62883,-0.36694],[116.62883,-0.36006],[116.63767,-0.36006],[116.63767,-0.35664],[116.64728,-0.35664],[116.64728,-0.36739],[116.64264,-0.36739],[116.64264,-0.37042],[116.63922,-0.37042],[116.63922,-0.37394],[116.6355,-0.37394],[116.6355,-0.37906],[116.62881,-0.37906],[116.62881,-0.40236],[116.63458,-0.40236],[116.63458,-0.41047],[116.63106,-0.41047],[116.63106,-0.41494],[116.62722,-0.41494],[116.62722,-0.41925],[116.62497,-0.41925],[116.62497,-0.42883],[116.62125,-0.42883],[116.62125,-0.44264],[116.62453,-0.44264]]]}},{"type":"Feature","properties":{"nama_usaha":"PRATAMA BERSAMA","badan_usaha":"PT","jenis_izin":"IUP","komoditas":"BATUBARA","kegiatan":"OPERASI PRODUKSI","luas_ha":4210,"kabupaten":"KUTAI BARAT","berlaku_hingga":2032},"geometry":{"type":"Polygon","coordinates":[[[115.87227,-0.39987],[115.87227,-0.41675],[115.9,-0.41675],[115.9,-0.43308],[115.92533,-0.43308],[115.92533,-0.40672],[115.93611,-0.40672],[115.93611,-0.4462],[115.83302,-0.4462],[115.83302,-0.39987],[115.87227,-0.39987]]]}},{"type":"Feature","properties":{"nama_usaha":"LANNA HARITA INDONESIA","badan_usaha":"PT","jenis_izin":"PKP2B","komoditas":"BATUBARA","kegiatan":"OPERASI PRODUKSI","luas_ha":5148,"kabupaten":"KOTA SAMARINDA, KUTAI KARTANEGARA","berlaku_hingga":2031},"geometry":{"type":"MultiPolygon","coordinates":[[[[117.28761,-0.31667],[117.28761,-0.32122],[117.26936,-0.32122],[117.26936,-0.28739],[117.2734,-0.28739],[117.27369,-0.28745],[117.27467,-0.28761],[117.27529,-0.28774],[117.27557,-0.28783],[117.27613,-0.28808],[117.27639,-0.28816],[117.27666,-0.2882],[117.27694,-0.28821],[117.27721,-0.2882],[117.27748,-0.28816],[117.27773,-0.28808],[117.27794,-0.28796],[117.2781,-0.2878],[117.27824,-0.28761],[117.27839,-0.28739],[117.28147,-0.28739],[117.28147,-0.28583],[117.28194,-0.28581],[117.28333,-0.28583],[117.28333,-0.28648],[117.28334,-0.28657],[117.28336,-0.28664],[117.28344,-0.28666],[117.28353,-0.28667],[117.28417,-0.28667],[117.28413,-0.2868],[117.28384,-0.28735],[117.28379,-0.28754],[117.28376,-0.28775],[117.28377,-0.28796],[117.28381,-0.28817],[117.28401,-0.28891],[117.28407,-0.28922],[117.28414,-0.2899],[117.28423,-0.29096],[117.28433,-0.29163],[117.28439,-0.29194],[117.28448,-0.29222],[117.28472,-0.29275],[117.28477,-0.29298],[117.2848,-0.29321],[117.28479,-0.29345],[117.28475,-0.29368],[117.28467,-0.29389],[117.28458,-0.29405],[117.28403,-0.29484],[117.2838,-0.29515],[117.28369,-0.29532],[117.28357,-0.29558],[117.28349,-0.29586],[117.28342,-0.29617],[117.28322,-0.29746],[117.28314,-0.29776],[117.28301,-0.29806],[117.28288,-0.29827],[117.28226,-0.29912],[117.28175,-0.29976],[117.28169,-0.29987],[117.28166,-0.29995],[117.28167,-0.3],[117.28161,-0.29998],[117.28152,-0.30001],[117.28142,-0.30008],[117.28128,-0.30027],[117.28117,-0.30054],[117.28107,-0.30088],[117.281,-0.30126],[117.28096,-0.30167],[117.28096,-0.30207],[117.28099,-0.30245],[117.28105,-0.30277],[117.28115,-0.30305],[117.28143,-0.30362],[117.28152,-0.30389],[117.28158,-0.30419],[117.28163,-0.3045],[117.28168,-0.30517],[117.28169,-0.3062],[117.28166,-0.30687],[117.28156,-0.30749],[117.28149,-0.30778],[117.28138,-0.30803],[117.28127,-0.3082],[117.28065,-0.30898],[117.28022,-0.30939],[117.28009,-0.30954],[117.27958,-0.31015],[117.27947,-0.31031],[117.27935,-0.31057],[117.27927,-0.31085],[117.27922,-0.31116],[117.27919,-0.31149],[117.2792,-0.31188],[117.27925,-0.31229],[117.27933,-0.31269],[117.27945,-0.31307],[117.27959,-0.3134],[117.27991,-0.31393],[117.27997,-0.31405],[117.28001,-0.31413],[117.28,-0.31417],[117.2825,-0.31417],[117.28249,-0.31422],[117.28255,-0.31429],[117.28275,-0.31442],[117.28307,-0.31455],[117.28349,-0.31469],[117.28468,-0.31508],[117.28525,-0.31523],[117.28584,-0.31535],[117.28753,-0.31562],[117.28778,-0.31569],[117.288,-0.31578],[117.28821,-0.3159],[117.28862,-0.3162],[117.28882,-0.31637],[117.28901,-0.31657],[117.28909,-0.31667],[117.28761,-0.31667]]],[[[117.32358,-0.31667],[117.31888,-0.31667],[117.3189,-0.3165],[117.3189,-0.31628],[117.31886,-0.31607],[117.31867,-0.31557],[117.31862,-0.31536],[117.31859,-0.31512],[117.31858,-0.31489],[117.31861,-0.31465],[117.31866,-0.31443],[117.31873,-0.31425],[117.31894,-0.31385],[117.31946,-0.31266],[117.31961,-0.31239],[117.31992,-0.3119],[117.31998,-0.31179],[117.32001,-0.31171],[117.32,-0.31167],[117.32011,-0.31174],[117.32035,-0.31181],[117.32068,-0.31182],[117.32107,-0.31174],[117.3215,-0.31158],[117.32192,-0.31133],[117.32229,-0.31099],[117.32259,-0.31058],[117.32287,-0.3101],[117.32314,-0.30957],[117.32336,-0.30901],[117.32353,-0.30845],[117.32358,-0.30827],[117.32358,-0.31667]]],[[[117.33251,-0.3076],[117.32378,-0.3076],[117.32385,-0.30736],[117.32398,-0.30681],[117.32407,-0.30627],[117.32413,-0.30575],[117.32411,-0.30522],[117.32402,-0.30469],[117.32377,-0.30356],[117.32365,-0.30283],[117.32358,-0.30204],[117.32356,-0.30123],[117.32358,-0.30042],[117.32365,-0.29963],[117.32377,-0.29888],[117.32406,-0.29769],[117.32436,-0.2966],[117.32448,-0.29608],[117.32457,-0.29558],[117.3247,-0.29507],[117.32504,-0.294],[117.32563,-0.29228],[117.32601,-0.29104],[117.32621,-0.29042],[117.32675,-0.28847],[117.32695,-0.28784],[117.32723,-0.28724],[117.32764,-0.2867],[117.3282,-0.28625],[117.32886,-0.28588],[117.32956,-0.28558],[117.33025,-0.28532],[117.33089,-0.2851],[117.33147,-0.28496],[117.33195,-0.28487],[117.33229,-0.28485],[117.33248,-0.2849],[117.3325,-0.285],[117.33251,-0.285],[117.33251,-0.3076]]],[[[117.32353,-0.43333],[117.29661,-0.43333],[117.29661,-0.41619],[117.30561,-0.41619],[117.30561,-0.39811],[117.31458,-0.39811],[117.31458,-0.35286],[117.32353,-0.35286],[117.32353,-0.43333]]]]}},{"type":"Feature","properties":{"nama_usaha":"INSANI BARAPERKASA","badan_usaha":"PT","jenis_izin":"PKP2B","komoditas":"BATUBARA","kegiatan":"OPERASI PRODUKSI","luas_ha":7019,"kabupaten":"KUTAI KARTANEGARA","berlaku_hingga":2036},"geometry":{"type":"Polygon","coordinates":[[[117.15,-0.25],[117.15833,-0.25],[117.15833,-0.21667],[117.16667,-0.21667],[117.16667,-0.2],[117.175,-0.2],[117.175,-0.19167],[117.18333,-0.19167],[117.18333,-0.15833],[117.19167,-0.15833],[117.19167,-0.14167],[117.21667,-0.14167],[117.21667,-0.16667],[117.20833,-0.16667],[117.20833,-0.25833],[117.2,-0.25833],[117.2,-0.30833],[117.15833,-0.30833],[117.15833,-0.28333],[117.16667,-0.28333],[117.16667,-0.25],[117.175,-0.25],[117.175,-0.23333],[117.18333,-0.23333],[117.18333,-0.2],[117.19167,-0.2],[117.19167,-0.18333],[117.2,-0.18333],[117.2,-0.15833],[117.19583,-0.15833],[117.19583,-0.16667],[117.19167,-0.16667],[117.19167,-0.17917],[117.1875,-0.17917],[117.1875,-0.19583],[117.17917,-0.19583],[117.17917,-0.20833],[117.175,-0.20833],[117.175,-0.225],[117.17083,-0.225],[117.17083,-0.23333],[117.16667,-0.23333],[117.16667,-0.24167],[117.1625,-0.24167],[117.1625,-0.25833],[117.15833,-0.25833],[117.15833,-0.275],[117.15,-0.275],[117.15,-0.25]]]}},{"type":"Feature","properties":{"nama_usaha":"INSANI BARAPERKASA","badan_usaha":"PT","jenis_izin":"PKP2B","komoditas":"BATUBARA","kegiatan":"OPERASI PRODUKSI","luas_ha":2919,"kabupaten":"KUTAI KARTANEGARA","berlaku_hingga":2036},"geometry":{"type":"MultiPolygon","coordinates":[[[[117.24167,-0.21667],[117.24999,-0.21667],[117.24976,-0.21716],[117.24946,-0.21765],[117.24934,-0.2179],[117.24905,-0.21869],[117.2488,-0.21926],[117.24866,-0.21963],[117.24855,-0.22005],[117.24848,-0.22051],[117.2484,-0.22141],[117.2484,-0.2224],[117.24872,-0.224],[117.24872,-0.22503],[117.24804,-0.22606],[117.24735,-0.22657],[117.24583,-0.2275],[117.24583,-0.23333],[117.24584,-0.23341],[117.24582,-0.23359],[117.24577,-0.23385],[117.24568,-0.23416],[117.24541,-0.23487],[117.24527,-0.23527],[117.24482,-0.2369],[117.2447,-0.2372],[117.24444,-0.23777],[117.24433,-0.23808],[117.24399,-0.2394],[117.24388,-0.23971],[117.24364,-0.24031],[117.24354,-0.24067],[117.24346,-0.24105],[117.2434,-0.24146],[117.24321,-0.24312],[117.24313,-0.2435],[117.24303,-0.24386],[117.24279,-0.24445],[117.24268,-0.24477],[117.24233,-0.24608],[117.24221,-0.24638],[117.24192,-0.24692],[117.2418,-0.24721],[117.24167,-0.24753],[117.24167,-0.21667]]],[[[117.25833,-0.28333],[117.24167,-0.28333],[117.24167,-0.3],[117.225,-0.3],[117.225,-0.25833],[117.24167,-0.25833],[117.24167,-0.25263],[117.24168,-0.25264],[117.24216,-0.253],[117.24271,-0.25336],[117.24331,-0.25369],[117.24397,-0.25397],[117.24464,-0.25418],[117.2459,-0.25451],[117.24645,-0.2547],[117.24692,-0.25496],[117.24734,-0.2553],[117.24771,-0.25572],[117.24802,-0.2562],[117.24829,-0.25675],[117.2488,-0.25788],[117.24908,-0.25843],[117.24934,-0.25901],[117.24959,-0.25974],[117.24978,-0.26052],[117.25014,-0.26212],[117.25035,-0.26289],[117.25061,-0.2636],[117.2509,-0.26415],[117.25122,-0.26466],[117.25157,-0.26513],[117.25195,-0.26557],[117.25235,-0.26598],[117.25277,-0.26635],[117.25321,-0.26668],[117.25367,-0.26697],[117.25416,-0.2672],[117.25466,-0.26737],[117.25516,-0.26749],[117.25567,-0.26754],[117.25618,-0.2675],[117.25672,-0.26744],[117.25781,-0.26727],[117.25833,-0.26722],[117.25833,-0.28333]]]]}},{"type":"Feature","properties":{"nama_usaha":"INSANI BARAPERKASA","badan_usaha":"PT","jenis_izin":"PKP2B","komoditas":"BATUBARA","kegiatan":"OPERASI PRODUKSI","luas_ha":2147,"kabupaten":"KUTAI KARTANEGARA","berlaku_hingga":2036},"geometry":{"type":"MultiPolygon","coordinates":[[[[117.22083,-0.10833],[117.21667,-0.10833],[117.21667,-0.09203],[117.21714,-0.0923],[117.21742,-0.09243],[117.21773,-0.09253],[117.21805,-0.0926],[117.21838,-0.09264],[117.21872,-0.09265],[117.22062,-0.09268],[117.22083,-0.09269],[117.22083,-0.10833]]],[[[117.22917,-0.09167],[117.22317,-0.09167],[117.22322,-0.09159],[117.22338,-0.09118],[117.22389,-0.08972],[117.22402,-0.08929],[117.22435,-0.08791],[117.22448,-0.08747],[117.22464,-0.08706],[117.22478,-0.0868],[117.2251,-0.08632],[117.22527,-0.08609],[117.22613,-0.08513],[117.22652,-0.08472],[117.22727,-0.08387],[117.22779,-0.0832],[117.22811,-0.08288],[117.22854,-0.08259],[117.22905,-0.08232],[117.22917,-0.08227],[117.22917,-0.09167]]],[[[117.24583,-0.1],[117.24583,-0.09333],[117.24612,-0.09354],[117.24657,-0.09396],[117.24689,-0.09431],[117.24715,-0.09468],[117.24762,-0.09542],[117.24792,-0.09579],[117.24825,-0.09616],[117.24899,-0.09687],[117.24936,-0.09726],[117.24972,-0.09765],[117.25006,-0.09806],[117.25026,-0.09833],[117.25045,-0.09863],[117.25072,-0.09927],[117.2509,-0.09999],[117.2509,-0.1],[117.24583,-0.1]]]]}},{"type":"Feature","properties":{"nama_usaha":"PARI COAL","badan_usaha":"PT","jenis_izin":"PKP2B","komoditas":"BATUBARA","kegiatan":"OPERASI PRODUKSI","luas_ha":24971,"kabupaten":"KAB. MAHAKAM ULU","berlaku_hingga":2054},"geometry":{"type":"MultiPolygon","coordinates":[[[[115.14167,0],[115.17444,0],[115.17444,-0.02167],[115.165,-0.02167],[115.165,-0.03333],[115.18333,-0.03333],[115.18333,-0.055],[115.17528,-0.055],[115.17528,-0.06306],[115.17028,-0.06306],[115.17028,-0.06806],[115.165,-0.06806],[115.165,-0.07639],[115.16167,-0.07639],[115.16167,-0.08083],[115.155,-0.08083],[115.155,-0.08694],[115.14972,-0.08694],[115.14972,-0.09056],[115.14444,-0.09056],[115.14444,-0.09444],[115.13944,-0.09444],[115.13944,-0.1],[115.13333,-0.1],[115.13333,-0.11667],[115.1,-0.11667],[115.1,-0.13139],[115.09417,-0.13139],[115.09417,-0.13389],[115.08333,-0.13389],[115.08333,-0.135],[115.07333,-0.135],[115.07333,-0.14028],[115.06444,-0.14028],[115.06444,-0.15],[115.01667,-0.15],[115.01667,-0.08333],[115.04167,-0.08333],[115.04167,-0.05833],[115.05,-0.05833],[115.05,-0.05],[115.075,-0.05],[115.075,-0.03333],[115.06667,-0.03333],[115.06667,-0.025],[115.04167,-0.025],[115.04167,0],[115.05722,0],[115.05722,0.00639],[115.05917,0.00639],[115.05917,0.01],[115.06139,0.01],[115.06139,0.01278],[115.06889,0.01278],[115.06889,0.0225],[115.0725,0.0225],[115.0725,0.03361],[115.08333,0.03361],[115.08333,0.03528],[115.08667,0.03528],[115.08667,0.04167],[115.09167,0.04167],[115.09167,0.05],[115.14167,0.05],[115.14167,0]]],[[[114.91667,-0.01667],[114.91667,0.01278],[114.93028,0.01278],[114.93028,-0.01667],[114.91667,-0.01667]]]]}},{"type":"Feature","properties":{"nama_usaha":"GUNUNGBAYAN PRATAMACOAL","badan_usaha":"PT","jenis_izin":"PKP2B","komoditas":"BATUBARA","kegiatan":"OPERASI PRODUKSI","luas_ha":20275,"kabupaten":"KUTAI KARTANEGARA","berlaku_hingga":2029},"geometry":{"type":"MultiPolygon","coordinates":[[[[115.93667,-0.61083],[115.93361,-0.61083],[115.93361,-0.60139],[115.93139,-0.60139],[115.93139,-0.59694],[115.92917,-0.59694],[115.92694,-0.59694],[115.92694,-0.59694],[115.92694,-0.58361],[115.92556,-0.58361],[115.92556,-0.58361],[115.91119,-0.58361],[115.91119,-0.56722],[115.92417,-0.56722],[115.92417,-0.5575],[115.92028,-0.5575],[115.92028,-0.53889],[115.93083,-0.53889],[115.93083,-0.53886],[115.93096,-0.53886],[115.93096,-0.52333],[115.94222,-0.52333],[115.94222,-0.51528],[115.94778,-0.51528],[115.94778,-0.51083],[115.95758,-0.51083],[115.96194,-0.51083],[115.96194,-0.48889],[115.96528,-0.48889],[115.96528,-0.47944],[116.015,-0.47944],[116.015,-0.51083],[116.02047,-0.51083],[116.03306,-0.51083],[116.03306,-0.54783],[116.03306,-0.54783],[116.03111,-0.54783],[116.02866,-0.54783],[116.02866,-0.57429],[116.03039,-0.57429],[116.03039,-0.58167],[116.02722,-0.58167],[116.02044,-0.58167],[116.02044,-0.58079],[115.96804,-0.58079],[115.96804,-0.57378],[115.96216,-0.57378],[115.96216,-0.57652],[115.95397,-0.57652],[115.95397,-0.58326],[115.94961,-0.58326],[115.94961,-0.61722],[115.93667,-0.61722],[115.93667,-0.61083]]],[[[116.59,-0.58278],[116.57583,-0.58278],[116.57583,-0.59639],[116.56694,-0.59639],[116.56694,-0.60722],[116.55056,-0.60722],[116.55056,-0.6225],[116.50628,-0.6225],[116.50628,-0.57278],[116.52806,-0.57278],[116.53333,-0.57278],[116.53333,-0.58269],[116.55056,-0.58269],[116.55056,-0.57278],[116.56694,-0.57278],[116.56694,-0.56122],[116.59,-0.56122],[116.59,-0.58278]]],[[[116.45611,-0.49806],[116.45611,-0.44476],[116.47211,-0.44476],[116.47211,-0.45655],[116.4686,-0.45655],[116.4686,-0.49484],[116.4686,-0.49806],[116.45611,-0.49806]]],[[[116.55409,-0.44476],[116.53333,-0.44476],[116.53333,-0.45056],[116.52237,-0.45056],[116.52237,-0.47489],[116.53333,-0.47489],[116.53333,-0.51167],[116.52806,-0.51167],[116.49194,-0.51167],[116.49194,-0.49806],[116.49194,-0.49484],[116.49194,-0.48194],[116.50554,-0.48194],[116.50554,-0.44476],[116.52807,-0.44476],[116.52807,-0.41111],[116.53333,-0.41111],[116.53333,-0.415],[116.54028,-0.415],[116.54028,-0.41111],[116.55409,-0.41111],[116.55409,-0.44476]]]]}},{"type":"Feature","properties":{"nama_usaha":"BARAMULTI SUKSESSARANA","badan_usaha":"PT","jenis_izin":"IUP","komoditas":"Batubara","kegiatan":"OPERASI PRODUKSI","luas_ha":2472.4,"kabupaten":"KAB. KUTAI KARTANEGARA","berlaku_hingga":2027},"geometry":{"type":"Polygon","coordinates":[[[117.04826,-0.75977],[117.04826,-0.75888],[117.04718,-0.75888],[117.04718,-0.75729],[117.04598,-0.75729],[117.04598,-0.75714],[117.04494,-0.75714],[117.04494,-0.75793],[117.04359,-0.75793],[117.04359,-0.75803],[117.04308,-0.75803],[117.04308,-0.75818],[117.04174,-0.75818],[117.04174,-0.7527],[117.02598,-0.7527],[117.02598,-0.72563],[117.07456,-0.72563],[117.07456,-0.72947],[117.07456,-0.72947],[117.07424,-0.72963],[117.07361,-0.73],[117.07327,-0.73022],[117.07297,-0.73047],[117.0727,-0.73075],[117.0722,-0.73137],[117.07142,-0.73225],[117.0706,-0.73311],[117.06976,-0.73393],[117.06911,-0.73453],[117.06889,-0.73473],[117.06827,-0.73523],[117.06798,-0.7355],[117.06772,-0.73579],[117.06723,-0.73642],[117.06644,-0.7373],[117.06557,-0.73811],[117.06509,-0.73846],[117.06484,-0.73862],[117.06457,-0.73876],[117.06416,-0.73891],[117.0637,-0.73902],[117.06322,-0.73907],[117.06267,-0.73907],[117.06208,-0.739],[117.06147,-0.73886],[117.06089,-0.73866],[117.06014,-0.73831],[117.05892,-0.73766],[117.05863,-0.73754],[117.05843,-0.73748],[117.05833,-0.7375],[117.05798,-0.73749],[117.05775,-0.73751],[117.05752,-0.73755],[117.05728,-0.73761],[117.05707,-0.73772],[117.0569,-0.73786],[117.05677,-0.73804],[117.05669,-0.73823],[117.0565,-0.73877],[117.05642,-0.73892],[117.05614,-0.73926],[117.05605,-0.73939],[117.05598,-0.73955],[117.05593,-0.73974],[117.05587,-0.74016],[117.05581,-0.74129],[117.05577,-0.74173],[117.05569,-0.74212],[117.05562,-0.74228],[117.05553,-0.74241],[117.05525,-0.74275],[117.05517,-0.7429],[117.05493,-0.74362],[117.05485,-0.74378],[117.05475,-0.74392],[117.05461,-0.74404],[117.05442,-0.74414],[117.05378,-0.74443],[117.05359,-0.74454],[117.05345,-0.74466],[117.05338,-0.74477],[117.05333,-0.74487],[117.05332,-0.74495],[117.05333,-0.745],[117.05335,-0.74649],[117.05332,-0.7469],[117.05327,-0.74714],[117.05323,-0.74725],[117.05317,-0.74733],[117.05309,-0.7474],[117.05282,-0.74754],[117.05266,-0.74766],[117.0526,-0.74775],[117.05256,-0.74786],[117.05251,-0.74811],[117.05249,-0.74883],[117.0525,-0.75167],[117.0524,-0.7517],[117.05226,-0.75198],[117.05171,-0.75383],[117.05088,-0.75626],[117.05058,-0.75703],[117.05025,-0.7577],[117.04993,-0.75827],[117.0496,-0.75875],[117.04923,-0.75917],[117.04884,-0.75954],[117.04852,-0.75977],[117.04826,-0.75977]]]}},{"type":"Feature","properties":{"nama_usaha":"JEMBAYAN MUARABARA","badan_usaha":"PT","jenis_izin":"IUP","komoditas":"BATUBARA","kegiatan":"OPERASI PRODUKSI","luas_ha":6959,"kabupaten":"KUTAI KARTANEGARA","berlaku_hingga":2027},"geometry":{"type":"Polygon","coordinates":[[[117.26667,-0.1375],[117.21667,-0.1375],[117.21667,-0.14167],[117.19167,-0.14167],[117.19167,-0.15833],[117.18333,-0.15833],[117.18333,-0.16389],[117.14167,-0.16389],[117.14167,-0.16778],[117.11667,-0.16778],[117.11667,-0.16667],[117.125,-0.16667],[117.125,-0.14167],[117.13333,-0.14167],[117.13333,-0.125],[117.14167,-0.125],[117.14167,-0.11944],[117.21667,-0.11944],[117.21667,-0.125],[117.225,-0.125],[117.225,-0.11667],[117.23333,-0.11667],[117.23333,-0.1],[117.2509,-0.1],[117.25099,-0.10067],[117.25098,-0.10137],[117.25088,-0.10207],[117.2507,-0.10272],[117.25008,-0.1045],[117.25,-0.10484],[117.25,-0.105],[117.2518,-0.105],[117.25179,-0.10544],[117.25182,-0.10605],[117.25186,-0.10639],[117.25192,-0.10673],[117.25202,-0.10703],[117.25213,-0.10726],[117.25226,-0.10745],[117.25275,-0.10807],[117.25317,-0.10846],[117.25354,-0.10885],[117.25368,-0.10895],[117.25389,-0.10905],[117.25413,-0.10912],[117.25439,-0.10916],[117.25467,-0.10919],[117.25523,-0.10919],[117.25579,-0.10914],[117.25605,-0.10909],[117.25629,-0.10902],[117.25651,-0.10892],[117.2571,-0.10849],[117.2573,-0.1084],[117.25753,-0.10833],[117.25777,-0.10829],[117.25801,-0.10827],[117.25826,-0.10828],[117.2585,-0.1083],[117.25872,-0.10836],[117.25892,-0.10845],[117.25906,-0.10855],[117.25949,-0.10897],[117.26043,-0.10976],[117.26059,-0.10988],[117.26074,-0.10996],[117.26086,-0.11],[117.26095,-0.11001],[117.261,-0.11],[117.26101,-0.11005],[117.26108,-0.11015],[117.26161,-0.11065],[117.26182,-0.1109],[117.26205,-0.11128],[117.26225,-0.11173],[117.26241,-0.11222],[117.26274,-0.11357],[117.26286,-0.11394],[117.26311,-0.11449],[117.26352,-0.11552],[117.26369,-0.11583],[117.26391,-0.11609],[117.26415,-0.11628],[117.26443,-0.11644],[117.26532,-0.11685],[117.26558,-0.11702],[117.2658,-0.1172],[117.2662,-0.1176],[117.26637,-0.11783],[117.26653,-0.1181],[117.26667,-0.11844],[117.26667,-0.1375]]]}},{"type":"Feature","properties":{"nama_usaha":"MAHAKAM MULTI LESTARI","badan_usaha":"PT","jenis_izin":"IUP","komoditas":"BATUBARA","kegiatan":"OPERASI PRODUKSI","luas_ha":1820,"kabupaten":"KAB. KUTAI BARAT","berlaku_hingga":2033},"geometry":{"type":"Polygon","coordinates":[[[115.81925,-0.08369],[115.81925,-0.09286],[115.82493,-0.09286],[115.82493,-0.10206],[115.83144,-0.10206],[115.83144,-0.11309],[115.83881,-0.11309],[115.83881,-0.13718],[115.82392,-0.13718],[115.82392,-0.1072],[115.797,-0.1072],[115.797,-0.0938],[115.7822,-0.0938],[115.7822,-0.08369],[115.81925,-0.08369]]]}},{"type":"Feature","properties":{"nama_usaha":"HARINDO WAHANA","badan_usaha":"PT","jenis_izin":"IUP","komoditas":"BATUBARA","kegiatan":"OPERASI PRODUKSI","luas_ha":5101,"kabupaten":"KAB. KUTAI BARAT","berlaku_hingga":2032},"geometry":{"type":"Polygon","coordinates":[[[115.4931,-0.0589],[115.4931,-0.0858],[115.526,-0.0858],[115.526,-0.0781],[115.5347,-0.0781],[115.5347,-0.0755],[115.5445,-0.0755],[115.5445,-0.0602],[115.5533,-0.0602],[115.5533,-0.0789],[115.5519,-0.0789],[115.5519,-0.0917],[115.5669,-0.0917],[115.5669,-0.1092],[115.5432,-0.1092],[115.5432,-0.1025],[115.5245,-0.1025],[115.5245,-0.1089],[115.5085,-0.1089],[115.5085,-0.1217],[115.4603,-0.1217],[115.4603,-0.0589],[115.4931,-0.0589]]]}},{"type":"Feature","properties":{"nama_usaha":"BUMI ENGGANG KHATULISTIWA","badan_usaha":"PT","jenis_izin":"IUP","komoditas":"BATUBARA","kegiatan":"OPERASI PRODUKSI","luas_ha":4570,"kabupaten":"KUTAI BARAT","berlaku_hingga":2031},"geometry":{"type":"Polygon","coordinates":[[[115.6161,0.0131],[115.6164,-0.0133],[115.6044,-0.0133],[115.6044,-0.0244],[115.5956,-0.0244],[115.5956,-0.0508],[115.6019,-0.0508],[115.6019,-0.0561],[115.6194,-0.0561],[115.6194,-0.0814],[115.5561,-0.0814],[115.5561,-0.061],[115.5739,-0.0609],[115.5739,0.0131],[115.6161,0.0131]]]}},{"type":"Feature","properties":{"nama_usaha":"FARHAN FADILLAH LESTARI","badan_usaha":"PT","jenis_izin":"IUP","komoditas":"BATUBARA","kegiatan":"OPERASI PRODUKSI","luas_ha":1000,"kabupaten":"KUTAI BARAT","berlaku_hingga":2031},"geometry":{"type":"Polygon","coordinates":[[[115.526,-0.059],[115.526,-0.0858],[115.4931,-0.0858],[115.4931,-0.059],[115.526,-0.059]]]}},{"type":"Feature","properties":{"nama_usaha":"MAHAKAM SUMBER JAYA","badan_usaha":"PT","jenis_izin":"PKP2B","komoditas":"BATUBARA","kegiatan":"OPERASI PRODUKSI","luas_ha":20380,"kabupaten":"KOTA SAMARINDA, KUTAI KARTANEGARA","berlaku_hingga":2034},"geometry":{"type":"Polygon","coordinates":[[[117.24167,-0.25833],[117.24167,-0.25833],[117.225,-0.25833],[117.225,-0.3],[117.21667,-0.3],[117.21667,-0.3],[117.21667,-0.30833],[117.21667,-0.30833],[117.20833,-0.30833],[117.20833,-0.33333],[117.19167,-0.33333],[117.19167,-0.33333],[117.19167,-0.35833],[117.19167,-0.35833],[117.18333,-0.35833],[117.18333,-0.36667],[117.18333,-0.36667],[117.175,-0.36667],[117.175,-0.36667],[117.175,-0.38333],[117.175,-0.38333],[117.15,-0.38333],[117.15,-0.38333],[117.15,-0.36667],[117.15,-0.36667],[117.14167,-0.36667],[117.14167,-0.36667],[117.14167,-0.35667],[117.14289,-0.35667],[117.14289,-0.344],[117.14289,-0.34389],[117.14167,-0.34389],[117.14167,-0.34389],[117.14167,-0.34167],[117.14167,-0.34167],[117.12737,-0.34167],[117.12736,-0.34167],[117.12736,-0.33422],[117.12917,-0.33422],[117.12917,-0.32926],[117.12917,-0.32925],[117.12778,-0.32925],[117.12778,-0.32925],[117.12778,-0.32278],[117.12778,-0.32278],[117.12603,-0.32278],[117.12603,-0.32022],[117.12872,-0.32022],[117.12872,-0.31389],[117.12872,-0.31389],[117.12892,-0.31389],[117.13053,-0.31389],[117.13053,-0.30833],[117.13333,-0.30833],[117.13333,-0.3],[117.13333,-0.3],[117.11667,-0.3],[117.11667,-0.3],[117.11667,-0.30833],[117.11667,-0.30833],[117.08333,-0.30833],[117.08333,-0.30833],[117.08333,-0.29167],[117.08333,-0.29167],[117.14167,-0.29167],[117.14167,-0.29167],[117.14167,-0.325],[117.14167,-0.325],[117.15833,-0.325],[117.15833,-0.325],[117.15833,-0.30833],[117.2,-0.30833],[117.2,-0.30833],[117.2,-0.25833],[117.20833,-0.25833],[117.20833,-0.16667],[117.20833,-0.16667],[117.21667,-0.16667],[117.21667,-0.1375],[117.21667,-0.1375],[117.26667,-0.1375],[117.26667,-0.11844],[117.26703,-0.11934],[117.26719,-0.11961],[117.26736,-0.11984],[117.26776,-0.12024],[117.26799,-0.12041],[117.26831,-0.12058],[117.26866,-0.12071],[117.26982,-0.12101],[117.27019,-0.12113],[117.27053,-0.12129],[117.27146,-0.12186],[117.27181,-0.12204],[117.27226,-0.12219],[117.27272,-0.12229],[117.27317,-0.12236],[117.27389,-0.12241],[117.2742,-0.1224],[117.27423,-0.12385],[117.27421,-0.12468],[117.27417,-0.12509],[117.27413,-0.12527],[117.27407,-0.12544],[117.27399,-0.12559],[117.2739,-0.1257],[117.27358,-0.12598],[117.27323,-0.12643],[117.27291,-0.12671],[117.27282,-0.12682],[117.27273,-0.12696],[117.27266,-0.12713],[117.27244,-0.12783],[117.27236,-0.12798],[117.272,-0.12841],[117.27192,-0.12856],[117.27187,-0.12873],[117.27184,-0.12891],[117.27183,-0.12928],[117.27186,-0.12948],[117.27193,-0.12969],[117.27203,-0.12988],[117.27214,-0.13004],[117.27248,-0.13045],[117.2726,-0.13068],[117.27261,-0.13076],[117.2726,-0.1308],[117.27256,-0.13137],[117.27235,-0.1328],[117.27232,-0.13326],[117.27233,-0.13373],[117.27248,-0.13498],[117.27254,-0.13595],[117.27254,-0.13696],[117.27252,-0.13746],[117.27248,-0.13796],[117.27241,-0.13844],[117.27232,-0.13889],[117.27215,-0.13952],[117.27205,-0.13998],[117.27197,-0.14046],[117.27172,-0.14244],[117.27164,-0.14291],[117.27153,-0.14336],[117.27139,-0.14377],[117.27125,-0.14404],[117.27097,-0.14456],[117.27045,-0.14544],[117.27029,-0.14582],[117.27016,-0.14622],[117.26983,-0.14749],[117.26971,-0.1479],[117.2695,-0.14849],[117.26937,-0.14894],[117.26927,-0.1494],[117.26898,-0.15101],[117.26864,-0.15248],[117.26853,-0.15309],[117.26846,-0.15367],[117.26842,-0.15419],[117.2684,-0.15461],[117.2684,-0.155],[117.26841,-0.15503],[117.2684,-0.15511],[117.2683,-0.15532],[117.26788,-0.15589],[117.26776,-0.15609],[117.26766,-0.1563],[117.26739,-0.15705],[117.26732,-0.15719],[117.2671,-0.15749],[117.26705,-0.15758],[117.26703,-0.15768],[117.26703,-0.15778],[117.26707,-0.15788],[117.26714,-0.15796],[117.26726,-0.15804],[117.26742,-0.15809],[117.2676,-0.15813],[117.26841,-0.15825],[117.26859,-0.1583],[117.26875,-0.15836],[117.26887,-0.15844],[117.26896,-0.15856],[117.269,-0.15869],[117.269,-0.15884],[117.26896,-0.15898],[117.26867,-0.1594],[117.2686,-0.15956],[117.26854,-0.15976],[117.26847,-0.16019],[117.26843,-0.16067],[117.26841,-0.16127],[117.2684,-0.1632],[117.26835,-0.16319],[117.26827,-0.16321],[117.26816,-0.16328],[117.268,-0.16341],[117.2673,-0.16417],[117.26713,-0.16436],[117.26696,-0.1646],[117.26655,-0.16527],[117.2664,-0.16544],[117.26623,-0.16557],[117.26566,-0.1659],[117.26549,-0.16602],[117.26535,-0.16617],[117.26524,-0.16638],[117.26517,-0.16662],[117.26513,-0.16687],[117.26513,-0.16714],[117.26515,-0.1674],[117.26521,-0.16765],[117.26529,-0.16788],[117.26561,-0.16841],[117.26566,-0.1686],[117.26566,-0.1688],[117.26562,-0.16899],[117.26554,-0.16916],[117.26532,-0.16952],[117.26522,-0.16974],[117.26492,-0.17079],[117.26482,-0.17103],[117.26468,-0.17124],[117.26452,-0.1714],[117.26383,-0.17184],[117.26359,-0.17202],[117.2634,-0.17219],[117.26277,-0.17283],[117.26267,-0.17295],[117.26261,-0.17306],[117.26259,-0.17315],[117.2626,-0.1732],[117.26258,-0.17377],[117.2625,-0.17509],[117.26238,-0.17672],[117.26234,-0.17764],[117.26237,-0.17854],[117.26247,-0.17938],[117.26261,-0.18006],[117.26287,-0.18118],[117.26293,-0.18174],[117.26292,-0.18232],[117.26284,-0.18289],[117.26272,-0.18333],[117.25833,-0.18333],[117.25833,-0.19579],[117.25809,-0.19628],[117.25786,-0.1969],[117.25725,-0.19884],[117.25661,-0.2006],[117.25636,-0.20122],[117.25575,-0.2026],[117.25535,-0.20353],[117.25508,-0.20436],[117.25484,-0.20517],[117.25448,-0.20656],[117.25434,-0.20703],[117.2542,-0.2074],[117.25412,-0.20739],[117.254,-0.20748],[117.25388,-0.20765],[117.25376,-0.2079],[117.25365,-0.20821],[117.25329,-0.2093],[117.25315,-0.20964],[117.25284,-0.21023],[117.25237,-0.21137],[117.2521,-0.21189],[117.25199,-0.21216],[117.25191,-0.21245],[117.2517,-0.21336],[117.25162,-0.21365],[117.25152,-0.21391],[117.25123,-0.21443],[117.25086,-0.21526],[117.25072,-0.21552],[117.25029,-0.21609],[117.25015,-0.21634],[117.24999,-0.21667],[117.24167,-0.21667],[117.24167,-0.24753],[117.24127,-0.2485],[117.24112,-0.24889],[117.24101,-0.24934],[117.24093,-0.2498],[117.24087,-0.25026],[117.24083,-0.25108],[117.24083,-0.25167],[117.24085,-0.2518],[117.24101,-0.25201],[117.24129,-0.2523],[117.24167,-0.25263],[117.24167,-0.25833]]]}},{"type":"Feature","properties":{"nama_usaha":"GERBANG DAYA MANDIRI","badan_usaha":"PT","jenis_izin":"IUP","komoditas":"Batubara","kegiatan":"OPERASI PRODUKSI","luas_ha":1758,"kabupaten":"KAB. KUTAI KARTANEGARA","berlaku_hingga":2036},"geometry":{"type":"Polygon","coordinates":[[[117.08333,-0.375],[117.1,-0.375],[117.1,-0.35833],[117.10833,-0.35833],[117.10833,-0.34881],[117.11972,-0.34881],[117.11972,-0.38472],[117.10972,-0.38472],[117.10972,-0.39417],[117.10778,-0.39417],[117.10778,-0.40417],[117.10167,-0.40417],[117.10167,-0.41167],[117.08333,-0.41167],[117.08333,-0.375]]]}},{"type":"Feature","properties":{"nama_usaha":"INDO PANCADASA AGROTAMA","badan_usaha":"PT","jenis_izin":"IUP","komoditas":"Batubara","kegiatan":"OPERASI PRODUKSI","luas_ha":4283,"kabupaten":"KAB. KUTAI KARTANEGARA","berlaku_hingga":2036},"geometry":{"type":"Polygon","coordinates":[[[116.58338,-0.36325],[116.58333,-0.36325],[116.58333,-0.34944],[116.52473,-0.34944],[116.52473,-0.32306],[116.59,-0.32306],[116.59,-0.31611],[116.60028,-0.31611],[116.60028,-0.36639],[116.61723,-0.36639],[116.61723,-0.3925],[116.60722,-0.3925],[116.60722,-0.39639],[116.60333,-0.39639],[116.60333,-0.40361],[116.59806,-0.40361],[116.59806,-0.41111],[116.58807,-0.41111],[116.58807,-0.41078],[116.58956,-0.41078],[116.58956,-0.40966],[116.59116,-0.40966],[116.59116,-0.40846],[116.59146,-0.40846],[116.59146,-0.40596],[116.5912,-0.40596],[116.5912,-0.40281],[116.5902,-0.40281],[116.5902,-0.40156],[116.58883,-0.40156],[116.58883,-0.39982],[116.58704,-0.39982],[116.58704,-0.39646],[116.58511,-0.39646],[116.58511,-0.39467],[116.58333,-0.39467],[116.58333,-0.36828],[116.58398,-0.36828],[116.58398,-0.36758],[116.58448,-0.36758],[116.58448,-0.36744],[116.58505,-0.36744],[116.58505,-0.36661],[116.58554,-0.36661],[116.58554,-0.36592],[116.58578,-0.36592],[116.58578,-0.36528],[116.58529,-0.36528],[116.58529,-0.36544],[116.58459,-0.36544],[116.58459,-0.36504],[116.5839,-0.36504],[116.5839,-0.36483],[116.58338,-0.36483],[116.58338,-0.36325]]]}},{"type":"Feature","properties":{"nama_usaha":"LAHAI COAL","badan_usaha":"PT","jenis_izin":"PKP2B","komoditas":"BATUBARA","kegiatan":"OPERASI PRODUKSI","luas_ha":46620,"kabupaten":"MURUNG RAYA, BARITO UTARA, MAHAKAM ULU","berlaku_hingga":2044},"geometry":{"type":"MultiPolygon","coordinates":[[[[115.1,-0.11667],[115.13333,-0.11667],[115.13333,-0.1],[115.15624,-0.1],[115.15581,-0.1006],[115.15532,-0.10122],[115.15415,-0.10315],[115.15366,-0.10398],[115.15354,-0.10414],[115.15346,-0.1042],[115.1534,-0.1042],[115.15312,-0.10482],[115.15303,-0.10513],[115.15296,-0.10549],[115.15293,-0.10588],[115.15293,-0.10628],[115.15298,-0.10667],[115.15306,-0.10702],[115.15318,-0.10731],[115.15344,-0.10777],[115.15363,-0.10818],[115.15369,-0.10837],[115.15369,-0.10853],[115.15365,-0.10868],[115.15356,-0.10882],[115.15339,-0.10897],[115.15245,-0.10947],[115.15223,-0.10964],[115.15204,-0.10984],[115.15189,-0.11008],[115.1515,-0.1108],[115.1514,-0.11104],[115.15134,-0.1113],[115.15132,-0.11156],[115.15134,-0.11183],[115.15141,-0.11208],[115.15152,-0.11232],[115.15217,-0.1135],[115.15227,-0.11379],[115.15231,-0.11411],[115.15231,-0.11443],[115.15226,-0.11473],[115.15217,-0.11499],[115.15195,-0.1155],[115.1518,-0.1158],[115.15161,-0.1161],[115.15137,-0.11638],[115.15109,-0.11664],[115.15078,-0.11687],[115.15047,-0.11707],[115.15015,-0.11722],[115.14981,-0.11734],[115.14951,-0.1174],[115.14929,-0.11742],[115.1492,-0.1174],[115.1491,-0.11739],[115.14888,-0.11745],[115.14877,-0.11751],[115.14865,-0.11759],[115.14825,-0.11802],[115.14787,-0.1183],[115.14778,-0.11838],[115.14771,-0.11848],[115.14754,-0.11881],[115.14748,-0.11891],[115.14739,-0.11899],[115.14728,-0.11906],[115.14715,-0.11911],[115.14643,-0.11927],[115.14631,-0.11933],[115.1462,-0.1194],[115.14613,-0.1195],[115.14608,-0.11962],[115.14604,-0.11976],[115.146,-0.12006],[115.14596,-0.12087],[115.14591,-0.12117],[115.14587,-0.1213],[115.14581,-0.12141],[115.14572,-0.12151],[115.14534,-0.12177],[115.14522,-0.12187],[115.14513,-0.12198],[115.14506,-0.12209],[115.14502,-0.1222],[115.145,-0.12229],[115.145,-0.1224],[115.14506,-0.12239],[115.14517,-0.12241],[115.14531,-0.12248],[115.1455,-0.12261],[115.14571,-0.12279],[115.14592,-0.12301],[115.14611,-0.12326],[115.14627,-0.1236],[115.14636,-0.12396],[115.14638,-0.12432],[115.14632,-0.12465],[115.1462,-0.12489],[115.14559,-0.12585],[115.14552,-0.12601],[115.14548,-0.12622],[115.1455,-0.12643],[115.14579,-0.12727],[115.14604,-0.12825],[115.14614,-0.12858],[115.14626,-0.12889],[115.14653,-0.12943],[115.14689,-0.13027],[115.14703,-0.13054],[115.14733,-0.13105],[115.14774,-0.13185],[115.14789,-0.1321],[115.14806,-0.13233],[115.14859,-0.13301],[115.14896,-0.13345],[115.1491,-0.13364],[115.14936,-0.13404],[115.14951,-0.13431],[115.14964,-0.13461],[115.14973,-0.13505],[115.14975,-0.13552],[115.14971,-0.13599],[115.14962,-0.13642],[115.1495,-0.13679],[115.1492,-0.1374],[115.14869,-0.13761],[115.14829,-0.13775],[115.14665,-0.1382],[115.14606,-0.13838],[115.14552,-0.13859],[115.14511,-0.1388],[115.14404,-0.13939],[115.14371,-0.13959],[115.14225,-0.14059],[115.1419,-0.14078],[115.14088,-0.14122],[115.1406,-0.14133],[115.14014,-0.14144],[115.13967,-0.1415],[115.13918,-0.14151],[115.1387,-0.14147],[115.13824,-0.14138],[115.13783,-0.14122],[115.13748,-0.14098],[115.13722,-0.14065],[115.13702,-0.14025],[115.13686,-0.13981],[115.13657,-0.1389],[115.13638,-0.13847],[115.13614,-0.13811],[115.13588,-0.13785],[115.13556,-0.13764],[115.13521,-0.13746],[115.13393,-0.13689],[115.13261,-0.13643],[115.13211,-0.13623],[115.13164,-0.13599],[115.13122,-0.1357],[115.13087,-0.13538],[115.13058,-0.13505],[115.13016,-0.13453],[115.13004,-0.13435],[115.13,-0.13425],[115.13,-0.1342],[115.12986,-0.13425],[115.12849,-0.13516],[115.12715,-0.13594],[115.12684,-0.13614],[115.12618,-0.1366],[115.12584,-0.13686],[115.12554,-0.13717],[115.12533,-0.13752],[115.12515,-0.13792],[115.12485,-0.13875],[115.12469,-0.13915],[115.1245,-0.13951],[115.12433,-0.13974],[115.12397,-0.14015],[115.12378,-0.14034],[115.12346,-0.14058],[115.12285,-0.141],[115.12262,-0.14124],[115.12252,-0.14143],[115.12246,-0.14163],[115.12244,-0.14184],[115.12243,-0.1424],[115.12237,-0.14314],[115.12231,-0.14352],[115.12221,-0.14389],[115.12184,-0.14478],[115.12168,-0.14513],[115.12149,-0.14547],[115.12115,-0.14591],[115.12076,-0.14632],[115.12049,-0.14655],[115.12019,-0.14675],[115.11994,-0.14691],[115.11967,-0.14705],[115.11915,-0.14721],[115.11852,-0.14732],[115.11781,-0.14739],[115.11708,-0.14743],[115.11567,-0.14744],[115.1142,-0.1474],[115.11365,-0.14741],[115.11329,-0.14739],[115.11297,-0.14734],[115.11285,-0.1473],[115.11276,-0.14724],[115.1127,-0.14716],[115.11256,-0.14691],[115.11244,-0.14676],[115.11235,-0.14671],[115.11224,-0.14667],[115.11148,-0.14656],[115.11126,-0.14649],[115.11117,-0.14643],[115.1111,-0.14636],[115.1109,-0.14603],[115.11084,-0.14596],[115.11076,-0.14591],[115.11066,-0.14587],[115.11043,-0.14582],[115.10978,-0.14576],[115.10952,-0.14568],[115.10941,-0.14561],[115.10932,-0.14552],[115.10926,-0.14541],[115.1092,-0.14519],[115.1092,-0.145],[115.10817,-0.14498],[115.10759,-0.14499],[115.10731,-0.14502],[115.10706,-0.1451],[115.10696,-0.14516],[115.10689,-0.14525],[115.10671,-0.14555],[115.10664,-0.14564],[115.10655,-0.14571],[115.10626,-0.14589],[115.10617,-0.14597],[115.1061,-0.14606],[115.10592,-0.14636],[115.10584,-0.14644],[115.10574,-0.1465],[115.10562,-0.14654],[115.10535,-0.14659],[115.10489,-0.14662],[115.1026,-0.1466],[115.10252,-0.14659],[115.10233,-0.1466],[115.10207,-0.14665],[115.10176,-0.14674],[115.10043,-0.14734],[115.10011,-0.14749],[115.1,-0.14756],[115.1,-0.11667]]],[[[115.09614,-0.15],[115.09474,-0.15008],[115.09437,-0.15013],[115.09402,-0.1502],[115.0937,-0.15029],[115.09315,-0.15055],[115.09229,-0.15089],[115.09202,-0.15102],[115.09152,-0.15131],[115.09127,-0.15143],[115.09076,-0.15164],[115.0905,-0.15178],[115.09024,-0.15196],[115.08999,-0.15223],[115.08975,-0.15253],[115.08954,-0.15284],[115.08938,-0.15316],[115.08928,-0.15346],[115.08922,-0.15373],[115.08919,-0.15396],[115.0892,-0.1542],[115.08888,-0.15401],[115.08861,-0.15388],[115.0882,-0.15375],[115.08771,-0.15366],[115.08716,-0.15361],[115.08658,-0.15361],[115.08602,-0.15367],[115.08552,-0.15378],[115.08514,-0.15393],[115.08438,-0.15429],[115.08416,-0.15438],[115.08395,-0.15443],[115.08366,-0.15444],[115.08338,-0.15438],[115.08312,-0.15423],[115.08292,-0.15402],[115.08273,-0.15375],[115.08238,-0.15315],[115.08217,-0.15286],[115.08199,-0.15267],[115.08179,-0.15249],[115.08158,-0.15233],[115.08136,-0.15219],[115.08103,-0.15204],[115.08068,-0.15195],[115.08031,-0.15189],[115.07995,-0.15187],[115.07911,-0.15189],[115.07886,-0.15187],[115.07862,-0.15183],[115.07838,-0.15176],[115.07745,-0.15142],[115.07711,-0.15127],[115.07561,-0.15043],[115.0752,-0.15027],[115.07477,-0.15014],[115.07427,-0.15],[115.09614,-0.15]]],[[[114.93333,-0.23333],[114.93333,-0.2],[115.01667,-0.2],[115.01667,-0.15],[115.06462,-0.15],[115.06437,-0.15019],[115.06393,-0.15056],[115.06373,-0.15067],[115.06287,-0.15103],[115.06243,-0.15126],[115.06228,-0.15129],[115.06212,-0.1513],[115.06197,-0.15128],[115.06153,-0.15109],[115.06134,-0.15104],[115.06113,-0.151],[115.0609,-0.15098],[115.06064,-0.151],[115.06036,-0.15105],[115.06008,-0.15113],[115.05937,-0.15142],[115.05909,-0.1515],[115.05862,-0.1516],[115.05847,-0.15161],[115.0584,-0.1516],[115.0584,-0.15181],[115.05837,-0.15202],[115.05832,-0.15228],[115.05825,-0.15257],[115.05795,-0.15331],[115.05785,-0.15363],[115.05758,-0.1548],[115.0575,-0.15505],[115.0574,-0.15527],[115.05727,-0.15546],[115.0571,-0.15561],[115.0569,-0.15573],[115.05626,-0.15605],[115.05577,-0.15637],[115.05556,-0.15646],[115.05467,-0.15676],[115.05446,-0.15686],[115.05396,-0.15716],[115.05375,-0.15727],[115.05307,-0.15755],[115.05287,-0.15766],[115.05199,-0.15839],[115.05167,-0.15873],[115.0515,-0.1589],[115.05083,-0.15934],[115.0506,-0.15951],[115.05039,-0.15969],[115.05023,-0.1599],[115.0501,-0.16014],[115.05003,-0.16037],[115.04999,-0.16058],[115.04998,-0.16073],[115.05,-0.1608],[115.04999,-0.16094],[115.05005,-0.16124],[115.05018,-0.16166],[115.05123,-0.16445],[115.05148,-0.16513],[115.05168,-0.1658],[115.05181,-0.16645],[115.05186,-0.16705],[115.05178,-0.16851],[115.05183,-0.16905],[115.05198,-0.16958],[115.05219,-0.17003],[115.05244,-0.17048],[115.05395,-0.17263],[115.05419,-0.17309],[115.05436,-0.17363],[115.05444,-0.1742],[115.05444,-0.17479],[115.05436,-0.17537],[115.0542,-0.1759],[115.05401,-0.17642],[115.05378,-0.17693],[115.05322,-0.17792],[115.05294,-0.17849],[115.05238,-0.17966],[115.05155,-0.18126],[115.05128,-0.18185],[115.05077,-0.18306],[115.05049,-0.18364],[115.0498,-0.18477],[115.04952,-0.18529],[115.04898,-0.18637],[115.04868,-0.18688],[115.04835,-0.18735],[115.04723,-0.18881],[115.04685,-0.18922],[115.04645,-0.1896],[115.04596,-0.18999],[115.04541,-0.19038],[115.0449,-0.19075],[115.04435,-0.1911],[115.04377,-0.1914],[115.04266,-0.19187],[115.04216,-0.1921],[115.04172,-0.19236],[115.04137,-0.1926],[115.04111,-0.19284],[115.04099,-0.19305],[115.041,-0.1932],[115.04101,-0.19381],[115.041,-0.19438],[115.04095,-0.19495],[115.0409,-0.1952],[115.04083,-0.1954],[115.04074,-0.19555],[115.04064,-0.19565],[115.04031,-0.19592],[115.04021,-0.19603],[115.04013,-0.19619],[115.04007,-0.19637],[115.04003,-0.19656],[115.03997,-0.19722],[115.03996,-0.19791],[115.03997,-0.19861],[115.04,-0.19905],[115.04003,-0.19925],[115.04007,-0.19944],[115.04014,-0.19961],[115.04023,-0.19976],[115.04036,-0.19986],[115.04051,-0.19993],[115.04068,-0.19999],[115.04139,-0.20018],[115.04155,-0.20025],[115.04167,-0.20034],[115.04242,-0.20112],[115.04251,-0.20125],[115.04257,-0.20137],[115.0426,-0.20148],[115.0426,-0.2016],[115.04255,-0.20166],[115.04236,-0.20182],[115.04106,-0.20281],[115.04044,-0.20331],[115.03975,-0.20396],[115.0392,-0.20451],[115.03817,-0.20561],[115.03768,-0.20608],[115.03719,-0.20643],[115.03671,-0.20671],[115.03621,-0.20696],[115.03573,-0.20718],[115.03512,-0.20738],[115.03465,-0.20749],[115.03416,-0.20751],[115.03369,-0.20744],[115.03324,-0.20729],[115.03281,-0.20708],[115.0324,-0.20682],[115.03206,-0.2065],[115.0318,-0.2061],[115.03161,-0.20565],[115.03148,-0.20519],[115.03136,-0.20474],[115.03121,-0.20425],[115.031,-0.20379],[115.03071,-0.20341],[115.03032,-0.20314],[115.02986,-0.20297],[115.02937,-0.20289],[115.02891,-0.20288],[115.02796,-0.20291],[115.0275,-0.20296],[115.02704,-0.20307],[115.02661,-0.20327],[115.02616,-0.20359],[115.02574,-0.20399],[115.02526,-0.20446],[115.02452,-0.20529],[115.02374,-0.2061],[115.0229,-0.20688],[115.02204,-0.20761],[115.02164,-0.20799],[115.02121,-0.20843],[115.02084,-0.2089],[115.02057,-0.2094],[115.02039,-0.20994],[115.02027,-0.21049],[115.02021,-0.21102],[115.02016,-0.21161],[115.02011,-0.21207],[115.01992,-0.21309],[115.01987,-0.21355],[115.0199,-0.21414],[115.02001,-0.21462],[115.02015,-0.21513],[115.02033,-0.21564],[115.02107,-0.21732],[115.02134,-0.21783],[115.02164,-0.21831],[115.02199,-0.21883],[115.02239,-0.2193],[115.02279,-0.21966],[115.02322,-0.21996],[115.02365,-0.22024],[115.0241,-0.22046],[115.02455,-0.22062],[115.02501,-0.22072],[115.02548,-0.22074],[115.02702,-0.22074],[115.02741,-0.22076],[115.02774,-0.22084],[115.028,-0.22101],[115.02814,-0.22127],[115.02819,-0.22161],[115.02818,-0.22202],[115.02812,-0.22248],[115.02793,-0.22369],[115.02762,-0.22601],[115.0275,-0.22678],[115.02736,-0.2275],[115.02714,-0.22837],[115.02697,-0.22916],[115.02693,-0.22962],[115.02694,-0.23048],[115.0269,-0.23093],[115.02678,-0.23139],[115.0266,-0.23183],[115.02633,-0.23223],[115.02567,-0.23302],[115.02539,-0.23333],[114.98333,-0.23333],[114.98333,-0.25833],[114.95928,-0.25833],[114.95903,-0.2577],[114.95849,-0.25649],[114.95826,-0.25594],[114.95806,-0.25521],[114.95791,-0.25443],[114.95781,-0.25365],[114.95766,-0.25218],[114.9576,-0.25166],[114.95747,-0.25117],[114.95728,-0.25071],[114.95706,-0.25026],[114.95652,-0.2494],[114.95621,-0.24892],[114.95594,-0.24843],[114.95575,-0.2479],[114.95564,-0.24735],[114.9556,-0.24679],[114.95557,-0.24564],[114.95552,-0.24513],[114.95534,-0.24396],[114.95523,-0.24295],[114.95515,-0.24248],[114.95502,-0.24216],[114.95473,-0.24185],[114.95445,-0.24168],[114.95411,-0.2416],[114.95375,-0.24162],[114.95339,-0.24172],[114.95303,-0.24187],[114.9523,-0.24222],[114.95191,-0.24235],[114.95065,-0.24265],[114.95008,-0.24275],[114.9496,-0.24281],[114.94911,-0.24291],[114.94861,-0.24305],[114.94813,-0.24325],[114.94769,-0.24351],[114.94728,-0.24388],[114.94658,-0.2447],[114.94622,-0.24507],[114.94585,-0.24535],[114.94546,-0.24556],[114.945,-0.24566],[114.94454,-0.24563],[114.9441,-0.24548],[114.94374,-0.24522],[114.94342,-0.24487],[114.9431,-0.24448],[114.9428,-0.244],[114.94222,-0.24296],[114.94189,-0.24247],[114.94153,-0.24206],[114.94075,-0.24133],[114.94033,-0.24102],[114.93983,-0.24075],[114.93929,-0.24056],[114.93828,-0.24029],[114.93781,-0.24014],[114.93735,-0.23992],[114.93694,-0.23964],[114.93656,-0.2393],[114.93617,-0.23884],[114.93581,-0.23834],[114.93543,-0.23776],[114.93515,-0.23726],[114.93462,-0.2362],[114.93405,-0.23517],[114.93376,-0.23467],[114.93344,-0.23419],[114.93306,-0.23368],[114.93274,-0.23333],[114.93333,-0.23333]]],[[[115.325,-0.11667],[115.325,-0.125],[115.31667,-0.125],[115.31667,-0.13333],[115.28668,-0.13333],[115.28687,-0.13196],[115.28692,-0.13139],[115.28693,-0.13082],[115.28681,-0.12917],[115.28682,-0.12863],[115.28687,-0.12819],[115.28701,-0.12778],[115.28725,-0.12741],[115.28757,-0.12707],[115.28798,-0.12678],[115.28844,-0.12651],[115.28944,-0.12601],[115.29119,-0.12524],[115.2927,-0.12446],[115.29321,-0.12422],[115.29384,-0.12395],[115.29442,-0.1238],[115.29503,-0.12371],[115.29563,-0.12367],[115.2963,-0.12368],[115.29686,-0.12365],[115.29742,-0.12359],[115.29797,-0.12347],[115.29848,-0.12328],[115.299,-0.12299],[115.30042,-0.12204],[115.30104,-0.12167],[115.30162,-0.12138],[115.30231,-0.1211],[115.30308,-0.12083],[115.30471,-0.12032],[115.30549,-0.12006],[115.307,-0.11953],[115.30754,-0.11935],[115.30797,-0.11924],[115.30827,-0.11919],[115.3084,-0.1192],[115.30858,-0.11821],[115.30866,-0.11756],[115.30873,-0.11679],[115.30874,-0.11667],[115.325,-0.11667]]]]}},{"type":"Feature","properties":{"nama_usaha":"TEGUH SINAR ABADI","badan_usaha":"PT","jenis_izin":"PKP2B","komoditas":"BATUBARA","kegiatan":"OPERASI PRODUKSI","luas_ha":3505,"kabupaten":"KUTAI BARAT","berlaku_hingga":2038},"geometry":{"type":"Polygon","coordinates":[[[115.79167,-0.39167],[115.79167,-0.375],[115.8,-0.375],[115.8,-0.36667],[115.80833,-0.36667],[115.80833,-0.35],[115.83333,-0.35],[115.83333,-0.34167],[115.85,-0.34167],[115.85,-0.35833],[115.84167,-0.35833],[115.84167,-0.36667],[115.825,-0.36667],[115.825,-0.375],[115.825,-0.39167],[115.81667,-0.39167],[115.81667,-0.4],[115.8,-0.4],[115.78333,-0.4],[115.78333,-0.41667],[115.775,-0.41667],[115.775,-0.425],[115.75,-0.425],[115.75,-0.41667],[115.75,-0.39167],[115.75,-0.39167],[115.75,-0.39167],[115.79167,-0.39167]]]}},{"type":"Feature","properties":{"nama_usaha":"NUGRAHA INSAN KENCANA MINING","badan_usaha":"PT","jenis_izin":"IUP","komoditas":"EMAS","kegiatan":"OPERASI PRODUKSI","luas_ha":1945,"kabupaten":"KAB. KUTAI BARAT","berlaku_hingga":2030},"geometry":{"type":"Polygon","coordinates":[[[115.41931,-0.20286],[115.41931,-0.19503],[115.39592,-0.19503],[115.39592,-0.18603],[115.40131,-0.18603],[115.40131,-0.14492],[115.43686,-0.14492],[115.43686,-0.17028],[115.42831,-0.17028],[115.42831,-0.17342],[115.42439,-0.17342],[115.42439,-0.20286],[115.41931,-0.20286]]]}},{"type":"Feature","properties":{"nama_usaha":"ARINI","badan_usaha":"PT","jenis_izin":"IUP","komoditas":"BATUBARA","kegiatan":"OPERASI PRODUKSI","luas_ha":3890,"kabupaten":"KUTAI KARTANEGARA","berlaku_hingga":2028},"geometry":{"type":"Polygon","coordinates":[[[117.34559,-0.47278],[117.34559,-0.45833],[117.3794,-0.45833],[117.3794,-0.48006],[117.37455,-0.48006],[117.37455,-0.49236],[117.37008,-0.49236],[117.37008,-0.50522],[117.36234,-0.50522],[117.36234,-0.52738],[117.35689,-0.52738],[117.35689,-0.53747],[117.35407,-0.53747],[117.35407,-0.54373],[117.35064,-0.54373],[117.35064,-0.5524],[117.34531,-0.5524],[117.34531,-0.56147],[117.3325,-0.56147],[117.3325,-0.47278],[117.34559,-0.47278]]]}},{"type":"Feature","properties":{"nama_usaha":"MULIA PERSADA KARTANEGARA","badan_usaha":"PT","jenis_izin":"IUP","komoditas":"BATUBARA","kegiatan":"OPERASI PRODUKSI","luas_ha":5000,"kabupaten":"KUTAI KARTANEGARA","berlaku_hingga":2027},"geometry":{"type":"Polygon","coordinates":[[[117.25833,-0.18333],[117.26272,-0.18333],[117.26252,-0.18408],[117.26231,-0.18472],[117.26148,-0.18703],[117.26129,-0.18768],[117.26079,-0.18971],[117.26059,-0.19035],[117.25967,-0.19285],[117.25888,-0.19466],[117.25833,-0.19579],[117.25833,-0.18333]]]}},{"type":"Feature","properties":{"nama_usaha":"CEMERLANG ASA MANDIRI","badan_usaha":"PT","jenis_izin":"IUP","komoditas":"BATUBARA","kegiatan":"OPERASI PRODUKSI","luas_ha":5355,"kabupaten":"KAB. KUTAI BARAT,KAB. BARITO UTARA","berlaku_hingga":2029},"geometry":{"type":"Polygon","coordinates":[[[115.28459,-0.45],[115.3086,-0.45],[115.3086,-0.4436],[115.39162,-0.4436],[115.39162,-0.48734],[115.30865,-0.48734],[115.30865,-0.48747],[115.30519,-0.48747],[115.3053,-0.48707],[115.30569,-0.48594],[115.30577,-0.48559],[115.30582,-0.48529],[115.30583,-0.485],[115.30568,-0.4846],[115.30532,-0.48349],[115.30507,-0.48278],[115.30444,-0.48126],[115.30408,-0.4805],[115.30367,-0.47983],[115.30319,-0.4793],[115.30264,-0.47897],[115.30203,-0.47875],[115.30136,-0.47858],[115.30017,-0.47833],[115.30017,-0.47744],[115.29793,-0.47744],[115.29776,-0.47731],[115.29741,-0.4769],[115.29716,-0.47643],[115.297,-0.47591],[115.2969,-0.47539],[115.29683,-0.47487],[115.29674,-0.47435],[115.29658,-0.47384],[115.29615,-0.47286],[115.29596,-0.47232],[115.29581,-0.47176],[115.29569,-0.4712],[115.2956,-0.47066],[115.29559,-0.47011],[115.29567,-0.46957],[115.29583,-0.46905],[115.29605,-0.46853],[115.29705,-0.46638],[115.29729,-0.46581],[115.2977,-0.46466],[115.29783,-0.46402],[115.29791,-0.46326],[115.29793,-0.46245],[115.29792,-0.4616],[115.29792,-0.46074],[115.29796,-0.45989],[115.29803,-0.45912],[115.29813,-0.45847],[115.29833,-0.4575],[115.29827,-0.45751],[115.29813,-0.45756],[115.29766,-0.45781],[115.29733,-0.45796],[115.29616,-0.45844],[115.29579,-0.45862],[115.29549,-0.45883],[115.29526,-0.45906],[115.29492,-0.45954],[115.29475,-0.45977],[115.29456,-0.45995],[115.29435,-0.46012],[115.29416,-0.46027],[115.29395,-0.46038],[115.29372,-0.46043],[115.29349,-0.46042],[115.29269,-0.46022],[115.29132,-0.46],[115.29063,-0.45985],[115.29031,-0.45975],[115.28973,-0.45949],[115.28942,-0.45938],[115.28844,-0.45909],[115.28812,-0.45899],[115.28783,-0.45886],[115.28757,-0.4587],[115.28632,-0.45786],[115.28604,-0.45772],[115.28495,-0.45728],[115.28459,-0.45711],[115.28459,-0.45]]]}},{"type":"Feature","properties":{"nama_usaha":"DUNIA USAHA MAJU","badan_usaha":"PT","jenis_izin":"IUP","komoditas":"Batubara","kegiatan":"SANKSI (PEMBEKUAN)","luas_ha":1191.6,"kabupaten":"KOTA SAMARINDA","berlaku_hingga":2026},"geometry":{"type":"Polygon","coordinates":[[[117.175,-0.36667],[117.18333,-0.36667],[117.18333,-0.35833],[117.19167,-0.35833],[117.19167,-0.34167],[117.2,-0.34167],[117.2,-0.33333],[117.20833,-0.33333],[117.20833,-0.31722],[117.22083,-0.31722],[117.22083,-0.31861],[117.22278,-0.31861],[117.22278,-0.32028],[117.225,-0.32028],[117.225,-0.32917],[117.225,-0.33333],[117.21667,-0.33333],[117.21667,-0.35],[117.2,-0.35],[117.2,-0.36667],[117.19167,-0.36667],[117.19167,-0.37045],[117.19167,-0.37045],[117.18344,-0.37045],[117.18344,-0.37212],[117.18188,-0.37212],[117.18188,-0.38333],[117.175,-0.38333],[117.175,-0.36667]]]}},{"type":"Feature","properties":{"nama_usaha":"INSANI BARAPERKASA","badan_usaha":"PT","jenis_izin":"PKP2B","komoditas":"BATUBARA","kegiatan":"OPERASI PRODUKSI","luas_ha":598.6,"kabupaten":"KOTA SAMARINDA","berlaku_hingga":2036},"geometry":{"type":"Polygon","coordinates":[[[117.15,-0.38333],[117.175,-0.38333],[117.175,-0.4027],[117.15,-0.4027],[117.15,-0.38333]]]}},{"type":"Feature","properties":{"nama_usaha":"INSANI BARAPERKASA","badan_usaha":"PT","jenis_izin":"PKP2B","komoditas":"BATUBARA","kegiatan":"OPERASI PRODUKSI","luas_ha":10040,"kabupaten":"KUTAI KARTANEGARA,KOTA SAMARINDA","berlaku_hingga":2036},"geometry":{"type":"Polygon","coordinates":[[[117.08333,-0.56667],[117.13333,-0.56667],[117.13333,-0.55],[117.15,-0.55],[117.15,-0.53333],[117.175,-0.53333],[117.175,-0.5],[117.19167,-0.5],[117.19167,-0.58333],[117.16667,-0.58333],[117.16667,-0.6],[117.15,-0.6],[117.15,-0.65],[117.13333,-0.65],[117.13333,-0.66667],[117.08333,-0.66667],[117.08333,-0.56667]],[[117.1231,-0.579],[117.1159,-0.579],[117.1159,-0.5872],[117.1092,-0.5872],[117.1092,-0.5958],[117.1299,-0.5958],[117.1299,-0.5709],[117.1231,-0.5709],[117.1231,-0.579]],[[117.11712,-0.63468],[117.10788,-0.63468],[117.10788,-0.64212],[117.10333,-0.64212],[117.10333,-0.65135],[117.1214,-0.65135],[117.1214,-0.64212],[117.12433,-0.64212],[117.12433,-0.63761],[117.12568,-0.63761],[117.12568,-0.63306],[117.11712,-0.63306],[117.11712,-0.63468]]]}},{"type":"Feature","properties":{"nama_usaha":"FIRMAN KETAUN PERKASA","badan_usaha":"PT","jenis_izin":"PKP2B","komoditas":"BATUBARA","kegiatan":"OPERASI PRODUKSI","luas_ha":12710,"kabupaten":"KUTAI BARAT","berlaku_hingga":2038},"geometry":{"type":"MultiPolygon","coordinates":[[[[115.5,-0.5],[115.51667,-0.5],[115.51667,-0.51667],[115.5,-0.51667],[115.5,-0.53333],[115.48333,-0.53333],[115.48333,-0.56667],[115.46667,-0.56667],[115.46667,-0.58333],[115.41667,-0.58333],[115.41667,-0.55],[115.39167,-0.55],[115.39167,-0.49167],[115.5,-0.49167],[115.5,-0.5]]],[[[115.71667,-0.45],[115.71667,-0.40833],[115.73333,-0.40833],[115.73333,-0.39167],[115.74167,-0.39167],[115.74167,-0.38333],[115.775,-0.38333],[115.775,-0.38333],[115.78333,-0.38333],[115.78333,-0.375],[115.79167,-0.375],[115.79167,-0.39167],[115.75,-0.39167],[115.75,-0.43333],[115.74167,-0.43333],[115.74167,-0.45],[115.71667,-0.45]]]]}},{"type":"Feature","properties":{"nama_usaha":"SANTAN BATUBARA","badan_usaha":"PT","jenis_izin":"PKP2B","komoditas":"BATUBARA","kegiatan":"OPERASI PRODUKSI","luas_ha":14210,"kabupaten":"KUTAI KARTANEGARA","berlaku_hingga":2038},"geometry":{"type":"MultiPolygon","coordinates":[[[[117.15,-0.10833],[117.15,-0.10833],[117.14167,-0.10833],[117.14167,-0.10833],[117.14167,-0.10833],[117.14167,-0.09167],[117.14196,-0.09167],[117.14203,-0.09171],[117.14248,-0.09198],[117.14289,-0.0923],[117.1433,-0.0927],[117.14368,-0.09314],[117.14408,-0.09356],[117.14449,-0.09392],[117.14575,-0.09494],[117.14616,-0.0953],[117.14648,-0.09569],[117.14668,-0.09611],[117.14679,-0.09655],[117.14689,-0.09807],[117.14694,-0.09858],[117.14702,-0.099],[117.14719,-0.09938],[117.14747,-0.09973],[117.14781,-0.10004],[117.14821,-0.10035],[117.14868,-0.10065],[117.14971,-0.10123],[117.15019,-0.10158],[117.15058,-0.10197],[117.15164,-0.10331],[117.15197,-0.10377],[117.15228,-0.10432],[117.15307,-0.10609],[117.15369,-0.10719],[117.15405,-0.10778],[117.15446,-0.10833],[117.15,-0.10833]]],[[[117.19167,-0.10833],[117.17755,-0.10833],[117.17753,-0.1079],[117.17749,-0.10638],[117.17751,-0.10583],[117.17759,-0.10531],[117.17774,-0.10481],[117.17793,-0.10431],[117.17868,-0.10264],[117.17934,-0.10095],[117.18008,-0.09918],[117.18036,-0.09861],[117.18069,-0.09808],[117.18116,-0.09754],[117.18158,-0.09716],[117.18206,-0.09683],[117.18257,-0.09653],[117.18309,-0.09625],[117.18369,-0.096],[117.18495,-0.09555],[117.18555,-0.09532],[117.18662,-0.09482],[117.18712,-0.09456],[117.18757,-0.09427],[117.18799,-0.09397],[117.18837,-0.09366],[117.18874,-0.09322],[117.18896,-0.09286],[117.1891,-0.09248],[117.18917,-0.09209],[117.18928,-0.0913],[117.18939,-0.09091],[117.18957,-0.09051],[117.1898,-0.09012],[117.19007,-0.08974],[117.19037,-0.08937],[117.19077,-0.08894],[117.19119,-0.08854],[117.19153,-0.08826],[117.19167,-0.08818],[117.19167,-0.10833]]]]}},{"type":"Feature","properties":{"nama_usaha":"MULTI HARAPAN UTAMA","badan_usaha":"PT","jenis_izin":"IUPK","komoditas":"Batubara","kegiatan":"OPERASI PRODUKSI","luas_ha":30676.4,"kabupaten":"KAB. KUTAI KARTANEGARA, KOTA SAMARINDA","berlaku_hingga":2032},"geometry":{"type":"Polygon","coordinates":[[[117.04194,-0.55043],[117.04194,-0.60111],[117.05611,-0.60111],[117.05611,-0.62417],[117.06528,-0.62417],[117.06528,-0.65306],[117.03972,-0.65306],[117.03972,-0.64528],[117.04694,-0.64528],[117.04694,-0.63139],[117.05111,-0.63139],[117.05111,-0.60705],[117.04992,-0.60705],[117.04992,-0.6057],[117.04903,-0.6057],[117.04903,-0.60479],[117.04813,-0.60479],[117.04813,-0.60389],[117.04185,-0.60389],[117.04185,-0.60298],[117.04095,-0.60298],[117.04095,-0.60207],[117.03826,-0.60207],[117.03826,-0.60339],[117.03248,-0.60339],[117.03248,-0.60429],[117.03158,-0.60429],[117.03158,-0.60705],[117.03113,-0.60705],[117.03113,-0.60841],[117.02905,-0.60841],[117.02905,-0.61067],[117.02995,-0.61067],[117.02995,-0.61248],[117.03023,-0.61248],[117.03023,-0.6183],[117.02995,-0.6183],[117.02995,-0.61921],[117.02905,-0.61921],[117.02905,-0.62038],[117.01333,-0.62038],[117.01333,-0.6175],[117.02286,-0.6175],[117.02286,-0.6166],[117.02421,-0.6166],[117.02421,-0.6157],[117.02691,-0.6157],[117.02691,-0.60674],[117.02915,-0.60674],[117.02915,-0.60583],[117.03005,-0.60583],[117.03005,-0.60197],[117.0283,-0.60197],[117.0283,-0.60112],[117.02583,-0.60112],[117.02583,-0.60043],[117.01959,-0.60043],[117.01959,-0.59242],[117.02229,-0.59242],[117.02229,-0.5985],[117.03679,-0.5985],[117.03679,-0.56371],[117.02115,-0.56371],[117.02115,-0.56087],[117.02346,-0.56087],[117.02346,-0.55899],[117.03509,-0.55899],[117.03509,-0.55764],[117.03644,-0.55764],[117.03644,-0.54822],[117.03999,-0.54822],[117.03999,-0.53689],[117.0376,-0.53689],[117.0376,-0.53448],[117.03165,-0.53448],[117.03165,-0.53242],[117.02896,-0.53242],[117.02896,-0.53028],[117.02646,-0.53028],[117.02646,-0.52736],[117.02203,-0.52736],[117.02203,-0.54222],[117.00972,-0.54222],[117.00972,-0.56028],[116.995,-0.56028],[116.995,-0.57333],[116.98167,-0.57333],[116.98167,-0.58472],[116.95639,-0.58472],[116.95639,-0.59472],[116.945,-0.59472],[116.945,-0.6275],[116.95194,-0.6275],[116.95194,-0.69722],[116.88889,-0.69722],[116.88889,-0.71667],[116.88889,-0.71667],[116.88889,-0.71974],[116.89193,-0.71974],[116.89193,-0.73417],[116.84639,-0.73417],[116.84639,-0.70667],[116.83722,-0.70667],[116.83722,-0.71806],[116.83167,-0.71806],[116.83167,-0.73167],[116.78611,-0.73167],[116.78611,-0.68306],[116.80083,-0.68306],[116.80083,-0.67194],[116.81583,-0.67194],[116.81583,-0.66083],[116.8325,-0.66083],[116.8325,-0.64917],[116.84444,-0.64917],[116.84444,-0.63833],[116.85972,-0.63833],[116.85972,-0.62361],[116.87,-0.62361],[116.87,-0.60889],[116.88083,-0.60889],[116.88083,-0.59472],[116.89111,-0.59472],[116.89111,-0.58056],[116.90083,-0.58056],[116.90083,-0.57539],[116.9421,-0.57539],[116.9421,-0.55077],[116.95232,-0.55077],[116.95232,-0.52255],[116.97591,-0.52255],[116.97591,-0.5],[117,-0.5],[117,-0.48667],[117.01358,-0.48667],[117.01358,-0.49101],[117.01576,-0.49101],[117.01576,-0.5009],[117.01835,-0.5009],[117.01835,-0.51842],[117.02005,-0.51842],[117.02005,-0.52259],[117.04249,-0.52259],[117.04249,-0.43667],[117.05381,-0.43667],[117.05381,-0.42502],[117.06533,-0.42502],[117.06533,-0.42733],[117.06533,-0.42733],[117.06533,-0.44361],[117.06534,-0.44361],[117.06534,-0.45628],[117.066,-0.45628],[117.066,-0.45991],[117.06533,-0.45991],[117.06533,-0.46352],[117.06534,-0.46352],[117.06534,-0.47438],[117.066,-0.47438],[117.066,-0.4771],[117.06533,-0.4771],[117.06533,-0.48343],[117.06533,-0.48343],[117.06533,-0.55043],[117.04194,-0.55043]]]}},{"type":"Feature","properties":{"nama_usaha":"NUANSACIPTA COAL INVESTMENT","badan_usaha":"PT","jenis_izin":"IUP","komoditas":"BATUBARA","kegiatan":"OPERASI PRODUKSI","luas_ha":2003,"kabupaten":"KOTA SAMARINDA","berlaku_hingga":2027},"geometry":{"type":"Polygon","coordinates":[[[117.15,-0.63889],[117.15,-0.6],[117.19167,-0.6],[117.19167,-0.63889],[117.15,-0.63889]]]}},{"type":"Feature","properties":{"nama_usaha":"FAMILY GROUP","badan_usaha":"PT","jenis_izin":"IUP","komoditas":"BATUBARA","kegiatan":"OPERASI PRODUKSI","luas_ha":4586,"kabupaten":"KUTAI BARAT","berlaku_hingga":2030},"geometry":{"type":"Polygon","coordinates":[[[115.45319,-0.0951],[115.45319,-0.12549],[115.40163,-0.12549],[115.40163,-0.13714],[115.37182,-0.13714],[115.37182,-0.18068],[115.34906,-0.18068],[115.34906,-0.14263],[115.35243,-0.14263],[115.35243,-0.14012],[115.35549,-0.14012],[115.35549,-0.13636],[115.35828,-0.13636],[115.35828,-0.13259],[115.36121,-0.13259],[115.36121,-0.12855],[115.36399,-0.12855],[115.36399,-0.12507],[115.36762,-0.12507],[115.36762,-0.12047],[115.37083,-0.12047],[115.37083,-0.11643],[115.37473,-0.11643],[115.37473,-0.11155],[115.37905,-0.11155],[115.37905,-0.10653],[115.38295,-0.10653],[115.38295,-0.10109],[115.38755,-0.10109],[115.38755,-0.0951],[115.45319,-0.0951]]]}},{"type":"Feature","properties":{"nama_usaha":"ENERGI BATU HITAM","badan_usaha":"PT","jenis_izin":"IUP","komoditas":"BATUBARA","kegiatan":"OPERASI PRODUKSI","luas_ha":5000,"kabupaten":"KUTAI BARAT","berlaku_hingga":2029},"geometry":{"type":"Polygon","coordinates":[[[115.79531,-0.54407],[115.80263,-0.54407],[115.80263,-0.53808],[115.80574,-0.53808],[115.80574,-0.53565],[115.80929,-0.53565],[115.80929,-0.52011],[115.83176,-0.52011],[115.83176,-0.47488],[115.8581,-0.47488],[115.8581,-0.48333],[115.8749,-0.48333],[115.8749,-0.5086],[115.8998,-0.5086],[115.8998,-0.5332],[115.8749,-0.5332],[115.8749,-0.5414],[115.85444,-0.5414],[115.85444,-0.5336],[115.84028,-0.5336],[115.84028,-0.5358],[115.83611,-0.5358],[115.83611,-0.53817],[115.82722,-0.53817],[115.82722,-0.5427],[115.8225,-0.5427],[115.8225,-0.55601],[115.79531,-0.55601],[115.79531,-0.54407]]]}},{"type":"Feature","properties":{"nama_usaha":"SURYA TAMBANG TOLINDO","badan_usaha":"PT","jenis_izin":"IUP","komoditas":"BATUBARA","kegiatan":"OPERASI PRODUKSI","luas_ha":4600,"kabupaten":"KUTAI BARAT","berlaku_hingga":2032},"geometry":{"type":"Polygon","coordinates":[[[115.63796,-0.682],[115.61048,-0.682],[115.61048,-0.6568],[115.62285,-0.6568],[115.62285,-0.64078],[115.65036,-0.64078],[115.65036,-0.64983],[115.69643,-0.64983],[115.69643,-0.68114],[115.70269,-0.68114],[115.70269,-0.69644],[115.66997,-0.69644],[115.66997,-0.69209],[115.66997,-0.69192],[115.63796,-0.69192],[115.63796,-0.682]]]}},{"type":"Feature","properties":{"nama_usaha":"TRUBAINDO COAL MINING","badan_usaha":"PT","jenis_izin":"PKP2B","komoditas":"BATUBARA","kegiatan":"OPERASI PRODUKSI","luas_ha":22573.4,"kabupaten":"KUTAI BARAT","berlaku_hingga":2035},"geometry":{"type":"MultiPolygon","coordinates":[[[[115.52253,-0.86131],[115.52253,-0.85164],[115.51225,-0.85164],[115.51225,-0.83983],[115.5,-0.83983],[115.5,-0.82303],[115.55314,-0.82303],[115.55314,-0.81853],[115.56211,-0.81853],[115.56211,-0.814],[115.57111,-0.814],[115.57111,-0.80947],[115.58008,-0.80947],[115.58008,-0.80044],[115.58908,-0.80044],[115.58908,-0.79139],[115.60256,-0.79139],[115.60256,-0.78689],[115.61606,-0.78689],[115.61606,-0.78236],[115.62503,-0.78236],[115.62503,-0.77783],[115.643,-0.77783],[115.643,-0.77333],[115.652,-0.77333],[115.652,-0.76881],[115.66547,-0.76881],[115.66547,-0.75978],[115.67444,-0.75978],[115.67444,-0.74167],[115.66997,-0.74167],[115.66997,-0.73717],[115.66097,-0.73717],[115.66097,-0.72808],[115.62056,-0.72808],[115.62056,-0.73261],[115.61156,-0.73261],[115.61156,-0.73714],[115.60708,-0.73714],[115.60708,-0.74167],[115.60258,-0.74167],[115.60258,-0.74617],[115.59358,-0.74617],[115.59358,-0.75067],[115.58461,-0.75067],[115.58461,-0.75522],[115.57564,-0.75522],[115.57564,-0.75972],[115.55767,-0.75972],[115.55767,-0.76425],[115.51722,-0.76425],[115.51722,-0.76875],[115.5,-0.76875],[115.5,-0.75067],[115.54867,-0.75067],[115.54867,-0.74617],[115.56214,-0.74617],[115.56214,-0.74164],[115.56667,-0.74164],[115.56667,-0.73711],[115.57564,-0.73711],[115.57564,-0.73339],[115.58461,-0.73339],[115.58461,-0.72808],[115.59361,-0.72808],[115.59361,-0.72356],[115.59808,-0.72356],[115.59808,-0.71906],[115.60258,-0.71906],[115.60258,-0.71453],[115.60833,-0.71453],[115.60833,-0.70094],[115.61608,-0.70094],[115.61608,-0.69192],[115.66997,-0.69192],[115.66997,-0.69644],[115.72839,-0.69644],[115.72839,-0.75],[115.68833,-0.75],[115.68833,-0.78222],[115.66994,-0.78222],[115.66994,-0.78833],[115.6525,-0.78833],[115.6525,-0.79594],[115.643,-0.79594],[115.643,-0.8],[115.63333,-0.8],[115.63333,-0.80497],[115.62053,-0.80497],[115.62053,-0.81083],[115.6075,-0.81083],[115.6075,-0.81853],[115.60256,-0.81853],[115.60256,-0.82306],[115.59583,-0.82306],[115.59583,-0.82758],[115.58908,-0.82758],[115.58908,-0.83333],[115.575,-0.83333],[115.575,-0.84167],[115.5625,-0.84167],[115.5625,-0.85017],[115.54414,-0.85017],[115.54414,-0.86131],[115.53181,-0.86131],[115.5318,-0.86118],[115.53173,-0.86091],[115.53167,-0.86083],[115.5314,-0.86083],[115.53077,-0.86089],[115.53039,-0.86096],[115.52998,-0.86106],[115.52925,-0.86131],[115.52253,-0.86131]]],[[[115.71494,-0.51556],[115.71944,-0.51556],[115.71944,-0.5562],[115.7194,-0.5562],[115.7194,-0.5668],[115.72392,-0.5668],[115.72392,-0.57889],[115.74167,-0.57889],[115.74167,-0.58333],[115.76667,-0.58333],[115.76667,-0.60833],[115.75833,-0.60833],[115.75833,-0.61506],[115.74167,-0.61506],[115.74167,-0.61958],[115.73289,-0.61958],[115.73289,-0.62411],[115.69694,-0.62411],[115.69694,-0.606],[115.69247,-0.606],[115.69247,-0.52458],[115.69697,-0.52458],[115.69697,-0.47486],[115.70144,-0.47486],[115.70144,-0.46131],[115.72394,-0.46131],[115.72394,-0.47033],[115.71944,-0.47033],[115.71944,-0.48842],[115.715,-0.48842],[115.715,-0.48844],[115.71494,-0.48844],[115.71494,-0.51556]]]]}},{"type":"Feature","properties":{"nama_usaha":"BHARINTO EKATAMA","badan_usaha":"PT","jenis_izin":"PKP2B","komoditas":"BATUBARA","kegiatan":"OPERASI PRODUKSI","luas_ha":17311,"kabupaten":"KUTAI BARAT, BARITO UTARA","berlaku_hingga":2041},"geometry":{"type":"Polygon","coordinates":[[[115.47697,-0.8758],[115.47684,-0.87564],[115.47651,-0.87519],[115.47629,-0.87492],[115.47621,-0.87479],[115.47616,-0.87465],[115.47615,-0.8745],[115.47616,-0.87436],[115.4763,-0.87398],[115.47632,-0.87385],[115.47629,-0.87371],[115.47623,-0.87359],[115.47613,-0.87348],[115.47599,-0.87339],[115.47551,-0.87312],[115.47536,-0.873],[115.47523,-0.87284],[115.47511,-0.87263],[115.47474,-0.87189],[115.47461,-0.87166],[115.47425,-0.87112],[115.47419,-0.87098],[115.47416,-0.87088],[115.47417,-0.87083],[115.47405,-0.8708],[115.47382,-0.87082],[115.4735,-0.87088],[115.47312,-0.871],[115.47274,-0.8712],[115.47244,-0.87143],[115.47216,-0.8717],[115.4719,-0.87201],[115.47143,-0.87262],[115.47123,-0.87292],[115.47105,-0.87327],[115.47078,-0.87391],[115.47062,-0.87417],[115.47043,-0.87437],[115.47023,-0.87447],[115.47001,-0.8745],[115.46979,-0.87448],[115.46957,-0.87441],[115.46936,-0.87429],[115.46895,-0.87399],[115.46871,-0.87384],[115.46836,-0.8737],[115.46797,-0.87361],[115.46754,-0.87354],[115.4671,-0.87351],[115.46665,-0.87351],[115.4662,-0.87353],[115.46576,-0.87358],[115.46534,-0.87366],[115.46472,-0.87383],[115.46434,-0.87391],[115.46395,-0.87396],[115.46355,-0.87399],[115.46314,-0.87399],[115.46274,-0.87398],[115.46235,-0.87393],[115.46198,-0.87386],[115.46138,-0.8737],[115.46101,-0.87362],[115.46062,-0.87358],[115.46024,-0.87356],[115.45986,-0.87357],[115.4588,-0.87368],[115.45844,-0.87367],[115.45806,-0.87364],[115.4569,-0.87343],[115.45617,-0.87334],[115.45583,-0.87333],[115.45584,-0.87398],[115.45583,-0.87407],[115.4558,-0.87414],[115.45573,-0.87416],[115.45564,-0.87417],[115.455,-0.87417],[115.45484,-0.87412],[115.45451,-0.87408],[115.45407,-0.87406],[115.45355,-0.87407],[115.45298,-0.87416],[115.45239,-0.87436],[115.45179,-0.87466],[115.45121,-0.87505],[115.4507,-0.87554],[115.45027,-0.87609],[115.44955,-0.87718],[115.44922,-0.87764],[115.44886,-0.87807],[115.44848,-0.87845],[115.44809,-0.87878],[115.44768,-0.87906],[115.44726,-0.87928],[115.44683,-0.87941],[115.44639,-0.87947],[115.44592,-0.87951],[115.44545,-0.87952],[115.44494,-0.87948],[115.44443,-0.87937],[115.44392,-0.87919],[115.44117,-0.87805],[115.44063,-0.87778],[115.44015,-0.87748],[115.43969,-0.87717],[115.43887,-0.87657],[115.43845,-0.87636],[115.43804,-0.87621],[115.43762,-0.87618],[115.4372,-0.87624],[115.43676,-0.87638],[115.43587,-0.87676],[115.43498,-0.87719],[115.43455,-0.87738],[115.43409,-0.87749],[115.43362,-0.87752],[115.43317,-0.87747],[115.43272,-0.87739],[115.43227,-0.87729],[115.43135,-0.87712],[115.43089,-0.877],[115.43043,-0.87681],[115.42999,-0.87654],[115.42957,-0.87623],[115.42791,-0.87465],[115.42681,-0.87367],[115.42567,-0.87257],[115.42456,-0.87157],[115.4241,-0.87111],[115.42375,-0.87068],[115.4235,-0.87034],[115.42335,-0.87011],[115.42333,-0.87],[115.42191,-0.86997],[115.42121,-0.87],[115.4209,-0.87004],[115.42065,-0.8701],[115.42047,-0.87019],[115.42031,-0.87031],[115.42021,-0.87049],[115.42013,-0.87069],[115.42008,-0.87091],[115.41995,-0.87162],[115.41989,-0.87183],[115.4198,-0.87203],[115.41969,-0.87219],[115.41953,-0.87231],[115.41933,-0.87239],[115.41912,-0.87246],[115.41842,-0.87259],[115.41797,-0.8727],[115.41777,-0.87278],[115.41727,-0.87312],[115.41707,-0.8732],[115.41685,-0.87326],[115.41637,-0.87333],[115.41585,-0.87335],[115.41532,-0.87334],[115.41505,-0.87331],[115.41476,-0.87324],[115.41448,-0.87315],[115.41422,-0.87303],[115.41365,-0.87261],[115.4135,-0.87253],[115.41339,-0.87249],[115.41333,-0.8725],[115.41332,-0.87201],[115.41334,-0.87186],[115.41337,-0.87177],[115.4134,-0.87174],[115.41349,-0.8717],[115.41391,-0.87166],[115.41406,-0.87162],[115.4141,-0.87159],[115.41415,-0.87151],[115.41417,-0.8714],[115.41418,-0.87122],[115.41417,-0.87104],[115.41414,-0.87094],[115.41411,-0.8709],[115.41403,-0.87085],[115.41384,-0.87082],[115.41333,-0.87083],[115.41317,-0.87085],[115.4128,-0.87081],[115.41258,-0.87076],[115.41236,-0.87068],[115.41216,-0.87057],[115.41199,-0.87042],[115.41186,-0.87025],[115.41175,-0.87006],[115.4116,-0.86971],[115.41151,-0.86956],[115.41139,-0.86944],[115.41123,-0.86935],[115.41103,-0.86928],[115.41058,-0.86921],[115.41008,-0.86919],[115.40879,-0.86918],[115.40832,-0.86913],[115.40811,-0.86908],[115.40792,-0.86901],[115.40776,-0.8689],[115.40765,-0.86875],[115.40757,-0.86857],[115.40752,-0.86835],[115.40746,-0.86788],[115.40745,-0.86683],[115.4075,-0.86333],[115.40499,-0.8633],[115.40355,-0.8633],[115.40242,-0.86335],[115.40207,-0.86339],[115.40173,-0.86345],[115.40142,-0.86353],[115.40115,-0.86365],[115.40098,-0.86375],[115.39983,-0.86456],[115.39966,-0.86466],[115.3994,-0.86477],[115.39911,-0.86486],[115.39881,-0.86492],[115.39785,-0.86507],[115.39724,-0.86521],[115.39697,-0.8653],[115.39642,-0.86559],[115.39619,-0.8657],[115.39547,-0.86598],[115.39524,-0.86608],[115.39471,-0.86638],[115.39443,-0.86648],[115.3941,-0.86654],[115.39371,-0.86656],[115.39331,-0.86655],[115.39291,-0.8665],[115.39253,-0.86643],[115.3922,-0.86633],[115.39193,-0.86621],[115.39175,-0.86607],[115.39167,-0.86597],[115.39165,-0.86589],[115.39167,-0.86583],[115.3913,-0.86581],[115.39095,-0.86577],[115.38958,-0.86554],[115.38924,-0.86551],[115.3882,-0.86547],[115.38719,-0.86538],[115.38676,-0.86536],[115.38635,-0.86537],[115.38595,-0.86542],[115.38535,-0.86551],[115.38479,-0.86556],[115.3842,-0.86559],[115.38359,-0.86559],[115.38297,-0.86556],[115.38237,-0.8655],[115.3818,-0.86541],[115.38128,-0.86528],[115.38021,-0.86495],[115.37973,-0.86485],[115.3795,-0.86484],[115.37926,-0.86487],[115.37904,-0.86493],[115.37852,-0.86516],[115.37823,-0.86533],[115.37797,-0.86555],[115.37774,-0.86581],[115.37755,-0.86611],[115.37737,-0.86643],[115.37713,-0.86694],[115.377,-0.86735],[115.37691,-0.86778],[115.37686,-0.86821],[115.37681,-0.86915],[115.37678,-0.8694],[115.37672,-0.86965],[115.37664,-0.8699],[115.37644,-0.87038],[115.37527,-0.87269],[115.37512,-0.87299],[115.37487,-0.87362],[115.37476,-0.87395],[115.37468,-0.87428],[115.37463,-0.87461],[115.37452,-0.87569],[115.37446,-0.87609],[115.37439,-0.87641],[115.3743,-0.87661],[115.37423,-0.87667],[115.37417,-0.87667],[115.37406,-0.87668],[115.37384,-0.87663],[115.37354,-0.87652],[115.37159,-0.87551],[115.37113,-0.87531],[115.37066,-0.87514],[115.3694,-0.87476],[115.36877,-0.87456],[115.36832,-0.87445],[115.36785,-0.87437],[115.36637,-0.87417],[115.36589,-0.8741],[115.36543,-0.874],[115.36501,-0.87387],[115.36463,-0.87369],[115.36438,-0.87352],[115.36394,-0.87311],[115.36375,-0.87288],[115.36354,-0.87254],[115.36303,-0.87137],[115.36283,-0.87101],[115.36259,-0.87069],[115.3623,-0.87043],[115.36196,-0.87022],[115.36125,-0.86985],[115.36092,-0.86965],[115.36066,-0.86941],[115.36048,-0.86915],[115.36038,-0.86885],[115.36032,-0.86853],[115.36032,-0.86821],[115.36037,-0.86789],[115.36045,-0.86765],[115.36086,-0.86663],[115.36095,-0.86632],[115.361,-0.86597],[115.36101,-0.8656],[115.36088,-0.86375],[115.36083,-0.8625],[115.35873,-0.86246],[115.3578,-0.86248],[115.35739,-0.86253],[115.3572,-0.86257],[115.35704,-0.86264],[115.35691,-0.86274],[115.35682,-0.86286],[115.35675,-0.863],[115.35655,-0.86364],[115.3565,-0.86379],[115.35642,-0.86392],[115.35633,-0.86403],[115.356,-0.86433],[115.35564,-0.86481],[115.35531,-0.8651],[115.35521,-0.86521],[115.35513,-0.86536],[115.35507,-0.86553],[115.35503,-0.86572],[115.3549,-0.86661],[115.35484,-0.86684],[115.35476,-0.86706],[115.35466,-0.86725],[115.35454,-0.86738],[115.35442,-0.86746],[115.35431,-0.8675],[115.35422,-0.86752],[115.35417,-0.8675],[115.35289,-0.86751],[115.3527,-0.8675],[115.3526,-0.86746],[115.35256,-0.86744],[115.35254,-0.8674],[115.3525,-0.8673],[115.35249,-0.86711],[115.3525,-0.86583],[115.35167,-0.86583],[115.35165,-0.86575],[115.35165,-0.86556],[115.35168,-0.86528],[115.35174,-0.86496],[115.35184,-0.8646],[115.35199,-0.86424],[115.3522,-0.86391],[115.35293,-0.86301],[115.35312,-0.86272],[115.35357,-0.8619],[115.35389,-0.86139],[115.35442,-0.86025],[115.35473,-0.85973],[115.35514,-0.85889],[115.3553,-0.85863],[115.35604,-0.85771],[115.35685,-0.85685],[115.35728,-0.85645],[115.35769,-0.85602],[115.35812,-0.85562],[115.35854,-0.85521],[115.35944,-0.85444],[115.35998,-0.85407],[115.36027,-0.85384],[115.36055,-0.85356],[115.36079,-0.85325],[115.361,-0.85292],[115.36161,-0.85187],[115.36166,-0.85173],[115.36167,-0.85167],[115.36157,-0.85167],[115.36135,-0.85164],[115.36123,-0.85161],[115.36112,-0.85155],[115.36101,-0.85147],[115.36093,-0.85137],[115.36067,-0.851],[115.36059,-0.85094],[115.36032,-0.85079],[115.36017,-0.85067],[115.36012,-0.85058],[115.36005,-0.85036],[115.36002,-0.85],[115.36667,-0.85],[115.36667,-0.84167],[115.375,-0.84167],[115.375,-0.83333],[115.38333,-0.83333],[115.38333,-0.825],[115.39167,-0.825],[115.39167,-0.80833],[115.4,-0.80833],[115.4,-0.8],[115.40833,-0.8],[115.40833,-0.78333],[115.41889,-0.78333],[115.41889,-0.77317],[115.43211,-0.77317],[115.43211,-0.78389],[115.44689,-0.78389],[115.44689,-0.79172],[115.45608,-0.79172],[115.45608,-0.79972],[115.45861,-0.79972],[115.45861,-0.80947],[115.45,-0.80947],[115.45,-0.825],[115.44167,-0.825],[115.44167,-0.83333],[115.43333,-0.83333],[115.43333,-0.84167],[115.45833,-0.84167],[115.45833,-0.83333],[115.48333,-0.83333],[115.48333,-0.8322],[115.5,-0.8322],[115.5,-0.83983],[115.51225,-0.83983],[115.51225,-0.85164],[115.52253,-0.85164],[115.52253,-0.86131],[115.4917,-0.86131],[115.4917,-0.8696],[115.4876,-0.8696],[115.4876,-0.87153],[115.48746,-0.87143],[115.48709,-0.87125],[115.4867,-0.87119],[115.48632,-0.87125],[115.48591,-0.87139],[115.48551,-0.87161],[115.48509,-0.87187],[115.48332,-0.87317],[115.48284,-0.87357],[115.48235,-0.87409],[115.48186,-0.87468],[115.48141,-0.87535],[115.48114,-0.8758],[115.47697,-0.8758]]]}},{"type":"Feature","properties":{"nama_usaha":"LIMBUH","badan_usaha":"CV","jenis_izin":"IUP","komoditas":"BATUBARA","kegiatan":"OPERASI PRODUKSI","luas_ha":1209.2,"kabupaten":"KOTA SAMARINDA","berlaku_hingga":2026},"geometry":{"type":"Polygon","coordinates":[[[117.19167,-0.46944],[117.19167,-0.47222],[117.19722,-0.47222],[117.19722,-0.46389],[117.20694,-0.46389],[117.20694,-0.46806],[117.21667,-0.46806],[117.21667,-0.48333],[117.21028,-0.48333],[117.21028,-0.48611],[117.20944,-0.48611],[117.20944,-0.48944],[117.20611,-0.48944],[117.20611,-0.49278],[117.19167,-0.49278],[117.19167,-0.5],[117.175,-0.5],[117.175,-0.50278],[117.16944,-0.50278],[117.16944,-0.49611],[117.17083,-0.49611],[117.17083,-0.48694],[117.18083,-0.48694],[117.18083,-0.48222],[117.18778,-0.48222],[117.18778,-0.48333],[117.18972,-0.48333],[117.18972,-0.48111],[117.18472,-0.48111],[117.18472,-0.47667],[117.18694,-0.47667],[117.18694,-0.47472],[117.18444,-0.47472],[117.18444,-0.47028],[117.1875,-0.47028],[117.1875,-0.46944],[117.19167,-0.46944]]]}},{"type":"Feature","properties":{"nama_usaha":"KARYA DESA","badan_usaha":"PT","jenis_izin":"IUP","komoditas":"Batubara","kegiatan":"SANKSI (PENGHENTIAN SEMENTARA)","luas_ha":98.6,"kabupaten":"KAB. KUTAI KARTANEGARA","berlaku_hingga":2027},"geometry":{"type":"Polygon","coordinates":[[[117.03583,-0.38564],[117.02694,-0.38564],[117.02694,-0.37667],[117.03583,-0.37667],[117.03583,-0.38564]]]}},{"type":"Feature","properties":{"nama_usaha":"BARA ENERGI KALTIM","badan_usaha":"CV","jenis_izin":"IUP","komoditas":"BATUBARA","kegiatan":"OPERASI PRODUKSI","luas_ha":196.7,"kabupaten":"KOTA SAMARINDA","berlaku_hingga":2028},"geometry":{"type":"Polygon","coordinates":[[[117.13222,-0.52917],[117.13222,-0.52139],[117.13556,-0.52139],[117.13556,-0.53111],[117.15,-0.53111],[117.15,-0.54583],[117.14722,-0.54583],[117.14722,-0.53889],[117.14028,-0.53889],[117.14028,-0.53167],[117.13056,-0.53167],[117.13056,-0.53472],[117.12639,-0.53472],[117.12639,-0.53472],[117.12639,-0.52917],[117.12639,-0.52917],[117.13222,-0.52917]]]}},{"type":"Feature","properties":{"nama_usaha":"BISMILLAH RES KALTIM","badan_usaha":"CV","jenis_izin":"IUP","komoditas":"BATUBARA","kegiatan":"OPERASI PRODUKSI","luas_ha":100.3,"kabupaten":"KOTA SAMARINDA","berlaku_hingga":2028},"geometry":{"type":"Polygon","coordinates":[[[117.20833,-0.43472],[117.20833,-0.43889],[117.21389,-0.43889],[117.21389,-0.44167],[117.20556,-0.44167],[117.20556,-0.43889],[117.20417,-0.43889],[117.20417,-0.44028],[117.19722,-0.44028],[117.19722,-0.43889],[117.19583,-0.43889],[117.19583,-0.43556],[117.19889,-0.43556],[117.19889,-0.43528],[117.20056,-0.43528],[117.20056,-0.435],[117.20167,-0.435],[117.20167,-0.43472],[117.20833,-0.43472]]]}},{"type":"Feature","properties":{"nama_usaha":"RINDA KALTIM ANUGERAH","badan_usaha":"CV","jenis_izin":"IUP","komoditas":"BATUBARA","kegiatan":"OPERASI PRODUKSI","luas_ha":137.4,"kabupaten":"KOTA SAMARINDA","berlaku_hingga":2029},"geometry":{"type":"Polygon","coordinates":[[[117.21584,-0.42722],[117.22083,-0.42722],[117.22083,-0.42583],[117.22028,-0.42583],[117.22028,-0.425],[117.225,-0.425],[117.225,-0.42917],[117.22778,-0.42917],[117.22778,-0.43333],[117.22667,-0.43333],[117.22667,-0.435],[117.22111,-0.435],[117.22111,-0.42944],[117.22056,-0.42944],[117.22056,-0.42778],[117.21889,-0.42778],[117.21889,-0.42944],[117.21833,-0.42944],[117.21833,-0.43333],[117.2125,-0.43333],[117.2125,-0.43292],[117.21111,-0.43292],[117.21111,-0.43333],[117.21111,-0.43333],[117.21111,-0.43889],[117.20833,-0.43889],[117.20833,-0.43472],[117.20444,-0.43472],[117.20444,-0.43389],[117.20611,-0.43389],[117.20611,-0.43333],[117.20681,-0.43333],[117.20681,-0.43333],[117.20681,-0.43389],[117.20806,-0.43389],[117.20806,-0.43458],[117.21014,-0.43458],[117.21014,-0.43292],[117.20944,-0.43292],[117.20944,-0.43222],[117.20944,-0.43167],[117.21111,-0.43167],[117.21111,-0.43056],[117.21278,-0.43056],[117.21278,-0.42944],[117.21389,-0.42944],[117.21389,-0.42833],[117.215,-0.42833],[117.215,-0.42722],[117.21584,-0.42722]]]}},{"type":"Feature","properties":{"nama_usaha":"BUMI LAKSANA PERKASA","badan_usaha":"PT","jenis_izin":"PKP2B","komoditas":"BATUBARA","kegiatan":"OPERASI PRODUKSI","luas_ha":11330,"kabupaten":"KUTAI TIMUR","berlaku_hingga":2049},"geometry":{"type":"Polygon","coordinates":[[[116.75833,1.09167],[116.75833,1],[116.65833,1],[116.65833,1.09167],[116.75833,1.09167]]]}},{"type":"Feature","properties":{"nama_usaha":"BINA INSAN SUKSES MANDIRI","badan_usaha":"PT","jenis_izin":"IUP","komoditas":"BATUBARA","kegiatan":"OPERASI PRODUKSI","luas_ha":5000,"kabupaten":"KUTAI BARAT","berlaku_hingga":2027},"geometry":{"type":"Polygon","coordinates":[[[115.81396,-0.03465],[115.81396,-0.04795],[115.84492,-0.04795],[115.8449,-0.0836],[115.78216,-0.08365],[115.78216,-0.08642],[115.7613,-0.0864],[115.76131,-0.04659],[115.73815,-0.04659],[115.73815,-0.03465],[115.81396,-0.03465]]]}},{"type":"Feature","properties":{"nama_usaha":"BUMI JAYA PRIMA ETAM","badan_usaha":"PT","jenis_izin":"IUP","komoditas":"BATUBARA","kegiatan":"OPERASI PRODUKSI","luas_ha":739.9,"kabupaten":"KUTAI KARTANEGARA","berlaku_hingga":2027},"geometry":{"type":"Polygon","coordinates":[[[116.52807,-0.44476],[116.50607,-0.44476],[116.50607,-0.42986],[116.51363,-0.42986],[116.51363,-0.41111],[116.52819,-0.41111],[116.52807,-0.44476]]]}},{"type":"Feature","properties":{"nama_usaha":"SINAR KUMALA NAGA","badan_usaha":"PT","jenis_izin":"IUP","komoditas":"BATUBARA","kegiatan":"OPERASI PRODUKSI","luas_ha":2649,"kabupaten":"KUTAI KARTANEGARA","berlaku_hingga":2029},"geometry":{"type":"Polygon","coordinates":[[[117.32167,-0.468],[117.32361,-0.468],[117.32361,-0.47083],[117.3325,-0.47083],[117.3325,-0.47278],[117.3325,-0.53578],[117.3325,-0.56136],[117.30667,-0.56119],[117.30667,-0.51662],[117.31042,-0.51662],[117.31128,-0.51662],[117.31128,-0.51731],[117.31356,-0.51731],[117.31356,-0.51586],[117.31556,-0.51586],[117.31556,-0.5135],[117.31797,-0.5135],[117.31797,-0.5105],[117.32042,-0.5105],[117.32161,-0.5105],[117.32161,-0.50469],[117.32369,-0.50469],[117.32369,-0.49958],[117.32131,-0.49958],[117.32131,-0.50167],[117.32042,-0.50167],[117.31972,-0.50167],[117.31972,-0.49887],[117.31222,-0.49887],[117.31222,-0.48944],[117.31722,-0.48944],[117.31722,-0.47231],[117.31722,-0.47181],[117.30583,-0.47181],[117.30583,-0.47231],[117.3,-0.47231],[117.3,-0.45833],[117.30217,-0.45833],[117.31847,-0.45833],[117.32167,-0.45833],[117.32167,-0.468]]]}},{"type":"Feature","properties":{"nama_usaha":"CAHAYA BELAWAN SEJAHTERA","badan_usaha":"CV","jenis_izin":"IUP","komoditas":"BATUBARA","kegiatan":"OPERASI PRODUKSI","luas_ha":183.1,"kabupaten":"KUTAI KARTANEGARA","berlaku_hingga":2028},"geometry":{"type":"Polygon","coordinates":[[[117.27247,-0.35462],[117.27247,-0.3525],[117.27382,-0.3525],[117.27382,-0.34687],[117.27618,-0.34687],[117.27618,-0.34519],[117.27778,-0.34519],[117.27778,-0.33334],[117.28199,-0.33334],[117.28199,-0.32976],[117.28334,-0.32976],[117.28334,-0.32686],[117.28758,-0.32686],[117.28758,-0.33475],[117.27861,-0.33475],[117.27861,-0.35994],[117.27353,-0.35994],[117.27353,-0.35964],[117.27182,-0.35964],[117.27182,-0.35994],[117.27003,-0.35994],[117.27003,-0.36086],[117.26936,-0.36086],[117.26936,-0.35462],[117.27247,-0.35462]]]}},{"type":"Feature","properties":{"nama_usaha":"MARUWAI COAL","badan_usaha":"PT","jenis_izin":"PKP2B","komoditas":"BATUBARA","kegiatan":"OPERASI PRODUKSI","luas_ha":24990,"kabupaten":"MURUNG RAYA, MAHAKAM ULU","berlaku_hingga":2047},"geometry":{"type":"Polygon","coordinates":[[[114.90333,-0.04083],[114.90722,-0.04083],[114.90722,-0.02417],[114.89639,-0.02417],[114.89639,0.00167],[114.88806,0.00167],[114.88806,0.02917],[114.88361,0.02917],[114.88361,0.03556],[114.87028,0.03556],[114.87028,0.04694],[114.86667,0.04694],[114.86667,0.05417],[114.85833,0.05417],[114.85833,0.06278],[114.86417,0.06278],[114.86417,0.08667],[114.85833,0.08667],[114.85833,0.09333],[114.85222,0.09333],[114.85222,0.11361],[114.84694,0.11361],[114.84694,0.11694],[114.84167,0.11694],[114.84167,0.12361],[114.84694,0.12361],[114.84694,0.13056],[114.84528,0.13056],[114.84528,0.13944],[114.85222,0.13944],[114.85222,0.1375],[114.85361,0.1375],[114.85361,0.13389],[114.8575,0.13389],[114.8575,0.13222],[114.85917,0.13222],[114.85917,0.12944],[114.86167,0.12944],[114.86167,0.12806],[114.86306,0.12806],[114.86306,0.12472],[114.87083,0.12472],[114.87083,0.12167],[114.87306,0.12167],[114.87306,0.11694],[114.86639,0.11694],[114.86639,0.10611],[114.85944,0.10611],[114.85944,0.09944],[114.86417,0.09944],[114.86417,0.09694],[114.86972,0.09694],[114.86972,0.09556],[114.88361,0.09556],[114.88361,0.08667],[114.87639,0.08667],[114.87639,0.05417],[114.88361,0.05417],[114.88361,0.04556],[114.88806,0.04556],[114.88806,0.03556],[114.89694,0.03556],[114.89694,0.03028],[114.90306,0.03028],[114.90306,0.02083],[114.90889,0.02083],[114.90889,0.01667],[114.91222,0.01667],[114.91222,0.0125],[114.91667,0.0125],[114.91667,-0.01667],[114.92417,-0.01667],[114.92417,-0.02806],[114.94361,-0.02806],[114.94361,-0.03778],[114.94583,-0.03778],[114.94583,-0.04722],[114.95833,-0.04722],[114.95833,-0.05083],[114.97,-0.05083],[114.97,-0.07194],[114.98306,-0.07194],[114.98306,-0.07667],[114.99889,-0.07667],[114.99889,-0.08139],[115.00139,-0.08139],[115.00139,-0.09194],[115.01667,-0.09194],[115.01667,-0.14444],[114.98611,-0.14444],[114.98611,-0.17583],[114.97333,-0.17583],[114.97333,-0.18861],[114.96833,-0.18861],[114.96833,-0.19417],[114.96028,-0.19417],[114.96028,-0.2],[114.93333,-0.2],[114.93333,-0.23333],[114.93274,-0.23333],[114.93263,-0.23321],[114.93218,-0.23285],[114.93109,-0.23213],[114.93055,-0.23171],[114.93007,-0.23124],[114.92971,-0.23074],[114.92943,-0.23022],[114.929,-0.22926],[114.9288,-0.22886],[114.9284,-0.2282],[114.92823,-0.2282],[114.92803,-0.22823],[114.92792,-0.22827],[114.92783,-0.22832],[114.92775,-0.2284],[114.9277,-0.22849],[114.92766,-0.22858],[114.92759,-0.22886],[114.92753,-0.22902],[114.92748,-0.22908],[114.9274,-0.22913],[114.92731,-0.22916],[114.9271,-0.2292],[114.92636,-0.22922],[114.92562,-0.22921],[114.92539,-0.22919],[114.9252,-0.22913],[114.92512,-0.22908],[114.92507,-0.22902],[114.92501,-0.22886],[114.92494,-0.22858],[114.92491,-0.22849],[114.92485,-0.2284],[114.92478,-0.22832],[114.92468,-0.22827],[114.92457,-0.22823],[114.92437,-0.2282],[114.9242,-0.2282],[114.92397,-0.22786],[114.92377,-0.22748],[114.92358,-0.22699],[114.92344,-0.22639],[114.92339,-0.22571],[114.92344,-0.22498],[114.92358,-0.22375],[114.92367,-0.22315],[114.92393,-0.22198],[114.92403,-0.2214],[114.92408,-0.2208],[114.92409,-0.22019],[114.92406,-0.21958],[114.924,-0.21899],[114.92389,-0.21842],[114.92372,-0.21789],[114.92347,-0.21736],[114.92319,-0.21685],[114.92256,-0.21588],[114.92222,-0.21542],[114.92184,-0.21499],[114.92144,-0.21459],[114.92047,-0.21375],[114.92028,-0.21355],[114.92028,-0.19702],[114.92035,-0.19691],[114.92116,-0.19556],[114.92186,-0.19444],[114.94778,-0.19444],[114.94778,-0.18361],[114.94167,-0.18361],[114.94167,-0.15833],[114.95,-0.15833],[114.95,-0.15278],[114.96306,-0.15278],[114.96306,-0.11944],[114.94806,-0.11944],[114.94806,-0.11556],[114.9229,-0.11556],[114.92292,-0.11548],[114.92299,-0.11484],[114.92298,-0.1142],[114.9229,-0.11356],[114.92263,-0.11237],[114.92231,-0.11115],[114.92217,-0.11048],[114.92205,-0.10977],[114.9217,-0.10688],[114.92149,-0.10556],[114.92141,-0.10488],[114.92137,-0.1042],[114.92137,-0.10296],[114.92134,-0.10238],[114.92126,-0.10181],[114.92111,-0.10127],[114.9209,-0.10077],[114.92064,-0.10029],[114.91963,-0.09872],[114.91921,-0.09791],[114.9189,-0.09718],[114.91861,-0.09635],[114.91838,-0.09549],[114.91787,-0.09324],[114.91774,-0.09276],[114.9176,-0.0924],[114.91495,-0.09242],[114.91418,-0.0924],[114.91368,-0.09237],[114.91322,-0.0923],[114.91302,-0.09224],[114.91284,-0.09216],[114.91237,-0.09183],[114.91218,-0.09175],[114.91198,-0.0917],[114.91175,-0.09166],[114.91127,-0.09161],[114.91076,-0.0916],[114.90813,-0.09159],[114.90788,-0.09158],[114.90763,-0.09154],[114.90739,-0.09146],[114.90718,-0.09133],[114.90701,-0.09114],[114.90691,-0.09095],[114.90684,-0.09074],[114.90679,-0.09032],[114.9068,-0.09],[114.90679,-0.0899],[114.90641,-0.08929],[114.90607,-0.08879],[114.9047,-0.08698],[114.90426,-0.08636],[114.90384,-0.08572],[114.90347,-0.08507],[114.90318,-0.08444],[114.90295,-0.08365],[114.90284,-0.08285],[114.90279,-0.08202],[114.90279,-0.0812],[114.90285,-0.0804],[114.90297,-0.07911],[114.903,-0.07843],[114.90302,-0.07719],[114.90305,-0.07661],[114.90314,-0.07602],[114.90356,-0.07415],[114.90374,-0.07351],[114.9041,-0.07235],[114.90445,-0.07117],[114.9046,-0.07054],[114.90471,-0.06989],[114.9048,-0.06925],[114.90502,-0.06751],[114.90515,-0.06701],[114.90537,-0.06648],[114.90562,-0.06594],[114.90584,-0.06539],[114.90598,-0.065],[114.90778,-0.065],[114.90778,-0.06053],[114.90782,-0.06039],[114.90793,-0.05976],[114.90798,-0.05912],[114.90796,-0.05848],[114.90787,-0.05785],[114.90778,-0.05747],[114.90778,-0.04889],[114.90531,-0.04889],[114.90522,-0.04861],[114.90491,-0.04783],[114.9046,-0.04722],[114.90439,-0.04687],[114.9042,-0.0466],[114.90365,-0.04638],[114.90333,-0.04629],[114.90333,-0.04083]]]}},{"type":"Feature","properties":{"nama_usaha":"KHOTAI MAKMUR INSAN ABADI","badan_usaha":"PT","jenis_izin":"IUP","komoditas":"BATUBARA","kegiatan":"OPERASI PRODUKSI","luas_ha":2748,"kabupaten":"KAB. KUTAI KARTANEGARA","berlaku_hingga":2035},"geometry":{"type":"Polygon","coordinates":[[[117.1,-0.25833],[117.10833,-0.25833],[117.10833,-0.225],[117.14167,-0.225],[117.14167,-0.25833],[117.13333,-0.25833],[117.13333,-0.29167],[117.1,-0.29167],[117.1,-0.25833]]]}},{"type":"Feature","properties":{"nama_usaha":"INSANI BARAPERKASA","badan_usaha":"PT","jenis_izin":"PKP2B","komoditas":"BATUBARA","kegiatan":"OPERASI PRODUKSI","luas_ha":195.8,"kabupaten":"KOTA SAMARINDA","berlaku_hingga":2036},"geometry":{"type":"Polygon","coordinates":[[[117.09482,-0.45833],[117.09482,-0.45],[117.1006,-0.45],[117.1006,-0.4621],[117.09861,-0.4621],[117.09861,-0.46505],[117.08333,-0.46505],[117.08333,-0.45833],[117.09482,-0.45833]]]}},{"type":"Feature","properties":{"nama_usaha":"BERINGIN ALAM RAYA","badan_usaha":"PT","jenis_izin":"IUP","komoditas":"Batubara","kegiatan":"OPERASI PRODUKSI","luas_ha":1218.4,"kabupaten":"KAB. KUTAI KARTANEGARA","berlaku_hingga":2035},"geometry":{"type":"Polygon","coordinates":[[[116.14917,0.42318],[116.1747,0.42318],[116.1747,0.41764],[116.14783,0.41764],[116.14783,0.43651],[116.1136,0.43651],[116.1136,0.43158],[116.10749,0.43158],[116.10749,0.42689],[116.10083,0.42689],[116.10083,0.42161],[116.09396,0.42161],[116.09396,0.41683],[116.0872,0.41683],[116.0872,0.41067],[116.07901,0.41067],[116.07901,0.4047],[116.07072,0.4047],[116.07072,0.39888],[116.0624,0.39888],[116.0624,0.41806],[116.08213,0.41806],[116.08213,0.43747],[116.14917,0.43747],[116.14917,0.42318]]]}},{"type":"Feature","properties":{"nama_usaha":"EMAS HITAM MULIA","badan_usaha":"PT","jenis_izin":"IUP","komoditas":"BATUBARA","kegiatan":"OPERASI PRODUKSI","luas_ha":4980,"kabupaten":"KAB. KUTAI BARAT","berlaku_hingga":2032},"geometry":{"type":"Polygon","coordinates":[[[115.52138,-0.19438],[115.49316,-0.19438],[115.49316,-0.24968],[115.44939,-0.24968],[115.44939,-0.26587],[115.41672,-0.26587],[115.41672,-0.24978],[115.36362,-0.24978],[115.36362,-0.23672],[115.38249,-0.23672],[115.38249,-0.2425],[115.44942,-0.2425],[115.44942,-0.19908],[115.48693,-0.19908],[115.48693,-0.17942],[115.52138,-0.17942],[115.52138,-0.19438]]]}},{"type":"Feature","properties":{"nama_usaha":"MUTIARA ETAM COAL","badan_usaha":"PT","jenis_izin":"IUP","komoditas":"BATUBARA","kegiatan":"OPERASI PRODUKSI","luas_ha":546.2,"kabupaten":"KOTA SAMARINDA","berlaku_hingga":2028},"geometry":{"type":"Polygon","coordinates":[[[117.22361,-0.60861],[117.22361,-0.615],[117.23333,-0.615],[117.23333,-0.61944],[117.22917,-0.61944],[117.22917,-0.63333],[117.20972,-0.63333],[117.20972,-0.61389],[117.21389,-0.61389],[117.21389,-0.60861],[117.22361,-0.60861]]]}},{"type":"Feature","properties":{"nama_usaha":"MANOOR BULATN LESTARI","badan_usaha":"PT","jenis_izin":"IUP","komoditas":"BATUBARA","kegiatan":"OPERASI PRODUKSI","luas_ha":5000,"kabupaten":"KUTAI BARAT","berlaku_hingga":2029},"geometry":{"type":"Polygon","coordinates":[[[115.30865,-0.48734],[115.39163,-0.48734],[115.39163,-0.54167],[115.32067,-0.54167],[115.32067,-0.51023],[115.31752,-0.51023],[115.31752,-0.50386],[115.31321,-0.50386],[115.31321,-0.49706],[115.30865,-0.49706],[115.30865,-0.48734]]]}},{"type":"Feature","properties":{"nama_usaha":"BUKIT MENJANGAN LESTARI","badan_usaha":"PT","jenis_izin":"IUP","komoditas":"BATUBARA","kegiatan":"OPERASI PRODUKSI","luas_ha":2657,"kabupaten":"KUTAI KARTANEGARA","berlaku_hingga":2029},"geometry":{"type":"Polygon","coordinates":[[[116.90667,-0.34583],[116.90667,-0.35556],[116.90139,-0.35556],[116.90139,-0.3625],[116.89583,-0.3625],[116.89583,-0.36944],[116.89028,-0.36944],[116.89028,-0.37639],[116.88472,-0.37639],[116.88472,-0.38417],[116.87972,-0.38417],[116.87972,-0.39083],[116.87361,-0.39083],[116.87361,-0.39889],[116.86806,-0.39889],[116.86806,-0.41306],[116.86278,-0.41306],[116.86278,-0.42806],[116.83889,-0.42806],[116.83889,-0.43056],[116.81556,-0.43056],[116.81556,-0.44911],[116.79283,-0.44911],[116.79283,-0.52181],[116.77917,-0.52181],[116.77917,-0.49069],[116.78303,-0.49069],[116.78303,-0.47953],[116.78669,-0.47953],[116.78669,-0.46514],[116.79242,-0.46514],[116.79242,-0.4485],[116.81486,-0.4485],[116.81486,-0.42417],[116.83464,-0.42417],[116.83464,-0.41514],[116.84033,-0.41514],[116.84033,-0.40711],[116.84722,-0.40711],[116.84722,-0.40219],[116.85394,-0.40219],[116.85394,-0.39753],[116.85758,-0.39753],[116.85758,-0.39356],[116.86222,-0.39356],[116.86222,-0.38903],[116.86997,-0.38903],[116.86997,-0.37786],[116.87819,-0.37786],[116.87819,-0.36811],[116.88656,-0.36811],[116.88656,-0.36044],[116.89217,-0.36044],[116.89217,-0.35489],[116.89517,-0.35489],[116.89517,-0.35006],[116.9,-0.35006],[116.9,-0.34583],[116.90667,-0.34583]]]}},{"type":"Feature","properties":{"nama_usaha":"BARA TABANG","badan_usaha":"PT","jenis_izin":"IUP","komoditas":"BATUBARA","kegiatan":"OPERASI PRODUKSI","luas_ha":3015.6,"kabupaten":"KUTAI KARTANEGARA","berlaku_hingga":2028},"geometry":{"type":"Polygon","coordinates":[[[116.13306,0.57245],[116.15543,0.57245],[116.15543,0.5606],[116.21278,0.5606],[116.21278,0.53333],[116.13306,0.53333],[116.13306,0.57245]]]}},{"type":"Feature","properties":{"nama_usaha":"DIMORI JAYA","badan_usaha":"CV","jenis_izin":"IUP","komoditas":"BATUBARA","kegiatan":"OPERASI PRODUKSI","luas_ha":100,"kabupaten":"KUTAI KARTANEGARA","berlaku_hingga":2027},"geometry":{"type":"Polygon","coordinates":[[[117.20965,-0.67285],[117.20965,-0.6721],[117.21342,-0.6721],[117.21342,-0.67094],[117.21599,-0.67094],[117.21599,-0.66971],[117.21836,-0.66971],[117.21836,-0.66898],[117.22002,-0.66898],[117.22002,-0.66812],[117.22132,-0.66812],[117.22132,-0.67667],[117.2074,-0.67667],[117.2074,-0.67285],[117.20965,-0.67285]]]}},{"type":"Feature","properties":{"nama_usaha":"KUTAI ENERGI","badan_usaha":"PT","jenis_izin":"IUP","komoditas":"BATUBARA","kegiatan":"OPERASI PRODUKSI","luas_ha":6892,"kabupaten":"KUTAI KARTANEGARA","berlaku_hingga":2028},"geometry":{"type":"MultiPolygon","coordinates":[[[[117.2,-0.7375],[117.2,-0.74441],[117.19902,-0.74372],[117.19884,-0.74362],[117.19858,-0.74353],[117.19829,-0.74346],[117.19798,-0.74342],[117.19733,-0.74341],[117.19669,-0.74348],[117.19639,-0.74354],[117.19612,-0.74363],[117.19555,-0.74388],[117.19529,-0.74396],[117.19501,-0.74401],[117.19472,-0.74403],[117.19443,-0.74404],[117.19415,-0.74401],[117.19388,-0.74396],[117.19363,-0.74387],[117.19346,-0.74377],[117.19282,-0.74333],[117.19219,-0.74284],[117.19199,-0.74271],[117.19131,-0.74236],[117.19108,-0.74218],[117.1909,-0.742],[117.19073,-0.7418],[117.19042,-0.74137],[117.19028,-0.74115],[117.19017,-0.74093],[117.19008,-0.74067],[117.19002,-0.74042],[117.18999,-0.74021],[117.18999,-0.74007],[117.19,-0.74],[117.18983,-0.74],[117.18962,-0.74003],[117.18941,-0.74012],[117.18932,-0.74019],[117.18925,-0.74028],[117.18912,-0.74055],[117.18903,-0.74069],[117.18888,-0.74079],[117.18863,-0.7409],[117.18849,-0.74099],[117.1884,-0.74114],[117.18829,-0.7414],[117.18819,-0.74154],[117.18811,-0.74159],[117.18791,-0.74165],[117.18768,-0.74168],[117.18732,-0.74168],[117.18709,-0.74166],[117.18689,-0.7416],[117.18681,-0.74155],[117.18675,-0.74149],[117.18657,-0.74114],[117.18651,-0.74105],[117.18642,-0.74097],[117.18632,-0.74091],[117.1861,-0.74085],[117.18592,-0.74083],[117.18583,-0.74083],[117.18583,-0.74074],[117.18588,-0.74056],[117.18486,-0.74072],[117.18434,-0.74124],[117.18381,-0.7415],[117.1832,-0.7415],[117.18268,-0.74124],[117.18206,-0.74054],[117.18145,-0.73967],[117.18093,-0.7387],[117.18031,-0.73757],[117.18026,-0.7375],[117.2,-0.7375]]],[[[117.15374,-0.725],[117.15363,-0.72506],[117.15355,-0.72567],[117.15311,-0.72646],[117.15223,-0.72663],[117.15136,-0.72672],[117.15057,-0.72672],[117.15048,-0.72733],[117.15048,-0.72786],[117.15066,-0.72856],[117.15092,-0.72961],[117.15101,-0.73057],[117.15118,-0.73144],[117.15127,-0.73205],[117.1504,-0.73293],[117.1497,-0.73372],[117.14943,-0.73485],[117.14926,-0.7359],[117.14873,-0.73704],[117.14795,-0.73809],[117.14764,-0.73921],[117.14671,-0.74003],[117.14554,-0.74026],[117.14484,-0.74003],[117.14379,-0.73991],[117.14321,-0.73956],[117.14193,-0.73956],[117.14123,-0.73933],[117.14123,-0.73898],[117.14123,-0.73781],[117.14134,-0.73676],[117.14134,-0.73595],[117.14134,-0.73466],[117.14134,-0.73326],[117.14134,-0.73245],[117.14134,-0.7314],[117.14134,-0.73035],[117.14111,-0.72965],[117.14029,-0.72895],[117.13948,-0.72837],[117.13854,-0.72767],[117.13819,-0.72697],[117.13726,-0.72557],[117.13676,-0.725],[117.15374,-0.725]]]]}},{"type":"Feature","properties":{"nama_usaha":"BUMI PARAMASARI INDO","badan_usaha":"CV","jenis_izin":"IUP","komoditas":"BATUBARA","kegiatan":"OPERASI PRODUKSI","luas_ha":100,"kabupaten":"KUTAI KARTANEGARA","berlaku_hingga":2028},"geometry":{"type":"Polygon","coordinates":[[[117.33432,-0.46678],[117.33432,-0.45833],[117.34559,-0.45833],[117.34559,-0.46156],[117.33483,-0.46156],[117.33483,-0.46989],[117.3445,-0.46989],[117.3445,-0.47278],[117.3325,-0.47278],[117.3325,-0.46678],[117.33432,-0.46678]]]}},{"type":"Feature","properties":{"nama_usaha":"MUTIARA MERDEKA JAYA","badan_usaha":"PT","jenis_izin":"IUP","komoditas":"BATUBARA","kegiatan":"OPERASI PRODUKSI","luas_ha":1039,"kabupaten":"KUTAI KARTANEGARA","berlaku_hingga":2032},"geometry":{"type":"Polygon","coordinates":[[[116.95369,-0.76826],[116.95369,-0.76902],[116.94768,-0.76902],[116.94768,-0.76951],[116.94304,-0.76951],[116.94304,-0.77095],[116.93891,-0.77095],[116.93891,-0.77198],[116.93729,-0.77198],[116.93729,-0.77237],[116.93102,-0.77237],[116.93102,-0.77307],[116.92812,-0.77307],[116.92812,-0.77404],[116.92425,-0.77404],[116.92425,-0.77479],[116.92022,-0.77479],[116.92022,-0.77551],[116.91448,-0.77551],[116.91448,-0.77667],[116.9117,-0.77667],[116.9117,-0.77724],[116.90949,-0.77724],[116.90949,-0.77771],[116.90826,-0.77771],[116.90826,-0.77791],[116.90666,-0.77791],[116.90666,-0.77825],[116.90529,-0.77825],[116.90529,-0.77851],[116.90247,-0.77851],[116.90247,-0.77902],[116.9,-0.77902],[116.9,-0.76319],[116.90142,-0.76319],[116.90142,-0.7622],[116.90806,-0.7622],[116.90806,-0.76131],[116.92001,-0.76131],[116.92001,-0.75866],[116.93792,-0.75866],[116.93792,-0.75524],[116.94444,-0.75524],[116.94444,-0.75681],[116.95846,-0.75681],[116.95846,-0.76826],[116.95369,-0.76826]]]}},{"type":"Feature","properties":{"nama_usaha":"MAKKARI TUTU ABADI","badan_usaha":"CV","jenis_izin":"IUP","komoditas":"BATUBARA","kegiatan":"OPERASI PRODUKSI","luas_ha":139.7,"kabupaten":"KOTA SAMARINDA","berlaku_hingga":2031},"geometry":{"type":"Polygon","coordinates":[[[117.175,-0.6],[117.16667,-0.6],[117.16667,-0.59167],[117.16889,-0.59167],[117.16889,-0.5925],[117.16944,-0.5925],[117.16944,-0.59361],[117.17028,-0.59361],[117.17028,-0.59556],[117.17083,-0.59556],[117.17083,-0.59694],[117.17167,-0.59694],[117.17167,-0.59833],[117.17333,-0.59833],[117.17333,-0.59556],[117.17194,-0.59556],[117.17194,-0.59333],[117.17111,-0.59333],[117.17111,-0.59139],[117.17361,-0.59139],[117.17361,-0.58917],[117.17083,-0.58917],[117.17083,-0.59028],[117.16778,-0.59028],[117.16778,-0.58944],[117.16667,-0.58944],[117.16667,-0.58333],[117.175,-0.58333],[117.175,-0.6]]]}},{"type":"Feature","properties":{"nama_usaha":"KEDAP SAYAAQ","badan_usaha":"PT","jenis_izin":"IUP","komoditas":"BATUBARA","kegiatan":"OPERASI PRODUKSI","luas_ha":5000,"kabupaten":"KAB. KUTAI BARAT","berlaku_hingga":2035},"geometry":{"type":"Polygon","coordinates":[[[115.595,0.12013],[115.604,0.12013],[115.604,0.13801],[115.617,0.13801],[115.617,0.162],[115.65,0.162],[115.65,0.07591],[115.595,0.07591],[115.595,0.12013]]]}},{"type":"Feature","properties":{"nama_usaha":"CAHAYA ENERGI MANDIRI","badan_usaha":"PT","jenis_izin":"IUP","komoditas":"BATUBARA","kegiatan":"OPERASI PRODUKSI","luas_ha":1680.4,"kabupaten":"KOTA SAMARINDA","berlaku_hingga":2028},"geometry":{"type":"Polygon","coordinates":[[[117.22417,-0.49278],[117.20611,-0.49278],[117.20611,-0.48944],[117.20944,-0.48944],[117.20944,-0.4879],[117.20944,-0.4879],[117.20944,-0.48611],[117.21028,-0.48611],[117.21028,-0.48333],[117.21667,-0.48333],[117.21667,-0.47802],[117.21667,-0.47107],[117.21667,-0.46806],[117.21667,-0.46806],[117.21626,-0.46806],[117.21478,-0.46806],[117.20694,-0.46806],[117.20694,-0.46222],[117.20889,-0.46222],[117.20889,-0.45778],[117.20924,-0.45778],[117.21484,-0.45778],[117.21667,-0.45778],[117.21666,-0.45889],[117.21667,-0.45889],[117.22361,-0.45889],[117.22362,-0.45889],[117.22361,-0.45278],[117.225,-0.45278],[117.225,-0.45194],[117.22778,-0.45194],[117.22778,-0.45194],[117.22778,-0.44722],[117.22917,-0.44722],[117.22917,-0.43743],[117.22917,-0.43564],[117.22917,-0.43335],[117.23361,-0.43335],[117.24167,-0.43336],[117.24167,-0.49167],[117.23818,-0.49167],[117.23818,-0.49167],[117.23444,-0.49167],[117.23005,-0.49167],[117.22417,-0.49167],[117.22417,-0.49278]]]}},{"type":"Feature","properties":{"nama_usaha":"KRIDA MAKMUR BERSAMA","badan_usaha":"PT","jenis_izin":"IUP","komoditas":"BATUBARA","kegiatan":"OPERASI PRODUKSI","luas_ha":545,"kabupaten":"KOTA SAMARINDA","berlaku_hingga":2028},"geometry":{"type":"Polygon","coordinates":[[[117.20417,-0.64222],[117.20417,-0.65139],[117.22222,-0.65139],[117.22833,-0.65139],[117.22833,-0.65694],[117.22639,-0.65694],[117.22639,-0.65833],[117.21389,-0.65833],[117.21389,-0.66389],[117.20611,-0.66389],[117.20611,-0.65611],[117.20278,-0.65611],[117.20278,-0.65],[117.1875,-0.65],[117.1875,-0.64681],[117.20033,-0.64681],[117.20033,-0.63333],[117.21806,-0.63333],[117.21806,-0.64222],[117.20417,-0.64222]]]}},{"type":"Feature","properties":{"nama_usaha":"BERKAT NANDA","badan_usaha":"CV","jenis_izin":"IUP","komoditas":"BATUBARA","kegiatan":"OPERASI PRODUKSI","luas_ha":435.5,"kabupaten":"KOTA SAMARINDA","berlaku_hingga":2027},"geometry":{"type":"Polygon","coordinates":[[[117.26222,-0.59417],[117.26222,-0.59972],[117.25806,-0.59972],[117.25806,-0.61167],[117.24722,-0.61167],[117.24722,-0.60361],[117.2425,-0.60361],[117.2425,-0.59194],[117.25167,-0.59194],[117.25167,-0.58833],[117.26444,-0.58833],[117.26444,-0.59417],[117.26222,-0.59417]]]}},{"type":"Feature","properties":{"nama_usaha":"MALAWA PUTRA UTAMA","badan_usaha":"PT","jenis_izin":"IUP","komoditas":"EMAS DMP","kegiatan":"OPERASI PRODUKSI","luas_ha":5049,"kabupaten":"MAHAKAM ULU","berlaku_hingga":2038},"geometry":{"type":"Polygon","coordinates":[[[115.18785,0.72812],[115.20111,0.72812],[115.20111,0.72127],[115.26163,0.72127],[115.26163,0.6932],[115.22535,0.6932],[115.2253,0.66914],[115.2253,0.6015],[115.20333,0.6015],[115.20333,0.63576],[115.20702,0.63576],[115.20702,0.68653],[115.18784,0.68653],[115.18786,0.70897],[115.18785,0.70899],[115.18785,0.72812]]]}},{"type":"Feature","properties":{"nama_usaha":"INTERNASIONAL PRIMA COAL","badan_usaha":"PT","jenis_izin":"IUP","komoditas":"BATUBARA","kegiatan":"OPERASI PRODUKSI","luas_ha":3238,"kabupaten":"KOTA SAMARINDA","berlaku_hingga":2036},"geometry":{"type":"Polygon","coordinates":[[[117.19167,-0.63889],[117.19167,-0.64167],[117.1875,-0.64167],[117.1875,-0.65],[117.18333,-0.65],[117.18333,-0.6625],[117.17917,-0.6625],[117.17917,-0.66667],[117.1775,-0.66667],[117.1775,-0.68639],[117.17556,-0.68639],[117.17556,-0.69531],[117.1725,-0.69531],[117.1725,-0.70194],[117.17083,-0.70194],[117.17083,-0.70556],[117.16889,-0.70556],[117.16889,-0.70917],[117.16694,-0.70917],[117.16694,-0.71389],[117.16528,-0.71389],[117.16528,-0.71528],[117.16389,-0.71528],[117.16389,-0.71667],[117.1625,-0.71667],[117.1625,-0.71528],[117.15972,-0.71528],[117.15972,-0.71389],[117.15833,-0.71389],[117.15833,-0.71111],[117.15694,-0.71111],[117.15694,-0.70833],[117.15556,-0.70833],[117.15556,-0.70556],[117.15417,-0.70556],[117.15417,-0.70139],[117.14861,-0.70139],[117.14861,-0.7],[117.14583,-0.7],[117.14583,-0.69861],[117.14444,-0.69861],[117.14444,-0.69722],[117.14306,-0.69722],[117.14306,-0.69531],[117.14167,-0.69531],[117.14167,-0.69306],[117.13889,-0.69306],[117.13889,-0.69028],[117.14028,-0.69028],[117.14028,-0.68889],[117.14167,-0.68889],[117.14167,-0.68611],[117.14306,-0.68611],[117.14306,-0.68194],[117.14444,-0.68194],[117.14444,-0.67917],[117.14583,-0.67917],[117.14583,-0.67639],[117.14722,-0.67639],[117.14722,-0.67361],[117.14444,-0.67361],[117.14444,-0.675],[117.14306,-0.675],[117.14306,-0.67361],[117.14028,-0.67361],[117.14028,-0.67083],[117.13889,-0.67083],[117.13889,-0.67361],[117.13611,-0.67361],[117.13611,-0.67222],[117.13472,-0.67222],[117.13472,-0.67083],[117.13333,-0.67083],[117.13333,-0.66944],[117.13194,-0.66944],[117.13194,-0.66806],[117.13056,-0.66806],[117.13056,-0.66667],[117.13333,-0.66667],[117.13333,-0.65139],[117.13472,-0.65139],[117.13472,-0.65],[117.15,-0.65],[117.15,-0.63889],[117.19167,-0.63889]]]}},{"type":"Feature","properties":{"nama_usaha":"NUSANTARA SANTAN COAL","badan_usaha":"PT","jenis_izin":"IUP","komoditas":"BATUBARA","kegiatan":"OPERASI PRODUKSI","luas_ha":14990,"kabupaten":"KUTAI TIMUR","berlaku_hingga":2032},"geometry":{"type":"Polygon","coordinates":[[[116.60778,0.65833],[116.60778,0.575],[116.575,0.575],[116.51722,0.575],[116.46856,0.575],[116.43967,0.575],[116.43966,0.6],[116.43966,0.62711],[116.49972,0.62711],[116.5,0.6271],[116.5,0.65833],[116.60778,0.65833]]]}},{"type":"Feature","properties":{"nama_usaha":"TIARA BARA BORNEO","badan_usaha":"PT","jenis_izin":"IUP","komoditas":"BATUBARA","kegiatan":"OPERASI PRODUKSI","luas_ha":564.8,"kabupaten":"KOTA SAMARINDA","berlaku_hingga":2028},"geometry":{"type":"Polygon","coordinates":[[[117.24167,-0.4],[117.24167,-0.40861],[117.2425,-0.40861],[117.2425,-0.41611],[117.23333,-0.41611],[117.23333,-0.41944],[117.225,-0.41944],[117.225,-0.425],[117.21667,-0.425],[117.21667,-0.41944],[117.21944,-0.41944],[117.21944,-0.4],[117.24167,-0.4]]]}},{"type":"Feature","properties":{"nama_usaha":"MAMPALA JAYA","badan_usaha":"CV","jenis_izin":"IUP","komoditas":"BATUBARA","kegiatan":"OPERASI PRODUKSI","luas_ha":595.1,"kabupaten":"KOTA SAMARINDA","berlaku_hingga":2029},"geometry":{"type":"Polygon","coordinates":[[[117.24208,-0.59183],[117.24208,-0.60361],[117.24683,-0.60361],[117.24683,-0.61167],[117.25817,-0.61167],[117.25817,-0.61667],[117.24139,-0.61667],[117.24139,-0.60833],[117.23333,-0.60833],[117.23333,-0.58333],[117.26417,-0.58333],[117.26417,-0.58792],[117.2515,-0.58792],[117.2515,-0.59183],[117.24208,-0.59183]]]}},{"type":"Feature","properties":{"nama_usaha":"BUMI KALIMAN SEJAHTERA","badan_usaha":"PT","jenis_izin":"IUP","komoditas":"BATUBARA","kegiatan":"OPERASI PRODUKSI","luas_ha":4921,"kabupaten":"KUTAI TIMUR","berlaku_hingga":2032},"geometry":{"type":"Polygon","coordinates":[[[116.72944,1.19833],[116.73028,1.19833],[116.73028,1.19528],[116.73222,1.19528],[116.73222,1.19306],[116.735,1.19306],[116.735,1.18972],[116.73806,1.18972],[116.73806,1.18583],[116.73972,1.18583],[116.73972,1.18306],[116.74333,1.18306],[116.74333,1.18028],[116.74639,1.18028],[116.74639,1.17583],[116.75,1.17583],[116.75111,1.17583],[116.75111,1.1725],[116.755,1.1725],[116.755,1.16917],[116.75917,1.16917],[116.75917,1.16528],[116.7625,1.16528],[116.7625,1.16083],[116.76556,1.16083],[116.76556,1.15472],[116.76944,1.15472],[116.76944,1.14889],[116.77222,1.14889],[116.77222,1.14111],[116.77389,1.14111],[116.77389,1.13444],[116.77861,1.13444],[116.77861,1.12972],[116.78056,1.12972],[116.78056,1.12667],[116.78472,1.12667],[116.78472,1.12333],[116.785,1.12333],[116.78944,1.12333],[116.78944,1.12083],[116.79472,1.12083],[116.79472,1.11694],[116.80806,1.11694],[116.81944,1.11694],[116.81944,1.09167],[116.785,1.09167],[116.78333,1.09167],[116.78333,1.11667],[116.725,1.11667],[116.725,1.16667],[116.725,1.2],[116.72944,1.2],[116.72944,1.19833]]]}},{"type":"Feature","properties":{"nama_usaha":"BUMI MURAU COAL","badan_usaha":"PT","jenis_izin":"IUP","komoditas":"BATUBARA","kegiatan":"OPERASI PRODUKSI","luas_ha":5012,"kabupaten":"KUTAI TIMUR","berlaku_hingga":2031},"geometry":{"type":"Polygon","coordinates":[[[116.76194,1.24944],[116.77861,1.24944],[116.77861,1.22972],[116.783,1.22972],[116.79861,1.22972],[116.79861,1.21556],[116.80972,1.21556],[116.80972,1.2],[116.80139,1.2],[116.75,1.2],[116.72944,1.2],[116.725,1.2],[116.725,1.26667],[116.76194,1.26667],[116.76194,1.24944]]]}},{"type":"Feature","properties":{"nama_usaha":"PERSADA MULTI BARA","badan_usaha":"PT","jenis_izin":"IUP","komoditas":"BATUBARA","kegiatan":"OPERASI PRODUKSI","luas_ha":4950,"kabupaten":"KUTAI TIMUR","berlaku_hingga":2031},"geometry":{"type":"Polygon","coordinates":[[[116.80139,1.19111],[116.80694,1.19111],[116.80694,1.18389],[116.81278,1.18389],[116.81278,1.1675],[116.814,1.1675],[116.81667,1.1675],[116.81667,1.15194],[116.81278,1.15194],[116.81278,1.14611],[116.80861,1.14611],[116.80861,1.14],[116.80583,1.14],[116.80583,1.13222],[116.80806,1.13222],[116.80806,1.11694],[116.79472,1.11694],[116.79472,1.12083],[116.78944,1.12083],[116.78944,1.12333],[116.785,1.12333],[116.78472,1.12333],[116.78472,1.12667],[116.78056,1.12667],[116.78056,1.12972],[116.77861,1.12972],[116.77861,1.13444],[116.77389,1.13444],[116.77389,1.14111],[116.77222,1.14111],[116.77222,1.14889],[116.76944,1.14889],[116.76944,1.15472],[116.76556,1.15472],[116.76556,1.16083],[116.7625,1.16083],[116.7625,1.16528],[116.75917,1.16528],[116.75917,1.16917],[116.755,1.16917],[116.755,1.1725],[116.75111,1.1725],[116.75111,1.17583],[116.75,1.17583],[116.74639,1.17583],[116.74639,1.18028],[116.74333,1.18028],[116.74333,1.18306],[116.73972,1.18306],[116.73972,1.18583],[116.73806,1.18583],[116.73806,1.18972],[116.735,1.18972],[116.735,1.19306],[116.73222,1.19306],[116.73222,1.19528],[116.73028,1.19528],[116.73028,1.19833],[116.72944,1.19833],[116.72944,1.2],[116.75,1.2],[116.80139,1.2],[116.80139,1.19111]]]}},{"type":"Feature","properties":{"nama_usaha":"BATUBARA NUSANTARA KALTIM","badan_usaha":"PT","jenis_izin":"IUP","komoditas":"BATUBARA","kegiatan":"OPERASI PRODUKSI","luas_ha":14260,"kabupaten":"KUTAI TIMUR","berlaku_hingga":2032},"geometry":{"type":"Polygon","coordinates":[[[116.45,0.83333],[116.49167,0.83333],[116.49167,0.94444],[116.5575,0.94444],[116.5575,0.82],[116.53869,0.82],[116.53869,0.8132],[116.5316,0.8132],[116.5316,0.80936],[116.5151,0.80936],[116.5151,0.79102],[116.51051,0.79102],[116.51051,0.77981],[116.45,0.77981],[116.45,0.83333]]]}},{"type":"Feature","properties":{"nama_usaha":"DAVID BUMI PERKASA","badan_usaha":"PT","jenis_izin":"IUP","komoditas":"BATUBARA","kegiatan":"OPERASI PRODUKSI","luas_ha":3750,"kabupaten":"KUTAI BARAT","berlaku_hingga":2030},"geometry":{"type":"Polygon","coordinates":[[[115.8133,0.1222],[115.8229,0.1222],[115.8229,0.1349],[115.8306,0.1349],[115.8306,0.1109],[115.85,0.1109],[115.85,0.1],[115.8624,0.1],[115.8624,0.0833],[115.8148,0.0833],[115.8148,0.0778],[115.8241,0.0778],[115.8241,0.06],[115.8667,0.06],[115.8667,0.0789],[115.879,0.0789],[115.879,0.1],[115.8667,0.1],[115.8667,0.1267],[115.8811,0.1267],[115.8811,0.05],[115.8549,0.05],[115.8549,0.0594],[115.8311,0.0594],[115.8311,0.05],[115.8239,0.05],[115.8239,0.0333],[115.8133,0.0333],[115.8133,0.1222]]]}},{"type":"Feature","properties":{"nama_usaha":"BORNEO EMAS HITAM","badan_usaha":"PT","jenis_izin":"IUP","komoditas":"BATUBARA","kegiatan":"OPERASI PRODUKSI","luas_ha":1002,"kabupaten":"KUTAI KARTANEGARA","berlaku_hingga":2028},"geometry":{"type":"Polygon","coordinates":[[[117.01789,-0.34864],[117.00636,-0.34864],[117.00636,-0.33244],[117.01014,-0.33244],[117.01014,-0.33008],[117.01058,-0.33008],[117.01058,-0.32289],[117.01528,-0.32289],[117.01528,-0.32614],[117.01958,-0.32614],[117.01958,-0.32972],[117.03058,-0.32972],[117.03058,-0.33333],[117.03606,-0.33333],[117.03606,-0.32522],[117.04553,-0.32522],[117.04553,-0.35547],[117.03831,-0.35547],[117.03831,-0.34458],[117.03381,-0.34458],[117.03381,-0.34728],[117.01789,-0.34728],[117.01789,-0.34864]]]}},{"type":"Feature","properties":{"nama_usaha":"SUMBER BARA ABADI","badan_usaha":"PT","jenis_izin":"IUP","komoditas":"BATUBARA","kegiatan":"OPERASI PRODUKSI","luas_ha":4909,"kabupaten":"KUTAI KARTANEGARA","berlaku_hingga":2027},"geometry":{"type":"Polygon","coordinates":[[[117.05828,-0.1335],[117.05828,-0.1457],[117.02694,-0.1457],[117.02694,-0.16217],[116.98528,-0.16217],[116.98528,-0.17458],[116.95397,-0.17458],[116.95397,-0.18333],[116.96444,-0.18333],[116.96444,-0.1875],[116.96667,-0.1875],[116.96667,-0.19339],[116.90119,-0.19339],[116.90119,-0.16667],[116.96667,-0.16667],[116.96667,-0.1335],[117.05828,-0.1335]]]}},{"type":"Feature","properties":{"nama_usaha":"DERMAGA PRATAMA PERKASA","badan_usaha":"PT","jenis_izin":"IUP","komoditas":"BATUBARA","kegiatan":"OPERASI PRODUKSI","luas_ha":335.1,"kabupaten":"KUTAI KARTANEGARA","berlaku_hingga":2030},"geometry":{"type":"Polygon","coordinates":[[[117.14166,-0.28373],[117.15066,-0.28373],[117.15066,-0.28836],[117.15344,-0.28836],[117.15344,-0.29418],[117.15199,-0.29418],[117.15199,-0.30007],[117.15,-0.30007],[117.15,-0.30609],[117.14795,-0.30609],[117.14795,-0.31039],[117.14629,-0.31039],[117.14629,-0.31529],[117.14166,-0.31529],[117.14166,-0.28373]]]}},{"type":"Feature","properties":{"nama_usaha":"MEGAPRIMA PERSADA","badan_usaha":"PT","jenis_izin":"IUP","komoditas":"BATUBARA","kegiatan":"OPERASI PRODUKSI","luas_ha":1014,"kabupaten":"KUTAI KARTANEGARA","berlaku_hingga":2027},"geometry":{"type":"Polygon","coordinates":[[[116.91278,-0.54278],[116.91278,-0.52889],[116.92167,-0.52889],[116.92167,-0.52],[116.93028,-0.52],[116.93028,-0.51444],[116.93556,-0.51444],[116.93556,-0.55417],[116.90472,-0.55417],[116.90472,-0.54278],[116.91278,-0.54278]]]}},{"type":"Feature","properties":{"nama_usaha":"BARA KUMALA SAKTI","badan_usaha":"PT","jenis_izin":"IUP","komoditas":"BATUBARA","kegiatan":"OPERASI PRODUKSI","luas_ha":2117,"kabupaten":"KUTAI KARTANEGARA","berlaku_hingga":2027},"geometry":{"type":"Polygon","coordinates":[[[116.9,-0.75],[116.9,-0.71667],[116.95278,-0.71667],[116.95278,-0.73333],[116.95,-0.73333],[116.95,-0.75],[116.9,-0.75]]]}},{"type":"Feature","properties":{"nama_usaha":"ENERGI CAHAYA INDUSTRITAMA","badan_usaha":"PT","jenis_izin":"IUP","komoditas":"BATUBARA","kegiatan":"OPERASI PRODUKSI","luas_ha":1977.3,"kabupaten":"KOTA SAMARINDA","berlaku_hingga":2028},"geometry":{"type":"Polygon","coordinates":[[[117.22083,-0.59583],[117.22083,-0.60417],[117.21389,-0.60417],[117.21389,-0.60861],[117.21389,-0.61389],[117.20972,-0.61389],[117.20972,-0.63333],[117.20033,-0.63333],[117.19167,-0.63333],[117.19167,-0.625],[117.19583,-0.625],[117.19583,-0.6175],[117.19722,-0.6175],[117.19722,-0.60833],[117.19167,-0.60833],[117.19167,-0.6],[117.175,-0.6],[117.175,-0.58333],[117.19167,-0.58333],[117.19167,-0.56667],[117.19583,-0.56667],[117.19583,-0.58056],[117.20556,-0.58056],[117.20556,-0.58167],[117.22,-0.58167],[117.22,-0.58611],[117.23222,-0.58611],[117.23222,-0.59583],[117.22083,-0.59583]]]}},{"type":"Feature","properties":{"nama_usaha":"SENYIUR SUKSES PRATAMA","badan_usaha":"PT","jenis_izin":"IUP","komoditas":"BATUBARA","kegiatan":"OPERASI PRODUKSI","luas_ha":8763,"kabupaten":"KUTAI TIMUR","berlaku_hingga":2034},"geometry":{"type":"Polygon","coordinates":[[[116.34817,0.39161],[116.34729,0.39161],[116.33978,0.39161],[116.33978,0.4],[116.33164,0.4],[116.33164,0.40814],[116.32325,0.40814],[116.32325,0.41628],[116.31436,0.41628],[116.31436,0.42492],[116.30469,0.42492],[116.30469,0.44194],[116.27972,0.44194],[116.27972,0.44597],[116.27075,0.44597],[116.27075,0.45],[116.26631,0.45],[116.26631,0.45436],[116.26181,0.45436],[116.26181,0.46831],[116.25617,0.46831],[116.25617,0.47969],[116.25378,0.47969],[116.25378,0.48347],[116.25278,0.48347],[116.25278,0.48881],[116.25031,0.48881],[116.25031,0.49444],[116.2804,0.49444],[116.29096,0.49444],[116.3251,0.49444],[116.32511,0.48705],[116.32512,0.4422],[116.33556,0.4422],[116.33556,0.43444],[116.35833,0.43444],[116.35833,0.42443],[116.38333,0.42442],[116.38333,0.40826],[116.39165,0.40824],[116.39162,0.37583],[116.39161,0.3708],[116.39161,0.36667],[116.39161,0.36667],[116.39161,0.36667],[116.37156,0.36667],[116.37156,0.36668],[116.35972,0.36667],[116.35972,0.37508],[116.35375,0.37508],[116.35375,0.3816],[116.35375,0.38347],[116.34817,0.38347],[116.34817,0.38929],[116.34817,0.38929],[116.34817,0.39161]]]}},{"type":"Feature","properties":{"nama_usaha":"BIRAWA PANDU SELARAS","badan_usaha":"PT","jenis_izin":"IUP","komoditas":"BATUBARA","kegiatan":"OPERASI PRODUKSI","luas_ha":4603,"kabupaten":"KAB. KUTAI TIMUR","berlaku_hingga":2033},"geometry":{"type":"Polygon","coordinates":[[[116.70833,1.30833],[116.70833,1.3],[116.71667,1.3],[116.71667,1.29167],[116.73333,1.29167],[116.73333,1.28333],[116.74167,1.28333],[116.74167,1.275],[116.79167,1.275],[116.79167,1.26667],[116.8,1.26667],[116.8,1.24167],[116.81667,1.24167],[116.81667,1.23333],[116.825,1.23333],[116.825,1.225],[116.83333,1.225],[116.83333,1.2],[116.80972,1.2],[116.80972,1.21556],[116.79861,1.21556],[116.79861,1.22972],[116.77861,1.22972],[116.77861,1.24944],[116.76194,1.24944],[116.76194,1.26667],[116.7,1.26667],[116.7,1.30833],[116.70833,1.30833]]]}},{"type":"Feature","properties":{"nama_usaha":"REGENT KALTIM ANUGERAH","badan_usaha":"CV","jenis_izin":"IUP","komoditas":"BATUBARA","kegiatan":"OPERASI PRODUKSI","luas_ha":196.4,"kabupaten":"KOTA SAMARINDA","berlaku_hingga":2028},"geometry":{"type":"Polygon","coordinates":[[[117.07712,-0.54444],[117.07705,-0.52833],[117.08333,-0.52833],[117.08333,-0.52253],[117.08333,-0.51095],[117.08333,-0.50534],[117.08333,-0.49833],[117.08528,-0.49833],[117.08528,-0.49944],[117.08611,-0.49944],[117.08611,-0.50028],[117.08722,-0.50028],[117.08722,-0.50139],[117.08944,-0.50139],[117.08944,-0.50611],[117.08361,-0.50611],[117.08361,-0.51333],[117.08833,-0.51333],[117.08833,-0.52028],[117.08361,-0.52028],[117.08361,-0.53694],[117.08056,-0.53694],[117.08056,-0.54444],[117.07712,-0.54444]]]}},{"type":"Feature","properties":{"nama_usaha":"ANUGERAH BARA INSAN","badan_usaha":"CV","jenis_izin":"IUP","komoditas":"BATUBARA","kegiatan":"OPERASI PRODUKSI","luas_ha":198.3,"kabupaten":"KOTA SAMARINDA","berlaku_hingga":2030},"geometry":{"type":"Polygon","coordinates":[[[117.24167,-0.62361],[117.24444,-0.62361],[117.24444,-0.62639],[117.24306,-0.62639],[117.24306,-0.62917],[117.24222,-0.62917],[117.24222,-0.63028],[117.24028,-0.63028],[117.24028,-0.63194],[117.22917,-0.63194],[117.22917,-0.622],[117.23142,-0.622],[117.23142,-0.61944],[117.23333,-0.61944],[117.24167,-0.61944],[117.24167,-0.62222],[117.24167,-0.62361]]]}},{"type":"Feature","properties":{"nama_usaha":"MADANI CITRA MANDIRI","badan_usaha":"PT","jenis_izin":"IUP","komoditas":"BATUBARA","kegiatan":"OPERASI PRODUKSI","luas_ha":5000,"kabupaten":"KAB. KUTAI KARTANEGARA","berlaku_hingga":2029},"geometry":{"type":"Polygon","coordinates":[[[115.92396,0.22518],[115.8684,0.22518],[115.8684,0.29796],[115.92396,0.29796],[115.92396,0.22518]]]}},{"type":"Feature","properties":{"nama_usaha":"SURYA HARAPAN BARU","badan_usaha":"CV","jenis_izin":"IUP","komoditas":"Batubara","kegiatan":"SANKSI (PEMBEKUAN)","luas_ha":100,"kabupaten":"KAB. KUTAI KARTANEGARA","berlaku_hingga":2027},"geometry":{"type":"Polygon","coordinates":[[[117.33483,-0.46989],[117.33483,-0.46156],[117.34454,-0.46156],[117.34454,-0.46989],[117.33483,-0.46989]]]}},{"type":"Feature","properties":{"nama_usaha":"ELYNDA JAYA","badan_usaha":"CV","jenis_izin":"IUP","komoditas":"BATUBARA","kegiatan":"OPERASI PRODUKSI","luas_ha":100,"kabupaten":"KAB. KUTAI KARTANEGARA","berlaku_hingga":2032},"geometry":{"type":"Polygon","coordinates":[[[117.24492,-0.74006],[117.24638,-0.74006],[117.24638,-0.74206],[117.24492,-0.74206],[117.24492,-0.74006]]]}},{"type":"Feature","properties":{"nama_usaha":"ERABARA PERSADA NUSANTARA","badan_usaha":"PT","jenis_izin":"IUP","komoditas":"BATUBARA","kegiatan":"OPERASI PRODUKSI","luas_ha":14980,"kabupaten":"KUTAI TIMUR","berlaku_hingga":2032},"geometry":{"type":"Polygon","coordinates":[[[116.87361,1.01667],[116.87361,0.93333],[116.66667,0.93333],[116.66667,0.98333],[116.68333,0.98333],[116.68333,1],[116.75833,1],[116.75833,0.96667],[116.825,0.96667],[116.825,1.01667],[116.87361,1.01667]]]}},{"type":"Feature","properties":{"nama_usaha":"CIPTA MITRA SENTOSA","badan_usaha":"PT","jenis_izin":"IUP","komoditas":"BATUBARA","kegiatan":"OPERASI PRODUKSI","luas_ha":1492,"kabupaten":"KUTAI KARTANEGARA","berlaku_hingga":2029},"geometry":{"type":"Polygon","coordinates":[[[116.99175,-0.30611],[116.99175,-0.305],[116.99327,-0.305],[116.99327,-0.29167],[116.99463,-0.29167],[116.99464,-0.29167],[116.99464,-0.28478],[117.00946,-0.28478],[117.00946,-0.29837],[117.01392,-0.29837],[117.01392,-0.30508],[117.01392,-0.30508],[117.01392,-0.30509],[117.01544,-0.30509],[117.01544,-0.31347],[117.00835,-0.31347],[117.00835,-0.3176],[117.00417,-0.3176],[117.00417,-0.31761],[117.00417,-0.32222],[117,-0.32222],[117,-0.32639],[116.99722,-0.32639],[116.99722,-0.33458],[116.99722,-0.33458],[117.00636,-0.33458],[117.00636,-0.34864],[117.01544,-0.34864],[117.01544,-0.35871],[116.99545,-0.35871],[116.99545,-0.35881],[116.99544,-0.35881],[116.99544,-0.36077],[116.99228,-0.36077],[116.99228,-0.36078],[116.99228,-0.36372],[116.99175,-0.36372],[116.99175,-0.32494],[116.99175,-0.30611]]]}},{"type":"Feature","properties":{"nama_usaha":"APIRA UTAMA","badan_usaha":"PT","jenis_izin":"IUP","komoditas":"BATUBARA","kegiatan":"OPERASI PRODUKSI","luas_ha":1714,"kabupaten":"KAB. KUTAI KARTANEGARA","berlaku_hingga":2032},"geometry":{"type":"Polygon","coordinates":[[[116.38473,0.35037],[116.38473,0.31914],[116.3391,0.31914],[116.3391,0.35037],[116.38473,0.35037]]]}},{"type":"Feature","properties":{"nama_usaha":"ADE PUTRA TANRAJENG","badan_usaha":"PT","jenis_izin":"IUP","komoditas":"BATUBARA","kegiatan":"OPERASI PRODUKSI","luas_ha":4061,"kabupaten":"KUTAI KARTANEGARA","berlaku_hingga":2028},"geometry":{"type":"Polygon","coordinates":[[[116.13332,0.43747],[116.08264,0.43747],[116.08264,0.50228],[116.13332,0.50228],[116.13332,0.43747]]]}},{"type":"Feature","properties":{"nama_usaha":"TRI AGATONA","badan_usaha":"PT","jenis_izin":"IUP","komoditas":"BATUBARA","kegiatan":"OPERASI PRODUKSI","luas_ha":1576,"kabupaten":"KUTAI KARTANEGARA","berlaku_hingga":2026},"geometry":{"type":"Polygon","coordinates":[[[116.79699,-0.07778],[116.82639,-0.07778],[116.82639,-0.12],[116.8,-0.12],[116.8,-0.13333],[116.79699,-0.13333],[116.79699,-0.07778]]]}},{"type":"Feature","properties":{"nama_usaha":"SURYA CIPTA MAHAKAM","badan_usaha":"PT","jenis_izin":"IUP","komoditas":"Batubara","kegiatan":"SANKSI (PENGHENTIAN SEMENTARA)","luas_ha":1413,"kabupaten":"KAB. KUTAI KARTANEGARA","berlaku_hingga":2031},"geometry":{"type":"Polygon","coordinates":[[[116.46861,-0.45655],[116.47211,-0.45655],[116.47211,-0.44586],[116.50553,-0.44586],[116.50553,-0.44861],[116.49194,-0.44861],[116.49194,-0.49483],[116.46861,-0.49483],[116.46861,-0.45655]]]}},{"type":"Feature","properties":{"nama_usaha":"CITRA","badan_usaha":"PT","jenis_izin":"IUP","komoditas":"Batubara","kegiatan":"SANKSI (PEMBEKUAN)","luas_ha":243,"kabupaten":"KAB. KUTAI KARTANEGARA","berlaku_hingga":2026},"geometry":{"type":"Polygon","coordinates":[[[117.23333,-0.30486],[117.23333,-0.31665],[117.21667,-0.31665],[117.21667,-0.30486],[117.23333,-0.30486]]]}},{"type":"Feature","properties":{"nama_usaha":"INSANI BARAPERKASA","badan_usaha":"PT","jenis_izin":"PKP2B","komoditas":"BATUBARA","kegiatan":"OPERASI PRODUKSI","luas_ha":748.7,"kabupaten":"KOTA SAMARINDA","berlaku_hingga":2036},"geometry":{"type":"MultiPolygon","coordinates":[[[[117.10833,-0.46667],[117.1,-0.46667],[117.1,-0.48333],[117.08333,-0.48333],[117.08333,-0.46505],[117.09861,-0.46505],[117.09861,-0.4621],[117.1006,-0.4621],[117.1006,-0.45],[117.1,-0.45],[117.1,-0.43333],[117.10833,-0.43333],[117.10833,-0.46667]]],[[[117.09167,-0.45833],[117.09167,-0.45],[117.09482,-0.45],[117.09482,-0.45833],[117.09167,-0.45833]]]]}},{"type":"Feature","properties":{"nama_usaha":"ARAGON TAMBANG PRATAMA","badan_usaha":"PT","jenis_izin":"IUP","komoditas":"ANDESIT","kegiatan":"OPERASI PRODUKSI","luas_ha":200,"kabupaten":"KAB. KUTAI KARTANEGARA","berlaku_hingga":2029},"geometry":{"type":"Polygon","coordinates":[[[116.23783,0.59142],[116.25156,0.59142],[116.25156,0.57964],[116.23783,0.57964],[116.23783,0.59142]]]}},{"type":"Feature","properties":{"nama_usaha":"YUFA KALIMANTAN","badan_usaha":"PT","jenis_izin":"IUP","komoditas":"BATUBARA","kegiatan":"OPERASI PRODUKSI","luas_ha":4997,"kabupaten":"KUTAI KARTANEGARA","berlaku_hingga":2038},"geometry":{"type":"Polygon","coordinates":[[[116.31361,0.16611],[116.31361,0.08139],[116.27417,0.08139],[116.27417,0.08417],[116.25444,0.08417],[116.25444,0.13611],[116.285,0.13611],[116.285,0.16611],[116.31361,0.16611]]]}},{"type":"Feature","properties":{"nama_usaha":"TRIAS PATRIOT SEJAHTERA","badan_usaha":"PT","jenis_izin":"IUP","komoditas":"BATUBARA","kegiatan":"OPERASI PRODUKSI","luas_ha":1011,"kabupaten":"KUTAI KARTANEGARA","berlaku_hingga":2027},"geometry":{"type":"Polygon","coordinates":[[[116.95278,-0.34944],[116.95278,-0.32361],[116.97222,-0.32361],[116.97222,-0.31806],[116.97639,-0.31806],[116.97639,-0.30556],[116.97917,-0.30556],[116.97917,-0.30417],[116.98056,-0.30417],[116.98056,-0.34944],[116.95278,-0.34944]]]}},{"type":"Feature","properties":{"nama_usaha":"GLOBALINDO INTI ENERGI","badan_usaha":"PT","jenis_izin":"IUP","komoditas":"BATUBARA","kegiatan":"OPERASI PRODUKSI","luas_ha":3395,"kabupaten":"KUTAI KARTANEGARA","berlaku_hingga":2029},"geometry":{"type":"Polygon","coordinates":[[[117.2,-0.71667],[117.20528,-0.71667],[117.20528,-0.74147],[117.20478,-0.74187],[117.20453,-0.74213],[117.20431,-0.74245],[117.20412,-0.74281],[117.20394,-0.74318],[117.2036,-0.74389],[117.20347,-0.74421],[117.20339,-0.74451],[117.20334,-0.74475],[117.20332,-0.74492],[117.20333,-0.745],[117.20279,-0.74501],[117.20203,-0.74498],[117.2016,-0.74494],[117.20117,-0.74487],[117.20077,-0.74478],[117.20041,-0.74466],[117.20019,-0.74454],[117.2,-0.74441],[117.2,-0.71667]]]}},{"type":"Feature","properties":{"nama_usaha":"ATAP TRI UTAMA","badan_usaha":"PT","jenis_izin":"IUP","komoditas":"Batubara","kegiatan":"SANKSI (PEMBEKUAN)","luas_ha":414.4,"kabupaten":"KOTA SAMARINDA","berlaku_hingga":2028},"geometry":{"type":"Polygon","coordinates":[[[117.20278,-0.66389],[117.20278,-0.66667],[117.185,-0.66667],[117.185,-0.65778],[117.18333,-0.65778],[117.18333,-0.65],[117.1875,-0.65],[117.20278,-0.65],[117.20278,-0.65611],[117.20611,-0.65611],[117.20611,-0.66389],[117.20278,-0.66389]]]}},{"type":"Feature","properties":{"nama_usaha":"CRISTIAN EKA PRATAMA","badan_usaha":"PT","jenis_izin":"IUP","komoditas":"BATUBARA","kegiatan":"OPERASI PRODUKSI","luas_ha":4776,"kabupaten":"KUTAI BARAT","berlaku_hingga":2038},"geometry":{"type":"Polygon","coordinates":[[[115.69604,0.04142],[115.696,0.03655],[115.696,0.0163],[115.6831,0.0163],[115.6831,0.0329],[115.67903,0.0329],[115.67903,0.03291],[115.67903,0.05823],[115.6678,0.05823],[115.66678,0.05823],[115.66678,0.07643],[115.66678,0.10976],[115.67346,0.10976],[115.6735,0.10976],[115.6735,0.1157],[115.681,0.1157],[115.681,0.123],[115.6891,0.123],[115.6891,0.1377],[115.7087,0.1377],[115.7087,0.1403],[115.7215,0.1403],[115.7215,0.1507],[115.74907,0.1507],[115.74911,0.15072],[115.74911,0.1167],[115.7333,0.1167],[115.7333,0.1],[115.6833,0.1],[115.6833,0.09785],[115.68326,0.04145],[115.68326,0.04142],[115.69604,0.04142]]]}},{"type":"Feature","properties":{"nama_usaha":"MULTI SARANA AVINDO","badan_usaha":"PT","jenis_izin":"IUP","komoditas":"BATUBARA","kegiatan":"OPERASI PRODUKSI","luas_ha":4050.9,"kabupaten":"KAB. KUTAI KARTANEGARA","berlaku_hingga":2027},"geometry":{"type":"Polygon","coordinates":[[[117.00904,-0.70241],[117.00904,-0.69729],[117.00934,-0.69729],[117.00934,-0.69687],[117.0097,-0.69687],[117.0097,-0.69629],[117.01,-0.69629],[117.01,-0.69546],[117.01028,-0.69546],[117.01028,-0.6944],[117.01052,-0.6944],[117.01052,-0.69362],[117.01076,-0.69362],[117.01076,-0.6931],[117.0111,-0.6931],[117.0111,-0.69254],[117.01155,-0.69254],[117.01155,-0.69181],[117.01203,-0.69181],[117.01203,-0.69075],[117.01229,-0.69075],[117.01229,-0.69007],[117.01283,-0.69007],[117.01283,-0.68859],[117.01311,-0.68859],[117.01311,-0.68772],[117.01355,-0.68772],[117.01355,-0.6869],[117.01391,-0.6869],[117.01391,-0.68622],[117.01433,-0.68622],[117.01433,-0.68568],[117.01457,-0.68568],[117.01457,-0.68534],[117.01524,-0.68534],[117.01524,-0.68193],[117.01469,-0.68193],[117.01469,-0.68124],[117.01437,-0.68124],[117.01437,-0.6798],[117.01419,-0.6798],[117.01419,-0.67916],[117.01397,-0.67916],[117.01397,-0.6785],[117.01381,-0.6785],[117.01381,-0.67786],[117.01421,-0.67786],[117.01421,-0.67737],[117.01451,-0.67737],[117.01451,-0.67565],[117.01473,-0.67565],[117.01473,-0.67525],[117.01516,-0.67525],[117.01516,-0.67463],[117.01551,-0.67463],[117.01551,-0.67421],[117.0159,-0.67421],[117.0159,-0.67364],[117.01634,-0.67364],[117.01634,-0.67211],[117.0208,-0.67211],[117.0208,-0.66311],[117.0298,-0.66311],[117.0298,-0.65306],[117.06528,-0.65306],[117.06528,-0.625],[117.08333,-0.625],[117.08333,-0.66529],[117.0613,-0.66529],[117.0613,-0.69461],[117.0523,-0.69461],[117.0523,-0.71261],[117.01379,-0.71261],[117.01379,-0.71189],[117.01355,-0.71189],[117.01355,-0.71115],[117.01333,-0.71115],[117.01333,-0.71045],[117.01311,-0.71045],[117.01311,-0.70977],[117.01287,-0.70977],[117.01287,-0.7092],[117.01269,-0.7092],[117.01269,-0.70872],[117.01239,-0.70872],[117.01239,-0.70846],[117.01129,-0.70846],[117.01129,-0.70858],[117.01088,-0.70858],[117.01088,-0.70872],[117.00988,-0.70872],[117.00988,-0.70844],[117.0095,-0.70844],[117.0095,-0.70603],[117.00931,-0.70603],[117.00931,-0.70241],[117.00904,-0.70241]]]}},{"type":"Feature","properties":{"nama_usaha":"MASINDO INTIENERGY PERKASA","badan_usaha":"PT","jenis_izin":"IUP","komoditas":"BATUBARA","kegiatan":"OPERASI PRODUKSI","luas_ha":685.5,"kabupaten":"KUTAI KARTANEGARA","berlaku_hingga":2028},"geometry":{"type":"Polygon","coordinates":[[[116.86778,-0.34583],[116.86538,-0.34583],[116.86538,-0.33672],[116.90667,-0.33672],[116.90667,-0.34583],[116.88333,-0.34583],[116.88333,-0.35417],[116.87361,-0.35417],[116.87361,-0.3625],[116.86778,-0.3625],[116.86778,-0.34583]]]}},{"type":"Feature","properties":{"nama_usaha":"AYU WULAN LESTARI","badan_usaha":"PT","jenis_izin":"IUP","komoditas":"Batubara","kegiatan":"SANKSI (PENGHENTIAN SEMENTARA)","luas_ha":174.5,"kabupaten":"KAB. KUTAI KARTANEGARA","berlaku_hingga":2028},"geometry":{"type":"Polygon","coordinates":[[[117.02083,-0.40139],[117.02247,-0.40139],[117.02247,-0.39989],[117.02382,-0.39989],[117.02382,-0.39808],[117.02416,-0.39808],[117.02416,-0.39582],[117.02561,-0.39582],[117.02561,-0.39356],[117.02651,-0.39356],[117.02651,-0.38994],[117.02921,-0.38994],[117.02921,-0.39989],[117.03146,-0.39989],[117.03146,-0.40939],[117.02471,-0.40939],[117.02471,-0.41029],[117.02083,-0.41029],[117.02083,-0.40139]]]}},{"type":"Feature","properties":{"nama_usaha":"KARYA PUTRA BERSAMA","badan_usaha":"PT","jenis_izin":"IUP","komoditas":"Batubara","kegiatan":"SANKSI (PENGHENTIAN SEMENTARA)","luas_ha":100,"kabupaten":"KAB. KUTAI KARTANEGARA","berlaku_hingga":2029},"geometry":{"type":"Polygon","coordinates":[[[117.02721,-0.45789],[117.03594,-0.45789],[117.03594,-0.46717],[117.02721,-0.46717],[117.02721,-0.45789]]]}},{"type":"Feature","properties":{"nama_usaha":"ANGGANA COAL","badan_usaha":"PT","jenis_izin":"IUP","komoditas":"BATUBARA","kegiatan":"OPERASI PRODUKSI","luas_ha":2158,"kabupaten":"KUTAI KARTANEGARA","berlaku_hingga":2028},"geometry":{"type":"Polygon","coordinates":[[[116.9,-0.34583],[116.9,-0.35006],[116.89517,-0.35006],[116.89517,-0.35489],[116.89217,-0.35489],[116.89217,-0.36044],[116.88656,-0.36044],[116.88656,-0.36811],[116.87819,-0.36811],[116.87819,-0.37786],[116.86997,-0.37786],[116.86997,-0.38903],[116.86222,-0.38903],[116.86222,-0.39356],[116.85758,-0.39356],[116.85758,-0.39753],[116.85394,-0.39753],[116.85394,-0.40219],[116.84722,-0.40219],[116.84722,-0.40711],[116.84033,-0.40711],[116.84033,-0.41514],[116.83464,-0.41514],[116.83464,-0.42417],[116.81486,-0.42417],[116.81486,-0.4485],[116.79242,-0.4485],[116.79242,-0.46514],[116.78669,-0.46514],[116.78669,-0.47953],[116.78303,-0.47953],[116.78303,-0.49069],[116.77917,-0.49069],[116.77917,-0.44722],[116.80222,-0.44722],[116.80222,-0.42056],[116.83444,-0.42056],[116.83444,-0.39639],[116.85611,-0.39639],[116.85611,-0.375],[116.86778,-0.375],[116.86778,-0.3625],[116.87361,-0.3625],[116.87361,-0.35417],[116.88333,-0.35417],[116.88333,-0.34583],[116.9,-0.34583]]]}},{"type":"Feature","properties":{"nama_usaha":"BRIAN ANJAT SENTOSA","badan_usaha":"PT","jenis_izin":"IUP","komoditas":"BATUBARA","kegiatan":"OPERASI PRODUKSI","luas_ha":4025,"kabupaten":"KUTAI KARTANEGARA","berlaku_hingga":2038},"geometry":{"type":"Polygon","coordinates":[[[116.14783,0.4365],[116.14783,0.4175],[116.11833,0.4175],[116.11833,0.36813],[116.06278,0.36813],[116.06278,0.39888],[116.07072,0.39887],[116.07072,0.40462],[116.07901,0.40462],[116.07901,0.41067],[116.0872,0.41067],[116.0872,0.41683],[116.09397,0.41683],[116.09397,0.42161],[116.10083,0.42161],[116.10083,0.4269],[116.1075,0.4269],[116.1075,0.43158],[116.1136,0.43158],[116.1136,0.43651],[116.14783,0.4365]]]}},{"type":"Feature","properties":{"nama_usaha":"BUNGA BONE","badan_usaha":"CV","jenis_izin":"IUP","komoditas":"BATUBARA","kegiatan":"OPERASI PRODUKSI","luas_ha":100,"kabupaten":"KUTAI KARTANEGARA","berlaku_hingga":2028},"geometry":{"type":"Polygon","coordinates":[[[117.22967,-0.74413],[117.22967,-0.74485],[117.22965,-0.74487],[117.22873,-0.74565],[117.22859,-0.74576],[117.22847,-0.74582],[117.22838,-0.74584],[117.22833,-0.74583],[117.22834,-0.74569],[117.22832,-0.74536],[117.22826,-0.74493],[117.2282,-0.74471],[117.22812,-0.74452],[117.22802,-0.74435],[117.22785,-0.74413],[117.22967,-0.74413]]]}},{"type":"Feature","properties":{"nama_usaha":"GUDANG HITAM PRIMA","badan_usaha":"PT","jenis_izin":"IUP","komoditas":"Batubara","kegiatan":"OPERASI PRODUKSI","luas_ha":99.1,"kabupaten":"KAB. KUTAI KARTANEGARA","berlaku_hingga":2028},"geometry":{"type":"Polygon","coordinates":[[[117.27253,-0.61416],[117.27253,-0.61569],[117.27181,-0.61569],[117.27181,-0.61776],[117.27068,-0.61776],[117.27068,-0.61944],[117.26978,-0.61944],[117.26978,-0.62125],[117.26889,-0.62125],[117.26889,-0.62347],[117.26786,-0.62347],[117.26786,-0.62505],[117.26686,-0.62505],[117.26686,-0.62736],[117.26558,-0.62736],[117.26558,-0.62978],[117.26442,-0.62978],[117.26442,-0.62538],[117.26182,-0.62538],[117.26182,-0.62374],[117.26207,-0.62374],[117.26207,-0.623],[117.26278,-0.623],[117.26278,-0.62244],[117.26316,-0.62244],[117.26316,-0.62167],[117.26474,-0.62167],[117.26474,-0.61908],[117.26544,-0.61908],[117.26544,-0.61743],[117.26667,-0.61743],[117.26667,-0.61536],[117.26797,-0.61536],[117.26797,-0.61419],[117.27014,-0.61419],[117.27014,-0.61208],[117.27097,-0.61208],[117.27097,-0.61105],[117.27146,-0.61105],[117.27146,-0.61027],[117.27184,-0.61027],[117.27184,-0.60968],[117.27347,-0.60968],[117.27347,-0.61416],[117.27253,-0.61416]]]}},{"type":"Feature","properties":{"nama_usaha":"BUKIT BAIDURI ENERGI","badan_usaha":"PT","jenis_izin":"IUP","komoditas":"BATUBARA","kegiatan":"OPERASI PRODUKSI","luas_ha":4081,"kabupaten":"KAB. KUTAI KARTANEGARA,KOTA SAMARINDA","berlaku_hingga":2035},"geometry":{"type":"Polygon","coordinates":[[[117.13719,-0.35667],[117.13719,-0.36556],[117.125,-0.36556],[117.125,-0.39222],[117.11417,-0.39222],[117.11417,-0.40389],[117.11667,-0.40389],[117.11667,-0.40583],[117.10583,-0.40583],[117.10583,-0.41472],[117.11667,-0.41472],[117.11667,-0.425],[117.10834,-0.425],[117.10834,-0.43333],[117.1,-0.43333],[117.1,-0.44282],[117.09477,-0.44282],[117.09477,-0.45],[117.09167,-0.45],[117.09167,-0.45069],[117.08308,-0.45069],[117.08308,-0.45629],[117.08128,-0.45629],[117.08128,-0.4599],[117.07948,-0.4599],[117.07948,-0.46353],[117.07678,-0.46353],[117.07678,-0.47076],[117.07768,-0.47076],[117.07768,-0.46896],[117.07858,-0.46896],[117.07858,-0.46714],[117.07948,-0.46714],[117.07948,-0.46534],[117.08331,-0.46534],[117.08331,-0.48754],[117.07198,-0.48754],[117.07198,-0.51831],[117.06803,-0.51831],[117.06803,-0.53682],[117.06713,-0.53682],[117.06713,-0.55043],[117.06623,-0.55043],[117.06623,-0.55133],[117.0613,-0.55133],[117.0613,-0.56179],[117.0577,-0.56179],[117.0577,-0.57214],[117.05409,-0.57214],[117.05409,-0.57503],[117.04331,-0.57503],[117.04331,-0.56181],[117.0462,-0.56181],[117.0462,-0.55769],[117.04889,-0.55769],[117.04889,-0.55318],[117.0525,-0.55318],[117.0525,-0.55043],[117.06533,-0.55043],[117.06533,-0.48343],[117.06533,-0.48343],[117.06533,-0.4771],[117.066,-0.4771],[117.066,-0.47438],[117.0669,-0.47438],[117.0669,-0.46896],[117.0687,-0.46896],[117.0687,-0.46353],[117.06533,-0.46353],[117.06533,-0.45991],[117.066,-0.45991],[117.066,-0.45629],[117.0696,-0.45629],[117.0696,-0.44907],[117.0678,-0.44907],[117.0678,-0.44362],[117.06533,-0.44362],[117.06533,-0.42733],[117.06645,-0.42733],[117.06645,-0.42681],[117.06781,-0.42681],[117.06781,-0.42508],[117.0687,-0.42508],[117.0687,-0.42056],[117.07228,-0.42056],[117.07228,-0.42733],[117.07139,-0.42733],[117.07139,-0.43005],[117.07049,-0.43005],[117.07049,-0.43276],[117.07409,-0.43276],[117.07409,-0.42967],[117.07228,-0.42967],[117.07228,-0.42769],[117.07272,-0.42769],[117.07272,-0.42553],[117.07319,-0.42553],[117.07319,-0.42372],[117.07364,-0.42372],[117.07364,-0.42206],[117.07678,-0.42206],[117.07678,-0.42003],[117.07722,-0.42003],[117.07722,-0.41778],[117.07767,-0.41778],[117.07767,-0.41633],[117.07858,-0.41633],[117.07858,-0.41194],[117.10178,-0.41194],[117.10178,-0.4044],[117.108,-0.4044],[117.108,-0.39444],[117.11,-0.39444],[117.11,-0.38508],[117.11987,-0.38508],[117.11987,-0.3488],[117.1239,-0.3488],[117.1239,-0.345],[117.12737,-0.345],[117.12737,-0.344],[117.14289,-0.344],[117.14289,-0.35667],[117.13719,-0.35667]]]}},{"type":"Feature","properties":{"nama_usaha":"KALIMANTAN PERSADA COAL","badan_usaha":"PT","jenis_izin":"IUP","komoditas":"BATUBARA","kegiatan":"OPERASI PRODUKSI","luas_ha":4185,"kabupaten":"KUTAI KARTANEGARA","berlaku_hingga":2029},"geometry":{"type":"Polygon","coordinates":[[[117.05833,-0.29167],[117.05833,-0.30631],[117.06667,-0.30631],[117.06667,-0.27608],[117.06912,-0.27609],[117.06912,-0.28348],[117.07422,-0.28348],[117.07422,-0.30115],[117.08333,-0.30116],[117.08333,-0.34889],[117.07434,-0.34889],[117.07433,-0.34167],[117.06528,-0.34167],[117.06528,-0.34728],[117.05972,-0.34728],[117.05972,-0.37628],[117.03317,-0.3763],[117.03316,-0.35871],[117.01556,-0.35871],[117.01556,-0.34864],[117.01789,-0.34864],[117.01789,-0.34728],[117.03381,-0.34728],[117.03381,-0.34458],[117.03831,-0.34458],[117.03831,-0.35547],[117.04553,-0.35547],[117.04553,-0.32825],[117.05417,-0.32825],[117.05417,-0.32083],[117.04167,-0.32083],[117.04167,-0.32522],[117.03606,-0.32522],[117.03606,-0.33333],[117.03058,-0.33333],[117.03058,-0.32972],[117.02705,-0.32972],[117.02706,-0.32319],[117.02229,-0.32319],[117.02229,-0.32094],[117.01958,-0.32094],[117.01957,-0.31817],[117.01703,-0.31817],[117.01703,-0.31347],[117.01556,-0.31347],[117.01556,-0.30509],[117.0455,-0.30509],[117.04551,-0.29167],[117.05833,-0.29167]]]}},{"type":"Feature","properties":{"nama_usaha":"PERTAMBANGAN BARA SUMBER MAKMUR","badan_usaha":"KOPERASI","jenis_izin":"IUP","komoditas":"BATUBARA","kegiatan":"OPERASI PRODUKSI","luas_ha":87.5,"kabupaten":"KOTA SAMARINDA","berlaku_hingga":2028},"geometry":{"type":"MultiPolygon","coordinates":[[[[117.0678,-0.44907],[117.06959,-0.44907],[117.06959,-0.45628],[117.06534,-0.45628],[117.06534,-0.44361],[117.0678,-0.44361],[117.0678,-0.44907]]],[[[117.06534,-0.47438],[117.06534,-0.46352],[117.06869,-0.46352],[117.06869,-0.46895],[117.06689,-0.46895],[117.06689,-0.47438],[117.06534,-0.47438]]]]}},{"type":"Feature","properties":{"nama_usaha":"SILAU KENCANA","badan_usaha":"PT","jenis_izin":"IUP","komoditas":"BATUBARA","kegiatan":"OPERASI PRODUKSI","luas_ha":4774,"kabupaten":"KUTAI KARTANEGARA","berlaku_hingga":2041},"geometry":{"type":"Polygon","coordinates":[[[116.25534,0.31724],[116.3391,0.31724],[116.3391,0.31914],[116.38473,0.31914],[116.38473,0.28791],[116.25534,0.28791],[116.25534,0.31724]]]}},{"type":"Feature","properties":{"nama_usaha":"TANUR JAYA","badan_usaha":"PT","jenis_izin":"IUP","komoditas":"BATUBARA","kegiatan":"OPERASI PRODUKSI","luas_ha":5000,"kabupaten":"KUTAI KARTANEGARA","berlaku_hingga":2040},"geometry":{"type":"Polygon","coordinates":[[[116.19853,0.45],[116.19853,0.43359],[116.1794,0.43359],[116.1794,0.5333],[116.22419,0.5333],[116.22419,0.45],[116.19853,0.45]]]}},{"type":"Feature","properties":{"nama_usaha":"KUD PADAT KARYA","badan_usaha":"-","jenis_izin":"IUP","komoditas":"Batubara","kegiatan":"SANKSI (PENGHENTIAN SEMENTARA)","luas_ha":25.5,"kabupaten":"KAB. KUTAI KARTANEGARA","berlaku_hingga":2027},"geometry":{"type":"Polygon","coordinates":[[[117.02019,-0.73139],[117.02019,-0.74039],[117.0156,-0.74039],[117.0156,-0.74021],[117.01578,-0.74021],[117.01578,-0.74003],[117.01596,-0.74003],[117.01596,-0.73949],[117.01614,-0.73949],[117.01614,-0.73931],[117.01632,-0.73931],[117.01632,-0.73895],[117.0165,-0.73895],[117.0165,-0.73877],[117.01668,-0.73877],[117.01668,-0.73859],[117.01686,-0.73859],[117.01686,-0.73841],[117.01704,-0.73841],[117.01704,-0.73822],[117.01722,-0.73822],[117.01722,-0.73804],[117.0174,-0.73804],[117.0174,-0.73786],[117.01758,-0.73786],[117.01758,-0.73768],[117.01776,-0.73768],[117.01776,-0.73732],[117.01794,-0.73732],[117.01794,-0.73696],[117.01811,-0.73696],[117.01811,-0.7366],[117.01829,-0.7366],[117.01829,-0.73606],[117.01848,-0.73606],[117.01848,-0.73551],[117.01866,-0.73551],[117.01866,-0.73139],[117.02019,-0.73139]]]}},{"type":"Feature","properties":{"nama_usaha":"BARA NAGA","badan_usaha":"CV","jenis_izin":"IUP","komoditas":"Batubara","kegiatan":"SANKSI (PEMBEKUAN)","luas_ha":86.7,"kabupaten":"KAB. KUTAI KARTANEGARA","berlaku_hingga":2027},"geometry":{"type":"Polygon","coordinates":[[[117.30395,-0.50639],[117.30395,-0.50586],[117.30294,-0.50586],[117.30294,-0.50214],[117.30525,-0.50214],[117.30525,-0.50603],[117.30686,-0.50603],[117.30686,-0.50319],[117.30861,-0.50319],[117.30861,-0.48939],[117.31222,-0.48939],[117.31222,-0.50056],[117.31111,-0.50056],[117.31111,-0.50639],[117.30395,-0.50639]]]}},{"type":"Feature","properties":{"nama_usaha":"CANDRA GUNAWAN","badan_usaha":"CV","jenis_izin":"IUP","komoditas":"PASIR KUARSA","kegiatan":"OPERASI PRODUKSI","luas_ha":23.3,"kabupaten":"KAB. KUTAI KARTANEGARA","berlaku_hingga":2041},"geometry":{"type":"Polygon","coordinates":[[[117.34229,-0.51729],[117.34229,-0.51918],[117.34583,-0.51918],[117.34583,-0.52203],[117.33769,-0.52203],[117.33769,-0.51729],[117.34229,-0.51729]]]}},{"type":"Feature","properties":{"nama_usaha":"ISKANDAR RIYANTO","badan_usaha":"CV","jenis_izin":"IUP","komoditas":"PASIR KUARSA","kegiatan":"OPERASI PRODUKSI","luas_ha":21,"kabupaten":"KAB. KUTAI KARTANEGARA","berlaku_hingga":2041},"geometry":{"type":"Polygon","coordinates":[[[117.33892,-0.5262],[117.33892,-0.53228],[117.33677,-0.53228],[117.33677,-0.53089],[117.33473,-0.53089],[117.33473,-0.5262],[117.33892,-0.5262]]]}},{"type":"Feature","properties":{"nama_usaha":"SENONI FAJAR BERSAMA SEJAHTERA","badan_usaha":"PT","jenis_izin":"IUP","komoditas":"BATU GUNUNG QUARRY BESAR","kegiatan":"OPERASI PRODUKSI","luas_ha":96.3,"kabupaten":"KAB. KUTAI KARTANEGARA","berlaku_hingga":2027},"geometry":{"type":"Polygon","coordinates":[[[116.76381,-0.39161],[116.75547,-0.39161],[116.75547,-0.38536],[116.75856,-0.38536],[116.75856,-0.38383],[116.76736,-0.38383],[116.76736,-0.38883],[116.76381,-0.38883],[116.76381,-0.39161]]]}},{"type":"Feature","properties":{"nama_usaha":"ISTANA MAS TRADING","badan_usaha":"PT","jenis_izin":"IUP","komoditas":"EMAS","kegiatan":"OPERASI PRODUKSI","luas_ha":3726,"kabupaten":"KUTAI BARAT","berlaku_hingga":2038},"geometry":{"type":"Polygon","coordinates":[[[115.17792,0.61694],[115.17792,0.61694],[115.17786,0.63684],[115.20332,0.63684],[115.20333,0.63684],[115.20333,0.6015],[115.23114,0.6015],[115.23114,0.58433],[115.23114,0.58433],[115.23114,0.58433],[115.23142,0.5616],[115.23112,0.56155],[115.17792,0.56155],[115.17792,0.61694]]]}},{"type":"Feature","properties":{"nama_usaha":"BARA JAYA MAKMUR","badan_usaha":"CV","jenis_izin":"IUP","komoditas":"BATUBARA","kegiatan":"OPERASI PRODUKSI","luas_ha":70,"kabupaten":"KUTAI KARTANEGARA","berlaku_hingga":2030},"geometry":{"type":"Polygon","coordinates":[[[117.05035,-0.26974],[117.05035,-0.26261],[117.0583,-0.26261],[117.0583,-0.26974],[117.05035,-0.26974]]]}},{"type":"Feature","properties":{"nama_usaha":"CAHAYA WISESA NUSANTARA","badan_usaha":"PT","jenis_izin":"IUP","komoditas":"BATUBARA","kegiatan":"OPERASI PRODUKSI","luas_ha":562.5,"kabupaten":"KUTAI KARTANEGARA","berlaku_hingga":2040},"geometry":{"type":"Polygon","coordinates":[[[116.93792,-0.75524],[116.93792,-0.75866],[116.92001,-0.75866],[116.92001,-0.76131],[116.90806,-0.76131],[116.90806,-0.7622],[116.90142,-0.7622],[116.90142,-0.76319],[116.9,-0.76319],[116.9,-0.75],[116.95003,-0.75],[116.95006,-0.75524],[116.94444,-0.75524],[116.93792,-0.75524]]]}},{"type":"Feature","properties":{"nama_usaha":"AYUS PUTRA PERKASA","badan_usaha":"PT","jenis_izin":"IUP","komoditas":"Batubara","kegiatan":"OPERASI PRODUKSI","luas_ha":1412.6,"kabupaten":"KAB. KUTAI KARTANEGARA","berlaku_hingga":2040},"geometry":{"type":"Polygon","coordinates":[[[116.79167,-0.61814],[116.79167,-0.63722],[116.79569,-0.63722],[116.79569,-0.68306],[116.76261,-0.68306],[116.76261,-0.66667],[116.74564,-0.66667],[116.74564,-0.65933],[116.78791,-0.65933],[116.78801,-0.61814],[116.79167,-0.61814]]]}},{"type":"Feature","properties":{"nama_usaha":"ANGGANA BERKAH SUKSES","badan_usaha":"PT","jenis_izin":"IUP","komoditas":"PASIR KUARSA","kegiatan":"EKSPLORASI","luas_ha":120,"kabupaten":"KUTAI KARTANEGARA","berlaku_hingga":2028},"geometry":{"type":"Polygon","coordinates":[[[117.35823,-0.52424],[117.35734,-0.52424],[117.35734,-0.52664],[117.34138,-0.52664],[117.34138,-0.5228],[117.34659,-0.5228],[117.34659,-0.51979],[117.35823,-0.51979],[117.35823,-0.52424]]]}},{"type":"Feature","properties":{"nama_usaha":"ANUGERAH PASIR KALTIM","badan_usaha":"PT","jenis_izin":"IUP","komoditas":"PASIR KUARSA","kegiatan":"EKSPLORASI","luas_ha":193,"kabupaten":"KAB. KUTAI KARTANEGARA","berlaku_hingga":2028},"geometry":{"type":"Polygon","coordinates":[[[117.33957,-0.55907],[117.32876,-0.55907],[117.32876,-0.55067],[117.33028,-0.55067],[117.33028,-0.54437],[117.337,-0.54437],[117.337,-0.54132],[117.33957,-0.54132],[117.33957,-0.55907]]]}},{"type":"Feature","properties":{"nama_usaha":"ANUGERAH BERSINAR CEMERLANG","badan_usaha":"PT","jenis_izin":"IUP","komoditas":"PASIR KUARSA","kegiatan":"EKSPLORASI","luas_ha":120,"kabupaten":"KUTAI KARTANEGARA","berlaku_hingga":2028},"geometry":{"type":"Polygon","coordinates":[[[117.35644,-0.52677],[117.35644,-0.52943],[117.35555,-0.52943],[117.35555,-0.53191],[117.35466,-0.53191],[117.35466,-0.5336],[117.34138,-0.5336],[117.34138,-0.52677],[117.35644,-0.52677]]]}},{"type":"Feature","properties":{"nama_usaha":"SULUR ADHI PERKASA","badan_usaha":"PT","jenis_izin":"IUP","komoditas":"PASIR KUARSA","kegiatan":"EKSPLORASI","luas_ha":88,"kabupaten":"KAB. KUTAI KARTANEGARA","berlaku_hingga":2028},"geometry":{"type":"Polygon","coordinates":[[[117.33432,-0.45833],[117.33432,-0.46678],[117.3325,-0.46678],[117.3325,-0.4625],[117.32361,-0.4625],[117.32361,-0.46797],[117.32167,-0.46797],[117.32167,-0.45833],[117.33432,-0.45833]]]}},{"type":"Feature","properties":{"nama_usaha":"KEMILAU PUTIH INDONESIA","badan_usaha":"PT","jenis_izin":"IUP","komoditas":"PASIR KUARSA","kegiatan":"EKSPLORASI","luas_ha":150,"kabupaten":"KAB. KUTAI KARTANEGARA","berlaku_hingga":2028},"geometry":{"type":"Polygon","coordinates":[[[117.32188,-0.56139],[117.32188,-0.5461],[117.32706,-0.5461],[117.32706,-0.54205],[117.33012,-0.54205],[117.33012,-0.55051],[117.3286,-0.55051],[117.3286,-0.56139],[117.32188,-0.56139]]]}},{"type":"Feature","properties":{"nama_usaha":"INDO PASIR MUTIARA","badan_usaha":"PT","jenis_izin":"IUP","komoditas":"PASIR KUARSA","kegiatan":"EKSPLORASI","luas_ha":90,"kabupaten":"KOTA SAMARINDA","berlaku_hingga":2028},"geometry":{"type":"Polygon","coordinates":[[[117.34061,-0.53524],[117.33127,-0.53524],[117.33127,-0.52891],[117.33457,-0.52891],[117.33457,-0.53105],[117.33661,-0.53105],[117.33661,-0.53243],[117.33905,-0.53243],[117.33905,-0.52605],[117.33472,-0.52605],[117.33472,-0.52219],[117.34061,-0.52219],[117.34061,-0.53524]]]}},{"type":"Feature","properties":{"nama_usaha":"BOSS KUMALA SAKTI","badan_usaha":"PT","jenis_izin":"IUP","komoditas":"PASIR KUARSA","kegiatan":"EKSPLORASI","luas_ha":193,"kabupaten":"KAB. KUTAI KARTANEGARA","berlaku_hingga":2028},"geometry":{"type":"Polygon","coordinates":[[[117.34643,-0.52264],[117.34122,-0.52264],[117.34122,-0.53681],[117.33957,-0.53681],[117.33957,-0.54116],[117.33684,-0.54116],[117.33684,-0.54421],[117.33028,-0.54421],[117.33028,-0.54189],[117.32706,-0.54189],[117.32706,-0.53681],[117.33127,-0.53681],[117.33127,-0.5354],[117.34077,-0.5354],[117.34077,-0.52219],[117.34598,-0.52219],[117.34598,-0.51901],[117.34244,-0.51901],[117.34244,-0.51659],[117.33721,-0.51659],[117.33721,-0.51147],[117.34643,-0.51147],[117.34643,-0.52264]]]}},{"type":"Feature","properties":{"nama_usaha":"SILIKA JAYA MAKMUR","badan_usaha":"PT","jenis_izin":"IUP","komoditas":"PASIR KUARSA","kegiatan":"EKSPLORASI","luas_ha":63.9,"kabupaten":"KAB. KUTAI KARTANEGARA","berlaku_hingga":2028},"geometry":{"type":"Polygon","coordinates":[[[117.33101,-0.56416],[117.32852,-0.56416],[117.32852,-0.56525],[117.3264,-0.56525],[117.3264,-0.5657],[117.32337,-0.5657],[117.32337,-0.56594],[117.32289,-0.56594],[117.32289,-0.56622],[117.32197,-0.56622],[117.32197,-0.56691],[117.31848,-0.56691],[117.31848,-0.56156],[117.33101,-0.56156],[117.33101,-0.56416]]]}},{"type":"Feature","properties":{"nama_usaha":"TANITO HARUM","badan_usaha":"PT","jenis_izin":"IUPK","komoditas":"BATUBARA","kegiatan":"OPERASI PRODUKSI","luas_ha":14636,"kabupaten":"KAB. KUTAI KARTANEGARA","berlaku_hingga":2029},"geometry":{"type":"MultiPolygon","coordinates":[[[[116.92524,-0.32778],[116.94747,-0.32778],[116.94747,-0.36939],[116.94651,-0.36939],[116.94651,-0.37181],[116.94352,-0.37181],[116.94352,-0.37735],[116.94178,-0.37735],[116.94178,-0.3875],[116.94028,-0.3875],[116.94028,-0.3928],[116.93793,-0.3928],[116.93793,-0.4015],[116.92753,-0.4015],[116.92753,-0.44981],[116.82071,-0.44981],[116.82071,-0.4329],[116.82335,-0.4329],[116.82335,-0.43224],[116.8284,-0.43224],[116.8284,-0.43171],[116.83422,-0.43171],[116.83422,-0.43113],[116.83981,-0.43113],[116.83981,-0.43058],[116.84711,-0.43058],[116.84711,-0.42977],[116.85527,-0.42977],[116.85528,-0.42902],[116.86311,-0.42902],[116.86311,-0.42752],[116.86438,-0.42752],[116.86438,-0.42399],[116.86486,-0.42399],[116.86486,-0.4226],[116.86526,-0.4226],[116.86526,-0.4215],[116.86579,-0.4215],[116.86579,-0.42007],[116.86596,-0.42007],[116.86596,-0.4196],[116.8662,-0.4196],[116.8662,-0.41892],[116.86721,-0.41892],[116.86721,-0.41613],[116.86854,-0.41613],[116.86854,-0.41241],[116.869,-0.41241],[116.869,-0.41113],[116.86952,-0.41113],[116.86952,-0.40969],[116.86984,-0.40969],[116.86984,-0.4088],[116.87039,-0.4088],[116.87039,-0.40727],[116.8706,-0.40727],[116.8706,-0.40668],[116.87143,-0.40668],[116.87143,-0.40438],[116.87233,-0.40439],[116.87233,-0.40189],[116.873,-0.40189],[116.873,-0.4],[116.87413,-0.4],[116.87413,-0.39852],[116.87635,-0.39852],[116.87635,-0.3956],[116.87779,-0.3956],[116.87779,-0.39369],[116.87924,-0.39369],[116.87924,-0.39179],[116.8804,-0.39179],[116.8804,-0.39026],[116.88107,-0.39026],[116.88107,-0.38937],[116.8815,-0.38937],[116.8815,-0.3888],[116.88197,-0.3888],[116.88197,-0.38819],[116.88228,-0.38819],[116.88228,-0.38778],[116.88247,-0.38778],[116.88247,-0.38753],[116.88258,-0.38753],[116.88258,-0.38738],[116.88271,-0.38738],[116.88271,-0.38721],[116.88285,-0.38721],[116.88285,-0.38702],[116.88307,-0.38702],[116.88307,-0.38677],[116.88321,-0.38677],[116.88321,-0.38661],[116.88396,-0.38661],[116.88396,-0.38556],[116.8868,-0.38556],[116.8868,-0.38182],[116.88853,-0.38182],[116.88853,-0.37954],[116.88942,-0.37954],[116.88942,-0.37837],[116.89062,-0.37837],[116.89063,-0.37678],[116.89108,-0.37678],[116.89108,-0.37618],[116.89156,-0.37618],[116.89156,-0.37555],[116.89255,-0.37555],[116.89255,-0.37424],[116.89296,-0.37424],[116.89296,-0.3737],[116.89347,-0.3737],[116.89347,-0.37303],[116.89411,-0.37303],[116.89411,-0.37219],[116.89445,-0.37219],[116.89446,-0.37142],[116.89504,-0.37142],[116.89503,-0.37097],[116.89693,-0.37097],[116.89693,-0.36848],[116.89765,-0.36848],[116.89765,-0.36752],[116.89902,-0.36752],[116.89902,-0.36572],[116.90039,-0.36572],[116.90039,-0.36391],[116.90246,-0.36391],[116.90246,-0.36119],[116.90862,-0.36119],[116.90862,-0.35306],[116.90669,-0.35306],[116.90669,-0.32972],[116.9132,-0.32972],[116.9132,-0.32685],[116.9196,-0.32685],[116.9196,-0.32562],[116.92524,-0.32562],[116.92524,-0.32778]]],[[[116.81181,-0.33692],[116.80937,-0.33692],[116.80937,-0.34235],[116.80364,-0.34235],[116.80364,-0.36681],[116.79417,-0.36681],[116.79417,-0.37184],[116.78023,-0.37184],[116.78023,-0.37432],[116.76639,-0.37432],[116.76639,-0.37637],[116.75466,-0.37636],[116.75466,-0.37955],[116.74056,-0.37955],[116.74056,-0.39116],[116.72528,-0.39116],[116.72528,-0.39722],[116.71944,-0.39722],[116.71944,-0.40044],[116.70083,-0.40044],[116.70083,-0.40856],[116.68444,-0.40856],[116.68444,-0.43675],[116.66111,-0.43675],[116.66111,-0.39571],[116.68896,-0.39571],[116.68896,-0.38476],[116.73294,-0.38476],[116.73294,-0.37253],[116.75361,-0.37253],[116.75361,-0.36681],[116.76639,-0.36681],[116.76639,-0.35336],[116.78408,-0.35336],[116.78408,-0.31937],[116.77153,-0.31937],[116.77153,-0.31628],[116.76639,-0.31628],[116.76639,-0.31213],[116.78812,-0.31213],[116.78812,-0.31697],[116.80809,-0.31697],[116.80809,-0.32402],[116.81181,-0.32402],[116.81181,-0.33692]]],[[[117.04556,-0.30509],[117.02301,-0.30509],[117.02301,-0.26957],[117.04556,-0.26957],[117.04556,-0.30509]]]]}},{"type":"Feature","properties":{"nama_usaha":"ANUGERAH JAZIRAH ABADI","badan_usaha":"CV","jenis_izin":"WIUP","komoditas":"BATU GUNUNG","kegiatan":"PENCADANGAN","luas_ha":3,"kabupaten":"KOTA SAMARINDA","berlaku_hingga":null},"geometry":{"type":"Polygon","coordinates":[[[117.13822,-0.41654],[117.13886,-0.41654],[117.13886,-0.41676],[117.13944,-0.41676],[117.13944,-0.41692],[117.13984,-0.41692],[117.13984,-0.41711],[117.14036,-0.41711],[117.14036,-0.41729],[117.14083,-0.41729],[117.14083,-0.41748],[117.1413,-0.41748],[117.1413,-0.4177],[117.14111,-0.4177],[117.14111,-0.41797],[117.14097,-0.41797],[117.14097,-0.41819],[117.14072,-0.41819],[117.14072,-0.41808],[117.14036,-0.41808],[117.14036,-0.41798],[117.14005,-0.41798],[117.14005,-0.41784],[117.13961,-0.41784],[117.13961,-0.41766],[117.13903,-0.41766],[117.13903,-0.41746],[117.13842,-0.41746],[117.13842,-0.41724],[117.138,-0.41724],[117.138,-0.41704],[117.13814,-0.41704],[117.13814,-0.4169],[117.13822,-0.4169],[117.13822,-0.41654]]]}},{"type":"Feature","properties":{"nama_usaha":"GHANI RAYA MANDIRI","badan_usaha":"PT","jenis_izin":"IUP","komoditas":"BATUBARA","kegiatan":"OPERASI PRODUKSI","luas_ha":164,"kabupaten":"KUTAI KARTANEGARA","berlaku_hingga":2040},"geometry":{"type":"Polygon","coordinates":[[[117.08045,-0.72506],[117.08045,-0.68806],[117.0795,-0.68806],[117.0795,-0.68108],[117.08333,-0.68108],[117.08333,-0.72373],[117.08321,-0.72384],[117.0831,-0.72393],[117.08296,-0.724],[117.08281,-0.72406],[117.08215,-0.72423],[117.082,-0.72429],[117.08187,-0.72437],[117.08176,-0.72446],[117.08147,-0.7248],[117.08118,-0.72506],[117.08045,-0.72506]]]}},{"type":"Feature","properties":{"nama_usaha":"MUTIARA ALAM BORNEO","badan_usaha":"PT","jenis_izin":"WIUP","komoditas":"ANDESIT","kegiatan":"PENCADANGAN","luas_ha":9.5,"kabupaten":"KOTA SAMARINDA","berlaku_hingga":null},"geometry":{"type":"Polygon","coordinates":[[[117.0929,-0.4896],[117.0929,-0.48966],[117.09312,-0.48966],[117.09312,-0.48977],[117.09316,-0.48977],[117.09316,-0.48998],[117.09343,-0.48998],[117.09343,-0.49002],[117.09371,-0.49002],[117.09371,-0.49024],[117.09359,-0.49024],[117.09359,-0.49052],[117.09339,-0.49052],[117.09339,-0.49097],[117.0932,-0.49097],[117.0932,-0.49159],[117.09362,-0.49159],[117.09362,-0.49176],[117.09392,-0.49176],[117.09392,-0.49244],[117.09442,-0.49244],[117.09442,-0.49235],[117.09509,-0.49235],[117.09509,-0.49263],[117.09521,-0.49263],[117.09521,-0.49371],[117.09537,-0.49371],[117.09537,-0.49378],[117.0955,-0.49378],[117.0955,-0.49386],[117.09565,-0.49386],[117.09565,-0.49405],[117.09549,-0.49405],[117.09549,-0.49395],[117.09529,-0.49395],[117.09529,-0.49383],[117.09494,-0.49383],[117.09494,-0.49397],[117.09482,-0.49397],[117.09482,-0.4941],[117.09473,-0.4941],[117.09473,-0.49421],[117.09463,-0.49421],[117.09463,-0.4941],[117.09443,-0.4941],[117.09443,-0.49395],[117.09427,-0.49395],[117.09427,-0.49379],[117.09411,-0.49379],[117.09411,-0.49363],[117.09395,-0.49363],[117.09395,-0.49347],[117.09379,-0.49347],[117.09379,-0.49319],[117.09368,-0.49319],[117.09368,-0.49301],[117.09357,-0.49301],[117.09357,-0.49292],[117.09244,-0.49292],[117.09244,-0.49282],[117.09231,-0.49282],[117.09231,-0.49264],[117.09208,-0.49264],[117.09208,-0.49255],[117.09191,-0.49255],[117.09191,-0.49243],[117.09169,-0.49243],[117.09169,-0.49231],[117.09146,-0.49231],[117.09146,-0.49219],[117.09124,-0.49219],[117.09124,-0.49187],[117.09116,-0.49187],[117.09116,-0.49155],[117.09102,-0.49155],[117.09102,-0.4914],[117.09099,-0.4914],[117.09099,-0.49124],[117.09096,-0.49124],[117.09096,-0.49104],[117.09099,-0.49104],[117.09099,-0.49099],[117.09116,-0.49099],[117.09116,-0.49104],[117.09145,-0.49104],[117.09145,-0.49112],[117.09189,-0.49112],[117.09189,-0.49121],[117.09247,-0.49121],[117.09247,-0.49091],[117.09255,-0.49091],[117.09255,-0.49046],[117.09264,-0.49046],[117.09264,-0.49001],[117.09272,-0.49001],[117.09272,-0.48958],[117.0928,-0.48958],[117.0928,-0.4896],[117.0929,-0.4896]]]}},{"type":"Feature","properties":{"nama_usaha":"MILLENIA COALINDO UTAMA","badan_usaha":"PT","jenis_izin":"IUP","komoditas":"PASIR KUARSA","kegiatan":"OPERASI PRODUKSI","luas_ha":1010,"kabupaten":"KAB. KUTAI KARTANEGARA","berlaku_hingga":2044},"geometry":{"type":"Polygon","coordinates":[[[116.55696,-0.33735],[116.55696,-0.34791],[116.60034,-0.34791],[116.60034,-0.38416],[116.61721,-0.38416],[116.61721,-0.39248],[116.59866,-0.39248],[116.59866,-0.34946],[116.56184,-0.34946],[116.56184,-0.37015],[116.55352,-0.37015],[116.55352,-0.36354],[116.54599,-0.36354],[116.54599,-0.35565],[116.53924,-0.35565],[116.53924,-0.33735],[116.55696,-0.33735]]]}},{"type":"Feature","properties":{"nama_usaha":"KEMBAR JAYA ABADI","badan_usaha":"PT","jenis_izin":"WIUP","komoditas":"SIRTU","kegiatan":"PENCADANGAN","luas_ha":5,"kabupaten":"MAHAKAM ULU","berlaku_hingga":null},"geometry":{"type":"Polygon","coordinates":[[[114.70002,0.86949],[114.69812,0.86949],[114.69812,0.87148],[114.70002,0.87148],[114.70002,0.86949]]]}},{"type":"Feature","properties":{"nama_usaha":"BORNEO MITRA SEJAHTERA","badan_usaha":"PT","jenis_izin":"IUP","komoditas":"BATUBARA","kegiatan":"OPERASI PRODUKSI","luas_ha":3411,"kabupaten":"KAB. KUTAI KARTANEGARA","berlaku_hingga":2030},"geometry":{"type":"Polygon","coordinates":[[[116.94481,-0.49254],[116.94481,-0.44254],[116.97308,-0.44254],[116.97308,-0.46185],[117,-0.46185],[117,-0.46695],[117.00534,-0.46695],[117.00534,-0.47329],[117.01306,-0.47329],[117.01306,-0.48667],[117,-0.48667],[117,-0.5],[116.95836,-0.5],[116.95836,-0.49254],[116.94481,-0.49254]]]}},{"type":"Feature","properties":{"nama_usaha":"ANNABELLA ENERGY INDONESIA","badan_usaha":"PT","jenis_izin":"IUP","komoditas":"PASIR KUARSA","kegiatan":"OPERASI PRODUKSI","luas_ha":97.1,"kabupaten":"KAB. KUTAI KARTANEGARA","berlaku_hingga":2044},"geometry":{"type":"Polygon","coordinates":[[[117.34661,-0.50628],[117.34661,-0.51068],[117.35153,-0.51068],[117.35153,-0.51653],[117.34755,-0.51653],[117.34755,-0.51146],[117.34349,-0.51146],[117.34349,-0.51103],[117.33935,-0.51103],[117.33935,-0.51031],[117.33865,-0.51031],[117.33865,-0.50964],[117.33803,-0.50964],[117.33803,-0.50902],[117.33712,-0.50902],[117.33712,-0.50435],[117.34192,-0.50435],[117.34192,-0.5053],[117.34439,-0.5053],[117.34439,-0.50628],[117.34661,-0.50628]]]}},{"type":"Feature","properties":{"nama_usaha":"SILIKA SALUT SEJAHTERA","badan_usaha":"PT","jenis_izin":"IUP","komoditas":"PASIR KUARSA","kegiatan":"EKSPLORASI","luas_ha":96.5,"kabupaten":"KAB. KUTAI KARTANEGARA","berlaku_hingga":2028},"geometry":{"type":"Polygon","coordinates":[[[116.85826,-0.1453],[116.85223,-0.1453],[116.85223,-0.14395],[116.85145,-0.14395],[116.85145,-0.14335],[116.85034,-0.14335],[116.85034,-0.13498],[116.85826,-0.13498],[116.85826,-0.1453]]]}},{"type":"Feature","properties":{"nama_usaha":"HANASTA KARYA SILIKA","badan_usaha":"PT","jenis_izin":"IUP","komoditas":"PASIR KUARSA","kegiatan":"EKSPLORASI","luas_ha":84.4,"kabupaten":"KAB. KUTAI KARTANEGARA","berlaku_hingga":2029},"geometry":{"type":"Polygon","coordinates":[[[117.30208,-0.45824],[117.29581,-0.45824],[117.29581,-0.46096],[117.29268,-0.46096],[117.29268,-0.46033],[117.29202,-0.46033],[117.29202,-0.45916],[117.29135,-0.45916],[117.29135,-0.45799],[117.29069,-0.45799],[117.29069,-0.45683],[117.29003,-0.45683],[117.29003,-0.45566],[117.29219,-0.45566],[117.29219,-0.45282],[117.30208,-0.45282],[117.30208,-0.45824]]]}},{"type":"Feature","properties":{"nama_usaha":"SEPEKAT SALUT SEJAHTERA","badan_usaha":"PT","jenis_izin":"IUP","komoditas":"PASIR KUARSA","kegiatan":"EKSPLORASI","luas_ha":98.6,"kabupaten":"KAB. KUTAI KARTANEGARA","berlaku_hingga":2029},"geometry":{"type":"Polygon","coordinates":[[[116.8541,-0.14876],[116.8541,-0.15018],[116.8559,-0.15018],[116.8559,-0.15327],[116.85688,-0.15327],[116.85688,-0.15595],[116.85811,-0.15595],[116.85811,-0.1572],[116.85873,-0.1572],[116.85873,-0.16047],[116.85009,-0.16047],[116.85009,-0.14876],[116.8541,-0.14876]]]}},{"type":"Feature","properties":{"nama_usaha":"ANUGERAH BUMI KUTAI","badan_usaha":"CV","jenis_izin":"WIUP","komoditas":"ANDESIT","kegiatan":"PENCADANGAN","luas_ha":50,"kabupaten":"KABUPATEN KUTAI KARTANEGARA","berlaku_hingga":null},"geometry":{"type":"Polygon","coordinates":[[[115.99336,0.37192],[115.99336,0.37825],[115.99742,0.37825],[115.99742,0.37869],[115.99964,0.37869],[115.99964,0.37192],[115.99336,0.37192]]]}},{"type":"Feature","properties":{"nama_usaha":"WAHANA SILICA KALIMANTAN","badan_usaha":"PT","jenis_izin":"WIUP","komoditas":"PASIR KUARSA","kegiatan":"PENCADANGAN","luas_ha":87,"kabupaten":"KABUPATEN KUTAI KARTANEGARA","berlaku_hingga":null},"geometry":{"type":"Polygon","coordinates":[[[117.37162,-0.5054],[117.37162,-0.50734],[117.36785,-0.50734],[117.36785,-0.5093],[117.36949,-0.5093],[117.36949,-0.51219],[117.36864,-0.51219],[117.36864,-0.51363],[117.36722,-0.51363],[117.36722,-0.51673],[117.36261,-0.51673],[117.36261,-0.5054],[117.37162,-0.5054]]]}},{"type":"Feature","properties":{"nama_usaha":"RIZAL BERSAUDARA","badan_usaha":"CV","jenis_izin":"WIUP","komoditas":"BATU GAMPING","kegiatan":"PENCADANGAN","luas_ha":23.2,"kabupaten":"KOTA SAMARINDA","berlaku_hingga":null},"geometry":{"type":"Polygon","coordinates":[[[117.1165,-0.48044],[117.1165,-0.48093],[117.11624,-0.48093],[117.11624,-0.48143],[117.11592,-0.48143],[117.11592,-0.48179],[117.11549,-0.48179],[117.11549,-0.4822],[117.11516,-0.4822],[117.11516,-0.48304],[117.11325,-0.48304],[117.11325,-0.47872],[117.11489,-0.47872],[117.11489,-0.47733],[117.11571,-0.47733],[117.11571,-0.4767],[117.11608,-0.4767],[117.11608,-0.47606],[117.11637,-0.47606],[117.11637,-0.47559],[117.11671,-0.47559],[117.11671,-0.47487],[117.11706,-0.47487],[117.11706,-0.47422],[117.11744,-0.47422],[117.11744,-0.47359],[117.1177,-0.47359],[117.1177,-0.47307],[117.11795,-0.47307],[117.11795,-0.47255],[117.11826,-0.47255],[117.11826,-0.47201],[117.11883,-0.47201],[117.11883,-0.47277],[117.11851,-0.47277],[117.11851,-0.47334],[117.1182,-0.47334],[117.1182,-0.47397],[117.11794,-0.47397],[117.11794,-0.47447],[117.11767,-0.47447],[117.11767,-0.47531],[117.1173,-0.47531],[117.1173,-0.476],[117.11701,-0.476],[117.11701,-0.47669],[117.1167,-0.47669],[117.1167,-0.47802],[117.11632,-0.47802],[117.11632,-0.47966],[117.11686,-0.47966],[117.11686,-0.48044],[117.1165,-0.48044]]]}},{"type":"Feature","properties":{"nama_usaha":"MUARA PUTRA MAHKOTA","badan_usaha":"PT","jenis_izin":"WIUP","komoditas":"PASIR","kegiatan":"PENCADANGAN","luas_ha":983,"kabupaten":"KABUPATEN KUTAI KARTANEGARA","berlaku_hingga":null},"geometry":{"type":"Polygon","coordinates":[[[117.27081,-0.80374],[117.27081,-0.80262],[117.27222,-0.80262],[117.27222,-0.80087],[117.27504,-0.80087],[117.27338,-0.80253],[117.2726,-0.80333],[117.27232,-0.80369],[117.27185,-0.80409],[117.27133,-0.80444],[117.271,-0.80473],[117.27022,-0.80374],[117.27081,-0.80374]]]}},{"type":"Feature","properties":{"nama_usaha":"MITRA HANDAYANI SEJAHTERAH","badan_usaha":"PT","jenis_izin":"IUP","komoditas":"Batubara","kegiatan":"SANKSI (PENGHENTIAN SEMENTARA)","luas_ha":765.8,"kabupaten":"KAB. KUTAI KARTANEGARA","berlaku_hingga":2042},"geometry":{"type":"Polygon","coordinates":[[[116.959,-0.23194],[116.92667,-0.23194],[116.92667,-0.21279],[116.959,-0.21279],[116.959,-0.23194]]]}},{"type":"Feature","properties":{"nama_usaha":"KANAKA BARATA JAYA","badan_usaha":"PT","jenis_izin":"WIUP","komoditas":"BATU GAMPING","kegiatan":"PENCADANGAN","luas_ha":113.4,"kabupaten":"KABUPATEN KUTAI BARAT","berlaku_hingga":null},"geometry":{"type":"Polygon","coordinates":[[[115.77325,-0.65014],[115.77325,-0.65368],[115.77743,-0.65368],[115.77743,-0.65747],[115.77962,-0.65747],[115.77962,-0.65948],[115.78194,-0.65948],[115.78194,-0.6611],[115.78393,-0.6611],[115.78393,-0.66559],[115.77892,-0.66559],[115.77892,-0.66313],[115.77786,-0.66313],[115.77786,-0.66207],[115.77694,-0.66207],[115.77694,-0.66115],[115.77599,-0.66115],[115.77599,-0.65958],[115.77376,-0.65958],[115.77376,-0.65673],[115.77138,-0.65673],[115.77138,-0.65478],[115.76777,-0.65478],[115.76777,-0.65014],[115.77325,-0.65014]]]}},{"type":"Feature","properties":{"nama_usaha":"BORNEO INDO MINERAL","badan_usaha":"PT","jenis_izin":"IUP","komoditas":"Batubara","kegiatan":"SANKSI (PENGHENTIAN SEMENTARA)","luas_ha":1330,"kabupaten":"KAB. KUTAI KARTANEGARA","berlaku_hingga":2042},"geometry":{"type":"Polygon","coordinates":[[[117.12917,-0.13333],[117.08617,-0.13333],[117.08617,-0.10833],[117.12917,-0.10833],[117.12917,-0.13333]]]}},{"type":"Feature","properties":{"nama_usaha":"BERKAH ALAM SULAWESI","badan_usaha":"PT","jenis_izin":"WIUP","komoditas":"PASIR KUARSA","kegiatan":"PENCADANGAN","luas_ha":4183,"kabupaten":"KUTAI KARTANEGARA","berlaku_hingga":null},"geometry":{"type":"Polygon","coordinates":[[[116.66589,-0.17778],[116.62314,-0.17778],[116.62314,-0.21708],[116.59361,-0.21708],[116.59361,-0.15514],[116.62917,-0.15514],[116.62917,-0.13917],[116.66589,-0.13917],[116.66589,-0.17778]]]}},{"type":"Feature","properties":{"nama_usaha":"SUMBER API","badan_usaha":"PT","jenis_izin":"IUP","komoditas":"Batubara","kegiatan":"EKSPLORASI","luas_ha":1915,"kabupaten":"KAB. KUTAI KARTANEGARA","berlaku_hingga":2027},"geometry":{"type":"Polygon","coordinates":[[[116.27972,0.44406],[116.27972,0.44194],[116.2946,0.44194],[116.2946,0.43406],[116.30469,0.43406],[116.30469,0.42492],[116.31436,0.42492],[116.31436,0.41628],[116.32325,0.41628],[116.32325,0.41292],[116.25534,0.41292],[116.25534,0.44406],[116.27972,0.44406]]]}},{"type":"Feature","properties":{"nama_usaha":"ORKIDA MAKMUR","badan_usaha":"PT","jenis_izin":"IUP","komoditas":"Batubara","kegiatan":"EKSPLORASI","luas_ha":310,"kabupaten":"KAB. KUTAI KARTANEGARA","berlaku_hingga":2027},"geometry":{"type":"Polygon","coordinates":[[[116.25617,0.4753],[116.25617,0.46831],[116.26181,0.46831],[116.26181,0.45436],[116.26631,0.45436],[116.26631,0.45],[116.27075,0.45],[116.27075,0.44597],[116.27972,0.44597],[116.27972,0.44407],[116.25534,0.44407],[116.25534,0.4753],[116.25617,0.4753]]]}},{"type":"Feature","properties":{"nama_usaha":"CAHAYA ALAM","badan_usaha":"PT","jenis_izin":"IUP","komoditas":"BATUBARA","kegiatan":"OPERASI PRODUKSI","luas_ha":3193,"kabupaten":"KUTAI KARTANEGARA","berlaku_hingga":2028},"geometry":{"type":"Polygon","coordinates":[[[116.34729,0.39161],[116.34729,0.38347],[116.35176,0.38347],[116.35176,0.3816],[116.25534,0.3816],[116.25534,0.41292],[116.32325,0.41292],[116.32325,0.40814],[116.33164,0.40814],[116.33164,0.4],[116.33978,0.4],[116.33978,0.39161],[116.34729,0.39161]]]}},{"type":"Feature","properties":{"nama_usaha":"BARA SEJATI","badan_usaha":"PT","jenis_izin":"IUP","komoditas":"BATUBARA","kegiatan":"OPERASI PRODUKSI","luas_ha":2903,"kabupaten":"KUTAI KARTANEGARA","berlaku_hingga":2032},"geometry":{"type":"Polygon","coordinates":[[[116.35375,0.3816],[116.35375,0.37508],[116.35972,0.37508],[116.35972,0.36667],[116.37733,0.36667],[116.37733,0.36412],[116.38469,0.36412],[116.38469,0.35037],[116.3391,0.35037],[116.3391,0.36542],[116.25534,0.36542],[116.25534,0.3816],[116.35375,0.3816]]]}},{"type":"Feature","properties":{"nama_usaha":"DERMAGA ENERGI","badan_usaha":"PT","jenis_izin":"IUP","komoditas":"Batubara","kegiatan":"EKSPLORASI","luas_ha":3120,"kabupaten":"KAB. KUTAI KARTANEGARA","berlaku_hingga":2027},"geometry":{"type":"Polygon","coordinates":[[[116.22419,0.5333],[116.25017,0.5333],[116.25017,0.50064],[116.2804,0.50064],[116.2804,0.49444],[116.25031,0.49444],[116.25031,0.48881],[116.25278,0.48881],[116.25278,0.48347],[116.25378,0.48347],[116.25378,0.47969],[116.25617,0.47969],[116.25617,0.4753],[116.25534,0.4753],[116.25534,0.45002],[116.22419,0.45002],[116.22419,0.5333]]]}},{"type":"Feature","properties":{"nama_usaha":"KEVINDO RATU MINERAL","badan_usaha":"PT","jenis_izin":"IUP","komoditas":"Batubara","kegiatan":"SANKSI (PENGHENTIAN SEMENTARA)","luas_ha":1440,"kabupaten":"KAB. KUTAI KARTANEGARA","berlaku_hingga":2042},"geometry":{"type":"Polygon","coordinates":[[[117.08617,-0.10833],[117.08617,-0.13333],[117.01667,-0.13333],[117.01667,-0.11834],[117.07389,-0.11834],[117.07389,-0.10833],[117.08617,-0.10833]]]}},{"type":"Feature","properties":{"nama_usaha":"CHAIDO MEGA MINERAL","badan_usaha":"PT","jenis_izin":"IUP","komoditas":"BATUBARA","kegiatan":"OPERASI PRODUKSI","luas_ha":5000,"kabupaten":"KAB. KUTAI KARTANEGARA","berlaku_hingga":2042},"geometry":{"type":"Polygon","coordinates":[[[116.695,-0.28333],[116.695,-0.32278],[116.67674,-0.32278],[116.67674,-0.3],[116.65418,-0.3],[116.65418,-0.30861],[116.64111,-0.30861],[116.64111,-0.35663],[116.62884,-0.35663],[116.62884,-0.36639],[116.60028,-0.36639],[116.60028,-0.31139],[116.62361,-0.31139],[116.62361,-0.28333],[116.695,-0.28333]]]}},{"type":"Feature","properties":{"nama_usaha":"BAHTERA MANDIRII","badan_usaha":"CV","jenis_izin":"WIUP","komoditas":"BATU GAMPING","kegiatan":"PENCADANGAN","luas_ha":20,"kabupaten":"KUTAI KARTANEGARA","berlaku_hingga":null},"geometry":{"type":"Polygon","coordinates":[[[116.52821,-0.45579],[116.5257,-0.45579],[116.5257,-0.45067],[116.52991,-0.45067],[116.52991,-0.45272],[116.52821,-0.45272],[116.52821,-0.45579]]]}},{"type":"Feature","properties":{"nama_usaha":"BLACKCOALINDO ALAM ENERGI","badan_usaha":"PT","jenis_izin":"IUP","komoditas":"BATUBARA","kegiatan":"OPERASI PRODUKSI","luas_ha":999.9,"kabupaten":"KAB. KUTAI KARTANEGARA","berlaku_hingga":2042},"geometry":{"type":"Polygon","coordinates":[[[116.57865,-0.5152],[116.5901,-0.5152],[116.5901,-0.50278],[116.60629,-0.50278],[116.60629,-0.50537],[116.60547,-0.50537],[116.60547,-0.51704],[116.59783,-0.51704],[116.59783,-0.52515],[116.59,-0.52515],[116.59,-0.56122],[116.57865,-0.56122],[116.57865,-0.5152]]]}},{"type":"Feature","properties":{"nama_usaha":"CV DIANA PUTRI","badan_usaha":"CV","jenis_izin":"WIUP","komoditas":"PASIR KUARSA","kegiatan":"PENCADANGAN","luas_ha":8.9,"kabupaten":"KUTAI TIMUR","berlaku_hingga":null},"geometry":{"type":"Polygon","coordinates":[[[116.34291,0.55378],[116.34339,0.55378],[116.34339,0.55347],[116.34536,0.55347],[116.34536,0.55361],[116.34639,0.55361],[116.34639,0.55247],[116.3435,0.55247],[116.3435,0.55184],[116.34172,0.55184],[116.34172,0.55241],[116.34108,0.55241],[116.34108,0.55417],[116.34291,0.55417],[116.34291,0.55378]]]}},{"type":"Feature","properties":{"nama_usaha":"KUTAI SILIKA UTAMA","badan_usaha":"PT","jenis_izin":"IUP","komoditas":"PASIR KUARSA","kegiatan":"EKSPLORASI","luas_ha":91.4,"kabupaten":"KAB. KUTAI KARTANEGARA","berlaku_hingga":2031},"geometry":{"type":"Polygon","coordinates":[[[117.29989,-0.4435],[117.2935,-0.4435],[117.2935,-0.44694],[117.28976,-0.44694],[117.28976,-0.44398],[117.2914,-0.44398],[117.2914,-0.43622],[117.29989,-0.43622],[117.29989,-0.4435]]]}},{"type":"Feature","properties":{"nama_usaha":"DELTA LESTARI BERKAH","badan_usaha":"PT","jenis_izin":"IUP","komoditas":"PASIR KUARSA","kegiatan":"EKSPLORASI","luas_ha":100.5,"kabupaten":"KAB. KUTAI KARTANEGARA","berlaku_hingga":2030},"geometry":{"type":"Polygon","coordinates":[[[117.33637,-0.47278],[117.33637,-0.4773],[117.34086,-0.4773],[117.34086,-0.48363],[117.33951,-0.48363],[117.33951,-0.48499],[117.33816,-0.48499],[117.33816,-0.48635],[117.33682,-0.48635],[117.33682,-0.48725],[117.33322,-0.48725],[117.33322,-0.47278],[117.33637,-0.47278]]]}},{"type":"Feature","properties":{"nama_usaha":"SOKO JOYO MAKMUR","badan_usaha":"PT","jenis_izin":"IUP","komoditas":"BATUBARA","kegiatan":"OPERASI PRODUKSI","luas_ha":2500,"kabupaten":"KAB. KUTAI BARAT","berlaku_hingga":2042},"geometry":{"type":"Polygon","coordinates":[[[115.25122,-0.26461],[115.25122,-0.26267],[115.25819,-0.26267],[115.25819,-0.26076],[115.26763,-0.26076],[115.26763,-0.25588],[115.27194,-0.25588],[115.27194,-0.25259],[115.27768,-0.25259],[115.27768,-0.24608],[115.28174,-0.24608],[115.28174,-0.23924],[115.30573,-0.23924],[115.30573,-0.2916],[115.29945,-0.2916],[115.29945,-0.30391],[115.33302,-0.30391],[115.33302,-0.3122],[115.29413,-0.3122],[115.29413,-0.27535],[115.25173,-0.27535],[115.25172,-0.27513],[115.25176,-0.27488],[115.25182,-0.27464],[115.25191,-0.27442],[115.25225,-0.27392],[115.25258,-0.27324],[115.25271,-0.27302],[115.25286,-0.27284],[115.25301,-0.27271],[115.25355,-0.27239],[115.25371,-0.27228],[115.25385,-0.27214],[115.25397,-0.27195],[115.25405,-0.27173],[115.2541,-0.27149],[115.25412,-0.27124],[115.25412,-0.27098],[115.2541,-0.27072],[115.25405,-0.27048],[115.25397,-0.27026],[115.25388,-0.27008],[115.25366,-0.26974],[115.2533,-0.26898],[115.25319,-0.2688],[115.25306,-0.26865],[115.25283,-0.26851],[115.25251,-0.26841],[115.25213,-0.26835],[115.25171,-0.26832],[115.2516,-0.26832],[115.2515,-0.2673],[115.25077,-0.26623],[115.24963,-0.26485],[115.24951,-0.26461],[115.25122,-0.26461]]]}},{"type":"Feature","properties":{"nama_usaha":"TAMBANG MULIA","badan_usaha":"PT","jenis_izin":"IUP","komoditas":"Batubara","kegiatan":"SANKSI (PENGHENTIAN SEMENTARA)","luas_ha":5194,"kabupaten":"KAB. KUTAI TIMUR","berlaku_hingga":2042},"geometry":{"type":"Polygon","coordinates":[[[116.6,1.11667],[116.6,1.10417],[116.625,1.10417],[116.625,1.08542],[116.65833,1.08542],[116.65833,1.07222],[116.53333,1.07222],[116.53333,1.11667],[116.6,1.11667]]]}},{"type":"Feature","properties":{"nama_usaha":"WIJAYA WARMAN ENERINDO","badan_usaha":"PT","jenis_izin":"IUP","komoditas":"BATUBARA","kegiatan":"OPERASI PRODUKSI","luas_ha":5000,"kabupaten":"KAB. KUTAI KARTANEGARA,KAB. KUTAI TIMUR","berlaku_hingga":2038},"geometry":{"type":"Polygon","coordinates":[[[116.46435,0.33422],[116.46435,0.32511],[116.46996,0.32511],[116.46996,0.31797],[116.47503,0.31797],[116.47503,0.31045],[116.47869,0.31045],[116.47869,0.30259],[116.48236,0.30259],[116.48236,0.28815],[116.4745,0.28815],[116.4745,0.29909],[116.41264,0.29909],[116.41264,0.31762],[116.38486,0.31762],[116.38486,0.35204],[116.42348,0.35204],[116.42348,0.36183],[116.43536,0.36183],[116.43536,0.35484],[116.45126,0.35484],[116.45126,0.34016],[116.45825,0.34016],[116.45825,0.33422],[116.46435,0.33422]]]}},{"type":"Feature","properties":{"nama_usaha":"JAYA MINERAL","badan_usaha":"PT","jenis_izin":"IUP","komoditas":"Batubara","kegiatan":"SANKSI (PENGHENTIAN SEMENTARA)","luas_ha":8327,"kabupaten":"KAB. KUTAI TIMUR","berlaku_hingga":2042},"geometry":{"type":"Polygon","coordinates":[[[116.65833,1.07222],[116.65833,1],[116.68333,1],[116.68333,0.98333],[116.66667,0.98333],[116.66667,0.95556],[116.64167,0.95556],[116.64167,0.96667],[116.65,0.96667],[116.65,1.02917],[116.53333,1.02917],[116.53333,1.07222],[116.65833,1.07222]]]}},{"type":"Feature","properties":{"nama_usaha":"AGRO CITY KALTIM","badan_usaha":"PT","jenis_izin":"IUP","komoditas":"BATUBARA","kegiatan":"OPERASI PRODUKSI","luas_ha":2096,"kabupaten":"KAB. KUTAI BARAT","berlaku_hingga":2036},"geometry":{"type":"Polygon","coordinates":[[[115.0666,-0.025],[115.0666,-0.0334],[115.0748,-0.0334],[115.0748,-0.0498],[115.0499,-0.0498],[115.0499,-0.0582],[115.0416,-0.0582],[115.0416,-0.08333],[115.0166,-0.08333],[115.0166,-0.09034],[115.00139,-0.09034],[115.00139,-0.08139],[114.99889,-0.08139],[114.99889,-0.07666],[114.98306,-0.07666],[114.98306,-0.0731],[115.0306,-0.0731],[115.0306,-0.0541],[115.0451,-0.0541],[115.0451,-0.0313],[115.0225,-0.0313],[115.0225,-0.0168],[115.025,-0.0168],[115.025,-0.025],[115.0666,-0.025]]]}},{"type":"Feature","properties":{"nama_usaha":"INDO BARA PRATAMA","badan_usaha":"PT","jenis_izin":"IUP","komoditas":"BATUBARA","kegiatan":"OPERASI PRODUKSI","luas_ha":2705.6,"kabupaten":"KUTAI KARTANEGARA","berlaku_hingga":2028},"geometry":{"type":"Polygon","coordinates":[[[116.25501,0.4175],[116.1747,0.4175],[116.1747,0.43333],[116.2,0.43333],[116.2,0.45],[116.25501,0.45],[116.25501,0.4175]]]}},{"type":"Feature","properties":{"nama_usaha":"ACK BARA ABADI","badan_usaha":"PT","jenis_izin":"IUP","komoditas":"BATUBARA","kegiatan":"OPERASI PRODUKSI","luas_ha":1070,"kabupaten":"KAB. KUTAI BARAT","berlaku_hingga":2036},"geometry":{"type":"Polygon","coordinates":[[[115.5498,-0.047],[115.5498,-0.0487],[115.5562,-0.0487],[115.5562,-0.0816],[115.5669,-0.0816],[115.5669,-0.0917],[115.5521,-0.0917],[115.5521,-0.0791],[115.5536,-0.0791],[115.5536,-0.0602],[115.5445,-0.0602],[115.5445,-0.0755],[115.5347,-0.0755],[115.5347,-0.0781],[115.5272,-0.0781],[115.5272,-0.047],[115.5498,-0.047]]]}},{"type":"Feature","properties":{"nama_usaha":"INTEGRA PRIMA COAL","badan_usaha":"PT","jenis_izin":"IUP","komoditas":"BATUBARA","kegiatan":"OPERASI PRODUKSI","luas_ha":1253,"kabupaten":"KUTAI KARTANEGARA","berlaku_hingga":2038},"geometry":{"type":"Polygon","coordinates":[[[117.00735,-0.64487],[117.00735,-0.64561],[117.00715,-0.64561],[117.00715,-0.64631],[117.00667,-0.64631],[117.00667,-0.64678],[117.00596,-0.64678],[117.00596,-0.64804],[117.00526,-0.64804],[117.00526,-0.64904],[117.00442,-0.64904],[117.00442,-0.65033],[117.00367,-0.65033],[117.00367,-0.65142],[117.00333,-0.65142],[117.00333,-0.65222],[117.00225,-0.65222],[117.00225,-0.65299],[116.99844,-0.65299],[116.99844,-0.59189],[117.01333,-0.59189],[117.01333,-0.62806],[117.01932,-0.62806],[117.01932,-0.65299],[117.01127,-0.65299],[117.01127,-0.65083],[117.01058,-0.65083],[117.01058,-0.64824],[117.01008,-0.64824],[117.01008,-0.64665],[117.00969,-0.64665],[117.00969,-0.64487],[117.00889,-0.64487],[117.00889,-0.64398],[117.00795,-0.64398],[117.00795,-0.64487],[117.00735,-0.64487]]]}},{"type":"Feature","properties":{"nama_usaha":"INDO WANA BARA MINING COAL","badan_usaha":"PT","jenis_izin":"IUP","komoditas":"BATUBARA","kegiatan":"OPERASI PRODUKSI","luas_ha":5000,"kabupaten":"KAB. KUTAI BARAT","berlaku_hingga":2030},"geometry":{"type":"Polygon","coordinates":[[[115.91667,-0.21575],[115.91667,-0.1925],[115.94828,-0.1925],[115.94828,-0.1859],[115.9627,-0.1859],[115.9627,-0.19569],[115.99028,-0.19569],[115.99028,-0.23108],[115.98008,-0.23108],[115.98008,-0.24238],[115.93767,-0.24238],[115.93767,-0.23815],[115.90983,-0.23815],[115.90983,-0.23329],[115.88597,-0.23329],[115.88597,-0.21575],[115.91667,-0.21575]]]}},{"type":"Feature","properties":{"nama_usaha":"ANGGANA KUARSA MANDIRI","badan_usaha":"PT","jenis_izin":"IUP","komoditas":"Pasir Kuarsa","kegiatan":"EKSPLORASI","luas_ha":120,"kabupaten":"KAB. KUTAI KARTANEGARA","berlaku_hingga":2028},"geometry":{"type":"Polygon","coordinates":[[[117.34905,-0.50727],[117.34905,-0.50825],[117.35155,-0.50825],[117.35155,-0.50923],[117.35404,-0.50923],[117.35404,-0.51022],[117.35623,-0.51022],[117.35623,-0.5113],[117.35823,-0.5113],[117.35823,-0.51965],[117.34659,-0.51965],[117.34659,-0.51147],[117.34754,-0.51147],[117.34754,-0.51655],[117.35155,-0.51655],[117.35155,-0.51065],[117.34664,-0.51065],[117.34664,-0.50727],[117.34905,-0.50727]]]}},{"type":"Feature","properties":{"nama_usaha":"PUSAT KARTIKA MULAWARMAN","badan_usaha":"KOPERASI","jenis_izin":"IUP","komoditas":"ANDESIT","kegiatan":"OPERASI PRODUKSI","luas_ha":88,"kabupaten":"KAB. KUTAI KARTANEGARA","berlaku_hingga":2028},"geometry":{"type":"Polygon","coordinates":[[[116.20489,0.55545],[116.20489,0.55884],[116.21226,0.55884],[116.21226,0.55154],[116.20017,0.55154],[116.20017,0.55545],[116.20489,0.55545]]]}},{"type":"Feature","properties":{"nama_usaha":"KUMALA ETAM MINING","badan_usaha":"CV","jenis_izin":"IUP","komoditas":"BATUBARA","kegiatan":"OPERASI PRODUKSI","luas_ha":189.2,"kabupaten":"KAB. KUTAI KARTANEGARA","berlaku_hingga":2035},"geometry":{"type":"Polygon","coordinates":[[[116.23889,-0.37147],[116.25328,-0.37147],[116.25328,-0.38211],[116.23889,-0.38211],[116.23889,-0.37147]]]}},{"type":"Feature","properties":{"nama_usaha":"PRABUCO","badan_usaha":"PT","jenis_izin":"IUP","komoditas":"BATUBARA","kegiatan":"OPERASI PRODUKSI","luas_ha":4250,"kabupaten":"KUTAI BARAT","berlaku_hingga":2033},"geometry":{"type":"Polygon","coordinates":[[[115.8993,0.0499],[115.8993,-0.0068],[115.8383,-0.0068],[115.8383,0.0499],[115.8993,0.0499]]]}},{"type":"Feature","properties":{"nama_usaha":"TARA INDONUSA COAL","badan_usaha":"PT","jenis_izin":"IUP","komoditas":"BATUBARA","kegiatan":"OPERASI PRODUKSI","luas_ha":5000,"kabupaten":"KUTAI KARTANEGARA","berlaku_hingga":2037},"geometry":{"type":"Polygon","coordinates":[[[117.14167,-0.09167],[117.14167,-0.10833],[117.13611,-0.10833],[117.13611,-0.02813],[117.13638,-0.02816],[117.13863,-0.02824],[117.13923,-0.02831],[117.13949,-0.02837],[117.13973,-0.02847],[117.13992,-0.02861],[117.14034,-0.02899],[117.14109,-0.02955],[117.14155,-0.02992],[117.14166,-0.02998],[117.14175,-0.03001],[117.1418,-0.03],[117.14186,-0.03008],[117.14194,-0.03034],[117.14203,-0.0308],[117.1421,-0.03141],[117.14216,-0.03214],[117.14232,-0.03451],[117.14244,-0.03523],[117.14262,-0.0359],[117.14284,-0.03652],[117.14309,-0.03706],[117.14335,-0.03757],[117.14364,-0.03807],[117.14397,-0.03852],[117.14433,-0.03887],[117.14473,-0.03916],[117.14522,-0.03941],[117.14573,-0.03959],[117.14619,-0.03971],[117.14665,-0.03987],[117.14758,-0.04028],[117.14904,-0.04096],[117.14951,-0.04121],[117.14994,-0.04149],[117.15038,-0.04182],[117.15074,-0.04218],[117.15098,-0.04256],[117.15114,-0.04296],[117.15151,-0.04399],[117.15206,-0.04542],[117.15225,-0.04586],[117.15248,-0.04624],[117.15273,-0.04655],[117.15329,-0.04706],[117.15356,-0.04734],[117.15383,-0.04763],[117.15405,-0.04795],[117.15419,-0.04831],[117.15426,-0.04869],[117.15437,-0.04967],[117.1544,-0.05011],[117.15438,-0.05056],[117.15417,-0.05196],[117.15414,-0.05247],[117.15417,-0.053],[117.15435,-0.05417],[117.15457,-0.05541],[117.15465,-0.05605],[117.15469,-0.05671],[117.1547,-0.05739],[117.15466,-0.05806],[117.15458,-0.0587],[117.15444,-0.0593],[117.15412,-0.0604],[117.154,-0.06095],[117.15395,-0.06148],[117.15401,-0.06202],[117.15419,-0.06253],[117.15444,-0.06301],[117.15474,-0.06344],[117.15508,-0.06378],[117.15549,-0.06408],[117.1558,-0.0642],[117.156,-0.0642],[117.15624,-0.0651],[117.15633,-0.0657],[117.15636,-0.0664],[117.1563,-0.06711],[117.15613,-0.06779],[117.15585,-0.06834],[117.15549,-0.06877],[117.15522,-0.06898],[117.15492,-0.06912],[117.15443,-0.06925],[117.15332,-0.06942],[117.15275,-0.06954],[117.1522,-0.06972],[117.15167,-0.06994],[117.15109,-0.07023],[117.15054,-0.07056],[117.1501,-0.07091],[117.1497,-0.0713],[117.14933,-0.07173],[117.14861,-0.07262],[117.14795,-0.07326],[117.14767,-0.0735],[117.14717,-0.07385],[117.14612,-0.07451],[117.14565,-0.07488],[117.14527,-0.07529],[117.14493,-0.07574],[117.14463,-0.07621],[117.14437,-0.07671],[117.14415,-0.07723],[117.14397,-0.07776],[117.14384,-0.07836],[117.14378,-0.07896],[117.14379,-0.07956],[117.14384,-0.08012],[117.14401,-0.08104],[117.14401,-0.08149],[117.14393,-0.08194],[117.14379,-0.0824],[117.1436,-0.08285],[117.14333,-0.08328],[117.14312,-0.08356],[117.14287,-0.08385],[117.14238,-0.08431],[117.14125,-0.08526],[117.14012,-0.08617],[117.13905,-0.08697],[117.13849,-0.08736],[117.1384,-0.0874],[117.13836,-0.0876],[117.13838,-0.08797],[117.13847,-0.08847],[117.13865,-0.08903],[117.13895,-0.0896],[117.13938,-0.09011],[117.13991,-0.09054],[117.14049,-0.09089],[117.14155,-0.09143],[117.14196,-0.09167],[117.14167,-0.09167]]]}},{"type":"Feature","properties":{"nama_usaha":"BERKAH PASIR MUTIARA","badan_usaha":"PT","jenis_izin":"IUP","komoditas":"PASIR KUARSA","kegiatan":"EKSPLORASI","luas_ha":98,"kabupaten":"KUTAI KARTANEGARA","berlaku_hingga":2028},"geometry":{"type":"Polygon","coordinates":[[[117.29867,-0.44361],[117.29867,-0.45273],[117.2921,-0.45273],[117.2921,-0.45557],[117.28931,-0.45557],[117.28931,-0.4544],[117.28865,-0.4544],[117.28865,-0.45324],[117.28799,-0.45324],[117.28799,-0.4522],[117.28941,-0.4522],[117.28941,-0.44705],[117.2936,-0.44705],[117.2936,-0.44361],[117.29867,-0.44361]]]}},{"type":"Feature","properties":{"nama_usaha":"SARANA MARINE PERKASA","badan_usaha":"PT","jenis_izin":"IUP","komoditas":"Batubara","kegiatan":"OPERASI PRODUKSI","luas_ha":9810,"kabupaten":"KAB. KUTAI BARAT","berlaku_hingga":2033},"geometry":{"type":"Polygon","coordinates":[[[115.95639,-0.39972],[115.95639,-0.42618],[116.0075,-0.42618],[116.0075,-0.43861],[116.07528,-0.43861],[116.07528,-0.48889],[116.02056,-0.48889],[116.02056,-0.47917],[115.90222,-0.47917],[115.90222,-0.46867],[115.93639,-0.46867],[115.93639,-0.39972],[115.95639,-0.39972]]]}},{"type":"Feature","properties":{"nama_usaha":"DIVA KENCANA BORNEO","badan_usaha":"PT","jenis_izin":"IUP","komoditas":"BATUBARA","kegiatan":"OPERASI PRODUKSI","luas_ha":4864,"kabupaten":"KAB. KUTAI BARAT","berlaku_hingga":2029},"geometry":{"type":"Polygon","coordinates":[[[115.9652,-0.48884],[115.96205,-0.48884],[115.96205,-0.51081],[115.94767,-0.51081],[115.94767,-0.51516],[115.94231,-0.51516],[115.94231,-0.52329],[115.93096,-0.52329],[115.93096,-0.53885],[115.92026,-0.53885],[115.92026,-0.55744],[115.9243,-0.55744],[115.9243,-0.56716],[115.91118,-0.56716],[115.91118,-0.58367],[115.92564,-0.58367],[115.92564,-0.59702],[115.92923,-0.59702],[115.92923,-0.59945],[115.90223,-0.59945],[115.90223,-0.47943],[115.9652,-0.47943],[115.9652,-0.48884]]]}},{"type":"Feature","properties":{"nama_usaha":"BORNEO BARA UTAMA","badan_usaha":"PT","jenis_izin":"IUP","komoditas":"BATUBARA","kegiatan":"OPERASI PRODUKSI","luas_ha":4834,"kabupaten":"MAHAKAM ULU","berlaku_hingga":2034},"geometry":{"type":"Polygon","coordinates":[[[115.6667,0.1833],[115.6667,0.1927],[115.7336,0.1927],[115.7336,0.1664],[115.7665,0.1664],[115.7665,0.1578],[115.7076,0.1578],[115.7076,0.1474],[115.6652,0.1474],[115.6652,0.1298],[115.65,0.1298],[115.65,0.1833],[115.6667,0.1833]]]}},{"type":"Feature","properties":{"nama_usaha":"MENTARI BHAKTI JAYA UTAMA","badan_usaha":"PT","jenis_izin":"IUP","komoditas":"BATUBARA","kegiatan":"OPERASI PRODUKSI","luas_ha":5000,"kabupaten":"KUTAI KARTANEGARA","berlaku_hingga":2038},"geometry":{"type":"Polygon","coordinates":[[[116.84639,-0.70667],[116.84639,-0.73417],[116.85593,-0.73417],[116.85593,-0.7424],[116.87204,-0.7424],[116.87204,-0.7674],[116.86473,-0.7674],[116.86473,-0.79672],[116.80823,-0.79672],[116.80823,-0.73167],[116.83167,-0.73167],[116.83167,-0.71806],[116.83722,-0.71806],[116.83722,-0.70667],[116.84639,-0.70667]]]}},{"type":"Feature","properties":{"nama_usaha":"ADITYA KIRANA MANDIRI","badan_usaha":"PT","jenis_izin":"IUP","komoditas":"BATUBARA","kegiatan":"OPERASI PRODUKSI","luas_ha":5000,"kabupaten":"KUTAI KARTANEGARA","berlaku_hingga":2030},"geometry":{"type":"Polygon","coordinates":[[[116.25517,0.36542],[116.3391,0.36542],[116.3391,0.31724],[116.25517,0.31724],[116.25517,0.36542]]]}},{"type":"Feature","properties":{"nama_usaha":"DAYA MULIA PRIMA","badan_usaha":"PT","jenis_izin":"IUP","komoditas":"BATUBARA","kegiatan":"OPERASI PRODUKSI","luas_ha":6000,"kabupaten":"KAB. KUTAI BARAT","berlaku_hingga":2035},"geometry":{"type":"Polygon","coordinates":[[[115.5,-0.7106],[115.5,-0.82517],[115.4915,-0.82517],[115.4915,-0.8166],[115.4833,-0.8166],[115.4833,-0.8084],[115.4749,-0.8084],[115.4749,-0.8],[115.4585,-0.8],[115.4585,-0.7916],[115.45,-0.7916],[115.45,-0.78333],[115.44167,-0.78333],[115.44167,-0.775],[115.43333,-0.775],[115.43333,-0.76667],[115.425,-0.76667],[115.425,-0.7595],[115.41667,-0.7595],[115.41667,-0.75],[115.46667,-0.75],[115.46667,-0.7106],[115.5,-0.7106]]]}},{"type":"Feature","properties":{"nama_usaha":"ALTHA MODA SENDAWAR","badan_usaha":"CV","jenis_izin":"IUP","komoditas":"BATUBARA","kegiatan":"OPERASI PRODUKSI","luas_ha":50.6,"kabupaten":"KAB. KUTAI KARTANEGARA","berlaku_hingga":2033},"geometry":{"type":"Polygon","coordinates":[[[117.03015,-0.47936],[117.03313,-0.47936],[117.03313,-0.47491],[117.03692,-0.47491],[117.03692,-0.47411],[117.03785,-0.47411],[117.03785,-0.47707],[117.03694,-0.47707],[117.03694,-0.47888],[117.03639,-0.47888],[117.03639,-0.48103],[117.03552,-0.48103],[117.03552,-0.48288],[117.03509,-0.48288],[117.03509,-0.48434],[117.02976,-0.48434],[117.02976,-0.48232],[117.03351,-0.48232],[117.03351,-0.48028],[117.03015,-0.48028],[117.03015,-0.47936]]]}},{"type":"Feature","properties":{"nama_usaha":"BARA SINAR","badan_usaha":"CV","jenis_izin":"IUP","komoditas":"BATUBARA","kegiatan":"OPERASI PRODUKSI","luas_ha":198.3,"kabupaten":"KAB. KUTAI KARTANEGARA","berlaku_hingga":2029},"geometry":{"type":"Polygon","coordinates":[[[117.31847,-0.45833],[117.30333,-0.45833],[117.30333,-0.44775],[117.31847,-0.44775],[117.31847,-0.45833]]]}},{"type":"Feature","properties":{"nama_usaha":"BRAMUDANA","badan_usaha":"PT","jenis_izin":"IUP","komoditas":"Batubara","kegiatan":"OPERASI PRODUKSI","luas_ha":4999,"kabupaten":"KAB. KUTAI KARTANEGARA","berlaku_hingga":2037},"geometry":{"type":"Polygon","coordinates":[[[116.52806,-0.5713],[116.46614,-0.5713],[116.46614,-0.49806],[116.49194,-0.49806],[116.49194,-0.51167],[116.52806,-0.51167],[116.52806,-0.5713]]]}},{"type":"Feature","properties":{"nama_usaha":"ANDREA MULTI ENERGY","badan_usaha":"PT","jenis_izin":"IUP","komoditas":"BATUBARA","kegiatan":"OPERASI PRODUKSI","luas_ha":4752,"kabupaten":"KAB. KUTAI BARAT","berlaku_hingga":2035},"geometry":{"type":"Polygon","coordinates":[[[115.8299,0.1828],[115.8299,0.1969],[115.8809,0.1969],[115.8809,0.1436],[115.8169,0.1436],[115.8169,0.1507],[115.8004,0.1507],[115.8004,0.1828],[115.8299,0.1828]]]}},{"type":"Feature","properties":{"nama_usaha":"DAPUR SILIKA PRIMA","badan_usaha":"PT","jenis_izin":"IUP","komoditas":"PASIR KUARSA","kegiatan":"OPERASI PRODUKSI","luas_ha":91,"kabupaten":"KAB. KUTAI KARTANEGARA","berlaku_hingga":2044},"geometry":{"type":"Polygon","coordinates":[[[117.3325,-0.4625],[117.3325,-0.47083],[117.32361,-0.47083],[117.32361,-0.4625],[117.3325,-0.4625]]]}},{"type":"Feature","properties":{"nama_usaha":"WIJAYA SILICA MINING","badan_usaha":"PT","jenis_izin":"IUP","komoditas":"PASIR KUARSA","kegiatan":"OPERASI PRODUKSI","luas_ha":45,"kabupaten":"KAB. KUTAI KARTANEGARA","berlaku_hingga":2044},"geometry":{"type":"Polygon","coordinates":[[[117.32183,-0.55533],[117.32183,-0.56127],[117.31626,-0.56127],[117.31626,-0.55746],[117.31454,-0.55746],[117.31454,-0.55533],[117.32183,-0.55533]]]}},{"type":"Feature","properties":{"nama_usaha":"MARIMUN BARA SEJAHTERA","badan_usaha":"PT","jenis_izin":"IUP","komoditas":"BATUBARA","kegiatan":"OPERASI PRODUKSI","luas_ha":5050,"kabupaten":"KUTAI BARAT","berlaku_hingga":2038},"geometry":{"type":"Polygon","coordinates":[[[115.6392,-0.1363],[115.635,-0.1363],[115.635,-0.1164],[115.6421,-0.1164],[115.6421,-0.0798],[115.6719,-0.0798],[115.6719,-0.0709],[115.7099,-0.0709],[115.7099,-0.0804],[115.7379,-0.0804],[115.7379,-0.12],[115.7225,-0.12],[115.7225,-0.0865],[115.6857,-0.0865],[115.6857,-0.1427],[115.6392,-0.1427],[115.6392,-0.1363]]]}},{"type":"Feature","properties":{"nama_usaha":"BARA SAMBA PRIMA","badan_usaha":"PT","jenis_izin":"IUP","komoditas":"BATUBARA","kegiatan":"OPERASI PRODUKSI","luas_ha":10740,"kabupaten":"KUTAI TIMUR","berlaku_hingga":2032},"geometry":{"type":"Polygon","coordinates":[[[116.68333,0.86667],[116.68333,0.875],[116.68056,0.875],[116.68056,0.88056],[116.67778,0.88056],[116.67778,0.88333],[116.675,0.88333],[116.675,0.88611],[116.67222,0.88611],[116.67222,0.89444],[116.66944,0.89444],[116.66944,0.90278],[116.66806,0.90278],[116.66806,0.91389],[116.66944,0.91389],[116.66944,0.91944],[116.67222,0.91944],[116.67222,0.925],[116.675,0.925],[116.675,0.93333],[116.85,0.93333],[116.85,0.91454],[116.85,0.88588],[116.85,0.86667],[116.80833,0.86667],[116.80833,0.86944],[116.81111,0.86944],[116.81111,0.875],[116.81389,0.875],[116.81389,0.87778],[116.81667,0.87778],[116.81667,0.88889],[116.81944,0.88889],[116.81944,0.91111],[116.82222,0.91111],[116.82222,0.93306],[116.78889,0.93306],[116.78889,0.92778],[116.78611,0.92778],[116.78611,0.92222],[116.78333,0.92222],[116.78333,0.91667],[116.78056,0.91667],[116.78056,0.91111],[116.77778,0.91111],[116.77778,0.90833],[116.775,0.90833],[116.775,0.90278],[116.77222,0.90278],[116.77222,0.89722],[116.76944,0.89722],[116.76944,0.89167],[116.76389,0.89167],[116.76389,0.88056],[116.76111,0.88056],[116.76111,0.875],[116.75833,0.875],[116.75833,0.86944],[116.75556,0.86944],[116.75556,0.86667],[116.75,0.86667],[116.68333,0.86667]]]}},{"type":"Feature","properties":{"nama_usaha":"NUSA BARA","badan_usaha":"PT","jenis_izin":"IUP","komoditas":"BATUBARA","kegiatan":"OPERASI PRODUKSI","luas_ha":4000,"kabupaten":"KUTAI BARAT","berlaku_hingga":2028},"geometry":{"type":"Polygon","coordinates":[[[115.4168,0.0387],[115.4168,-0.0016],[115.4757,-0.0016],[115.4757,0.0747],[115.4978,0.0747],[115.4978,0.0335],[115.4905,0.0335],[115.4905,-0.0301],[115.4833,-0.0301],[115.4833,-0.0587],[115.4656,-0.0587],[115.4656,-0.0515],[115.4691,-0.0515],[115.4691,-0.0081],[115.4076,-0.0081],[115.4076,0.0387],[115.4168,0.0387]]]}},{"type":"Feature","properties":{"nama_usaha":"SELA BARA","badan_usaha":"PT","jenis_izin":"IUP","komoditas":"Batubara","kegiatan":"SANKSI (PENGHENTIAN SEMENTARA)","luas_ha":5000,"kabupaten":"KAB. KUTAI BARAT","berlaku_hingga":2029},"geometry":{"type":"Polygon","coordinates":[[[115.4593,0.0643],[115.4593,0.0747],[115.4757,0.0747],[115.4757,-0.0016],[115.4168,-0.0016],[115.4168,0.0643],[115.4593,0.0643]]]}},{"type":"Feature","properties":{"nama_usaha":"MULAWARMAN SEJAHTERA BERSAMA","badan_usaha":"PT","jenis_izin":"IUP","komoditas":"PASIR KUARSA","kegiatan":"EKSPLORASI","luas_ha":99.6,"kabupaten":"KAB. KUTAI KARTANEGARA","berlaku_hingga":2031},"geometry":{"type":"Polygon","coordinates":[[[117.30947,-0.43333],[117.30947,-0.44187],[117.3,-0.44187],[117.3,-0.43333],[117.30947,-0.43333]]]}},{"type":"Feature","properties":{"nama_usaha":"SWARA KALTIM ABADI","badan_usaha":"PT","jenis_izin":"IUP","komoditas":"BATUBARA","kegiatan":"OPERASI PRODUKSI","luas_ha":2321,"kabupaten":"KUTAI KARTANEGARA","berlaku_hingga":2038},"geometry":{"type":"Polygon","coordinates":[[[116.88672,-0.00067],[116.88672,-0.01667],[116.88672,-0.01667],[116.88333,-0.01667],[116.88333,-0.04962],[116.86842,-0.04962],[116.86842,-0.06661],[116.86332,-0.06661],[116.86332,-0.07526],[116.85244,-0.07529],[116.85244,-0.08901],[116.84096,-0.08901],[116.84096,-0.05],[116.85833,-0.05],[116.85833,-0.025],[116.86667,-0.025],[116.86667,-0.00067],[116.88672,-0.00067]]]}},{"type":"Feature","properties":{"nama_usaha":"KARTANEGARA SEJAHTERA BERSAMA","badan_usaha":"PT","jenis_izin":"IUP","komoditas":"PASIR KUARSA","kegiatan":"EKSPLORASI","luas_ha":96.1,"kabupaten":"KAB. KUTAI KARTANEGARA","berlaku_hingga":2031},"geometry":{"type":"Polygon","coordinates":[[[117.2852,-0.47279],[117.28581,-0.47279],[117.28581,-0.47149],[117.28748,-0.47149],[117.28748,-0.47092],[117.29576,-0.47092],[117.29576,-0.48123],[117.28986,-0.48123],[117.28986,-0.4768],[117.28901,-0.4768],[117.28901,-0.47535],[117.28718,-0.47535],[117.28718,-0.47411],[117.2852,-0.47411],[117.2852,-0.47279]]]}},{"type":"Feature","properties":{"nama_usaha":"BUMI PERANGAT HIJAU","badan_usaha":"PT","jenis_izin":"IUP","komoditas":"PASIR KUARSA","kegiatan":"EKSPLORASI","luas_ha":34.3,"kabupaten":"KAB. KUTAI KARTANEGARA","berlaku_hingga":2028},"geometry":{"type":"Polygon","coordinates":[[[117.12593,-0.63747],[117.12535,-0.63747],[117.12535,-0.63768],[117.12044,-0.63768],[117.12044,-0.63837],[117.1184,-0.63837],[117.1184,-0.64514],[117.11686,-0.64514],[117.11686,-0.63901],[117.11833,-0.63901],[117.11833,-0.63828],[117.11967,-0.63828],[117.11967,-0.63566],[117.11994,-0.63566],[117.11994,-0.63547],[117.12022,-0.63547],[117.12022,-0.63527],[117.12046,-0.63527],[117.12046,-0.63508],[117.12068,-0.63508],[117.12068,-0.63494],[117.1209,-0.63494],[117.1209,-0.63469],[117.12593,-0.63469],[117.12593,-0.63747]]]}},{"type":"Feature","properties":{"nama_usaha":"JAYA EKA SUMBER UTAMA SILIKA","badan_usaha":"PT","jenis_izin":"IUP","komoditas":"PASIR KUARSA","kegiatan":"EKSPLORASI","luas_ha":95.8,"kabupaten":"KAB. KUTAI KARTANEGARA","berlaku_hingga":2032},"geometry":{"type":"Polygon","coordinates":[[[116.57764,-0.30858],[116.57764,-0.31778],[116.56917,-0.31778],[116.56917,-0.30858],[116.57764,-0.30858]]]}},{"type":"Feature","properties":{"nama_usaha":"GAMPING CILONG BAROKAH","badan_usaha":"PT","jenis_izin":"WIUP","komoditas":"PUMICE","kegiatan":"PENCADANGAN","luas_ha":39,"kabupaten":"KUTAI KARTANEGARA","berlaku_hingga":null},"geometry":{"type":"Polygon","coordinates":[[[116.57626,-0.44976],[116.57896,-0.44976],[116.57896,-0.46144],[116.57626,-0.46144],[116.57626,-0.44976]]]}},{"type":"Feature","properties":{"nama_usaha":"BUMI PANJI PERKASA","badan_usaha":"PT","jenis_izin":"WIUP","komoditas":"BATU GUNUNG QUARRY BESAR","kegiatan":"PENCADANGAN","luas_ha":30.1,"kabupaten":"KUTAI BARAT","berlaku_hingga":null},"geometry":{"type":"Polygon","coordinates":[[[115.65893,-0.32019],[115.65893,-0.32395],[115.65953,-0.32395],[115.65953,-0.32622],[115.65514,-0.32622],[115.65514,-0.32019],[115.65893,-0.32019]]]}},{"type":"Feature","properties":{"nama_usaha":"FAJAR JA'FAR MANDIRI","badan_usaha":"CV","jenis_izin":"IUP","komoditas":"Andesit","kegiatan":"EKSPLORASI","luas_ha":3,"kabupaten":"KAB. KUTAI KARTANEGARA","berlaku_hingga":2028},"geometry":{"type":"Polygon","coordinates":[[[117.06806,-0.24],[117.06944,-0.24],[117.06944,-0.24028],[117.06972,-0.24028],[117.06972,-0.24194],[117.06944,-0.24194],[117.06944,-0.24167],[117.06889,-0.24167],[117.06889,-0.24139],[117.06806,-0.24139],[117.06806,-0.24]]]}},{"type":"Feature","properties":{"nama_usaha":"MANGGALA PRAJA SEMBILAN ENAM","badan_usaha":"PT","jenis_izin":"WIUP","komoditas":"PASIR KUARSA","kegiatan":"PENCADANGAN","luas_ha":817.9,"kabupaten":"KUTAI BARAT","berlaku_hingga":null},"geometry":{"type":"Polygon","coordinates":[[[116.03077,-0.2112],[116.03257,-0.2112],[116.03257,-0.20851],[116.03392,-0.20851],[116.03392,-0.20094],[116.03638,-0.20094],[116.03638,-0.18519],[116.03446,-0.18519],[116.03446,-0.18961],[116.03343,-0.18961],[116.03343,-0.19227],[116.02279,-0.19227],[116.02279,-0.18501],[116.06201,-0.18501],[116.06201,-0.19329],[116.05998,-0.19329],[116.05998,-0.196],[116.05595,-0.196],[116.05595,-0.20126],[116.05184,-0.20126],[116.05184,-0.20661],[116.04969,-0.20661],[116.04969,-0.20958],[116.04643,-0.20958],[116.04643,-0.2142],[116.0374,-0.2142],[116.0374,-0.2114],[116.02749,-0.2114],[116.02749,-0.20913],[116.03077,-0.20913],[116.03077,-0.2112]]]}},{"type":"Feature","properties":{"nama_usaha":"DIANA PUTRI","badan_usaha":"PT","jenis_izin":"IUP","komoditas":"Andesit","kegiatan":"EKSPLORASI","luas_ha":9.9,"kabupaten":"KAB. KUTAI TIMUR","berlaku_hingga":2028},"geometry":{"type":"Polygon","coordinates":[[[116.34291,0.55378],[116.34339,0.55378],[116.34339,0.55347],[116.34536,0.55347],[116.34536,0.55361],[116.34639,0.55361],[116.34639,0.55247],[116.3435,0.55247],[116.3435,0.55184],[116.34172,0.55184],[116.34172,0.55241],[116.34108,0.55241],[116.34108,0.55417],[116.34291,0.55417],[116.34291,0.55378]]]}},{"type":"Feature","properties":{"nama_usaha":"MITRA HARAPAN SEMAYANG","badan_usaha":"PT","jenis_izin":"WIUP","komoditas":"PASIR KUARSA","kegiatan":"PENCADANGAN","luas_ha":2322.9,"kabupaten":"KUTAI KARTANEGARA","berlaku_hingga":null},"geometry":{"type":"Polygon","coordinates":[[[116.28767,-0.10511],[116.2755,-0.10511],[116.2755,-0.13198],[116.2613,-0.13198],[116.2613,-0.12749],[116.25759,-0.12749],[116.25759,-0.12292],[116.25383,-0.12292],[116.25383,-0.11564],[116.24788,-0.11564],[116.24788,-0.10863],[116.24196,-0.10863],[116.24196,-0.08157],[116.25123,-0.08157],[116.25123,-0.07615],[116.28767,-0.07615],[116.28767,-0.10511]]]}},{"type":"Feature","properties":{"nama_usaha":"PUTIH KEMILAU JAYA","badan_usaha":"PT","jenis_izin":"WIUP","komoditas":"PASIR KUARSA","kegiatan":"PENCADANGAN","luas_ha":1033.1,"kabupaten":"KUTAI KARTANEGARA","berlaku_hingga":null},"geometry":{"type":"Polygon","coordinates":[[[116.19274,-0.07155],[116.19274,-0.08244],[116.17877,-0.08244],[116.17877,-0.08441],[116.18071,-0.08441],[116.18071,-0.09178],[116.17702,-0.09178],[116.17702,-0.09069],[116.16667,-0.09069],[116.16667,-0.0863],[116.17118,-0.0863],[116.17118,-0.0819],[116.15104,-0.0819],[116.15104,-0.0805],[116.15279,-0.0805],[116.15279,-0.07812],[116.15419,-0.07812],[116.15419,-0.0762],[116.15517,-0.0762],[116.15517,-0.07022],[116.15656,-0.07022],[116.15656,-0.06774],[116.15857,-0.06774],[116.15857,-0.0658],[116.16094,-0.0658],[116.16094,-0.06392],[116.15649,-0.06392],[116.15649,-0.0664],[116.15487,-0.0664],[116.15487,-0.0692],[116.15336,-0.0692],[116.15336,-0.07588],[116.15213,-0.07588],[116.15213,-0.07805],[116.15015,-0.07805],[116.15015,-0.0805],[116.14836,-0.0805],[116.14836,-0.0819],[116.14336,-0.0819],[116.14336,-0.06371],[116.17702,-0.06371],[116.17702,-0.07155],[116.19274,-0.07155]]]}},{"type":"Feature","properties":{"nama_usaha":"GAMPING CILONG BAROKAH","badan_usaha":"PT","jenis_izin":"WIUP","komoditas":"BATU GAMPING","kegiatan":"PENCADANGAN","luas_ha":39,"kabupaten":"KUTAI KARTANEGARA","berlaku_hingga":null},"geometry":{"type":"Polygon","coordinates":[[[116.57626,-0.44976],[116.57896,-0.44976],[116.57896,-0.46144],[116.57626,-0.46144],[116.57626,-0.44976]]]}},{"type":"Feature","properties":{"nama_usaha":"ARISMAYANTI AGUSTINA JAYA","badan_usaha":"PT","jenis_izin":"IUP","komoditas":"KERIKIL BERPASIR ALAMI (SIRTU)","kegiatan":"EKSPLORASI","luas_ha":38.8,"kabupaten":"KAB. KUTAI KARTANEGARA","berlaku_hingga":2026},"geometry":{"type":"Polygon","coordinates":[[[117.24989,-0.74222],[117.24951,-0.74222],[117.24951,-0.74189],[117.24891,-0.74189],[117.24891,-0.73837],[117.25493,-0.73837],[117.25493,-0.74571],[117.25472,-0.74571],[117.25472,-0.7455],[117.25448,-0.7455],[117.25448,-0.7453],[117.25426,-0.7453],[117.25426,-0.74509],[117.25403,-0.74509],[117.25403,-0.74489],[117.25381,-0.74489],[117.25381,-0.74471],[117.25361,-0.74471],[117.25361,-0.74449],[117.25323,-0.74449],[117.25323,-0.74428],[117.25289,-0.74428],[117.25289,-0.74405],[117.25252,-0.74405],[117.25252,-0.74383],[117.25214,-0.74383],[117.25214,-0.74359],[117.25177,-0.74359],[117.25177,-0.74336],[117.25139,-0.74336],[117.25139,-0.74314],[117.25101,-0.74314],[117.25101,-0.7429],[117.25064,-0.7429],[117.25064,-0.74268],[117.25026,-0.74268],[117.25026,-0.74245],[117.24989,-0.74245],[117.24989,-0.74222]]]}},{"type":"Feature","properties":{"nama_usaha":"CV BATU SENDAWAR PRIMA","badan_usaha":"CV","jenis_izin":"WIUP","komoditas":"PUMICE","kegiatan":"PENCADANGAN","luas_ha":15.5,"kabupaten":"KUTAI BARAT","berlaku_hingga":null},"geometry":{"type":"Polygon","coordinates":[[[115.63692,-0.25508],[115.63597,-0.25508],[115.63597,-0.25431],[115.63469,-0.25431],[115.63469,-0.25314],[115.63361,-0.25314],[115.63361,-0.25192],[115.63622,-0.25192],[115.63622,-0.25397],[115.64083,-0.25397],[115.64083,-0.25114],[115.64178,-0.25114],[115.64178,-0.2525],[115.64086,-0.2525],[115.64086,-0.254],[115.63986,-0.254],[115.63986,-0.25572],[115.63692,-0.25572],[115.63692,-0.25508]]]}},{"type":"Feature","properties":{"nama_usaha":"GAMPING CILONG BAROKAH","badan_usaha":"PT","jenis_izin":"WIUP","komoditas":"BATU GAMPING","kegiatan":"PENCADANGAN","luas_ha":39,"kabupaten":"KUTAI KARTANEGARA","berlaku_hingga":null},"geometry":{"type":"Polygon","coordinates":[[[116.57626,-0.44976],[116.57896,-0.44976],[116.57896,-0.46144],[116.57626,-0.46144],[116.57626,-0.44976]]]}},{"type":"Feature","properties":{"nama_usaha":"CV BATU SENDAWAR PRIMA","badan_usaha":"CV","jenis_izin":"WIUP","komoditas":"ANDESIT","kegiatan":"PENCADANGAN","luas_ha":15.5,"kabupaten":"KUTAI BARAT","berlaku_hingga":null},"geometry":{"type":"Polygon","coordinates":[[[115.63692,-0.25508],[115.63597,-0.25508],[115.63597,-0.25431],[115.63469,-0.25431],[115.63469,-0.25314],[115.63361,-0.25314],[115.63361,-0.25192],[115.63622,-0.25192],[115.63622,-0.25397],[115.64083,-0.25397],[115.64083,-0.25114],[115.64178,-0.25114],[115.64178,-0.2525],[115.64086,-0.2525],[115.64086,-0.254],[115.63986,-0.254],[115.63986,-0.25572],[115.63692,-0.25572],[115.63692,-0.25508]]]}},{"type":"Feature","properties":{"nama_usaha":"CAHAYA KRESIK PUTIH","badan_usaha":"PT","jenis_izin":"WIUP","komoditas":"KUARSIT","kegiatan":"PENCADANGAN","luas_ha":99.4,"kabupaten":"KUTAI KARTANEGARA","berlaku_hingga":null},"geometry":{"type":"Polygon","coordinates":[[[116.33741,0.00945],[116.34523,0.00945],[116.34523,-0.00094],[116.33741,-0.00094],[116.33741,0.00945]]]}},{"type":"Feature","properties":{"nama_usaha":"CV PUTRI TUNGGAL","badan_usaha":"CV","jenis_izin":"WIUP","komoditas":"PUMICE","kegiatan":"PENCADANGAN","luas_ha":3.9,"kabupaten":"KUTAI KARTANEGARA","berlaku_hingga":null},"geometry":{"type":"Polygon","coordinates":[[[116.84739,-0.33117],[116.84739,-0.33225],[116.84906,-0.33225],[116.84906,-0.33283],[116.84788,-0.33283],[116.84788,-0.33281],[116.84763,-0.33281],[116.84763,-0.33283],[116.84603,-0.33283],[116.84603,-0.33117],[116.84739,-0.33117]]]}},{"type":"Feature","properties":{"nama_usaha":"CV MARFUAH ANUGERAH BERSAUDARA","badan_usaha":"CV","jenis_izin":"WIUP","komoditas":"PASIR URUG","kegiatan":"PENCADANGAN","luas_ha":3.5,"kabupaten":"KUTAI KARTANEGARA","berlaku_hingga":null},"geometry":{"type":"Polygon","coordinates":[[[117.35247,-0.32245],[117.35428,-0.32245],[117.35428,-0.32403],[117.35247,-0.32403],[117.35247,-0.32245]]]}},{"type":"Feature","properties":{"nama_usaha":"CV BATU SENDAWAR PRIMA","badan_usaha":"CV","jenis_izin":"WIUP","komoditas":"ANDESIT","kegiatan":"PENCADANGAN","luas_ha":15.5,"kabupaten":"KUTAI BARAT","berlaku_hingga":null},"geometry":{"type":"Polygon","coordinates":[[[115.63692,-0.25508],[115.63597,-0.25508],[115.63597,-0.25431],[115.63469,-0.25431],[115.63469,-0.25314],[115.63361,-0.25314],[115.63361,-0.25192],[115.63622,-0.25192],[115.63622,-0.25397],[115.64083,-0.25397],[115.64083,-0.25114],[115.64178,-0.25114],[115.64178,-0.2525],[115.64086,-0.2525],[115.64086,-0.254],[115.63986,-0.254],[115.63986,-0.25572],[115.63692,-0.25572],[115.63692,-0.25508]]]}},{"type":"Feature","properties":{"nama_usaha":"GAMPING CILONG BAROKAH","badan_usaha":"PT","jenis_izin":"WIUP","komoditas":"BATU GAMPING","kegiatan":"PENCADANGAN","luas_ha":38.8,"kabupaten":"KUTAI KARTANEGARA","berlaku_hingga":null},"geometry":{"type":"Polygon","coordinates":[[[116.57626,-0.44976],[116.57896,-0.44976],[116.57896,-0.46144],[116.57626,-0.46144],[116.57626,-0.44976]]]}},{"type":"Feature","properties":{"nama_usaha":"MITRA BAHTRA","badan_usaha":"CV","jenis_izin":"IUP","komoditas":"BATU GAMPING","kegiatan":"EKSPLORASI","luas_ha":4,"kabupaten":"KAB. KUTAI KARTANEGARA","berlaku_hingga":2027},"geometry":{"type":"Polygon","coordinates":[[[116.56111,-0.45249],[116.56111,-0.45215],[116.56165,-0.45215],[116.56165,-0.45202],[116.56252,-0.45202],[116.56252,-0.45353],[116.56192,-0.45353],[116.56192,-0.45404],[116.56085,-0.45404],[116.56085,-0.45356],[116.56052,-0.45356],[116.56052,-0.45249],[116.56111,-0.45249]]]}},{"type":"Feature","properties":{"nama_usaha":"CV PUTRI TUNGGAL","badan_usaha":"CV","jenis_izin":"WIUP","komoditas":"BATU GUNUNG QUARRY BESAR","kegiatan":"PENCADANGAN","luas_ha":3.9,"kabupaten":"KUTAI KARTANEGARA","berlaku_hingga":null},"geometry":{"type":"Polygon","coordinates":[[[116.84739,-0.33117],[116.84739,-0.33225],[116.84906,-0.33225],[116.84906,-0.33283],[116.84788,-0.33283],[116.84788,-0.33281],[116.84763,-0.33281],[116.84763,-0.33283],[116.84603,-0.33283],[116.84603,-0.33117],[116.84739,-0.33117]]]}},{"type":"Feature","properties":{"nama_usaha":"GAMPING CILONG BAROKAH","badan_usaha":"PT","jenis_izin":"WIUP","komoditas":"BATU GAMPING","kegiatan":"PENCADANGAN","luas_ha":38.8,"kabupaten":"KUTAI KARTANEGARA","berlaku_hingga":null},"geometry":{"type":"Polygon","coordinates":[[[116.57626,-0.44976],[116.57896,-0.44976],[116.57896,-0.46144],[116.57626,-0.46144],[116.57626,-0.44976]]]}},{"type":"Feature","properties":{"nama_usaha":"GAMPING CILONG BAROKAH","badan_usaha":"PT","jenis_izin":"WIUP","komoditas":"BATU GAMPING","kegiatan":"PENCADANGAN","luas_ha":38,"kabupaten":"KUTAI KARTANEGARA","berlaku_hingga":null},"geometry":{"type":"Polygon","coordinates":[[[116.57626,-0.44976],[116.57896,-0.44976],[116.57896,-0.46144],[116.57626,-0.46144],[116.57626,-0.44976]]]}},{"type":"Feature","properties":{"nama_usaha":"GUNUNG OMO","badan_usaha":"CV","jenis_izin":"IUP","komoditas":"BATU GAMPING","kegiatan":"EKSPLORASI","luas_ha":6.6,"kabupaten":"KAB. KUTAI KARTANEGARA","berlaku_hingga":2027},"geometry":{"type":"Polygon","coordinates":[[[116.57181,-0.42624],[116.57181,-0.42761],[116.57018,-0.42761],[116.57018,-0.42707],[116.57037,-0.42707],[116.57037,-0.42604],[116.57014,-0.42604],[116.57014,-0.42556],[116.56986,-0.42556],[116.56986,-0.42434],[116.57054,-0.42434],[116.57054,-0.42418],[116.57087,-0.42418],[116.57087,-0.42394],[116.57154,-0.42394],[116.57154,-0.42624],[116.57181,-0.42624]]]}},{"type":"Feature","properties":{"nama_usaha":"CV PUTRI TUNGGAL","badan_usaha":"CV","jenis_izin":"WIUP","komoditas":"KERIKIL BERPASIR ALAMI (SIRTU)","kegiatan":"PENCADANGAN","luas_ha":3.9,"kabupaten":"KUTAI KARTANEGARA","berlaku_hingga":null},"geometry":{"type":"Polygon","coordinates":[[[116.84739,-0.33117],[116.84739,-0.33225],[116.84906,-0.33225],[116.84906,-0.33283],[116.84788,-0.33283],[116.84788,-0.33281],[116.84763,-0.33281],[116.84763,-0.33283],[116.84603,-0.33283],[116.84603,-0.33117],[116.84739,-0.33117]]]}},{"type":"Feature","properties":{"nama_usaha":"CV PUTRI TUNGGAL","badan_usaha":"CV","jenis_izin":"WIUP","komoditas":"KERIKIL BERPASIR ALAMI (SIRTU)","kegiatan":"PENCADANGAN","luas_ha":3.9,"kabupaten":"KUTAI KARTANEGARA","berlaku_hingga":null},"geometry":{"type":"Polygon","coordinates":[[[116.84739,-0.33117],[116.84739,-0.33225],[116.84906,-0.33225],[116.84906,-0.33283],[116.84788,-0.33283],[116.84788,-0.33281],[116.84763,-0.33281],[116.84763,-0.33283],[116.84603,-0.33283],[116.84603,-0.33117],[116.84739,-0.33117]]]}},{"type":"Feature","properties":{"nama_usaha":"GAMPING CILONG BAROKAH","badan_usaha":"PT","jenis_izin":"WIUP","komoditas":"BATU GAMPING","kegiatan":"PENCADANGAN","luas_ha":38.8,"kabupaten":"KUTAI KARTANEGARA","berlaku_hingga":null},"geometry":{"type":"Polygon","coordinates":[[[116.57626,-0.44976],[116.57896,-0.44976],[116.57896,-0.46144],[116.57626,-0.46144],[116.57626,-0.44976]]]}},{"type":"Feature","properties":{"nama_usaha":"BORNEO PRIMA LIMESTONE","badan_usaha":"PT","jenis_izin":"IUP","komoditas":"Batu Gamping","kegiatan":"EKSPLORASI","luas_ha":65.6,"kabupaten":"KAB. KUTAI KARTANEGARA","berlaku_hingga":2028},"geometry":{"type":"Polygon","coordinates":[[[117.03654,-0.49644],[117.03654,-0.50517],[117.03606,-0.50517],[117.03606,-0.51067],[117.03553,-0.51067],[117.03553,-0.51574],[117.03249,-0.51574],[117.03249,-0.51964],[117.03112,-0.51964],[117.03112,-0.51896],[117.03139,-0.51896],[117.03139,-0.51859],[117.03157,-0.51859],[117.03157,-0.51806],[117.03151,-0.51806],[117.03151,-0.51733],[117.03167,-0.51733],[117.03167,-0.51668],[117.03153,-0.51668],[117.03153,-0.51617],[117.03135,-0.51617],[117.03135,-0.51574],[117.03167,-0.51574],[117.03167,-0.51516],[117.03208,-0.51516],[117.03208,-0.51203],[117.03322,-0.51203],[117.03322,-0.50583],[117.03433,-0.50583],[117.03433,-0.50275],[117.035,-0.50275],[117.035,-0.50136],[117.03446,-0.50136],[117.03446,-0.50081],[117.03433,-0.50081],[117.03433,-0.49644],[117.03654,-0.49644]]]}},{"type":"Feature","properties":{"nama_usaha":"SILICA KUTAI KARTANEGARA","badan_usaha":"PT","jenis_izin":"WIUP","komoditas":"PASIR KUARSA","kegiatan":"PENCADANGAN","luas_ha":619.2,"kabupaten":"KUTAI KARTANEGARA","berlaku_hingga":null},"geometry":{"type":"Polygon","coordinates":[[[116.23928,-0.12322],[116.23928,-0.1225],[116.24062,-0.1225],[116.24062,-0.12159],[116.24156,-0.12159],[116.24156,-0.12],[116.2439,-0.12],[116.2439,-0.12131],[116.24473,-0.12131],[116.24473,-0.12334],[116.24593,-0.12334],[116.24593,-0.12528],[116.24715,-0.12528],[116.24715,-0.12748],[116.24864,-0.12748],[116.24864,-0.12962],[116.24995,-0.12962],[116.24995,-0.13182],[116.25127,-0.13182],[116.25127,-0.1337],[116.25249,-0.1337],[116.25249,-0.1359],[116.25364,-0.1359],[116.25364,-0.13807],[116.25495,-0.13807],[116.25495,-0.14027],[116.25606,-0.14027],[116.25606,-0.14232],[116.25712,-0.14232],[116.25712,-0.14384],[116.25783,-0.14384],[116.25783,-0.14578],[116.25895,-0.14578],[116.25895,-0.14749],[116.25966,-0.14749],[116.25966,-0.15001],[116.25838,-0.15001],[116.25838,-0.15043],[116.25489,-0.15043],[116.25489,-0.15083],[116.24573,-0.15083],[116.24573,-0.1494],[116.24408,-0.1494],[116.24408,-0.14765],[116.24248,-0.14765],[116.24248,-0.14582],[116.24088,-0.14582],[116.24088,-0.14422],[116.23951,-0.14422],[116.23951,-0.14277],[116.23803,-0.14277],[116.23803,-0.14133],[116.23647,-0.14133],[116.23647,-0.13969],[116.23502,-0.13969],[116.23502,-0.13805],[116.23373,-0.13805],[116.23373,-0.13638],[116.23232,-0.13638],[116.23232,-0.13485],[116.23083,-0.13485],[116.23083,-0.13333],[116.22965,-0.13333],[116.22965,-0.13105],[116.23095,-0.13105],[116.23095,-0.12831],[116.23123,-0.12831],[116.23123,-0.12585],[116.23209,-0.12585],[116.23209,-0.12322],[116.23928,-0.12322]]]}},{"type":"Feature","properties":{"nama_usaha":"CV ANUGERAH BUMI KUTAI","badan_usaha":"CV","jenis_izin":"WIUP","komoditas":"ANDESIT","kegiatan":"PENCADANGAN","luas_ha":50,"kabupaten":"KUTAI KARTANEGARA","berlaku_hingga":null},"geometry":{"type":"Polygon","coordinates":[[[115.99336,0.37192],[115.99336,0.37825],[115.99742,0.37825],[115.99742,0.37869],[115.99964,0.37869],[115.99964,0.37192],[115.99336,0.37192]]]}},{"type":"Feature","properties":{"nama_usaha":"SILICA PUTRA MANDIRI","badan_usaha":"PT","jenis_izin":"IUP","komoditas":"Pasir Kuarsa","kegiatan":"EKSPLORASI","luas_ha":99.8,"kabupaten":"KAB. KUTAI KARTANEGARA","berlaku_hingga":2032},"geometry":{"type":"Polygon","coordinates":[[[116.44134,0.18032],[116.43167,0.18032],[116.43167,0.18871],[116.44134,0.18871],[116.44134,0.18032]]]}},{"type":"Feature","properties":{"nama_usaha":"SILICA KUTAI KARTANEGARA","badan_usaha":"PT","jenis_izin":"IUP","komoditas":"Pasir Kuarsa","kegiatan":"EKSPLORASI","luas_ha":619.2,"kabupaten":"KAB. KUTAI KARTANEGARA","berlaku_hingga":2032},"geometry":{"type":"Polygon","coordinates":[[[116.23928,-0.12322],[116.23928,-0.1225],[116.24062,-0.1225],[116.24062,-0.1216],[116.24156,-0.1216],[116.24156,-0.12],[116.2439,-0.12],[116.2439,-0.12131],[116.24473,-0.12131],[116.24473,-0.12334],[116.24593,-0.12334],[116.24593,-0.12528],[116.24715,-0.12528],[116.24715,-0.12748],[116.24864,-0.12748],[116.24864,-0.12962],[116.24995,-0.12962],[116.24995,-0.13182],[116.25127,-0.13182],[116.25127,-0.1337],[116.25249,-0.1337],[116.25249,-0.1359],[116.25364,-0.1359],[116.25364,-0.13807],[116.25495,-0.13807],[116.25495,-0.14027],[116.25606,-0.14027],[116.25606,-0.14233],[116.25712,-0.14233],[116.25712,-0.14384],[116.25783,-0.14384],[116.25783,-0.14578],[116.25895,-0.14578],[116.25895,-0.14749],[116.25966,-0.14749],[116.25966,-0.15001],[116.25838,-0.15001],[116.25838,-0.15043],[116.25489,-0.15043],[116.25489,-0.15083],[116.24573,-0.15083],[116.24573,-0.1494],[116.24408,-0.1494],[116.24408,-0.14765],[116.24248,-0.14765],[116.24248,-0.14582],[116.24088,-0.14582],[116.24088,-0.14422],[116.23951,-0.14422],[116.23951,-0.14277],[116.23803,-0.14277],[116.23803,-0.14133],[116.23647,-0.14133],[116.23647,-0.13969],[116.23502,-0.13969],[116.23502,-0.13805],[116.23373,-0.13805],[116.23373,-0.13638],[116.23232,-0.13638],[116.23232,-0.13485],[116.23083,-0.13485],[116.23083,-0.13333],[116.22965,-0.13333],[116.22965,-0.13105],[116.23095,-0.13105],[116.23095,-0.12831],[116.23123,-0.12831],[116.23123,-0.12585],[116.23209,-0.12585],[116.23209,-0.12322],[116.23928,-0.12322]]]}},{"type":"Feature","properties":{"nama_usaha":"MANGGALA PRAJA SEMBILAN ENAM","badan_usaha":"PT","jenis_izin":"WIUP","komoditas":"PASIR KUARSA","kegiatan":"PENCADANGAN","luas_ha":817.9,"kabupaten":"KUTAI BARAT","berlaku_hingga":null},"geometry":{"type":"Polygon","coordinates":[[[116.03077,-0.2112],[116.03257,-0.2112],[116.03257,-0.20851],[116.03392,-0.20851],[116.03392,-0.20094],[116.03638,-0.20094],[116.03638,-0.18519],[116.03446,-0.18519],[116.03446,-0.18961],[116.03343,-0.18961],[116.03343,-0.19227],[116.02279,-0.19227],[116.02279,-0.18501],[116.06201,-0.18501],[116.06201,-0.19329],[116.05998,-0.19329],[116.05998,-0.196],[116.05595,-0.196],[116.05595,-0.20126],[116.05184,-0.20126],[116.05184,-0.20661],[116.04969,-0.20661],[116.04969,-0.20958],[116.04643,-0.20958],[116.04643,-0.2142],[116.0374,-0.2142],[116.0374,-0.2114],[116.02749,-0.2114],[116.02749,-0.20913],[116.03077,-0.20913],[116.03077,-0.2112]]]}},{"type":"Feature","properties":{"nama_usaha":"CAHAYA KRESIK PUTIH","badan_usaha":"PT","jenis_izin":"WIUP","komoditas":"PASIR KUARSA","kegiatan":"PENCADANGAN","luas_ha":99.9,"kabupaten":"KUTAI KARTANEGARA","berlaku_hingga":null},"geometry":{"type":"Polygon","coordinates":[[[116.33741,0.00945],[116.34523,0.00945],[116.34523,-0.00094],[116.33741,-0.00094],[116.33741,0.00945]]]}},{"type":"Feature","properties":{"nama_usaha":"MANGGALA PRAJA SEMBILAN ENAM","badan_usaha":"PT","jenis_izin":"WIUP","komoditas":"PASIR KUARSA","kegiatan":"PENCADANGAN","luas_ha":817.9,"kabupaten":"KUTAI BARAT","berlaku_hingga":null},"geometry":{"type":"Polygon","coordinates":[[[116.03077,-0.2112],[116.03257,-0.2112],[116.03257,-0.20851],[116.03392,-0.20851],[116.03392,-0.20094],[116.03638,-0.20094],[116.03638,-0.18519],[116.03446,-0.18519],[116.03446,-0.18961],[116.03343,-0.18961],[116.03343,-0.19227],[116.02279,-0.19227],[116.02279,-0.18501],[116.06201,-0.18501],[116.06201,-0.19329],[116.05998,-0.19329],[116.05998,-0.196],[116.05595,-0.196],[116.05595,-0.20126],[116.05184,-0.20126],[116.05184,-0.20661],[116.04969,-0.20661],[116.04969,-0.20958],[116.04643,-0.20958],[116.04643,-0.2142],[116.0374,-0.2142],[116.0374,-0.2114],[116.02749,-0.2114],[116.02749,-0.20913],[116.03077,-0.20913],[116.03077,-0.2112]]]}},{"type":"Feature","properties":{"nama_usaha":"PUTIH KEMILAU JAYA","badan_usaha":"PT","jenis_izin":"WIUP","komoditas":"PASIR KUARSA","kegiatan":"PENCADANGAN","luas_ha":1033.1,"kabupaten":"KUTAI KARTANEGARA","berlaku_hingga":null},"geometry":{"type":"Polygon","coordinates":[[[116.19274,-0.07155],[116.19274,-0.08244],[116.17877,-0.08244],[116.17877,-0.08441],[116.18071,-0.08441],[116.18071,-0.09178],[116.17702,-0.09178],[116.17702,-0.09069],[116.16667,-0.09069],[116.16667,-0.0863],[116.17118,-0.0863],[116.17118,-0.0819],[116.15104,-0.0819],[116.15104,-0.0805],[116.15279,-0.0805],[116.15279,-0.07812],[116.15419,-0.07812],[116.15419,-0.0762],[116.15517,-0.0762],[116.15517,-0.07022],[116.15656,-0.07022],[116.15656,-0.06774],[116.15857,-0.06774],[116.15857,-0.0658],[116.16094,-0.0658],[116.16094,-0.06392],[116.15649,-0.06392],[116.15649,-0.0664],[116.15487,-0.0664],[116.15487,-0.0692],[116.15336,-0.0692],[116.15336,-0.07588],[116.15213,-0.07588],[116.15213,-0.07805],[116.15015,-0.07805],[116.15015,-0.0805],[116.14836,-0.0805],[116.14836,-0.0819],[116.14336,-0.0819],[116.14336,-0.06371],[116.17702,-0.06371],[116.17702,-0.07155],[116.19274,-0.07155]]]}},{"type":"Feature","properties":{"nama_usaha":"MITRA HARAPAN SEMAYANG","badan_usaha":"PT","jenis_izin":"WIUP","komoditas":"PASIR KUARSA","kegiatan":"PENCADANGAN","luas_ha":2322.9,"kabupaten":"KUTAI KARTANEGARA","berlaku_hingga":null},"geometry":{"type":"Polygon","coordinates":[[[116.28767,-0.10511],[116.2755,-0.10511],[116.2755,-0.13198],[116.2613,-0.13198],[116.2613,-0.12749],[116.25759,-0.12749],[116.25759,-0.12292],[116.25383,-0.12292],[116.25383,-0.11564],[116.24788,-0.11564],[116.24788,-0.10863],[116.24196,-0.10863],[116.24196,-0.08157],[116.25123,-0.08157],[116.25123,-0.07615],[116.28767,-0.07615],[116.28767,-0.10511]]]}},{"type":"Feature","properties":{"nama_usaha":"SILICA SUKSES MANDIRI","badan_usaha":"PT","jenis_izin":"WIUP","komoditas":"PASIR KUARSA","kegiatan":"PENCADANGAN","luas_ha":99.4,"kabupaten":"KUTAI KARTANEGARA","berlaku_hingga":null},"geometry":{"type":"Polygon","coordinates":[[[116.43202,0.17129],[116.43202,0.18032],[116.44134,0.18032],[116.44134,0.176],[116.44065,0.176],[116.44065,0.17129],[116.43202,0.17129]]]}},{"type":"Feature","properties":{"nama_usaha":"NUSANTARA ETAM JAYA","badan_usaha":"PT","jenis_izin":"WIUP","komoditas":"BATU GUNUNG QUARRY BESAR","kegiatan":"PENCADANGAN","luas_ha":40.6,"kabupaten":"KUTAI BARAT","berlaku_hingga":null},"geometry":{"type":"Polygon","coordinates":[[[115.50352,-0.0584],[115.50352,-0.05666],[115.50434,-0.05666],[115.50434,-0.05606],[115.5062,-0.05606],[115.5062,-0.05562],[115.50763,-0.05562],[115.50763,-0.05515],[115.50867,-0.05515],[115.50867,-0.05474],[115.50947,-0.05474],[115.50947,-0.05414],[115.5105,-0.05414],[115.5105,-0.05483],[115.51228,-0.05483],[115.51228,-0.059],[115.50199,-0.059],[115.50199,-0.0584],[115.50352,-0.0584]]]}},{"type":"Feature","properties":{"nama_usaha":"SILICA MAJU BERSAMA","badan_usaha":"PT","jenis_izin":"WIUP","komoditas":"PASIR KUARSA","kegiatan":"PENCADANGAN","luas_ha":273.9,"kabupaten":"KUTAI KARTANEGARA","berlaku_hingga":null},"geometry":{"type":"Polygon","coordinates":[[[116.35519,0.02785],[116.3604,0.02785],[116.3604,0.02356],[116.35566,0.02356],[116.35566,0.02304],[116.35231,0.02304],[116.35231,0.02216],[116.34903,0.02216],[116.34903,0.02179],[116.34461,0.02179],[116.34461,0.02273],[116.34267,0.02273],[116.34267,0.02325],[116.34173,0.02325],[116.34173,0.02398],[116.33516,0.02398],[116.33516,0.02289],[116.33417,0.02289],[116.33417,0.02222],[116.33213,0.02222],[116.33213,0.03152],[116.35519,0.03152],[116.35519,0.02785]]]}},{"type":"Feature","properties":{"nama_usaha":"KUSUMA MINERAL INDONESIA","badan_usaha":"-","jenis_izin":"WIUP","komoditas":"PASIR KUARSA","kegiatan":"PENCADANGAN","luas_ha":94.1,"kabupaten":"KUTAI KARTANEGARA","berlaku_hingga":null},"geometry":{"type":"Polygon","coordinates":[[[117.33699,-0.51321],[117.33699,-0.51679],[117.33757,-0.51679],[117.33757,-0.52204],[117.33465,-0.52204],[117.33465,-0.52873],[117.33124,-0.52873],[117.33124,-0.51321],[117.33699,-0.51321]]]}},{"type":"Feature","properties":{"nama_usaha":"HUMVUS KUARSA MINERAL","badan_usaha":"PT","jenis_izin":"WIUP","komoditas":"PASIR KUARSA","kegiatan":"PENCADANGAN","luas_ha":194.5,"kabupaten":"KOTA SAMARINDA","berlaku_hingga":null},"geometry":{"type":"Polygon","coordinates":[[[117.17633,-0.71127],[117.17652,-0.71127],[117.17652,-0.71037],[117.17679,-0.71037],[117.17679,-0.70947],[117.17707,-0.70947],[117.17707,-0.70856],[117.17735,-0.70856],[117.17735,-0.70766],[117.17764,-0.70766],[117.17764,-0.70675],[117.17791,-0.70675],[117.17791,-0.70585],[117.17819,-0.70585],[117.17819,-0.70494],[117.17847,-0.70494],[117.17847,-0.70404],[117.17874,-0.70404],[117.17874,-0.70313],[117.17903,-0.70313],[117.17903,-0.70223],[117.17931,-0.70223],[117.17931,-0.70132],[117.17989,-0.70132],[117.17989,-0.6968],[117.18054,-0.6968],[117.18054,-0.68775],[117.18079,-0.68775],[117.18079,-0.68685],[117.18119,-0.68685],[117.18119,-0.68594],[117.18171,-0.68594],[117.18171,-0.68504],[117.18254,-0.68504],[117.18254,-0.68413],[117.18411,-0.68413],[117.18411,-0.68336],[117.18678,-0.68336],[117.18678,-0.683],[117.18839,-0.683],[117.18839,-0.68477],[117.18749,-0.68477],[117.18749,-0.6902],[117.18479,-0.6902],[117.18479,-0.69201],[117.1875,-0.69201],[117.1875,-0.69444],[117.18611,-0.69444],[117.18611,-0.69583],[117.18472,-0.69583],[117.18472,-0.7],[117.18333,-0.7],[117.18333,-0.71111],[117.18194,-0.71111],[117.18194,-0.7125],[117.17633,-0.7125],[117.17633,-0.71127]]]}},{"type":"Feature","properties":{"nama_usaha":"SILICA MAJU BERSAMA","badan_usaha":"PT","jenis_izin":"WIUP","komoditas":"PASIR KUARSA","kegiatan":"PENCADANGAN","luas_ha":273.9,"kabupaten":"KUTAI KARTANEGARA","berlaku_hingga":null},"geometry":{"type":"Polygon","coordinates":[[[116.35519,0.02785],[116.3604,0.02785],[116.3604,0.02356],[116.35566,0.02356],[116.35566,0.02304],[116.35231,0.02304],[116.35231,0.02216],[116.34903,0.02216],[116.34903,0.02179],[116.34461,0.02179],[116.34461,0.02273],[116.34267,0.02273],[116.34267,0.02325],[116.34173,0.02325],[116.34173,0.02398],[116.33516,0.02398],[116.33516,0.02289],[116.33417,0.02289],[116.33417,0.02222],[116.33213,0.02222],[116.33213,0.03152],[116.35519,0.03152],[116.35519,0.02785]]]}},{"type":"Feature","properties":{"nama_usaha":"KRESIK PUTIH KUTAI","badan_usaha":"PT","jenis_izin":"WIUP","komoditas":"PASIR KUARSA","kegiatan":"PENCADANGAN","luas_ha":99.6,"kabupaten":"KUTAI KARTANEGARA","berlaku_hingga":null},"geometry":{"type":"Polygon","coordinates":[[[116.43167,0.18422],[116.43167,0.18032],[116.43202,0.18032],[116.43202,0.17129],[116.42566,0.17129],[116.42566,0.18422],[116.43167,0.18422]]]}},{"type":"Feature","properties":{"nama_usaha":"HUMVUS KUARSA MINERAL","badan_usaha":"PT","jenis_izin":"WIUP","komoditas":"PASIR KUARSA","kegiatan":"PENCADANGAN","luas_ha":194.5,"kabupaten":"KOTA SAMARINDA","berlaku_hingga":null},"geometry":{"type":"Polygon","coordinates":[[[117.17633,-0.71127],[117.17652,-0.71127],[117.17652,-0.71037],[117.17679,-0.71037],[117.17679,-0.70947],[117.17707,-0.70947],[117.17707,-0.70856],[117.17735,-0.70856],[117.17735,-0.70766],[117.17764,-0.70766],[117.17764,-0.70675],[117.17791,-0.70675],[117.17791,-0.70585],[117.17819,-0.70585],[117.17819,-0.70494],[117.17847,-0.70494],[117.17847,-0.70404],[117.17874,-0.70404],[117.17874,-0.70313],[117.17903,-0.70313],[117.17903,-0.70223],[117.17931,-0.70223],[117.17931,-0.70132],[117.17989,-0.70132],[117.17989,-0.6968],[117.18054,-0.6968],[117.18054,-0.68775],[117.18079,-0.68775],[117.18079,-0.68685],[117.18119,-0.68685],[117.18119,-0.68594],[117.18171,-0.68594],[117.18171,-0.68504],[117.18254,-0.68504],[117.18254,-0.68413],[117.18411,-0.68413],[117.18411,-0.68336],[117.18678,-0.68336],[117.18678,-0.683],[117.18839,-0.683],[117.18839,-0.68477],[117.18749,-0.68477],[117.18749,-0.6902],[117.18479,-0.6902],[117.18479,-0.69201],[117.1875,-0.69201],[117.1875,-0.69444],[117.18611,-0.69444],[117.18611,-0.69583],[117.18472,-0.69583],[117.18472,-0.7],[117.18333,-0.7],[117.18333,-0.71111],[117.18194,-0.71111],[117.18194,-0.7125],[117.17633,-0.7125],[117.17633,-0.71127]]]}},{"type":"Feature","properties":{"nama_usaha":"SILICA MAJU BERSAMA","badan_usaha":"PT","jenis_izin":"WIUP","komoditas":"PASIR KUARSA","kegiatan":"PENCADANGAN","luas_ha":273.9,"kabupaten":"KUTAI KARTANEGARA","berlaku_hingga":null},"geometry":{"type":"Polygon","coordinates":[[[116.35519,0.02785],[116.3604,0.02785],[116.3604,0.02356],[116.35566,0.02356],[116.35566,0.02304],[116.35231,0.02304],[116.35231,0.02216],[116.34903,0.02216],[116.34903,0.02179],[116.34461,0.02179],[116.34461,0.02273],[116.34267,0.02273],[116.34267,0.02325],[116.34173,0.02325],[116.34173,0.02398],[116.33516,0.02398],[116.33516,0.02289],[116.33417,0.02289],[116.33417,0.02222],[116.33213,0.02222],[116.33213,0.03152],[116.35519,0.03152],[116.35519,0.02785]]]}},{"type":"Feature","properties":{"nama_usaha":"CV NIKMAT ABADI","badan_usaha":"CV","jenis_izin":"WIUP","komoditas":"PASIR KUARSA","kegiatan":"PENCADANGAN","luas_ha":74.5,"kabupaten":"KUTAI KARTANEGARA","berlaku_hingga":null},"geometry":{"type":"Polygon","coordinates":[[[117.30002,-0.44361],[117.30002,-0.44187],[117.30784,-0.44187],[117.30784,-0.44775],[117.30213,-0.44775],[117.30213,-0.45058],[117.29877,-0.45058],[117.29877,-0.44361],[117.30002,-0.44361]]]}},{"type":"Feature","properties":{"nama_usaha":"GEMINI UTAMA ENERGI","badan_usaha":"PT","jenis_izin":"WIUP","komoditas":"BATU GAMPING UNTUK INDUSTRI","kegiatan":"PENCADANGAN","luas_ha":50,"kabupaten":"KUTAI KARTANEGARA","berlaku_hingga":null},"geometry":{"type":"Polygon","coordinates":[[[115.98559,0.37281],[115.99238,0.37281],[115.99238,0.36683],[115.98559,0.36683],[115.98559,0.37281]]]}},{"type":"Feature","properties":{"nama_usaha":"GEMINI PANAH NUSANTARA","badan_usaha":"PT","jenis_izin":"WIUP","komoditas":"PASIR KUARSA","kegiatan":"PENCADANGAN","luas_ha":81.1,"kabupaten":"KOTA SAMARINDA","berlaku_hingga":null},"geometry":{"type":"Polygon","coordinates":[[[117.17561,-0.68645],[117.17766,-0.68645],[117.17766,-0.67964],[117.17833,-0.67964],[117.17833,-0.67894],[117.17889,-0.67894],[117.17889,-0.67836],[117.17933,-0.67836],[117.17933,-0.67783],[117.18014,-0.67783],[117.18014,-0.67592],[117.18472,-0.67592],[117.18472,-0.6779],[117.18405,-0.6779],[117.18405,-0.67894],[117.18365,-0.67894],[117.18365,-0.67956],[117.18332,-0.67956],[117.18332,-0.6801],[117.18293,-0.6801],[117.18293,-0.68077],[117.18265,-0.68077],[117.18265,-0.68123],[117.18223,-0.68123],[117.18223,-0.68186],[117.18169,-0.68186],[117.18169,-0.68273],[117.18111,-0.68273],[117.18111,-0.68338],[117.18069,-0.68338],[117.18069,-0.68382],[117.18029,-0.68382],[117.18029,-0.68421],[117.17993,-0.68421],[117.17993,-0.68456],[117.17908,-0.68456],[117.17908,-0.68645],[117.17869,-0.68645],[117.17869,-0.6895],[117.17843,-0.6895],[117.17843,-0.69508],[117.17561,-0.69508],[117.17561,-0.68645]]]}},{"type":"Feature","properties":{"nama_usaha":"GEMINI UTAMA ENERGI","badan_usaha":"PT","jenis_izin":"WIUP","komoditas":"BATU GAMPING UNTUK INDUSTRI","kegiatan":"PENCADANGAN","luas_ha":50,"kabupaten":"KUTAI KARTANEGARA","berlaku_hingga":null},"geometry":{"type":"Polygon","coordinates":[[[115.98559,0.37281],[115.99238,0.37281],[115.99238,0.36683],[115.98559,0.36683],[115.98559,0.37281]]]}},{"type":"Feature","properties":{"nama_usaha":"MUSTIKA BATUAN INDONESIA","badan_usaha":"PT","jenis_izin":"WIUP","komoditas":"PASIR KUARSA","kegiatan":"PENCADANGAN","luas_ha":3160.7,"kabupaten":"KUTAI KARTANEGARA","berlaku_hingga":null},"geometry":{"type":"Polygon","coordinates":[[[116.10261,-0.1291],[116.10261,-0.13666],[116.09233,-0.13666],[116.09233,-0.14677],[116.08889,-0.14677],[116.08889,-0.15341],[116.07883,-0.15341],[116.07883,-0.15826],[116.07148,-0.15826],[116.07148,-0.16508],[116.06203,-0.16508],[116.06203,-0.1849],[116.03877,-0.1849],[116.03877,-0.17104],[116.04243,-0.17104],[116.04243,-0.16658],[116.04823,-0.16658],[116.04823,-0.16127],[116.05152,-0.16127],[116.05152,-0.15792],[116.05736,-0.15792],[116.05736,-0.16407],[116.06362,-0.16407],[116.06362,-0.15482],[116.04928,-0.15482],[116.04928,-0.14727],[116.04308,-0.14727],[116.04308,-0.11953],[116.11792,-0.11953],[116.11792,-0.1291],[116.10261,-0.1291]]]}},{"type":"Feature","properties":{"nama_usaha":"KARUNIA BATU KALIMANTAN","badan_usaha":"PT","jenis_izin":"WIUP","komoditas":"BATU GAMPING UNTUK INDUSTRI","kegiatan":"PENCADANGAN","luas_ha":23.8,"kabupaten":"KUTAI KARTANEGARA","berlaku_hingga":null},"geometry":{"type":"Polygon","coordinates":[[[116.76523,-0.40215],[116.7655,-0.40215],[116.7655,-0.40322],[116.76522,-0.40322],[116.76522,-0.4038],[116.764,-0.4038],[116.764,-0.40408],[116.76257,-0.40408],[116.76257,-0.4044],[116.76125,-0.4044],[116.76125,-0.4047],[116.7608,-0.4047],[116.7608,-0.40516],[116.76037,-0.40516],[116.76037,-0.40562],[116.75991,-0.40562],[116.75991,-0.40609],[116.75942,-0.40609],[116.75942,-0.40658],[116.75898,-0.40658],[116.75898,-0.40704],[116.75843,-0.40704],[116.75843,-0.40758],[116.75742,-0.40758],[116.75742,-0.4079],[116.75694,-0.4079],[116.75694,-0.40722],[116.75711,-0.40722],[116.75711,-0.40654],[116.75735,-0.40654],[116.75735,-0.40587],[116.75755,-0.40587],[116.75755,-0.40531],[116.75771,-0.40531],[116.75771,-0.40465],[116.75793,-0.40465],[116.75793,-0.40409],[116.75806,-0.40409],[116.75806,-0.40372],[116.7589,-0.40372],[116.7589,-0.40333],[116.76001,-0.40333],[116.76001,-0.40298],[116.76117,-0.40298],[116.76117,-0.40262],[116.76225,-0.40262],[116.76225,-0.40229],[116.7633,-0.40229],[116.7633,-0.40196],[116.76422,-0.40196],[116.76422,-0.40168],[116.76523,-0.40168],[116.76523,-0.40215]]]}},{"type":"Feature","properties":{"nama_usaha":"SENDAWAR ALAM SEJAHTERA","badan_usaha":"PT","jenis_izin":"WIUP","komoditas":"ANDESIT","kegiatan":"PENCADANGAN","luas_ha":7.2,"kabupaten":"KUTAI BARAT","berlaku_hingga":null},"geometry":{"type":"Polygon","coordinates":[[[115.61979,-0.27348],[115.61979,-0.27325],[115.6197,-0.27325],[115.6197,-0.27302],[115.61962,-0.27302],[115.61962,-0.2728],[115.61954,-0.2728],[115.61954,-0.27262],[115.61947,-0.27262],[115.61947,-0.27249],[115.61942,-0.27249],[115.61942,-0.27211],[115.61953,-0.27211],[115.61953,-0.27204],[115.61974,-0.27204],[115.61974,-0.27196],[115.61994,-0.27196],[115.61994,-0.27189],[115.62012,-0.27189],[115.62012,-0.27182],[115.62034,-0.27182],[115.62034,-0.27174],[115.62057,-0.27174],[115.62057,-0.27165],[115.62071,-0.27165],[115.62071,-0.27161],[115.62101,-0.27161],[115.62101,-0.27174],[115.62106,-0.27174],[115.62106,-0.27189],[115.62111,-0.27189],[115.62111,-0.27211],[115.62116,-0.27211],[115.62116,-0.27249],[115.62129,-0.27249],[115.62129,-0.27256],[115.62136,-0.27256],[115.62136,-0.27324],[115.62129,-0.27324],[115.62129,-0.27329],[115.62099,-0.27329],[115.62099,-0.27343],[115.62076,-0.27343],[115.62076,-0.27348],[115.62043,-0.27348],[115.62043,-0.27364],[115.62025,-0.27364],[115.62025,-0.2737],[115.6199,-0.2737],[115.6199,-0.27438],[115.61518,-0.27438],[115.61518,-0.27448],[115.61515,-0.27448],[115.61515,-0.2746],[115.61502,-0.2746],[115.61502,-0.27473],[115.61458,-0.27473],[115.61458,-0.27545],[115.61501,-0.27545],[115.61501,-0.27562],[115.6154,-0.27562],[115.6154,-0.27575],[115.61566,-0.27575],[115.61566,-0.27632],[115.6154,-0.27632],[115.6154,-0.27698],[115.61501,-0.27698],[115.61501,-0.27713],[115.61471,-0.27713],[115.61471,-0.27622],[115.6142,-0.27622],[115.6142,-0.2765],[115.61366,-0.2765],[115.61366,-0.27622],[115.6138,-0.27622],[115.6138,-0.27601],[115.61397,-0.27601],[115.61397,-0.27534],[115.61388,-0.27534],[115.61388,-0.27507],[115.61373,-0.27507],[115.61373,-0.27476],[115.61353,-0.27476],[115.61353,-0.27457],[115.61397,-0.27457],[115.61397,-0.2745],[115.61446,-0.2745],[115.61446,-0.27439],[115.61483,-0.27439],[115.61483,-0.27433],[115.61502,-0.27433],[115.61502,-0.27437],[115.61989,-0.27437],[115.61989,-0.27348],[115.61979,-0.27348]]]}},{"type":"Feature","properties":{"nama_usaha":"ARKARA TANAH NUSANTARA","badan_usaha":"PT","jenis_izin":"WIUP","komoditas":"PASIR KUARSA","kegiatan":"PENCADANGAN","luas_ha":6280.5,"kabupaten":"KUTAI BARAT","berlaku_hingga":null},"geometry":{"type":"Polygon","coordinates":[[[115.83318,-0.3354],[115.868,-0.3354],[115.868,-0.399],[115.83222,-0.399],[115.83222,-0.41944],[115.80066,-0.41944],[115.80066,-0.42397],[115.78305,-0.42397],[115.78305,-0.41989],[115.78903,-0.41989],[115.78903,-0.41944],[115.79219,-0.41944],[115.79219,-0.41843],[115.79296,-0.41843],[115.79296,-0.41776],[115.79386,-0.41776],[115.79386,-0.41663],[115.79506,-0.41663],[115.79506,-0.41543],[115.7968,-0.41543],[115.7968,-0.41423],[115.79786,-0.41423],[115.79786,-0.41316],[115.79964,-0.41316],[115.79964,-0.41203],[115.80126,-0.41203],[115.80126,-0.41102],[115.80223,-0.41102],[115.80223,-0.40838],[115.79509,-0.40838],[115.79509,-0.41006],[115.79227,-0.41006],[115.79227,-0.41284],[115.78858,-0.41284],[115.78858,-0.41944],[115.78305,-0.41944],[115.78305,-0.40007],[115.81677,-0.40007],[115.81677,-0.39185],[115.82514,-0.39185],[115.82514,-0.36679],[115.84184,-0.36679],[115.84184,-0.35847],[115.85012,-0.35847],[115.85012,-0.34156],[115.83312,-0.34156],[115.83312,-0.35015],[115.80822,-0.35015],[115.80822,-0.36588],[115.7999,-0.36588],[115.7999,-0.37493],[115.78332,-0.37493],[115.78332,-0.38334],[115.75215,-0.38334],[115.75215,-0.37782],[115.76559,-0.37782],[115.76559,-0.37646],[115.76964,-0.37646],[115.76964,-0.3752],[115.77474,-0.3752],[115.77474,-0.37411],[115.77804,-0.37411],[115.77804,-0.37212],[115.78099,-0.37212],[115.78099,-0.36959],[115.78356,-0.36959],[115.78356,-0.36832],[115.7863,-0.36832],[115.7863,-0.36615],[115.78848,-0.36615],[115.78848,-0.36163],[115.79056,-0.36163],[115.79056,-0.35846],[115.79248,-0.35846],[115.79248,-0.3562],[115.79539,-0.3562],[115.79539,-0.3515],[115.79843,-0.3515],[115.79843,-0.32563],[115.80524,-0.32563],[115.80524,-0.30836],[115.83318,-0.30836],[115.83318,-0.3354]]]}},{"type":"Feature","properties":{"nama_usaha":"CV NIKMAT ABADI","badan_usaha":"CV","jenis_izin":"WIUP","komoditas":"PASIR KUARSA","kegiatan":"PENCADANGAN","luas_ha":74.5,"kabupaten":"KUTAI KARTANEGARA","berlaku_hingga":null},"geometry":{"type":"Polygon","coordinates":[[[117.30002,-0.44361],[117.30002,-0.44187],[117.30784,-0.44187],[117.30784,-0.44775],[117.30213,-0.44775],[117.30213,-0.45058],[117.29877,-0.45058],[117.29877,-0.44361],[117.30002,-0.44361]]]}},{"type":"Feature","properties":{"nama_usaha":"NUSANTARA KARYA RESOURCE","badan_usaha":"PT","jenis_izin":"WIUP","komoditas":"BATU GUNUNG QUARRY BESAR","kegiatan":"PENCADANGAN","luas_ha":26.6,"kabupaten":"KUTAI KARTANEGARA","berlaku_hingga":null},"geometry":{"type":"Polygon","coordinates":[[[116.74198,-0.39418],[116.74198,-0.39332],[116.744,-0.39332],[116.744,-0.39427],[116.74467,-0.39427],[116.74467,-0.39522],[116.7449,-0.39522],[116.7449,-0.39563],[116.74512,-0.39563],[116.74512,-0.39608],[116.7453,-0.39608],[116.7453,-0.39626],[116.74566,-0.39626],[116.74566,-0.39617],[116.74598,-0.39617],[116.74598,-0.39603],[116.74629,-0.39603],[116.74629,-0.39621],[116.74638,-0.39621],[116.74638,-0.39653],[116.74651,-0.39653],[116.74651,-0.39662],[116.74656,-0.39662],[116.74656,-0.39676],[116.74647,-0.39676],[116.74647,-0.3968],[116.74624,-0.3968],[116.74624,-0.39689],[116.74607,-0.39689],[116.74607,-0.39698],[116.74584,-0.39698],[116.74584,-0.39707],[116.74566,-0.39707],[116.74566,-0.39716],[116.74544,-0.39716],[116.74544,-0.39725],[116.74526,-0.39725],[116.74526,-0.39734],[116.74503,-0.39734],[116.74503,-0.39744],[116.74431,-0.39744],[116.74431,-0.39739],[116.74382,-0.39739],[116.74382,-0.39748],[116.74364,-0.39748],[116.74364,-0.39757],[116.74346,-0.39757],[116.74346,-0.39766],[116.74337,-0.39766],[116.74337,-0.39775],[116.74328,-0.39775],[116.74328,-0.39798],[116.74323,-0.39798],[116.74323,-0.39811],[116.74296,-0.39811],[116.74296,-0.3982],[116.74269,-0.3982],[116.74269,-0.39829],[116.74238,-0.39829],[116.74238,-0.39838],[116.74225,-0.39838],[116.74225,-0.39848],[116.7422,-0.39848],[116.7422,-0.39861],[116.74202,-0.39861],[116.74202,-0.39848],[116.74184,-0.39848],[116.74184,-0.39834],[116.74166,-0.39834],[116.74166,-0.3982],[116.74148,-0.3982],[116.74148,-0.39807],[116.7413,-0.39807],[116.7413,-0.39793],[116.74112,-0.39793],[116.74112,-0.3978],[116.74094,-0.3978],[116.74094,-0.39766],[116.74076,-0.39766],[116.74076,-0.39753],[116.74058,-0.39753],[116.74058,-0.39739],[116.7404,-0.39739],[116.7404,-0.39725],[116.74022,-0.39725],[116.74022,-0.39712],[116.74004,-0.39712],[116.74004,-0.39698],[116.73986,-0.39698],[116.73986,-0.39685],[116.73955,-0.39685],[116.73955,-0.39418],[116.74198,-0.39418]]]}},{"type":"Feature","properties":{"nama_usaha":"BUMI TANAH AKSATA","badan_usaha":"PT","jenis_izin":"WIUP","komoditas":"PASIR KUARSA","kegiatan":"PENCADANGAN","luas_ha":98.8,"kabupaten":"KUTAI BARAT","berlaku_hingga":null},"geometry":{"type":"Polygon","coordinates":[[[115.79228,-0.41283],[115.79228,-0.41006],[115.79508,-0.41006],[115.79508,-0.40839],[115.80222,-0.40839],[115.80222,-0.41103],[115.80125,-0.41103],[115.80125,-0.41203],[115.79964,-0.41203],[115.79964,-0.41317],[115.79786,-0.41317],[115.79786,-0.41422],[115.79681,-0.41422],[115.79681,-0.41544],[115.79506,-0.41544],[115.79506,-0.41664],[115.79386,-0.41664],[115.79386,-0.41775],[115.79294,-0.41775],[115.79294,-0.41844],[115.79219,-0.41844],[115.79219,-0.41944],[115.78858,-0.41944],[115.78858,-0.41283],[115.79228,-0.41283]]]}},{"type":"Feature","properties":{"nama_usaha":"CV NIKMAT ABADI","badan_usaha":"CV","jenis_izin":"WIUP","komoditas":"PASIR KUARSA","kegiatan":"PENCADANGAN","luas_ha":74.5,"kabupaten":"KUTAI KARTANEGARA","berlaku_hingga":null},"geometry":{"type":"Polygon","coordinates":[[[117.30002,-0.44361],[117.30002,-0.44187],[117.30784,-0.44187],[117.30784,-0.44775],[117.30213,-0.44775],[117.30213,-0.45058],[117.29877,-0.45058],[117.29877,-0.44361],[117.30002,-0.44361]]]}},{"type":"Feature","properties":{"nama_usaha":"TERMINAL BATUAN SUKSES","badan_usaha":"PT","jenis_izin":"WIUP","komoditas":"BATU GUNUNG QUARRY BESAR","kegiatan":"PENCADANGAN","luas_ha":15,"kabupaten":"KUTAI BARAT","berlaku_hingga":null},"geometry":{"type":"Polygon","coordinates":[[[115.56383,-0.04606],[115.56383,-0.04889],[115.56708,-0.04889],[115.56708,-0.05044],[115.56839,-0.05044],[115.56839,-0.05186],[115.56592,-0.05186],[115.56592,-0.05044],[115.56664,-0.05044],[115.56664,-0.04947],[115.56531,-0.04947],[115.56531,-0.04967],[115.56325,-0.04967],[115.56325,-0.04914],[115.56219,-0.04914],[115.56219,-0.04847],[115.56181,-0.04847],[115.56181,-0.04694],[115.56208,-0.04694],[115.56208,-0.04606],[115.56383,-0.04606]]]}},{"type":"Feature","properties":{"nama_usaha":"BINTANG SILIKA KUTAI","badan_usaha":"PT","jenis_izin":"WIUP","komoditas":"PASIR KUARSA","kegiatan":"PENCADANGAN","luas_ha":7422.5,"kabupaten":"KUTAI KARTANEGARA","berlaku_hingga":null},"geometry":{"type":"Polygon","coordinates":[[[116.20304,-0.11055],[116.22742,-0.11055],[116.22742,-0.10663],[116.23066,-0.10663],[116.23066,-0.09965],[116.23385,-0.09965],[116.23385,-0.10286],[116.23638,-0.10286],[116.23638,-0.10887],[116.24141,-0.10887],[116.24141,-0.11839],[116.24901,-0.11839],[116.24901,-0.124],[116.25381,-0.124],[116.25381,-0.13191],[116.2602,-0.13191],[116.2602,-0.1411],[116.26791,-0.1411],[116.26791,-0.14232],[116.25723,-0.14232],[116.25723,-0.13367],[116.25337,-0.13367],[116.25337,-0.12748],[116.24906,-0.12748],[116.24906,-0.12495],[116.24631,-0.12495],[116.24631,-0.1197],[116.23251,-0.1197],[116.23251,-0.1189],[116.22742,-0.1189],[116.22742,-0.11169],[116.22232,-0.11169],[116.22232,-0.13997],[116.21364,-0.13997],[116.21364,-0.14786],[116.20416,-0.14786],[116.20416,-0.15363],[116.19319,-0.15363],[116.19319,-0.16019],[116.17383,-0.16019],[116.17383,-0.16358],[116.1573,-0.16358],[116.1573,-0.1699],[116.12469,-0.1699],[116.12469,-0.18301],[116.10164,-0.18301],[116.10164,-0.17754],[116.09239,-0.17754],[116.09239,-0.172],[116.08406,-0.172],[116.08406,-0.1683],[116.07736,-0.1683],[116.07736,-0.16063],[116.08406,-0.16063],[116.08406,-0.15673],[116.09499,-0.15673],[116.09499,-0.15131],[116.10164,-0.15131],[116.10164,-0.14523],[116.10948,-0.14523],[116.10948,-0.13836],[116.11753,-0.13836],[116.11753,-0.13092],[116.12635,-0.13092],[116.12635,-0.12238],[116.12975,-0.12238],[116.12975,-0.11938],[116.14584,-0.11938],[116.14584,-0.12238],[116.1653,-0.12238],[116.1653,-0.11839],[116.1836,-0.11839],[116.1836,-0.11434],[116.19605,-0.11434],[116.19605,-0.1074],[116.19277,-0.1074],[116.19277,-0.09965],[116.20304,-0.09965],[116.20304,-0.11055]]]}},{"type":"Feature","properties":{"nama_usaha":"MAHAKAM ULU GEMILANG","badan_usaha":"PT","jenis_izin":"WIUP","komoditas":"BATU GUNUNG QUARRY BESAR","kegiatan":"PENCADANGAN","luas_ha":17.1,"kabupaten":"KUTAI BARAT","berlaku_hingga":null},"geometry":{"type":"Polygon","coordinates":[[[115.45801,0.01862],[115.45801,0.01894],[115.45786,0.01894],[115.45786,0.02058],[115.45813,0.02058],[115.45813,0.02149],[115.45727,0.02149],[115.45727,0.02308],[115.45813,0.02308],[115.45813,0.02442],[115.46086,0.02442],[115.46086,0.02283],[115.45993,0.02283],[115.45993,0.02149],[115.45818,0.02149],[115.45818,0.02091],[115.45966,0.02091],[115.45966,0.02005],[115.45991,0.02005],[115.45991,0.01938],[115.45997,0.01938],[115.45997,0.01872],[115.46032,0.01872],[115.46032,0.01762],[115.45992,0.01762],[115.45992,0.01775],[115.45968,0.01775],[115.45968,0.01784],[115.45948,0.01784],[115.45948,0.0179],[115.45935,0.0179],[115.45935,0.01797],[115.45919,0.01797],[115.45919,0.01804],[115.45901,0.01804],[115.45901,0.01811],[115.45885,0.01811],[115.45885,0.01821],[115.45868,0.01821],[115.45868,0.01834],[115.45847,0.01834],[115.45847,0.01847],[115.45824,0.01847],[115.45824,0.01862],[115.45801,0.01862]]]}},{"type":"Feature","properties":{"nama_usaha":"NUSANTARA KARYA RESOURCE","badan_usaha":"PT","jenis_izin":"WIUP","komoditas":"BATU GUNUNG QUARRY BESAR","kegiatan":"PENCADANGAN","luas_ha":26.6,"kabupaten":"KUTAI KARTANEGARA","berlaku_hingga":null},"geometry":{"type":"Polygon","coordinates":[[[116.74198,-0.39418],[116.74198,-0.39332],[116.744,-0.39332],[116.744,-0.39427],[116.74467,-0.39427],[116.74467,-0.39522],[116.7449,-0.39522],[116.7449,-0.39563],[116.74512,-0.39563],[116.74512,-0.39608],[116.7453,-0.39608],[116.7453,-0.39626],[116.74566,-0.39626],[116.74566,-0.39617],[116.74598,-0.39617],[116.74598,-0.39603],[116.74629,-0.39603],[116.74629,-0.39621],[116.74638,-0.39621],[116.74638,-0.39653],[116.74651,-0.39653],[116.74651,-0.39662],[116.74656,-0.39662],[116.74656,-0.39676],[116.74647,-0.39676],[116.74647,-0.3968],[116.74624,-0.3968],[116.74624,-0.39689],[116.74607,-0.39689],[116.74607,-0.39698],[116.74584,-0.39698],[116.74584,-0.39707],[116.74566,-0.39707],[116.74566,-0.39716],[116.74544,-0.39716],[116.74544,-0.39725],[116.74526,-0.39725],[116.74526,-0.39734],[116.74503,-0.39734],[116.74503,-0.39744],[116.74431,-0.39744],[116.74431,-0.39739],[116.74382,-0.39739],[116.74382,-0.39748],[116.74364,-0.39748],[116.74364,-0.39757],[116.74346,-0.39757],[116.74346,-0.39766],[116.74337,-0.39766],[116.74337,-0.39775],[116.74328,-0.39775],[116.74328,-0.39798],[116.74323,-0.39798],[116.74323,-0.39811],[116.74296,-0.39811],[116.74296,-0.3982],[116.74269,-0.3982],[116.74269,-0.39829],[116.74238,-0.39829],[116.74238,-0.39838],[116.74225,-0.39838],[116.74225,-0.39848],[116.7422,-0.39848],[116.7422,-0.39861],[116.74202,-0.39861],[116.74202,-0.39848],[116.74184,-0.39848],[116.74184,-0.39834],[116.74166,-0.39834],[116.74166,-0.3982],[116.74148,-0.3982],[116.74148,-0.39807],[116.7413,-0.39807],[116.7413,-0.39793],[116.74112,-0.39793],[116.74112,-0.3978],[116.74094,-0.3978],[116.74094,-0.39766],[116.74076,-0.39766],[116.74076,-0.39753],[116.74058,-0.39753],[116.74058,-0.39739],[116.7404,-0.39739],[116.7404,-0.39725],[116.74022,-0.39725],[116.74022,-0.39712],[116.74004,-0.39712],[116.74004,-0.39698],[116.73986,-0.39698],[116.73986,-0.39685],[116.73955,-0.39685],[116.73955,-0.39418],[116.74198,-0.39418]]]}},{"type":"Feature","properties":{"nama_usaha":"GEMINI UTAMA ENERGI","badan_usaha":"PT","jenis_izin":"WIUP","komoditas":"BATU GAMPING UNTUK INDUSTRI","kegiatan":"PENCADANGAN","luas_ha":50,"kabupaten":"KUTAI KARTANEGARA","berlaku_hingga":null},"geometry":{"type":"Polygon","coordinates":[[[115.98559,0.37281],[115.99238,0.37281],[115.99238,0.36683],[115.98559,0.36683],[115.98559,0.37281]]]}},{"type":"Feature","properties":{"nama_usaha":"BUMI WAHAU MINERAL","badan_usaha":"PT","jenis_izin":"WIUP","komoditas":"BATU GUNUNG QUARRY BESAR","kegiatan":"PENCADANGAN","luas_ha":2.1,"kabupaten":"KUTAI TIMUR","berlaku_hingga":null},"geometry":{"type":"Polygon","coordinates":[[[116.87221,1.09201],[116.87221,1.09194],[116.87252,1.09194],[116.87252,1.0919],[116.87267,1.0919],[116.87267,1.09188],[116.87272,1.09188],[116.87272,1.09164],[116.87271,1.09164],[116.87271,1.09123],[116.87267,1.09123],[116.87267,1.09064],[116.8726,1.09064],[116.8726,1.09055],[116.87252,1.09055],[116.87252,1.09045],[116.87244,1.09045],[116.87244,1.09035],[116.87236,1.09035],[116.87236,1.09026],[116.8723,1.09026],[116.8723,1.09019],[116.87229,1.09019],[116.87229,1.09017],[116.87227,1.09017],[116.87227,1.09015],[116.87222,1.09015],[116.87222,1.09017],[116.87217,1.09017],[116.87217,1.09019],[116.87213,1.09019],[116.87213,1.09023],[116.87202,1.09023],[116.87202,1.09028],[116.8719,1.09028],[116.8719,1.09033],[116.87177,1.09033],[116.87177,1.09038],[116.87166,1.09038],[116.87166,1.09041],[116.87157,1.09041],[116.87157,1.09046],[116.87153,1.09046],[116.87153,1.09076],[116.87149,1.09076],[116.87149,1.09115],[116.87142,1.09115],[116.87142,1.09143],[116.87153,1.09143],[116.87153,1.09151],[116.87165,1.09151],[116.87165,1.09161],[116.87179,1.09161],[116.87179,1.09169],[116.87191,1.09169],[116.87191,1.09176],[116.87206,1.09176],[116.87206,1.09201],[116.87221,1.09201]]]}},{"type":"Feature","properties":{"nama_usaha":"PRIMABUMI ALAM SEJAHTERA","badan_usaha":"PT","jenis_izin":"IUP","komoditas":"Batu Gunung Quarry Besar","kegiatan":"EKSPLORASI","luas_ha":97,"kabupaten":"KAB. KUTAI KARTANEGARA","berlaku_hingga":2028},"geometry":{"type":"Polygon","coordinates":[[[117.07008,-0.24636],[117.06783,-0.24636],[117.06783,-0.25492],[117.06108,-0.25492],[117.06108,-0.24636],[117.06228,-0.24636],[117.06228,-0.24208],[117.06333,-0.24208],[117.06333,-0.24267],[117.06461,-0.24267],[117.06461,-0.2435],[117.0665,-0.2435],[117.0665,-0.24433],[117.06833,-0.24433],[117.06833,-0.24511],[117.07008,-0.24511],[117.07008,-0.24636]]]}},{"type":"Feature","properties":{"nama_usaha":"BATUHARTA PEPASASA SEJAHTERA","badan_usaha":"PT","jenis_izin":"WIUP","komoditas":"ANDESIT","kegiatan":"PENCADANGAN","luas_ha":49.4,"kabupaten":"KUTAI BARAT","berlaku_hingga":null},"geometry":{"type":"Polygon","coordinates":[[[115.69596,-0.14651],[115.69596,-0.1518],[115.68979,-0.1518],[115.68979,-0.14895],[115.68855,-0.14895],[115.68855,-0.14675],[115.68911,-0.14675],[115.68911,-0.14614],[115.68978,-0.14614],[115.68978,-0.14552],[115.69051,-0.14552],[115.69051,-0.1449],[115.69279,-0.1449],[115.69279,-0.14651],[115.69596,-0.14651]]]}},{"type":"Feature","properties":{"nama_usaha":"GEMINI MINERAL SEJAHTERA","badan_usaha":"PT","jenis_izin":"WIUP","komoditas":"PASIR KUARSA","kegiatan":"PENCADANGAN","luas_ha":100,"kabupaten":"KUTAI KARTANEGARA","berlaku_hingga":null},"geometry":{"type":"Polygon","coordinates":[[[116.43167,0.1986],[116.43989,0.1986],[116.43989,0.18871],[116.43167,0.18871],[116.43167,0.1986]]]}},{"type":"Feature","properties":{"nama_usaha":"BUMI TANAH AKSATA","badan_usaha":"PT","jenis_izin":"WIUP","komoditas":"PASIR KUARSA","kegiatan":"PENCADANGAN","luas_ha":98.8,"kabupaten":"KUTAI BARAT","berlaku_hingga":null},"geometry":{"type":"Polygon","coordinates":[[[115.79228,-0.41283],[115.79228,-0.41006],[115.79508,-0.41006],[115.79508,-0.40839],[115.80222,-0.40839],[115.80222,-0.41103],[115.80125,-0.41103],[115.80125,-0.41203],[115.79964,-0.41203],[115.79964,-0.41317],[115.79786,-0.41317],[115.79786,-0.41422],[115.79681,-0.41422],[115.79681,-0.41544],[115.79506,-0.41544],[115.79506,-0.41664],[115.79386,-0.41664],[115.79386,-0.41775],[115.79294,-0.41775],[115.79294,-0.41844],[115.79219,-0.41844],[115.79219,-0.41944],[115.78858,-0.41944],[115.78858,-0.41283],[115.79228,-0.41283]]]}},{"type":"Feature","properties":{"nama_usaha":"BACTY PERKASA SELATAN RAYA","badan_usaha":"PT","jenis_izin":"WIUP","komoditas":"TANAH URUG","kegiatan":"PENCADANGAN","luas_ha":3.5,"kabupaten":"KUTAI KARTANEGARA","berlaku_hingga":null},"geometry":{"type":"Polygon","coordinates":[[[117.25828,-0.623],[117.25828,-0.62467],[117.25656,-0.62467],[117.25656,-0.62323],[117.25658,-0.62323],[117.25658,-0.62321],[117.2566,-0.62321],[117.2566,-0.6232],[117.25664,-0.6232],[117.25664,-0.62317],[117.25669,-0.62317],[117.25669,-0.62314],[117.25676,-0.62314],[117.25676,-0.6231],[117.25683,-0.6231],[117.25683,-0.62306],[117.25688,-0.62306],[117.25688,-0.62302],[117.25692,-0.62302],[117.25692,-0.623],[117.25828,-0.623]]]}},{"type":"Feature","properties":{"nama_usaha":"PUTIH KEMILAU JAYA","badan_usaha":"PT","jenis_izin":"WIUP","komoditas":"PASIR KUARSA","kegiatan":"PENCADANGAN","luas_ha":1029.4,"kabupaten":"KUTAI KARTANEGARA","berlaku_hingga":null},"geometry":{"type":"Polygon","coordinates":[[[116.19274,-0.07155],[116.19274,-0.08244],[116.17877,-0.08244],[116.17877,-0.08441],[116.18071,-0.08441],[116.18071,-0.09178],[116.17702,-0.09178],[116.17702,-0.09069],[116.17361,-0.09069],[116.17361,-0.0863],[116.17118,-0.0863],[116.17118,-0.0819],[116.15104,-0.0819],[116.15104,-0.0805],[116.15279,-0.0805],[116.15279,-0.07812],[116.15419,-0.07812],[116.15419,-0.0762],[116.15517,-0.0762],[116.15517,-0.07022],[116.15656,-0.07022],[116.15656,-0.06774],[116.15857,-0.06774],[116.15857,-0.0658],[116.16094,-0.0658],[116.16094,-0.06392],[116.15649,-0.06392],[116.15649,-0.0664],[116.15487,-0.0664],[116.15487,-0.0692],[116.15336,-0.0692],[116.15336,-0.07588],[116.15213,-0.07588],[116.15213,-0.07805],[116.15015,-0.07805],[116.15015,-0.0805],[116.14836,-0.0805],[116.14836,-0.0819],[116.14336,-0.0819],[116.14336,-0.06371],[116.17702,-0.06371],[116.17702,-0.07155],[116.19274,-0.07155]]]}},{"type":"Feature","properties":{"nama_usaha":"NUSANTARA KARYA RESOURCE","badan_usaha":"PT","jenis_izin":"WIUP","komoditas":"BATU GAMPING","kegiatan":"PENCADANGAN","luas_ha":26.6,"kabupaten":"KUTAI KARTANEGARA","berlaku_hingga":null},"geometry":{"type":"Polygon","coordinates":[[[116.74206,-0.39426],[116.74206,-0.3934],[116.7439,-0.3934],[116.7439,-0.39435],[116.74459,-0.39435],[116.74459,-0.39522],[116.7449,-0.39522],[116.7449,-0.39563],[116.74512,-0.39563],[116.74512,-0.39608],[116.7453,-0.39608],[116.7453,-0.39626],[116.74566,-0.39626],[116.74566,-0.39617],[116.74629,-0.39617],[116.74629,-0.39621],[116.74638,-0.39621],[116.74638,-0.39653],[116.74651,-0.39653],[116.74651,-0.39662],[116.74656,-0.39662],[116.74656,-0.39676],[116.74647,-0.39676],[116.74647,-0.3968],[116.74624,-0.3968],[116.74624,-0.39689],[116.74607,-0.39689],[116.74607,-0.39698],[116.74584,-0.39698],[116.74584,-0.39707],[116.74566,-0.39707],[116.74566,-0.39716],[116.74544,-0.39716],[116.74544,-0.39725],[116.74526,-0.39725],[116.74526,-0.39734],[116.74503,-0.39734],[116.74503,-0.39743],[116.74431,-0.39743],[116.74431,-0.39739],[116.74382,-0.39739],[116.74382,-0.39748],[116.74364,-0.39748],[116.74364,-0.39757],[116.74346,-0.39757],[116.74346,-0.39766],[116.74337,-0.39766],[116.74337,-0.39775],[116.74328,-0.39775],[116.74328,-0.39798],[116.74323,-0.39798],[116.74323,-0.39811],[116.74296,-0.39811],[116.74296,-0.3982],[116.7427,-0.3982],[116.7427,-0.39829],[116.74238,-0.39829],[116.74238,-0.39838],[116.74225,-0.39838],[116.74225,-0.39848],[116.74184,-0.39848],[116.74184,-0.39834],[116.74166,-0.39834],[116.74166,-0.3982],[116.74148,-0.3982],[116.74148,-0.39807],[116.7413,-0.39807],[116.7413,-0.39793],[116.74112,-0.39793],[116.74112,-0.3978],[116.74094,-0.3978],[116.74094,-0.39766],[116.74076,-0.39766],[116.74076,-0.39753],[116.74058,-0.39753],[116.74058,-0.39739],[116.7404,-0.39739],[116.7404,-0.39725],[116.74022,-0.39725],[116.74022,-0.39712],[116.74004,-0.39712],[116.74004,-0.39698],[116.73986,-0.39698],[116.73986,-0.39685],[116.73962,-0.39685],[116.73962,-0.39426],[116.74206,-0.39426]]]}},{"type":"Feature","properties":{"nama_usaha":"CV SANUKA","badan_usaha":"CV","jenis_izin":"WIUP","komoditas":"BATU GAMPING","kegiatan":"PENCADANGAN","luas_ha":3.2,"kabupaten":"KUTAI KARTANEGARA","berlaku_hingga":null},"geometry":{"type":"Polygon","coordinates":[[[116.79075,-0.42885],[116.79075,-0.42905],[116.79083,-0.42905],[116.79083,-0.42928],[116.79092,-0.42928],[116.79092,-0.42992],[116.79088,-0.42992],[116.79088,-0.43001],[116.79083,-0.43001],[116.79083,-0.43012],[116.79077,-0.43012],[116.79077,-0.43026],[116.79076,-0.43026],[116.79076,-0.43027],[116.79073,-0.43027],[116.79073,-0.43035],[116.79067,-0.43035],[116.79067,-0.43049],[116.79058,-0.43049],[116.79058,-0.43063],[116.79051,-0.43063],[116.79051,-0.43075],[116.79043,-0.43075],[116.79043,-0.43087],[116.79037,-0.43087],[116.79037,-0.43098],[116.79029,-0.43098],[116.79029,-0.4311],[116.79017,-0.4311],[116.79017,-0.4312],[116.79008,-0.4312],[116.79008,-0.43126],[116.79002,-0.43126],[116.79002,-0.43131],[116.78997,-0.43131],[116.78997,-0.43135],[116.78995,-0.43135],[116.78995,-0.43136],[116.78988,-0.43136],[116.78988,-0.4314],[116.78979,-0.4314],[116.78979,-0.43136],[116.78975,-0.43136],[116.78975,-0.43126],[116.78963,-0.43126],[116.78963,-0.43117],[116.78952,-0.43117],[116.78952,-0.43106],[116.78939,-0.43106],[116.78939,-0.43095],[116.78927,-0.43095],[116.78927,-0.43064],[116.78931,-0.43064],[116.78931,-0.43038],[116.78937,-0.43038],[116.78937,-0.43002],[116.78945,-0.43002],[116.78945,-0.42992],[116.78955,-0.42992],[116.78955,-0.42979],[116.78966,-0.42979],[116.78966,-0.42966],[116.78979,-0.42966],[116.78979,-0.42949],[116.78985,-0.42949],[116.78985,-0.42941],[116.78992,-0.42941],[116.78992,-0.42932],[116.79003,-0.42932],[116.79003,-0.42918],[116.79009,-0.42918],[116.79009,-0.4291],[116.79018,-0.4291],[116.79018,-0.429],[116.79019,-0.429],[116.79019,-0.42899],[116.79029,-0.42899],[116.79029,-0.42892],[116.79039,-0.42892],[116.79039,-0.42885],[116.79075,-0.42885]]]}},{"type":"Feature","properties":{"nama_usaha":"GEMINI PANAH NUSANTARA","badan_usaha":"PT","jenis_izin":"WIUP","komoditas":"PASIR KUARSA","kegiatan":"PENCADANGAN","luas_ha":81.1,"kabupaten":"KOTA SAMARINDA","berlaku_hingga":null},"geometry":{"type":"Polygon","coordinates":[[[117.17561,-0.68645],[117.17766,-0.68645],[117.17766,-0.67964],[117.17833,-0.67964],[117.17833,-0.67894],[117.17889,-0.67894],[117.17889,-0.67836],[117.17933,-0.67836],[117.17933,-0.67783],[117.18014,-0.67783],[117.18014,-0.67592],[117.18472,-0.67592],[117.18472,-0.6779],[117.18405,-0.6779],[117.18405,-0.67894],[117.18365,-0.67894],[117.18365,-0.67956],[117.18332,-0.67956],[117.18332,-0.6801],[117.18293,-0.6801],[117.18293,-0.68077],[117.18265,-0.68077],[117.18265,-0.68123],[117.18223,-0.68123],[117.18223,-0.68186],[117.18169,-0.68186],[117.18169,-0.68273],[117.18111,-0.68273],[117.18111,-0.68338],[117.18069,-0.68338],[117.18069,-0.68382],[117.18029,-0.68382],[117.18029,-0.68421],[117.17993,-0.68421],[117.17993,-0.68456],[117.17908,-0.68456],[117.17908,-0.68645],[117.17869,-0.68645],[117.17869,-0.6895],[117.17843,-0.6895],[117.17843,-0.69508],[117.17561,-0.69508],[117.17561,-0.68645]]]}},{"type":"Feature","properties":{"nama_usaha":"CRISTIAN EKA PRATAMA","badan_usaha":"PT","jenis_izin":"IUP","komoditas":"BATUBARA","kegiatan":"WIL. PENUNJANG","luas_ha":9,"kabupaten":"KUTAI BARAT","berlaku_hingga":2038},"geometry":{"type":"Polygon","coordinates":[[[115.68921,0.00098],[115.6891,0.0022],[115.69091,0.00192],[115.69091,0.00163],[115.69082,0.00139],[115.69081,0.00071],[115.69171,0.00071],[115.69171,-0.00152],[115.69073,-0.0011],[115.69081,-0.0011],[115.69081,-0.00083],[115.68901,-0.00083],[115.68901,0.00007],[115.68883,0.00007],[115.68838,0.00098],[115.68921,0.00098]]]}},{"type":"Feature","properties":{"nama_usaha":"NIRMALA MATRANUSA","badan_usaha":"PT","jenis_izin":"IUP","komoditas":"Andesit","kegiatan":"EKSPLORASI","luas_ha":100,"kabupaten":"KAB. KUTAI KARTANEGARA","berlaku_hingga":2028},"geometry":{"type":"Polygon","coordinates":[[[116.16126,0.58602],[116.16126,0.57848],[116.15048,0.57848],[116.15048,0.58602],[116.16126,0.58602]]]}},{"type":"Feature","properties":{"nama_usaha":"CV SINAR TRI UTAMI","badan_usaha":"CV","jenis_izin":"WIUP","komoditas":"ANDESIT","kegiatan":"PENCADANGAN","luas_ha":12,"kabupaten":"KUTAI BARAT","berlaku_hingga":null},"geometry":{"type":"Polygon","coordinates":[[[115.68632,-0.13212],[115.68632,-0.13198],[115.68693,-0.13198],[115.68693,-0.13212],[115.68713,-0.13212],[115.68713,-0.13233],[115.68759,-0.13233],[115.68759,-0.13243],[115.68806,-0.13243],[115.68806,-0.13203],[115.68816,-0.13203],[115.68816,-0.13182],[115.6884,-0.13182],[115.6884,-0.13203],[115.68854,-0.13203],[115.68854,-0.1324],[115.68872,-0.1324],[115.68872,-0.13272],[115.68897,-0.13272],[115.68897,-0.13342],[115.68872,-0.13342],[115.68872,-0.13372],[115.68854,-0.13372],[115.68854,-0.13423],[115.68844,-0.13423],[115.68844,-0.13435],[115.68814,-0.13435],[115.68814,-0.13423],[115.68794,-0.13423],[115.68794,-0.1344],[115.68787,-0.1344],[115.68787,-0.13454],[115.6877,-0.13454],[115.6877,-0.1344],[115.68593,-0.1344],[115.68593,-0.13478],[115.68572,-0.13478],[115.68572,-0.13574],[115.68605,-0.13574],[115.68605,-0.13591],[115.68623,-0.13591],[115.68623,-0.13608],[115.68643,-0.13608],[115.68643,-0.13666],[115.68672,-0.13666],[115.68672,-0.13699],[115.68697,-0.13699],[115.68697,-0.1373],[115.68721,-0.1373],[115.68721,-0.13761],[115.68745,-0.13761],[115.68745,-0.13776],[115.68757,-0.13776],[115.68757,-0.13795],[115.68771,-0.13795],[115.68771,-0.13819],[115.68757,-0.13819],[115.68757,-0.13832],[115.68742,-0.13832],[115.68742,-0.13846],[115.68725,-0.13846],[115.68725,-0.13862],[115.68686,-0.13862],[115.68686,-0.13846],[115.68667,-0.13846],[115.68667,-0.13832],[115.68649,-0.13832],[115.68649,-0.13817],[115.68631,-0.13817],[115.68631,-0.13792],[115.68571,-0.13792],[115.68571,-0.13212],[115.68632,-0.13212]]]}},{"type":"Feature","properties":{"nama_usaha":"GUNUNG PETRA MAHAKAM","badan_usaha":"PT","jenis_izin":"WIUP","komoditas":"BATU GAMPING","kegiatan":"PENCADANGAN","luas_ha":36.7,"kabupaten":"MAHAKAM HULU","berlaku_hingga":null},"geometry":{"type":"Polygon","coordinates":[[[115.25147,0.45053],[115.25196,0.45053],[115.25196,0.44844],[115.25162,0.44844],[115.25162,0.44555],[115.25196,0.44555],[115.25196,0.44514],[115.24871,0.44514],[115.24871,0.44549],[115.24781,0.44549],[115.24781,0.44572],[115.24751,0.44572],[115.24751,0.44624],[115.24722,0.44624],[115.24722,0.44799],[115.24659,0.44799],[115.24659,0.4498],[115.2464,0.4498],[115.2464,0.45138],[115.25147,0.45138],[115.25147,0.45053]]]}}]}