{"type":"FeatureCollection","features":[{"type":"Feature","properties":{"name":null,"cls":"tertiary","km":26.29},"geometry":{"type":"LineString","coordinates":[[116.03013662100011,1.5433057582790641],[116.0613923200001,1.5283504462956246],[116.11067374100003,1.5351720342880992],[116.11863452800004,1.5298100942940402],[116.12297851500011,1.5189702663060474],[116.1274920730001,1.5177027853074678],[116.12943740500009,1.5252358462990643],[116.14171817800002,1.523215411301345],[116.15329573100007,1.553245026268028],[116.14819586100009,1.5646886262553679],[116.1386677180001,1.5671201042526723],[116.12737525200008,1.5922535912248144],[116.12982969000005,1.5978199862185816]]}},{"type":"Feature","properties":{"name":null,"cls":"tertiary","km":24.87},"geometry":{"type":"LineString","coordinates":[[116.16994059500007,1.1530879527126867],[116.16787281500002,1.1706055376932074],[116.15825059100007,1.188713325673066],[116.16159926400007,1.2010444576593333],[116.17409487200007,1.2072450216524073],[116.17169462200002,1.238232460617923],[116.179960101,1.2359113156205408],[116.19127130700008,1.2562324505979328],[116.202399893,1.2501770526046663],[116.21397079400003,1.2583372315955477],[116.23064562900004,1.261135961592484],[116.23739823000004,1.2717680575806334],[116.24758058500002,1.274035357578084],[116.25256666200005,1.2821152335691082]]}},{"type":"Feature","properties":{"name":null,"cls":"tertiary","km":22.1},"geometry":{"type":"LineString","coordinates":[[116.04363152500002,0.23916223973264636],[116.02538010800005,0.2557914127140739],[116.0010915810001,0.26588547370280313],[115.99198208100006,0.2777485706895534],[115.99460367600012,0.28495558468147497],[115.98849352100001,0.2889082726770647],[115.96012377500006,0.2857021486805977],[115.95889561200012,0.29126269867442245],[115.95202112100002,0.2939657066713652],[115.94959741100003,0.30659457065727935]]}},{"type":"Feature","properties":{"name":null,"cls":"tertiary","km":21.9},"geometry":{"type":"LineString","coordinates":[[115.88759156800005,1.2013847496589334],[115.88480739600004,1.2080139946515276],[115.87910512700013,1.2080387696514825],[115.87936756100008,1.2254289146322026],[115.85298073800006,1.2381220056181022],[115.84691519100011,1.246902468608299],[115.85116474300003,1.2704450975820807],[115.84523317800004,1.2706007315819186],[115.83893487800003,1.2869157915638063],[115.84784485800003,1.3377325415073407]]}},{"type":"Feature","properties":{"name":null,"cls":"tertiary","km":21.35},"geometry":{"type":"LineString","coordinates":[[115.86806915400005,0.5814903493501038],[115.8551193610001,0.5835504753478183],[115.84768372600001,0.5747769813576211],[115.8326334090001,0.5771855183549601],[115.82462722200012,0.5838275803475038],[115.82260426399999,0.5762731903559325],[115.81287873600003,0.5775876883544826],[115.81060565300004,0.5686693053644416],[115.79832275700005,0.5785583683534007],[115.78467496600001,0.5751574603571887],[115.78191703400013,0.5696410743633494],[115.78972226500002,0.5545123283802427],[115.786041307,0.5504961203847143],[115.79316328900006,0.5455540563902882],[115.79212227200004,0.5416463923946417]]}},{"type":"Feature","properties":{"name":null,"cls":"tertiary","km":20.56},"geometry":{"type":"LineString","coordinates":[[116.7427590190001,0.6134388093144523],[116.73466041000006,0.6038513623251662],[116.72754632000009,0.6027650163263292],[116.73253905300011,0.583104132348342],[116.72757882500001,0.5705998043622772],[116.72309017500004,0.5704684753624352],[116.71142067100006,0.5535820233812861],[116.71105130700003,0.5431318033929808],[116.70470776900004,0.5389167243976587],[116.703358438,0.5287980714089424],[116.71225470400007,0.5254085574127625],[116.70760167700007,0.5200496404187699],[116.71280457000012,0.5070559774332668],[116.6983876490001,0.5020185134388739]]}},{"type":"Feature","properties":{"name":null,"cls":"tertiary","km":20.12},"geometry":{"type":"LineString","coordinates":[[115.7836256180001,0.5668598593664235],[115.76159822900003,0.5754630313568714],[115.75493820900012,0.5863903643446675],[115.74633480600005,0.5803912073513318],[115.73964674100012,0.5821543623493387],[115.73369207800009,0.5850281903461755],[115.73283616200003,0.5926760313376269],[115.71690211000009,0.5978813753318065],[115.70656229000008,0.592149442338195],[115.69870950100004,0.594080585336074],[115.69441131700013,0.5861581263448988],[115.67884921600013,0.5922909903380553]]}},{"type":"Feature","properties":{"name":null,"cls":"tertiary","km":20.03},"geometry":{"type":"LineString","coordinates":[[116.53036498600011,1.2925030945576066],[116.5548977200001,1.251764401602893],[116.55050042400002,1.2362525806201277],[116.55516123900009,1.2250910846325291],[116.55249552600003,1.2108873436483767],[116.5400427850001,1.1963992846644536],[116.54767287300001,1.1929923736682795],[116.550701913,1.1651321356992868],[116.55648620100008,1.1633985527011932],[116.55792690800001,1.1561991257092255]]}},{"type":"Feature","properties":{"name":null,"cls":"tertiary","km":19.32},"geometry":{"type":"LineString","coordinates":[[115.54000760200006,0.26337237570560706],[115.54167593000011,0.26889305069937525],[115.55080369900007,0.2682452587001167],[115.56297761200004,0.2785523846886299],[115.5703980510001,0.302400341661967],[115.57909141400012,0.3021035556622633],[115.581377986,0.3073635376564524],[115.60286997800006,0.3166726826459886],[115.60398780900003,0.3300020106311014],[115.63092092800001,0.3396941196202949],[115.64066890600009,0.3626804055945782]]}},{"type":"Feature","properties":{"name":null,"cls":"tertiary","km":18.42},"geometry":{"type":"LineString","coordinates":[[116.11347108300005,0.053283607940487664],[116.08844002500007,0.06183699893089944],[116.06925267800011,0.05882327193428279],[116.06523749000007,0.06687062392527968],[116.0531563510001,0.06797521092401908],[116.04470532100004,0.0784204459123775],[116.03462487800006,0.07608911091495432],[116.02690159100008,0.08577931290413192],[116.01793519600007,0.07845505791231457],[115.98456245900003,0.08391152590624162]]}},{"type":"Feature","properties":{"name":null,"cls":"tertiary","km":18.29},"geometry":{"type":"LineString","coordinates":[[116.2243219390001,0.025641478971368606],[116.21244220200003,0.03366423596242695],[116.2030842470001,0.05118662494282162],[116.188455254,0.057801964935450915],[116.18558691300008,0.0651181659272102],[116.17137909400003,0.07109828992058165],[116.15065790300004,0.08963588989984497],[116.12233347300003,0.09693950589169315],[116.11573165600008,0.10819487687911707]]}},{"type":"Feature","properties":{"name":null,"cls":"tertiary","km":17.87},"geometry":{"type":"LineString","coordinates":[[116.26767593200009,1.708558800095913],[116.27069986700008,1.7299419150722968],[116.28703496600008,1.747448998052911],[116.25232608900002,1.7788807860180873],[116.24897091900004,1.7901534110056272],[116.21901556900004,1.831792202959579]]}},{"type":"Feature","properties":{"name":null,"cls":"tertiary","km":17.8},"geometry":{"type":"LineString","coordinates":[[116.7324566430001,1.3726497824685022],[116.69494242200005,1.3938884814449384],[116.6974090430001,1.398104639440201],[116.69085869900005,1.4129734294237344],[116.69741601600002,1.4122136224245545],[116.69993871300007,1.4354979203986764],[116.69191403500008,1.4428154183905775],[116.68885756000009,1.440213111393444],[116.68640457000002,1.4511667133812913],[116.67966167100008,1.4573456953744643],[116.67020291900009,1.45170406738072]]}},{"type":"Feature","properties":{"name":null,"cls":"tertiary","km":17.38},"geometry":{"type":"LineString","coordinates":[[116.29445371000007,0.887199915008921],[116.30086608800002,0.8914744120041546],[116.29495306,0.8994105449953241],[116.29527538,0.9154625669774373],[116.2853639550001,0.9161118009766944],[116.2884286520001,0.918521777974008],[116.28042391700001,0.9319599839590273],[116.27709920400004,0.9279824349634541],[116.25947614400003,0.9366811919537422],[116.24613179500011,0.9641578739231406],[116.23478342500005,0.9720968479142454]]}},{"type":"Feature","properties":{"name":null,"cls":"tertiary","km":17.3},"geometry":{"type":"LineString","coordinates":[[116.20202067500009,0.49443455344739684],[116.19167002200004,0.49507406744667165],[116.19200354100006,0.499300634441944],[116.1782495020001,0.5068556144334995],[116.16946219300006,0.5272939634106297],[116.15448338200008,0.5436806663923558],[116.15975093100009,0.5590762113751254],[116.15136365700005,0.5740072763584498]]}},{"type":"Feature","properties":{"name":null,"cls":"tertiary","km":17.07},"geometry":{"type":"LineString","coordinates":[[115.77429444100005,0.44153902850648014],[115.77204596000001,0.4595658004863118],[115.79271619300005,0.4730838934712378],[115.7888760940001,0.47675526846711735],[115.79114929800005,0.48756896145504663],[115.8010743860001,0.4875976744550291],[115.8040400650001,0.49271074144928984],[115.80312191800012,0.5111396644286946],[115.8077226580001,0.5053354754351409],[115.8110547010001,0.5118862544278424],[115.81818749600008,0.5059772674344646],[115.82177193000007,0.5146320684248294]]}},{"type":"Feature","properties":{"name":null,"cls":"tertiary","km":17.01},"geometry":{"type":"LineString","coordinates":[[116.45087031800006,0.40037534355247456],[116.42645389000006,0.41473631453639725],[116.42504061900003,0.4260021345238006],[116.41096445300002,0.4359657085127078],[116.41630143500005,0.4393516555089209],[116.41135321700006,0.44792839649932836],[116.41360805400006,0.4839918044590446],[116.42399565200003,0.5132623514263304]]}},{"type":"Feature","properties":{"name":null,"cls":"tertiary","km":16.95},"geometry":{"type":"LineString","coordinates":[[116.38758275700002,0.5052781454352048],[116.40190006300008,0.5152046474241894],[116.40966808800012,0.5277077984101868],[116.40425592000008,0.5313710844061136],[116.39376814700007,0.5573307453771085],[116.39890243100001,0.585847237345252],[116.4044194720001,0.5892272693414771],[116.40861040200004,0.6050901463237635]]}},{"type":"Feature","properties":{"name":null,"cls":"tertiary","km":16.44},"geometry":{"type":"LineString","coordinates":[[116.4675641980001,1.0312496878483712],[116.47022258100003,1.0397412298389173],[116.4812699150001,1.041646160836811],[116.49372760300002,1.0690764158062676],[116.51390117100004,1.067826308807626],[116.51630717400009,1.090225770782662],[116.5292696790001,1.0962613647759172],[116.54432879500007,1.0910031837817988]]}},{"type":"Feature","properties":{"name":null,"cls":"tertiary","km":16.4},"geometry":{"type":"LineString","coordinates":[[117.07950756000004,0.31636202164634425],[117.10273049800003,0.3476796996113651],[117.10246204900012,0.36396349159316294],[117.08640227,0.3987547035543035],[117.10261518100003,0.414668662536485],[117.10220825200008,0.43457267051428095]]}},{"type":"Feature","properties":{"name":null,"cls":"tertiary","km":16.2},"geometry":{"type":"LineString","coordinates":[[115.79258031600011,0.6627136942593912],[115.78998793300002,0.6558007722671605],[115.79709934800009,0.648561088275208],[115.78745099200012,0.6366392482885291],[115.78626661800001,0.6277682422984462],[115.78295263700011,0.6303436422955784],[115.77648647900003,0.6217786433051631],[115.76917419100006,0.6232105943035109],[115.76329781900007,0.6134267293144913],[115.7324720790001,0.6107912223173805]]}},{"type":"Feature","properties":{"name":null,"cls":"tertiary","km":16.19},"geometry":{"type":"LineString","coordinates":[[115.8579352490001,1.0008827088821886],[115.85680605700009,1.0157318198656444],[115.86628902400004,1.0127494838689775],[115.87784655400003,1.0174215118637433],[115.8835519810001,1.0212270708595093],[115.88552340900002,1.0338739608454128],[115.90123040900004,1.0420338748363471],[115.90690664300007,1.0515021118257826],[115.92644124000005,1.0559548008208224],[115.92628277800009,1.0768660397975842],[115.93229631800011,1.0847386777887849]]}},{"type":"Feature","properties":{"name":null,"cls":"tertiary","km":15.86},"geometry":{"type":"LineString","coordinates":[[116.20120473100009,0.05225426594162994],[116.20078414000012,0.066789408925345],[116.19380251500002,0.06991801992189478],[116.1917786150001,0.07960766991101163],[116.19855110900005,0.09871366788967985],[116.17439831200011,0.12790709285699578],[116.16035168800009,0.13523300984883643],[116.1602868770001,0.14995716283240695],[116.1530077130001,0.1567805798247237]]}},{"type":"Feature","properties":{"name":null,"cls":"tertiary","km":15.7},"geometry":{"type":"LineString","coordinates":[[116.16741004300002,0.7048531342124086],[116.1706185800001,0.6993211052185668],[116.1628013630001,0.6852608752342387],[116.14349558000004,0.6834527242362669],[116.14332415400008,0.6770678772433957],[116.14690166400008,0.6775747322428122],[116.13429084900008,0.6740837432466967],[116.13701778000006,0.6709173942502874],[116.13132684800007,0.668805163252637],[116.13023483500001,0.6744992582462797],[116.1292477610001,0.6681585522533701],[116.11590393100005,0.6663343672553789],[116.11385816300003,0.6599520992624998]]}},{"type":"Feature","properties":{"name":null,"cls":"tertiary","km":15.68},"geometry":{"type":"LineString","coordinates":[[115.62952001100008,0.9965620438870347],[115.63190762400006,0.9820501259031825],[115.64182508100009,0.9786699259069452],[115.64243932000012,0.9698491409167717],[115.65246005000006,0.9625520359249019],[115.66218749900008,0.9677897889190642],[115.6864522530001,0.9681515259186609],[115.70169494400011,0.9339001099568729],[115.697707304,0.9272568149642826]]}},{"type":"Feature","properties":{"name":null,"cls":"tertiary","km":15.53},"geometry":{"type":"LineString","coordinates":[[116.61050968100007,0.29554142866959077],[116.60827760400004,0.30185642966257664],[116.60163918600006,0.30405592266009257],[116.58734473700007,0.2991349216656476],[116.58937270700007,0.2863842636798523],[116.58249594300003,0.28865760367731425],[116.55900423600009,0.2828253746838765],[116.52815731400005,0.29042794967533436],[116.52253229900009,0.2993055636654508],[116.5058749100001,0.3086877316549689]]}},{"type":"Feature","properties":{"name":null,"cls":"tertiary","km":15.47},"geometry":{"type":"LineString","coordinates":[[116.64887660900001,1.3705173834708502],[116.65353831700007,1.3803504604599297],[116.64670010900011,1.3917047424473232],[116.65629858500007,1.4013521554366597],[116.6378095120001,1.430842332403839],[116.64935679900009,1.4362544413978497],[116.64815892400009,1.446394020386607],[116.62572762000002,1.468840205361679]]}},{"type":"Feature","properties":{"name":null,"cls":"tertiary","km":15.24},"geometry":{"type":"LineString","coordinates":[[115.90484819700009,0.7582986111527228],[115.91964356600012,0.7529583281586504],[115.92424172800008,0.7572852041538926],[115.93664989800004,0.7561624961551208],[115.94611834700005,0.7641297111462293],[115.95185152800002,0.7590473421518886],[115.96428719300002,0.7692734551404777],[115.97336298000003,0.7679501471419735],[115.98186208100002,0.7735402251356764],[115.9990039600001,0.7697774431399124]]}},{"type":"Feature","properties":{"name":null,"cls":"tertiary","km":15.21},"geometry":{"type":"LineString","coordinates":[[116.49388391700006,1.4783634333511166],[116.50473187700005,1.51766964130746],[116.51119330500002,1.5239515273005169],[116.50903827600008,1.558567693262089],[116.5218913650001,1.5767515392419185],[116.53958198900011,1.5834555112345283]]}},{"type":"Feature","properties":{"name":null,"cls":"tertiary","km":15.06},"geometry":{"type":"LineString","coordinates":[[116.49546954100003,0.6904995242284051],[116.4890478120001,0.6900817102288742],[116.48619034000001,0.6987939882191242],[116.47823205600001,0.6961309442221186],[116.4693377740001,0.7128851702034136],[116.46759098700011,0.7091802082075761],[116.46100723200003,0.7133271552029242],[116.45546683100008,0.7101514242064624],[116.4407658890001,0.7198833621956319],[116.43065433700008,0.713665819202565]]}},{"type":"Feature","properties":{"name":null,"cls":"tertiary","km":15.04},"geometry":{"type":"LineString","coordinates":[[116.78250300500007,0.3057507586582115],[116.79503279700009,0.313120890649962],[116.79071655000008,0.3038706286603279],[116.79510443000004,0.2935775046717938],[116.78908881900007,0.28592345568035615],[116.80275634600002,0.23119758774153748],[116.7970601070001,0.22011123075393196]]}},{"type":"Feature","properties":{"name":null,"cls":"tertiary","km":14.71},"geometry":{"type":"LineString","coordinates":[[115.51650379400009,1.477639217351887],[115.52487707000013,1.4743617703555627],[115.5273010200001,1.4781031823513777],[115.53143803400008,1.4733577003566758],[115.56563343400002,1.4863678833422338],[115.56884820800006,1.4833401033455729],[115.601412707,1.4902213433379914],[115.61511049,1.487914637340533]]}},{"type":"Feature","properties":{"name":null,"cls":"tertiary","km":14.4},"geometry":{"type":"LineString","coordinates":[[116.53205140700003,1.3558606974871639],[116.4891639450001,1.3740156014669853],[116.4699903400001,1.3938869864448953],[116.46612858700009,1.4095002974275759],[116.46106799700011,1.4095714424274897],[116.44218704200011,1.4277346424073223]]}},{"type":"Feature","properties":{"name":null,"cls":"tertiary","km":14.23},"geometry":{"type":"LineString","coordinates":[[116.20545337100009,0.30870918065487624],[116.20964605400002,0.31686172264578644],[116.21463123300009,0.3160534876466861],[116.224064655,0.34808899661091236],[116.22590566000007,0.3599655405976384],[116.2207568990001,0.3694052365870531],[116.21888668300004,0.3937308635598377],[116.23154993000003,0.41594615053509637]]}},{"type":"Feature","properties":{"name":null,"cls":"tertiary","km":14.01},"geometry":{"type":"LineString","coordinates":[[116.24726395800008,1.7157920930878883],[116.2317954450001,1.7473301730530253],[116.21879035300005,1.755451518044018],[116.21574081800009,1.7830593760134972],[116.21959186200002,1.7915634450040652],[116.20385942200005,1.8050977469890868],[116.20000002400003,1.8160406409770404]]}},{"type":"Feature","properties":{"name":null,"cls":"tertiary","km":13.84},"geometry":{"type":"LineString","coordinates":[[115.6587856000001,0.5966858793331731],[115.68536181600007,0.6098070503185458],[115.68616839100004,0.6231766593036068],[115.68168233000007,0.6300706262958659],[115.69336805700006,0.6442635102799898],[115.69396875700009,0.6600211362624416],[115.7023397390001,0.6672245262543719],[115.70228156100006,0.6758322122447521]]}},{"type":"Feature","properties":{"name":null,"cls":"tertiary","km":13.83},"geometry":{"type":"LineString","coordinates":[[116.16368812100006,0.6418852442826479],[116.16082592700002,0.6478884482759594],[116.16983633500003,0.6603695222620095],[116.17056492600011,0.6768574132436145],[116.17448696800011,0.6742400172465495],[116.18888137400005,0.6795644522406112],[116.18106268400004,0.7107372482057838]]}},{"type":"Feature","properties":{"name":null,"cls":"tertiary","km":13.52},"geometry":{"type":"LineString","coordinates":[[116.40036781300012,1.1347847017330384],[116.3936026330001,1.1506354517154276],[116.39960969300012,1.1837905466785128],[116.38884611300013,1.202720413657448],[116.38843775800001,1.2365357796198253]]}},{"type":"Feature","properties":{"name":null,"cls":"tertiary","km":13.5},"geometry":{"type":"LineString","coordinates":[[116.2249361370001,0.16935282081073402],[116.24201715200002,0.1718663488078743],[116.24805635400003,0.16481539781575286],[116.25800859100002,0.16331925181744303],[116.26619250900002,0.17984255779900624],[116.28414774400007,0.19064712478688953],[116.28905316400005,0.20359369777238095],[116.29581582100002,0.20082958877547716],[116.30788911800005,0.21088493776427772]]}},{"type":"Feature","properties":{"name":null,"cls":"tertiary","km":13.43},"geometry":{"type":"LineString","coordinates":[[115.93548898800009,1.2300011876271137],[115.93202450600008,1.2424506196132532],[115.93474232000004,1.257930234596008],[115.92837975100007,1.2677828785850591],[115.92670153300003,1.2836392425674188],[115.91505050700005,1.2916215915585845],[115.92147146100001,1.3140394745336546],[115.90929808200008,1.3239979025226005]]}},{"type":"Feature","properties":{"name":null,"cls":"tertiary","km":13.28},"geometry":{"type":"LineString","coordinates":[[115.82649515700007,1.1111721857593124],[115.82248082700005,1.1270677927416415],[115.82620730300006,1.1344141457334596],[115.82172825900011,1.1435752567232822],[115.82992541200008,1.1513124317146715],[115.82237752000003,1.16004711570492],[115.82660184699999,1.1694832006944453],[115.81695754200008,1.1838973906783967],[115.81073096800004,1.1810318676815554]]}},{"type":"Feature","properties":{"name":null,"cls":"tertiary","km":13.27},"geometry":{"type":"LineString","coordinates":[[116.54174229100012,1.5758199612429964],[116.55147438900009,1.5730401502460862],[116.55295565900008,1.5615236792588354],[116.56851588600013,1.5448578732773186],[116.56831868400003,1.5195443533054176],[116.5610367160001,1.5213748913033887],[116.55660458700005,1.511074914314807],[116.56643881200013,1.5067018853196261],[116.57264537500009,1.5100441553159365]]}},{"type":"Feature","properties":{"name":null,"cls":"tertiary","km":13.2},"geometry":{"type":"LineString","coordinates":[[116.05350209800008,0.14577109983705],[116.06272528700005,0.1392431138443811],[116.05628257600007,0.12208501686357277],[116.0631430000001,0.11469819287180905],[116.05768195000007,0.10539001588220497],[116.06037667500006,0.09504086289380957],[116.06943487800004,0.09451928189435463],[116.07220117600002,0.08437899190569538],[116.08439198500004,0.07621491691483255],[116.08937643900003,0.06133071893150535]]}},{"type":"Feature","properties":{"name":null,"cls":"tertiary","km":12.77},"geometry":{"type":"LineString","coordinates":[[116.34042850800006,1.0896303987832991],[116.34204566400001,1.0741308628006065],[116.39683074300001,1.060419842815831],[116.41661594000004,1.0434899138347422],[116.41894965100006,1.0344193788448266]]}},{"type":"Feature","properties":{"name":null,"cls":"tertiary","km":12.67},"geometry":{"type":"LineString","coordinates":[[116.70375323700013,1.484858000343913],[116.70736637100003,1.49268189933522],[116.7013794930001,1.5216309643030792],[116.70939613500002,1.5381373232847875],[116.69876484300005,1.5438355272784599],[116.71016057400004,1.5689067192506785]]}},{"type":"Feature","properties":{"name":null,"cls":"tertiary","km":12.65},"geometry":{"type":"LineString","coordinates":[[115.48907706100009,0.31893379064348387],[115.50750310600007,0.31104190465229686],[115.53737728100009,0.31693033864574494],[115.55549523800005,0.34048007461941376]]}},{"type":"Feature","properties":{"name":null,"cls":"tertiary","km":12.61},"geometry":{"type":"LineString","coordinates":[[116.47642209300011,0.173762612805774],[116.48624136000001,0.15416264282771064],[116.50638951200004,0.13683228084708807],[116.51290555500009,0.14025794784324155],[116.52599388300008,0.13627137984766954],[116.54494469800011,0.12051346886530538],[116.56069267900013,0.11683838986943537]]}},{"type":"Feature","properties":{"name":null,"cls":"tertiary","km":12.59},"geometry":{"type":"LineString","coordinates":[[115.86501986000007,0.6963622112218569],[115.85232574600002,0.7131566912031128],[115.84983125800012,0.7283463401861017],[115.85684936600002,0.7336475101802731],[115.83831604300009,0.7552223051561671],[115.83708098100011,0.7753790471336398],[115.84313856300002,0.7881135011194713]]}},{"type":"Feature","properties":{"name":null,"cls":"tertiary","km":12.57},"geometry":{"type":"LineString","coordinates":[[115.62679930200011,0.47782331646593096],[115.62680714900011,0.48164061246163575],[115.6391450860001,0.4826467424605377],[115.64271530200006,0.49559562544608016],[115.68202006000003,0.5280656564098208],[115.69089574400004,0.5270074914109765],[115.70157662900012,0.5356797524012905]]}},{"type":"Feature","properties":{"name":null,"cls":"tertiary","km":12.25},"geometry":{"type":"LineString","coordinates":[[116.20396917600011,1.696004480109803],[116.19269413400002,1.7047374741001777],[116.19176652600004,1.7145622090892825],[116.19800925600009,1.7174265490861211],[116.19471906500006,1.7513431070485639],[116.18953930300006,1.7581853970410197],[116.19079888600004,1.7652617410331495],[116.17634969900006,1.7760221830212686],[116.17720573200008,1.7826112960139926]]}},{"type":"Feature","properties":{"name":null,"cls":"tertiary","km":12.21},"geometry":{"type":"LineString","coordinates":[[116.18836375900003,0.41875673553192516],[116.17957660000002,0.43696958451154216],[116.1810471240001,0.4676928234772095],[116.14674713300008,0.5036530594370517]]}},{"type":"Feature","properties":{"name":null,"cls":"tertiary","km":12.17},"geometry":{"type":"LineString","coordinates":[[114.35033972500003,0.5538405823810119],[114.35175940600004,0.5611164723728589],[114.3449261180001,0.5740596133583739],[114.34704161200011,0.6182225603090781],[114.3234944080001,0.651671514271729]]}},{"type":"Feature","properties":{"name":null,"cls":"tertiary","km":12.13},"geometry":{"type":"LineString","coordinates":[[114.97694223500004,0.13312235285117557],[114.94949349600006,0.1301882888544815],[114.94749613400008,0.1184839428675942],[114.92512334900006,0.13561560684841645],[114.92134094000005,0.15196198583017936],[114.90602336000006,0.16061747482047103]]}},{"type":"Feature","properties":{"name":null,"cls":"tertiary","km":12.08},"geometry":{"type":"LineString","coordinates":[[114.20578614100009,0.8112444510936556],[114.21344108100004,0.833178700069187],[114.20681045900005,0.8524342270476917],[114.19374276400004,0.8652937090333687],[114.19082030100003,0.8800345700169194],[114.20249524500002,0.9043138589898628]]}},{"type":"Feature","properties":{"name":null,"cls":"tertiary","km":11.97},"geometry":{"type":"LineString","coordinates":[[116.59593675400004,1.385287099454495],[116.56880933900003,1.3906315444485258],[116.54674289600005,1.4044248834331903],[116.53251875300009,1.4027807714350493],[116.51117117400008,1.427150931407999],[116.50519085800012,1.4282986514066989]]}},{"type":"Feature","properties":{"name":null,"cls":"tertiary","km":11.76},"geometry":{"type":"LineString","coordinates":[[115.8785227830001,0.30518496265884365],[115.88756372800003,0.296375490668687],[115.88299064200008,0.29144534467423966],[115.88777319300004,0.27805369868917373],[115.89929077300009,0.27077048469731557],[115.9113113200001,0.23991832273178856]]}},{"type":"Feature","properties":{"name":null,"cls":"tertiary","km":11.73},"geometry":{"type":"LineString","coordinates":[[116.1927347400001,1.6509096301597497],[116.20180791400004,1.6430201411685201],[116.21725011200009,1.6400994241717806],[116.22556153300003,1.6315361001812225],[116.24214720100008,1.6414364211702839],[116.23169572400002,1.6509838781597213],[116.20492286300009,1.6586629521511456]]}},{"type":"Feature","properties":{"name":null,"cls":"tertiary","km":11.66},"geometry":{"type":"LineString","coordinates":[[114.25038896400008,0.7218524401934135],[114.246343077,0.7274700661871668],[114.23084313000004,0.7193463721962327],[114.21817119200011,0.7358303461778172],[114.20725026800005,0.7296651091846827],[114.19990619600003,0.7386924191746397],[114.16986042300005,0.7405527731725192]]}},{"type":"Feature","properties":{"name":null,"cls":"tertiary","km":11.65},"geometry":{"type":"LineString","coordinates":[[115.8015892520001,0.9309812239601215],[115.80274037400012,0.9140555859789873],[115.81273883400002,0.8999761099946727],[115.81433933100006,0.8894244550064364],[115.82528473500008,0.878805827018303],[115.81973661500001,0.8498503840505819],[115.82751435700006,0.8379303700638461]]}},{"type":"Feature","properties":{"name":null,"cls":"tertiary","km":11.47},"geometry":{"type":"LineString","coordinates":[[116.71545235300005,0.819888712084014],[116.73083112300003,0.833940063068345],[116.75086037800007,0.8369282590649848],[116.75116167100009,0.842792471058449],[116.75895668000011,0.8435928220575639],[116.76641125900004,0.8350590980670719],[116.77342798100005,0.8426796160585645]]}},{"type":"Feature","properties":{"name":null,"cls":"tertiary","km":11.47},"geometry":{"type":"LineString","coordinates":[[114.4232112740001,0.8371472760647501],[114.4281119210001,0.8292722450735727],[114.45132123100008,0.8180705850860072],[114.4629763580001,0.8055576781000076],[114.46345141100005,0.7971296651093948],[114.50257420000003,0.7997797521064572]]}},{"type":"Feature","properties":{"name":null,"cls":"tertiary","km":11.42},"geometry":{"type":"LineString","coordinates":[[115.82311639900003,0.6204246603066556],[115.83720934000007,0.6265843682997793],[115.8458129600001,0.6460694812779896],[115.84623813300004,0.6660175822557296],[115.84218936900004,0.6702732452509661],[115.85033128200007,0.6803878962397043],[115.84453076100009,0.6887771492303154],[115.84728667900004,0.6909326822279055]]}},{"type":"Feature","properties":{"name":null,"cls":"tertiary","km":11.34},"geometry":{"type":"LineString","coordinates":[[114.93484687800003,0.205073924770757],[114.88927854700012,0.2008786337754387],[114.87188143700008,0.21537067875924265],[114.84016166800008,0.2224053657513733]]}},{"type":"Feature","properties":{"name":null,"cls":"tertiary","km":11.24},"geometry":{"type":"LineString","coordinates":[[116.04028719800012,1.176892590686215],[116.04124009600002,1.1970551306637716],[116.03443088300004,1.207404716652217],[116.0380833390001,1.2245157666332265],[116.02193829600004,1.2364066926199688],[115.99579330300004,1.2365415876198171]]}},{"type":"Feature","properties":{"name":null,"cls":"tertiary","km":11.24},"geometry":{"type":"LineString","coordinates":[[115.72692610100013,0.6797957622403566],[115.72292398800006,0.6992124192186655],[115.7402158640001,0.7307854851834595],[115.73012742200001,0.7287386911857175],[115.72814506600001,0.7529982641586256]]}},{"type":"Feature","properties":{"name":null,"cls":"tertiary","km":11.23},"geometry":{"type":"LineString","coordinates":[[115.86294797700009,1.2576148105963831],[115.87343353200004,1.2315773586253769],[115.88042071000008,1.2322270776246325],[115.88224716800005,1.2272301886301653],[115.90437163600008,1.242585275613092],[115.91677580200007,1.2270092996304334]]}},{"type":"Feature","properties":{"name":null,"cls":"tertiary","km":11.0},"geometry":{"type":"LineString","coordinates":[[116.90601457900006,1.538040479284894],[116.87492808900004,1.5316161822919885],[116.86376122100012,1.5368446972861776],[116.85930703400004,1.5651593042548306],[116.86457661500003,1.5876547762299114]]}},{"type":"Feature","properties":{"name":null,"cls":"tertiary","km":11.0},"geometry":{"type":"LineString","coordinates":[[116.9457613730001,0.32016328864211957],[116.92410122600008,0.32094309764123563],[116.90564828600009,0.28491217368152744],[116.89849703900005,0.2822151526844915],[116.883467214,0.2630365147059828]]}},{"type":"Feature","properties":{"name":null,"cls":"tertiary","km":10.91},"geometry":{"type":"LineString","coordinates":[[116.40019429200005,0.16678436381354328],[116.41408733800006,0.16705816881326865],[116.4200231750001,0.17910035279977532],[116.42176193600004,0.19619371178064463],[116.43116072400007,0.21195029876306304],[116.43250083200007,0.24002358473170754]]}},{"type":"Feature","properties":{"name":null,"cls":"tertiary","km":10.9},"geometry":{"type":"LineString","coordinates":[[116.30252628800007,0.7630379601474765],[116.2991241410001,0.7555766481557656],[116.30550950800013,0.7497259591622591],[116.30126611000003,0.7472112841651177],[116.30467779900006,0.7446951891679258],[116.29781682800002,0.7253388041895088],[116.30710910900007,0.7084428302083967],[116.31261651800003,0.7096101472070452]]}},{"type":"Feature","properties":{"name":null,"cls":"tertiary","km":10.9},"geometry":{"type":"LineString","coordinates":[[116.57279092600004,0.41453985953663486],[116.56600969800002,0.40034091155249224],[116.55231853200007,0.39430987455923494],[116.51917056100001,0.40702729854503694],[116.51141910700007,0.4283786745211512]]}},{"type":"Feature","properties":{"name":null,"cls":"tertiary","km":10.9},"geometry":{"type":"LineString","coordinates":[[116.211422545,0.4668742694781691],[116.22201456399999,0.4718337174725958],[116.22422783300011,0.4796628004639083],[116.23167594100006,0.48440480645854445],[116.23050881300003,0.49100440145120944],[116.25286688200003,0.4913135994508649],[116.27557688100002,0.478690914464995]]}},{"type":"Feature","properties":{"name":null,"cls":"tertiary","km":10.88},"geometry":{"type":"LineString","coordinates":[[116.51630717400009,1.090225770782662],[116.49318199800005,1.0958714457763674],[116.47154928300006,1.1296231917387725],[116.46438472900002,1.1568404867085191]]}},{"type":"Feature","properties":{"name":null,"cls":"tertiary","km":10.86},"geometry":{"type":"LineString","coordinates":[[116.30297688400005,1.8244674049676868],[116.31071805200008,1.8178938939749245],[116.30765272300005,1.7946821100005892],[116.2945586080001,1.7764191110208103],[116.28202197200005,1.7679575660301765],[116.28874056500001,1.7546675720448843],[116.28617825200003,1.7489119600512346]]}},{"type":"Feature","properties":{"name":null,"cls":"tertiary","km":10.85},"geometry":{"type":"LineString","coordinates":[[116.33576053900005,0.06289076592974616],[116.33298435200004,0.06475639792762634],[116.32567968100012,0.05680499693651153],[116.32290925300003,0.04810421794625542],[116.30537941500006,0.04113527895406923],[116.28524526300009,0.04376687295108606],[116.27288756400003,0.05465999693894672],[116.26625247400011,0.048852202945414286]]}},{"type":"Feature","properties":{"name":null,"cls":"tertiary","km":10.84},"geometry":{"type":"LineString","coordinates":[[116.24546445000009,1.680111143127445],[116.24706598400007,1.6647780301444455],[116.26391610400002,1.6558012691543453],[116.25362308800004,1.6437365451677146],[116.2570547050001,1.6219840641918133],[116.26687281700003,1.605024810210624]]}},{"type":"Feature","properties":{"name":null,"cls":"tertiary","km":10.84},"geometry":{"type":"LineString","coordinates":[[115.15894639800003,0.355753621602347],[115.15450986200007,0.3404579716194284],[115.15688162800006,0.31330802564982213],[115.14915369200003,0.30621728665769654],[115.15064704300006,0.29241406767310785],[115.14324273700005,0.2833748286832156],[115.14632888800007,0.2783341076888437],[115.14329301000011,0.2752147656923414]]}},{"type":"Feature","properties":{"name":null,"cls":"tertiary","km":10.75},"geometry":{"type":"LineString","coordinates":[[116.84053170500009,1.4522976153800324],[116.84810279200008,1.4459690393871107],[116.85739857600004,1.4461284303868511],[116.88381680100008,1.4611427863702369],[116.86570756700009,1.4768318193528385],[116.84480162000011,1.4797259913495824]]}},{"type":"Feature","properties":{"name":null,"cls":"tertiary","km":10.74},"geometry":{"type":"LineString","coordinates":[[116.39489768400006,0.21089333376424985],[116.36506257800012,0.2710304086970397],[116.37783100800004,0.29451469667078867]]}},{"type":"Feature","properties":{"name":null,"cls":"tertiary","km":10.72},"geometry":{"type":"LineString","coordinates":[[115.63242480500001,1.1956650176652794],[115.63076214500006,1.2051565696547102],[115.63975732000004,1.2141153686447634],[115.62768593300005,1.2375484696186612],[115.62526958500007,1.2530587876014128],[115.61854539500007,1.2577493875962156],[115.621525356,1.272855516579421]]}},{"type":"Feature","properties":{"name":null,"cls":"tertiary","km":10.7},"geometry":{"type":"LineString","coordinates":[[116.20832527600011,0.5087410934314217],[116.22221771700004,0.5070352214333007],[116.22318654300012,0.5168991904222715],[116.23120316400004,0.5250990144130974],[116.226230492,0.530434364407168],[116.24006976700004,0.5436772623923658],[116.24659799100006,0.5576222323768291]]}},{"type":"Feature","properties":{"name":null,"cls":"tertiary","km":10.67},"geometry":{"type":"LineString","coordinates":[[116.82251490800002,0.5420546213941565],[116.8470782300001,0.5475198073880782],[116.86371850400009,0.5569494043775545],[116.87960405900002,0.5770735283550879],[116.88172188900002,0.6009193463284312]]}},{"type":"Feature","properties":{"name":null,"cls":"tertiary","km":10.61},"geometry":{"type":"LineString","coordinates":[[116.53301358400005,1.6017816982142454],[116.50737984300008,1.601224992214863],[116.4932957740001,1.6242896601892474],[116.51458362200005,1.6204005941935586],[116.53101936700013,1.626607071186694]]}},{"type":"Feature","properties":{"name":null,"cls":"tertiary","km":10.52},"geometry":{"type":"LineString","coordinates":[[115.81739227900005,0.6991011532188193],[115.8063185190001,0.7197570771957226],[115.80689391500003,0.7283349051861365],[115.80032153900005,0.7271234421874982],[115.79673781200006,0.7355463501780906],[115.7896416000001,0.7380659901752892],[115.77805406100002,0.7355050281781333],[115.76358760200003,0.7399913091731882]]}},{"type":"Feature","properties":{"name":null,"cls":"tertiary","km":10.51},"geometry":{"type":"LineString","coordinates":[[116.89630397300004,0.6466031452774436],[116.8933174890001,0.6292589882967643],[116.90256432800004,0.6177519953095885],[116.91415800000003,0.6125992423153764],[116.9186664450001,0.6012663353280326],[116.93300233100001,0.5992842063302328],[116.94553517100009,0.609124242319268]]}},{"type":"Feature","properties":{"name":null,"cls":"tertiary","km":10.5},"geometry":{"type":"LineString","coordinates":[[116.34653032000007,1.3347142245107106],[116.3568539900001,1.3609692964814846],[116.3658920700001,1.3621692544801605],[116.37059711900008,1.3790061954614399],[116.3814696290001,1.387995042451441],[116.377429215,1.4051052504324653]]}},{"type":"Feature","properties":{"name":null,"cls":"tertiary","km":10.45},"geometry":{"type":"LineString","coordinates":[[116.34323995999999,1.6582311531516805],[116.3310247720001,1.6545522571557616],[116.32811393300005,1.658400366151483],[116.32422780600007,1.645202892166075],[116.31379113700007,1.6517736991588032],[116.30679484600013,1.6434920061679992],[116.30497465300006,1.6517271761588732],[116.31229585200002,1.6725985771357788]]}},{"type":"Feature","properties":{"name":null,"cls":"tertiary","km":10.41},"geometry":{"type":"LineString","coordinates":[[115.900900964,0.9677255669191541],[115.90815287700003,0.9672355469197029],[115.92797936800004,0.9866153898980948],[115.9493479040001,1.0386868978400763]]}},{"type":"Feature","properties":{"name":null,"cls":"tertiary","km":10.39},"geometry":{"type":"LineString","coordinates":[[116.4199019130001,1.543590181278757],[116.41055974100004,1.5337841212895988],[116.40011550100006,1.5331998432902991],[116.38860374500005,1.5399292752827944],[116.38846982400003,1.5769926002417105],[116.38004161400009,1.5882685762292017]]}},{"type":"Feature","properties":{"name":null,"cls":"tertiary","km":10.32},"geometry":{"type":"LineString","coordinates":[[116.1405681530001,1.1436688327231412],[116.15022594900006,1.1310210327372712],[116.15302521900003,1.1166657107532332],[116.13905377000002,1.0856252607878216],[116.12607544900006,1.070797619804289]]}},{"type":"Feature","properties":{"name":null,"cls":"tertiary","km":10.29},"geometry":{"type":"LineString","coordinates":[[115.88748405800006,1.353139538490187],[115.89071441700003,1.3639504334781904],[115.8823946880001,1.370903782470448],[115.87661309500005,1.3685642104730176],[115.86722440900007,1.3778321404627576],[115.83983726300005,1.375203827465666],[115.82831135200001,1.3649452464770573]]}},{"type":"Feature","properties":{"name":null,"cls":"tertiary","km":10.23},"geometry":{"type":"LineString","coordinates":[[116.66371139000012,1.528079252295938],[116.65331295100009,1.5667176722531],[116.66135532700004,1.5831380432348756],[116.65933540600008,1.607325310208097]]}},{"type":"Feature","properties":{"name":null,"cls":"tertiary","km":10.23},"geometry":{"type":"LineString","coordinates":[[116.71848492800007,0.64549080027864],[116.72559039300006,0.6446990012795066],[116.72570741800006,0.657040449265764],[116.73251233800012,0.6620932192600845],[116.72958270700008,0.6739429442468763],[116.73349512500012,0.6817000802381982],[116.72853078500009,0.6864850072328623],[116.7330671110001,0.6986505002192849]]}},{"type":"Feature","properties":{"name":null,"cls":"tertiary","km":10.22},"geometry":{"type":"LineString","coordinates":[[115.52333152600012,1.2767847965750652],[115.5643334670001,1.2382020926179391],[115.56099359100006,1.2159419966427587],[115.56402879300002,1.2112857496479235]]}},{"type":"Feature","properties":{"name":null,"cls":"tertiary","km":10.18},"geometry":{"type":"LineString","coordinates":[[115.89856553300001,0.5024835664383877],[115.88420383000003,0.5111108064287235],[115.88462536600002,0.5208316394178935],[115.89228015100001,0.5255791084125325],[115.8860530390001,0.5355617394014098],[115.89262895600007,0.5505040563847454],[115.88882158600006,0.5703343103625881]]}},{"type":"Feature","properties":{"name":null,"cls":"tertiary","km":10.11},"geometry":{"type":"LineString","coordinates":[[116.14933169900007,0.6842369702354067],[116.14716842900009,0.689483690229527],[116.15569970600005,0.6984925042194747],[116.14978458600001,0.7061000722109914],[116.14277228400009,0.702688441214811],[116.1435189880001,0.6984890102194947],[116.13327356600008,0.7001366422176851],[116.12085055700004,0.6941637742243182],[116.1146758750001,0.6969546122212017]]}},{"type":"Feature","properties":{"name":null,"cls":"tertiary","km":10.1},"geometry":{"type":"LineString","coordinates":[[116.33738500200002,0.38884226456534254],[116.34198414600007,0.4027420895498343],[116.33507453500012,0.4223725155278867],[116.3254093070001,0.42528883152460295],[116.3140702940001,0.4381041485102691],[116.31833558700009,0.45909803148683165]]}},{"type":"Feature","properties":{"name":null,"cls":"tertiary","km":10.07},"geometry":{"type":"LineString","coordinates":[[116.174487203,0.5165456844226429],[116.18221475700011,0.5306413524068824],[116.17891369300001,0.534231077402917],[116.1929929170001,0.5469693523886765],[116.18537229300013,0.5814902453500942]]}},{"type":"Feature","properties":{"name":null,"cls":"tertiary","km":10.06},"geometry":{"type":"LineString","coordinates":[[115.02111253400005,0.7521399601596275],[115.02991684500012,0.7551499501562138],[115.03478161200009,0.7630774301474015],[115.08097497100003,0.7794241061291802],[115.08826102900002,0.7766831261322141],[115.09517369500008,0.7652478021449526]]}},{"type":"Feature","properties":{"name":null,"cls":"tertiary","km":10.02},"geometry":{"type":"LineString","coordinates":[[115.5306518210001,0.646993280276961],[115.53649146300008,0.6498157502738537],[115.54067253900008,0.6694752412518509],[115.5516210510001,0.6810779712389146],[115.54511719200003,0.7173553161984438]]}},{"type":"Feature","properties":{"name":null,"cls":"tertiary","km":9.97},"geometry":{"type":"LineString","coordinates":[[114.6083832280001,1.1411250977259544],[114.67076747400007,1.1351826367326385],[114.68970133100005,1.1452003707214515]]}},{"type":"Feature","properties":{"name":null,"cls":"tertiary","km":9.9},"geometry":{"type":"LineString","coordinates":[[115.91200215900004,0.5099498394300386],[115.9032153730001,0.5267380234112934],[115.91238771100006,0.5382052073984473],[115.91882365300013,0.5628300373709947],[115.90474176500005,0.5680092883651394],[115.89863914000011,0.5658694283675295]]}},{"type":"Feature","properties":{"name":null,"cls":"tertiary","km":9.9},"geometry":{"type":"LineString","coordinates":[[114.16469478600004,0.7745841131345492],[114.17531155000006,0.7715370081379472],[114.21702223400007,0.7779309541308188],[114.23056367400011,0.7942228981126193],[114.2411096290001,0.7946079441122255]]}},{"type":"Feature","properties":{"name":null,"cls":"tertiary","km":9.87},"geometry":{"type":"LineString","coordinates":[[117.00970572900007,0.02849646496817376],[117.03156220200005,0.058023263935149935],[117.05036301300002,0.05254412594130446],[117.05862132300003,0.06138141693144259],[117.07545083200012,0.06100701593187472]]}},{"type":"Feature","properties":{"name":null,"cls":"tertiary","km":9.87},"geometry":{"type":"LineString","coordinates":[[116.62779161600008,0.589791785340854],[116.61015480600008,0.6071244353214817],[116.55499287800001,0.6305951012952443]]}},{"type":"Feature","properties":{"name":null,"cls":"tertiary","km":9.79},"geometry":{"type":"LineString","coordinates":[[116.42028684200012,0.40598907954615954],[116.40843145800012,0.407787611544192],[116.40242965400013,0.41584316653518055],[116.38883951700005,0.4157470445352712],[116.38153851900005,0.42644932852331824],[116.36473044500008,0.4317991205173534],[116.35647745900008,0.4398850725082996]]}},{"type":"Feature","properties":{"name":null,"cls":"tertiary","km":9.71},"geometry":{"type":"LineString","coordinates":[[115.98498119000008,1.2483079976067544],[115.9966689900001,1.2346806006218711],[115.99180451400002,1.2181209166403366],[116.0039026380001,1.2001258096603082],[115.99327088300004,1.1786258826842473]]}},{"type":"Feature","properties":{"name":null,"cls":"tertiary","km":9.67},"geometry":{"type":"LineString","coordinates":[[115.67911570700005,0.44239352450550734],[115.68545781500006,0.4742498504699026],[115.700150871,0.48287335546024357],[115.69656895300011,0.5034332054373302],[115.70655462000002,0.506678189433678]]}},{"type":"Feature","properties":{"name":null,"cls":"tertiary","km":9.66},"geometry":{"type":"LineString","coordinates":[[115.12460761300007,0.8279598140750163],[115.13836931300011,0.8193883690845732],[115.1427407550001,0.8046534491009877],[115.13430190800011,0.7826707141255299],[115.13486225700002,0.774646057134477],[115.14167573900012,0.7711463261383773],[115.13788369400005,0.7608605211498644]]}},{"type":"Feature","properties":{"name":null,"cls":"tertiary","km":9.57},"geometry":{"type":"LineString","coordinates":[[115.48810395200009,0.6817245732382085],[115.50308397300012,0.6800655282400268],[115.50992094800006,0.6892806702297619],[115.5128749910001,0.7194822471960313],[115.50789508600008,0.7273472891872718],[115.51129265400004,0.7416535281713481]]}},{"type":"Feature","properties":{"name":null,"cls":"tertiary","km":9.53},"geometry":{"type":"LineString","coordinates":[[116.96023035100005,1.4864420353421763],[116.93055875700007,1.5086522673174947],[116.9547997860001,1.5207840193040356],[116.973410015,1.5188528123062015]]}},{"type":"Feature","properties":{"name":null,"cls":"tertiary","km":9.46},"geometry":{"type":"LineString","coordinates":[[115.6774960140001,0.09526795489352656],[115.68282430400006,0.10584304488167762],[115.71453962800003,0.12103172686473862],[115.72335157400005,0.14754791883507565],[115.7163204530001,0.1518584418302505]]}},{"type":"Feature","properties":{"name":null,"cls":"tertiary","km":9.4},"geometry":{"type":"LineString","coordinates":[[115.78915600800008,0.1870350157909099],[115.78698522800006,0.22002131375406794],[115.79178969800013,0.264180836704663]]}},{"type":"Feature","properties":{"name":null,"cls":"tertiary","km":9.4},"geometry":{"type":"LineString","coordinates":[[115.50223423500006,0.8490780970514593],[115.51445054300008,0.8556892840440523],[115.51715946600007,0.8393923410622468],[115.53327476800007,0.8435744820575687],[115.53705546300012,0.86970349102842]]}},{"type":"Feature","properties":{"name":null,"cls":"tertiary","km":9.38},"geometry":{"type":"LineString","coordinates":[[116.40754903800006,0.24480441672635492],[116.41308224800002,0.24248540472892316],[116.42961553100008,0.2569364407127807],[116.44154162800011,0.2538753317162392],[116.44887742100002,0.25902965671043876],[116.45070743500004,0.26894579369936517],[116.44358083100008,0.2878888996781662]]}},{"type":"Feature","properties":{"name":null,"cls":"tertiary","km":9.37},"geometry":{"type":"LineString","coordinates":[[117.0366647310001,0.20631181776939916],[117.04187082700003,0.18992611678768873],[117.070007507,0.18020057879853155],[117.08299823900008,0.16945072081054724],[117.08907695100005,0.1715217568082657],[117.09395165000001,0.1604064208207048]]}},{"type":"Feature","properties":{"name":null,"cls":"tertiary","km":9.33},"geometry":{"type":"LineString","coordinates":[[115.75084743500008,1.1739592846894717],[115.77679838100005,1.1720543556915768],[115.82317851800009,1.1462216227202953]]}},{"type":"Feature","properties":{"name":null,"cls":"tertiary","km":9.31},"geometry":{"type":"LineString","coordinates":[[116.14372410300007,1.3433477985010918],[116.1228987510001,1.3488403164949532],[116.10728582300011,1.3838184384560932],[116.08851497600006,1.3943858154443447]]}},{"type":"Feature","properties":{"name":null,"cls":"tertiary","km":9.29},"geometry":{"type":"LineString","coordinates":[[116.18718188800005,0.6552065552678051],[116.19951821800011,0.6522242462711337],[116.21550614500008,0.6620436722601536],[116.21440905400004,0.6697697502515471],[116.2041348240001,0.6788094962414198],[116.20648267400007,0.689736187229237]]}},{"type":"Feature","properties":{"name":null,"cls":"tertiary","km":9.23},"geometry":{"type":"LineString","coordinates":[[116.41811462200008,1.1983091206623813],[116.48403808100012,1.245537591609814]]}},{"type":"Feature","properties":{"name":null,"cls":"tertiary","km":9.14},"geometry":{"type":"LineString","coordinates":[[116.54304378600013,1.112245710758158],[116.53831157700006,1.1190548847506012],[116.51180846600005,1.1232293137459424],[116.47506881500011,1.145085911721603]]}},{"type":"Feature","properties":{"name":null,"cls":"tertiary","km":9.12},"geometry":{"type":"LineString","coordinates":[[115.8133659790001,0.5774190213546935],[115.81271818100004,0.5877947763430936],[115.82326468500003,0.5957952883341316],[115.8291751480001,0.59353369833666],[115.83162752900013,0.5979930663316801],[115.83422093700005,0.5946845383353966],[115.85236305600006,0.6093109803190446]]}},{"type":"Feature","properties":{"name":null,"cls":"tertiary","km":9.07},"geometry":{"type":"LineString","coordinates":[[116.22043908100011,1.4401741773935028],[116.21960194000009,1.4247192494106642],[116.2095731180001,1.4142628284222887],[116.17848378000008,1.3981144204402147],[116.17700686800003,1.3876665134518191]]}},{"type":"Feature","properties":{"name":null,"cls":"tertiary","km":9.03},"geometry":{"type":"LineString","coordinates":[[117.00874163300011,0.8477839910529146],[116.9888088250001,0.8571681920424405],[116.9733730700001,0.8554618750443483],[116.94184948300007,0.8816841370150731]]}},{"type":"Feature","properties":{"name":null,"cls":"tertiary","km":8.99},"geometry":{"type":"LineString","coordinates":[[115.92220852000003,0.3346096766259572],[115.94757437100009,0.3256921886359359],[115.95906142500009,0.3140429846489693],[115.96660511400012,0.30199470566245146],[115.95889561200012,0.29126269867442245]]}},{"type":"Feature","properties":{"name":null,"cls":"tertiary","km":8.96},"geometry":{"type":"LineString","coordinates":[[117.15433637800002,0.311415609651867],[117.17379410400007,0.3141627186487882],[117.17267888000003,0.31891946464347687],[117.1834777580001,0.3227353386392653],[117.19488745400008,0.34022550661971224],[117.20649964300003,0.34126428061853303],[117.21020634518938,0.33263752259831364]]}},{"type":"Feature","properties":{"name":null,"cls":"tertiary","km":8.96},"geometry":{"type":"LineString","coordinates":[[116.28435929800004,1.7702837940276297],[116.290571687,1.7942511690010785],[116.28847089600004,1.8019299669926436],[116.25079280000011,1.8217941349706233]]}},{"type":"Feature","properties":{"name":null,"cls":"tertiary","km":8.93},"geometry":{"type":"LineString","coordinates":[[116.26149133100012,1.4666257553641042],[116.25027633200011,1.4754079913543596],[116.24313851700003,1.489338579338904],[116.22941407600001,1.4912646753368206],[116.22304193200011,1.505474977321035],[116.20688520700004,1.5151985053102308]]}},{"type":"Feature","properties":{"name":null,"cls":"tertiary","km":8.89},"geometry":{"type":"LineString","coordinates":[[115.91458937500012,0.5860917163449884],[115.94421594700009,0.5405277503958856],[115.95893902700006,0.5394791693970562]]}},{"type":"Feature","properties":{"name":null,"cls":"tertiary","km":8.85},"geometry":{"type":"LineString","coordinates":[[115.86652812900002,0.5002144874408992],[115.8606953420001,0.5080209944321838],[115.85794642600003,0.5320866374053129],[115.87263736700004,0.5400399463963801],[115.86608480300004,0.5488554973865578],[115.87352757000008,0.5591572033750702]]}},{"type":"Feature","properties":{"name":null,"cls":"tertiary","km":8.85},"geometry":{"type":"LineString","coordinates":[[115.75207518000002,0.16161219181934935],[115.77110668800003,0.13331494585098275],[115.77508683800012,0.11326367387340301],[115.7854361290001,0.10733856388003499],[115.79513549500008,0.10802309287924938]]}},{"type":"Feature","properties":{"name":null,"cls":"tertiary","km":8.84},"geometry":{"type":"LineString","coordinates":[[115.89815065900007,0.1120091328748524],[115.90249715000004,0.1160518308702815],[115.91869727700008,0.1112075828757339],[115.91931510600011,0.08448341790559051],[115.92785543400011,0.07643058191458475],[115.92349777100004,0.06199781693071697]]}},{"type":"Feature","properties":{"name":null,"cls":"tertiary","km":8.82},"geometry":{"type":"LineString","coordinates":[[115.84803183400003,0.4115245345400101],[115.84484946900012,0.418399339532326],[115.83876585100008,0.4196988205308644],[115.8417231430001,0.4230043045272023],[115.83134770300002,0.4213030075290741],[115.81836548500009,0.43342967651554076],[115.79967645900001,0.4382722555101213]]}},{"type":"Feature","properties":{"name":null,"cls":"tertiary","km":8.81},"geometry":{"type":"LineString","coordinates":[[115.36542896000003,0.7284765641860281],[115.38083249100009,0.7437325611689896],[115.39908929600006,0.7481378031640729],[115.40807280400008,0.7573956501537219],[115.40850838500002,0.7680779351418104],[115.40062235000006,0.7781772481305659]]}},{"type":"Feature","properties":{"name":null,"cls":"tertiary","km":8.8},"geometry":{"type":"LineString","coordinates":[[116.33937740700003,1.585155864232652],[116.35396244900005,1.587636702229885],[116.3618338330001,1.598910986217432],[116.36842911000008,1.61606534619839],[116.3666449630001,1.6414313771702664]]}},{"type":"Feature","properties":{"name":null,"cls":"tertiary","km":8.8},"geometry":{"type":"LineString","coordinates":[[116.28684975700003,0.6548864482681521],[116.29740099800006,0.6748840522457942],[116.30880309400004,0.6827713512370069],[116.30752702800008,0.6958310972224497],[116.29565661700006,0.7040494302132901]]}},{"type":"Feature","properties":{"name":null,"cls":"tertiary","km":8.77},"geometry":{"type":"LineString","coordinates":[[114.93330524500006,0.20761846876793938],[114.90985118200001,0.23553348673673086],[114.89422350300002,0.24562016972543194],[114.88463822400003,0.26517215470359723]]}},{"type":"Feature","properties":{"name":null,"cls":"tertiary","km":8.7},"geometry":{"type":"LineString","coordinates":[[115.58891894500006,0.7116740612047613],[115.54535502300008,0.7339954311798151],[115.52506020400006,0.7498638691621589]]}},{"type":"Feature","properties":{"name":null,"cls":"tertiary","km":8.67},"geometry":{"type":"LineString","coordinates":[[116.08272908000004,1.3921310634468904],[116.07737402500005,1.4043641384332586],[116.08185342600007,1.4190024874170217],[116.06968651300008,1.455371792376598],[116.0708469000001,1.4641786123668508]]}},{"type":"Feature","properties":{"name":null,"cls":"tertiary","km":8.65},"geometry":{"type":"LineString","coordinates":[[115.95879196400006,1.3550385324880743],[115.95795523700006,1.3700541024714257],[115.94842525500007,1.3761958414645945],[115.94726759800005,1.3863996474532188],[115.93468452000002,1.402422192435457],[115.92947217000005,1.4198363114161103]]}},{"type":"Feature","properties":{"name":null,"cls":"tertiary","km":8.65},"geometry":{"type":"LineString","coordinates":[[116.78766646900011,0.8996600309950209],[116.79160558900003,0.9007981619937916],[116.7947237840001,0.9165282169762501],[116.78846462800003,0.9175393729750947],[116.78666944800011,0.9331921289576662],[116.76484427700007,0.9372549939531079],[116.75770953000007,0.9332216819576207]]}},{"type":"Feature","properties":{"name":null,"cls":"tertiary","km":8.57},"geometry":{"type":"LineString","coordinates":[[116.0871455480001,0.03167485896458552],[116.08568940500004,0.019770254977932458],[116.07760388000008,0.020442959977144428],[116.05696753500001,0.0025375679972037767],[116.04576555600009,0.0030339459966730645]]}},{"type":"Feature","properties":{"name":null,"cls":"tertiary","km":8.53},"geometry":{"type":"LineString","coordinates":[[116.11720608800009,0.18686560479110886],[116.10334493000006,0.20357673077245847],[116.09964711500004,0.2284637907446139],[116.09095817600007,0.23533741973692754],[116.09353836400011,0.2423134007291213]]}},{"type":"Feature","properties":{"name":null,"cls":"tertiary","km":8.52},"geometry":{"type":"LineString","coordinates":[[116.58360910800003,0.5707492603621132],[116.57585427600009,0.5656338073678023],[116.55778994200011,0.5726100463600644],[116.52691807200006,0.6042673433246777]]}},{"type":"Feature","properties":{"name":null,"cls":"tertiary","km":8.48},"geometry":{"type":"LineString","coordinates":[[116.55160649000004,0.18850074378929202],[116.53204116800009,0.1941990677829296],[116.51586012700011,0.21957310075453595],[116.50859111800004,0.21543207375917553],[116.50025338800003,0.22721807074598693]]}},{"type":"Feature","properties":{"name":null,"cls":"tertiary","km":8.47},"geometry":{"type":"LineString","coordinates":[[116.44533742200008,1.2184709546399317],[116.43129588900001,1.2249251026327193],[116.43095690300004,1.2364259076199595],[116.41717429399999,1.239672947616356],[116.41729397300004,1.256283286597819]]}},{"type":"Feature","properties":{"name":null,"cls":"tertiary","km":8.47},"geometry":{"type":"LineString","coordinates":[[116.81729164400006,1.3224680295242566],[116.81089512900007,1.3352878045100114],[116.81230128100002,1.3437787235006016],[116.80262807900012,1.3546165134885446],[116.78170067500002,1.3611422594813163],[116.77584524100007,1.3499458174937375]]}},{"type":"Feature","properties":{"name":null,"cls":"tertiary","km":8.46},"geometry":{"type":"LineString","coordinates":[[116.54385653300005,1.6294010161836079],[116.536514774,1.635379359176957],[116.50095672200008,1.642179835169448],[116.50253782700008,1.652654364157826],[116.51476509100006,1.6630502111462913]]}},{"type":"Feature","properties":{"name":null,"cls":"tertiary","km":8.42},"geometry":{"type":"LineString","coordinates":[[115.96619685500002,0.036937911958733693],[115.92980284400005,0.06194420193078684],[115.91626280700007,0.05965573793336455],[115.91507418700007,0.053486068940225534],[115.90693682500012,0.049832623944320455]]}},{"type":"Feature","properties":{"name":null,"cls":"tertiary","km":8.39},"geometry":{"type":"LineString","coordinates":[[115.60500283000012,0.38951282156458267],[115.58433224900013,0.36049370059701835],[115.58601460500007,0.35091348560770613],[115.60002357200007,0.34105329261876566],[115.60398780900003,0.3300020106311014]]}},{"type":"Feature","properties":{"name":null,"cls":"tertiary","km":8.36},"geometry":{"type":"LineString","coordinates":[[116.15603517300009,0.6031721553258746],[116.15967761200011,0.6122230743157774],[116.16788750800004,0.6139485083138967],[116.16561694600011,0.6333789662921769],[116.15960007600006,0.6413286422833135]]}},{"type":"Feature","properties":{"name":null,"cls":"tertiary","km":8.33},"geometry":{"type":"LineString","coordinates":[[115.57298154600007,0.8724210380254258],[115.57042359700007,0.8605197690386857],[115.57930300400005,0.8456740790552358],[115.56134585800011,0.8171777460870709]]}},{"type":"Feature","properties":{"name":null,"cls":"tertiary","km":8.31},"geometry":{"type":"LineString","coordinates":[[114.42014891800011,1.099312894772589],[114.42541135600005,1.1128179077575018],[114.4244424740001,1.1567532127085802],[114.42857978500001,1.169029785694958]]}},{"type":"Feature","properties":{"name":null,"cls":"tertiary","km":8.29},"geometry":{"type":"LineString","coordinates":[[116.1734651270001,0.3985703485545055],[116.17092238100008,0.403233212549235],[116.1627234870001,0.4040155615483772],[116.16156613100009,0.41727072453357644],[116.15613479500009,0.42255903652767024],[116.1577618440001,0.4407744525073266],[116.15048536700009,0.4581489814879289]]}},{"type":"Feature","properties":{"name":null,"cls":"tertiary","km":8.22},"geometry":{"type":"LineString","coordinates":[[116.00258038400011,1.105992157765103],[115.99235930500004,1.1125183327578592],[115.99410082700001,1.1345951297332415],[115.9771817310001,1.1466584327198774],[115.96232409300002,1.1507645957152408]]}},{"type":"Feature","properties":{"name":null,"cls":"tertiary","km":8.22},"geometry":{"type":"LineString","coordinates":[[115.683926777,1.1169735487528967],[115.6857526460001,1.1327469937353245],[115.67498022500003,1.1353145267324567],[115.66601701600008,1.1313200717368912],[115.63372915900004,1.142660486724285]]}},{"type":"Feature","properties":{"name":null,"cls":"tertiary","km":8.21},"geometry":{"type":"LineString","coordinates":[[115.70300125500012,-0.008591518990307833],[115.7055222570001,0.006264950993033639],[115.69821906400013,0.01064962598811134],[115.7071300340001,0.023237969974047354],[115.70628315500005,0.03477793096116347],[115.71410261200003,0.047771134946664635]]}},{"type":"Feature","properties":{"name":null,"cls":"tertiary","km":8.16},"geometry":{"type":"LineString","coordinates":[[115.58981542700006,1.1459075077206704],[115.57857500800003,1.153408830712299],[115.54466709600003,1.1540879947115774],[115.53258566600005,1.171998488691582]]}},{"type":"Feature","properties":{"name":null,"cls":"tertiary","km":8.16},"geometry":{"type":"LineString","coordinates":[[116.60488660200008,0.9473759659418244],[116.6017065630001,0.9440251489455824],[116.59308792800005,0.9494179199395284],[116.57829810100007,0.9407753869491574],[116.5683737400001,0.9457160599436891],[116.55382853800006,0.9397377619503318]]}},{"type":"Feature","properties":{"name":null,"cls":"tertiary","km":8.12},"geometry":{"type":"LineString","coordinates":[[116.44910363000007,1.0344205898448506],[116.43449405900002,1.0200292328608709],[116.42592144000004,1.002170715880807],[116.42315347300007,1.004580497878092],[116.41767912300008,0.9841989379008017]]}},{"type":"Feature","properties":{"name":null,"cls":"tertiary","km":8.1},"geometry":{"type":"LineString","coordinates":[[114.06513674000007,0.7457746301667225],[114.10639297800003,0.7329390201810533],[114.12310454700003,0.7132270382030377]]}},{"type":"Feature","properties":{"name":null,"cls":"tertiary","km":8.07},"geometry":{"type":"LineString","coordinates":[[115.8264762880001,1.1903191496712535],[115.84019273500007,1.1732427316902396],[115.84598291600004,1.1555613257099142],[115.8325490090001,1.1414811767256083],[115.82405241400012,1.1408354717263065]]}},{"type":"Feature","properties":{"name":null,"cls":"tertiary","km":8.06},"geometry":{"type":"LineString","coordinates":[[116.900585405,1.4172180864189738],[116.93187812100008,1.428724747406209],[116.94141069300008,1.4431073293902288],[116.94105178400002,1.4530290473792256],[116.94829160500001,1.454757498377301]]}},{"type":"Feature","properties":{"name":null,"cls":"tertiary","km":8.05},"geometry":{"type":"LineString","coordinates":[[116.49505288900002,1.4241695344112557],[116.4984780750001,1.4057200334317974],[116.509733653,1.3952922584433851],[116.51638722800008,1.360617358481882]]}},{"type":"Feature","properties":{"name":null,"cls":"tertiary","km":8.05},"geometry":{"type":"LineString","coordinates":[[114.20001244800005,0.6946324682238134],[114.16684912800008,0.6969768812211744],[114.13027902100009,0.6895758362294493]]}},{"type":"Feature","properties":{"name":null,"cls":"tertiary","km":8.04},"geometry":{"type":"LineString","coordinates":[[115.98747674700006,1.083902456789729],[115.98514202800004,1.0651322938106362],[115.96609205700007,1.0743183628003519],[115.96183068000005,1.0859128077874562],[115.9674276060001,1.1024597827690845]]}},{"type":"Feature","properties":{"name":null,"cls":"tertiary","km":8.01},"geometry":{"type":"LineString","coordinates":[[115.27314992100003,0.693023571225592],[115.29023388400005,0.7107115022058419],[115.28871596900001,0.7298634631844949],[115.3010834690001,0.73855092017477],[115.30052985300007,0.7463736171660658]]}},{"type":"Feature","properties":{"name":null,"cls":"tertiary","km":7.99},"geometry":{"type":"LineString","coordinates":[[114.5790843960001,1.0206335058602112],[114.57463655600009,1.0235195648570083],[114.57610868900008,1.0286870318512165],[114.56080095700008,1.0418079688365776],[114.56408128900011,1.056051135820736],[114.5550297530001,1.0767312147976933]]}},{"type":"Feature","properties":{"name":null,"cls":"tertiary","km":7.98},"geometry":{"type":"LineString","coordinates":[[116.94024260200001,0.6512632982721828],[116.9570885510001,0.6258350243006052],[116.96802705100002,0.6204143343066124],[116.97737391900013,0.6062855123224168],[116.98582851200001,0.6067565903218909]]}},{"type":"Feature","properties":{"name":null,"cls":"tertiary","km":7.92},"geometry":{"type":"LineString","coordinates":[[116.07986962700012,1.1374222377301344],[116.0735438390001,1.143903033722922],[116.0618911680001,1.1388462747285342],[116.04434822200004,1.1479900977183422],[116.03580990700006,1.1668358096973617],[116.02898143100005,1.1689615726949816]]}},{"type":"Feature","properties":{"name":null,"cls":"tertiary","km":7.92},"geometry":{"type":"LineString","coordinates":[[116.07154884400008,0.7444453061681773],[116.08306650700003,0.7413056931717054],[116.07065271800003,0.76222438714834],[116.05504658400002,0.7617562181488652],[116.05324298300002,0.7724172501369881],[116.04666769100004,0.7753377731336972]]}},{"type":"Feature","properties":{"name":null,"cls":"tertiary","km":7.86},"geometry":{"type":"LineString","coordinates":[[116.21995322500004,1.5738101062452103],[116.20562754100003,1.5433628722789774],[116.17985201000009,1.5366700612864053],[116.17779864800002,1.528159560295849]]}},{"type":"Feature","properties":{"name":null,"cls":"tertiary","km":7.85},"geometry":{"type":"LineString","coordinates":[[115.97051088800005,0.94246399694731],[115.97566195800005,0.9419374739478743],[115.99720416700006,0.9578538159301487],[116.00727961300005,0.9532301669353395],[116.03053509400002,0.9574909249305733]]}},{"type":"Feature","properties":{"name":null,"cls":"tertiary","km":7.85},"geometry":{"type":"LineString","coordinates":[[114.13113208400011,0.7991092401071894],[114.12030940000011,0.7642400881461117],[114.11945041300011,0.7311821671829636]]}},{"type":"Feature","properties":{"name":null,"cls":"tertiary","km":7.8},"geometry":{"type":"LineString","coordinates":[[115.96971405300008,0.3327928066279829],[115.98413114300001,0.3079077436558015],[115.99396493100005,0.3063062416575955],[115.99233570100012,0.285468409680859]]}},{"type":"Feature","properties":{"name":null,"cls":"tertiary","km":7.79},"geometry":{"type":"LineString","coordinates":[[116.37179841600003,1.691786213114478],[116.37337858500007,1.6718107151366115],[116.36760497100012,1.6418547171697733],[116.35739009500004,1.655641916154542]]}},{"type":"Feature","properties":{"name":null,"cls":"tertiary","km":7.79},"geometry":{"type":"LineString","coordinates":[[116.13780804400005,1.5693427052501514],[116.12046402600005,1.5738422122451814],[116.11389107200011,1.5612661122591265],[116.10246729300002,1.5636624352564998],[116.08434386800002,1.5552983912657354]]}},{"type":"Feature","properties":{"name":null,"cls":"tertiary","km":7.78},"geometry":{"type":"LineString","coordinates":[[114.2162106720001,0.7488462551632743],[114.20568895200006,0.7577566981533272],[114.18680109200011,0.763043261147445],[114.15893418300004,0.7423831531704561]]}},{"type":"Feature","properties":{"name":null,"cls":"tertiary","km":7.72},"geometry":{"type":"LineString","coordinates":[[116.44979864000004,1.6011275702149403],[116.41583270100013,1.6368865721753232],[116.41759164300005,1.6463624401648174],[116.42410842100001,1.6497810501609935]]}},{"type":"Feature","properties":{"name":null,"cls":"tertiary","km":7.72},"geometry":{"type":"LineString","coordinates":[[114.20459446200005,1.3017180725473503],[114.22007029400005,1.2935705555564085],[114.22273892100009,1.2978928315515756],[114.230417536,1.2942863855555968],[114.23794009700009,1.3134336775343503],[114.24509897300004,1.3110774465369228]]}},{"type":"Feature","properties":{"name":null,"cls":"tertiary","km":7.69},"geometry":{"type":"LineString","coordinates":[[115.57718365900008,0.16547760781502843],[115.58323558200004,0.18447516179381876],[115.58036091400002,0.1934155447838148],[115.57646328600002,0.1928088317844748],[115.56557700700013,0.2064218947692826]]}},{"type":"Feature","properties":{"name":null,"cls":"tertiary","km":7.68},"geometry":{"type":"LineString","coordinates":[[116.41891973300005,1.556422668264526],[116.4096931150001,1.576894240241798],[116.39762252300011,1.5898888812274232],[116.39261508800007,1.6134589852012962]]}},{"type":"Feature","properties":{"name":null,"cls":"tertiary","km":7.68},"geometry":{"type":"LineString","coordinates":[[116.01247325300007,-0.005676267993612016],[116.01834854100002,-0.0015042869982525558],[116.0202027470001,0.010788032987952272],[116.03359505400009,0.01713388598091079],[116.01802509000004,0.04290891895210376]]}},{"type":"Feature","properties":{"name":null,"cls":"tertiary","km":7.66},"geometry":{"type":"LineString","coordinates":[[116.13569237400009,0.995709099887953],[116.12116684100012,1.0032818688794851],[116.10821984000007,0.9992881198839815],[116.09535737600005,1.0100216628719707],[116.07903340300004,1.0062665538761615]]}},{"type":"Feature","properties":{"name":null,"cls":"tertiary","km":7.65},"geometry":{"type":"LineString","coordinates":[[116.2788602810001,0.06958140492225773],[116.28257448800002,0.06147308093130306],[116.2922309820001,0.05656986093682776],[116.29943671200009,0.05563745393782147],[116.30819977300007,0.0680267959239796],[116.32853985700001,0.058907102934163236]]}},{"type":"Feature","properties":{"name":null,"cls":"tertiary","km":7.61},"geometry":{"type":"LineString","coordinates":[[115.67634256200006,0.7065934612104522],[115.69820063000009,0.715024034201038],[115.70349750300011,0.7438801201688194],[115.71127861000002,0.754055767157463]]}},{"type":"Feature","properties":{"name":null,"cls":"tertiary","km":7.6},"geometry":{"type":"LineString","coordinates":[[115.64672213800009,0.14112360084226025],[115.6451259810001,0.1263434948587837],[115.67328113400002,0.09482093589405327],[115.6774960140001,0.09526795489352656]]}},{"type":"Feature","properties":{"name":null,"cls":"tertiary","km":7.59},"geometry":{"type":"LineString","coordinates":[[116.02136937600007,0.8048557871007689],[116.01749880400007,0.8245933490787776],[116.01155879500004,0.8286237740742508],[115.9734670270001,0.8225863320810164]]}},{"type":"Feature","properties":{"name":null,"cls":"tertiary","km":7.57},"geometry":{"type":"LineString","coordinates":[[116.38973360600004,0.1878981297900042],[116.3716777730001,0.19048056378705372],[116.36886872300012,0.2018675937743052],[116.36178874700009,0.2054142567703404],[116.3644348030001,0.23225309974037842]]}},{"type":"Feature","properties":{"name":null,"cls":"tertiary","km":7.55},"geometry":{"type":"LineString","coordinates":[[115.702115133,0.11231176687445357],[115.70310052000002,0.1224505388631281],[115.69245513300008,0.1510945858311053],[115.69303484400007,0.16745707781281616],[115.6874230830001,0.17305213480654233]]}},{"type":"Feature","properties":{"name":null,"cls":"tertiary","km":7.53},"geometry":{"type":"LineString","coordinates":[[116.29436517500005,0.3084476006552354],[116.30324709400008,0.3189880176434008],[116.30098497100005,0.32440696963735477],[116.30830600800005,0.3524187736060612],[116.29976892900004,0.3624771745947979]]}},{"type":"Feature","properties":{"name":null,"cls":"tertiary","km":7.49},"geometry":{"type":"LineString","coordinates":[[116.5226128920001,1.2031611956569503],[116.4820379770001,1.177724760685253],[116.47325811700013,1.1608956667039723]]}},{"type":"Feature","properties":{"name":null,"cls":"tertiary","km":7.48},"geometry":{"type":"LineString","coordinates":[[116.49888563100001,0.28890654167704527],[116.47064471500005,0.3098692136536256],[116.44259694100005,0.3161775526465786]]}},{"type":"Feature","properties":{"name":null,"cls":"tertiary","km":7.48},"geometry":{"type":"LineString","coordinates":[[114.23878461100003,0.6331114042924396],[114.20258546700006,0.6231326493036232],[114.17788958500012,0.6356951172896099]]}},{"type":"Feature","properties":{"name":null,"cls":"tertiary","km":7.46},"geometry":{"type":"LineString","coordinates":[[116.39729357100009,1.4001584934379339],[116.40096017200007,1.4121185574246362],[116.3808746000001,1.4424257073909654],[116.38143990900006,1.4563254533756071]]}},{"type":"Feature","properties":{"name":null,"cls":"tertiary","km":7.42},"geometry":{"type":"LineString","coordinates":[[116.24144320200003,0.681924755237993],[116.23315743900001,0.6817264202382174],[116.23534521500007,0.691558509227212],[116.22929496300003,0.687655346231563],[116.22412584500012,0.691594607227195],[116.21954279500004,0.6834831112362235],[116.21548464400006,0.6872040822320528],[116.21294390100003,0.6823162132375239]]}},{"type":"Feature","properties":{"name":null,"cls":"tertiary","km":7.41},"geometry":{"type":"LineString","coordinates":[[115.73421406500005,0.8875125050086031],[115.7331728470001,0.8798066430171536],[115.74455437600011,0.8590985420403071],[115.77196982300008,0.8404830630610575]]}},{"type":"Feature","properties":{"name":null,"cls":"tertiary","km":7.38},"geometry":{"type":"LineString","coordinates":[[117.06908831300007,0.3574430996004493],[117.0581559200001,0.3673964235893193],[117.05485969000007,0.3976988355554665],[117.03911206300006,0.40921935354262534]]}},{"type":"Feature","properties":{"name":null,"cls":"tertiary","km":7.35},"geometry":{"type":"LineString","coordinates":[[114.48119571000007,0.7801888931283052],[114.44907449100003,0.7933290131136496],[114.42668513100011,0.8135036690911197]]}},{"type":"Feature","properties":{"name":null,"cls":"tertiary","km":7.33},"geometry":{"type":"LineString","coordinates":[[116.26727052700006,1.3373395815077709],[116.27533759200003,1.3553881724876724],[116.26450948900003,1.3596338124829566],[116.25768177400005,1.3887212334506323]]}},{"type":"Feature","properties":{"name":null,"cls":"tertiary","km":7.33},"geometry":{"type":"LineString","coordinates":[[114.84666435800013,0.09981152988845646],[114.88184858300008,0.08987747789956288],[114.89304417000007,0.10327900688455541]]}},{"type":"Feature","properties":{"name":null,"cls":"tertiary","km":7.27},"geometry":{"type":"LineString","coordinates":[[116.97091337300003,0.6831620832366204],[116.96636647200012,0.6908552072280203],[116.95352144700007,0.6907433832281068],[116.95062186600002,0.6952070902231656],[116.94304913400002,0.6879924222311653],[116.93503199800013,0.6955395532227827]]}},{"type":"Feature","properties":{"name":null,"cls":"tertiary","km":7.27},"geometry":{"type":"LineString","coordinates":[[115.73666314400009,0.9514077059373608],[115.75774823300003,0.9672676439196649],[115.74584245000007,0.9782230879074326],[115.72412981600007,0.9760503029099155]]}},{"type":"Feature","properties":{"name":null,"cls":"tertiary","km":7.25},"geometry":{"type":"LineString","coordinates":[[115.82836000400005,0.45377950049276977],[115.84463177400005,0.4531548674935044],[115.85093531000007,0.4475217954997753],[115.86080921500002,0.44928400249781975],[115.85827521600004,0.46746913547747954],[115.86636086600004,0.4727741144715547]]}},{"type":"Feature","properties":{"name":null,"cls":"tertiary","km":7.23},"geometry":{"type":"LineString","coordinates":[[114.30188521900004,0.5500784183852104],[114.28248030300006,0.5619930683718759],[114.27866234500006,0.5734699583590392],[114.2706079200001,0.5763691363558129],[114.26126674000011,0.5945679693355597]]}},{"type":"Feature","properties":{"name":null,"cls":"tertiary","km":7.21},"geometry":{"type":"LineString","coordinates":[[116.34494353600007,1.153745522711922],[116.36938988300005,1.19248235866883],[116.36104665900007,1.207692815651949]]}},{"type":"Feature","properties":{"name":null,"cls":"tertiary","km":7.2},"geometry":{"type":"LineString","coordinates":[[115.89652148100005,0.7781702201305464],[115.91480482500003,0.8031136871027207],[115.94080930300002,0.8172802030869067]]}},{"type":"Feature","properties":{"name":null,"cls":"tertiary","km":7.18},"geometry":{"type":"LineString","coordinates":[[116.63872714000003,1.5383345462845475],[116.63198571100008,1.5330227622904848],[116.6216163460001,1.5350994902881245],[116.61710219700001,1.5297714742940813],[116.59096390600007,1.5369014632861464]]}},{"type":"Feature","properties":{"name":null,"cls":"tertiary","km":7.17},"geometry":{"type":"LineString","coordinates":[[115.0176600620001,0.8419679780594005],[115.00069766700005,0.8432459890579751],[114.98723112100005,0.8339450700683427],[114.95823619500003,0.8372866960645884]]}},{"type":"Feature","properties":{"name":null,"cls":"tertiary","km":7.16},"geometry":{"type":"LineString","coordinates":[[116.13893325900005,1.0272253938528708],[116.17225592500007,1.0291286168507383],[116.18178757100009,1.03288962284656],[116.18138681900007,1.040000052838637],[116.18870757900004,1.046028876831917]]}},{"type":"Feature","properties":{"name":null,"cls":"tertiary","km":7.13},"geometry":{"type":"LineString","coordinates":[[116.37870110100006,0.37190431958426684],[116.39407460400002,0.38344876757136853],[116.41451042700011,0.38418017957054235],[116.42737363300013,0.3996619805532548]]}},{"type":"Feature","properties":{"name":null,"cls":"tertiary","km":7.1},"geometry":{"type":"LineString","coordinates":[[116.79463740800009,0.2050456817707857],[116.78368291300002,0.19932487977720667],[116.7787818610001,0.18282357179566583],[116.78182141600007,0.1695472268104874],[116.77124201200002,0.16026202782085744]]}},{"type":"Feature","properties":{"name":null,"cls":"tertiary","km":7.04},"geometry":{"type":"LineString","coordinates":[[116.59882473900008,1.043314351834915],[116.61314843200012,1.0377124488412024],[116.61710178400004,1.025818150854443],[116.58601177700007,1.0157404428656767]]}},{"type":"Feature","properties":{"name":null,"cls":"tertiary","km":7.01},"geometry":{"type":"LineString","coordinates":[[115.53468357300007,1.509021771317064],[115.55891612100002,1.5045196303220798],[115.57800415400004,1.5147289393107541],[115.58505899700005,1.5139695183115847]]}},{"type":"Feature","properties":{"name":null,"cls":"tertiary","km":6.97},"geometry":{"type":"LineString","coordinates":[[116.87417442800006,0.5319875814054189],[116.86566752500003,0.5239050154144719],[116.86767383400003,0.5098989054300803],[116.86178941300012,0.49604003344553776],[116.84965784200004,0.487011017455647]]}},{"type":"Feature","properties":{"name":null,"cls":"tertiary","km":6.96},"geometry":{"type":"LineString","coordinates":[[116.12032723300001,1.5232742743012657],[116.08428135900012,1.518356599306717],[116.08033442800001,1.5069862393193305],[116.08738343300001,1.4988321793284132]]}},{"type":"Feature","properties":{"name":null,"cls":"tertiary","km":6.96},"geometry":{"type":"LineString","coordinates":[[115.8236949630001,1.0003931248827385],[115.81695746000004,1.009508630872583],[115.81933932600009,1.0285527488514075],[115.8148794440001,1.0423247018360071],[115.81947978900007,1.0567525508199365]]}},{"type":"Feature","properties":{"name":null,"cls":"tertiary","km":6.95},"geometry":{"type":"LineString","coordinates":[[116.35143165600003,0.49208746944998805],[116.33680826500006,0.4978237024435947],[116.3337685240001,0.5124652874272334],[116.31639889600001,0.5308050534067115]]}},{"type":"Feature","properties":{"name":null,"cls":"tertiary","km":6.93},"geometry":{"type":"LineString","coordinates":[[116.40677527700007,1.2809927905703957],[116.41940323300003,1.2958833045538436],[116.4386355150001,1.3017632775473182],[116.45356707900011,1.3132670755344804]]}},{"type":"Feature","properties":{"name":null,"cls":"tertiary","km":6.93},"geometry":{"type":"LineString","coordinates":[[114.06554719300004,0.7613472161493099],[114.0586842250001,0.7627731861477207],[114.05091556900004,0.7538643381577002],[114.03933298000004,0.772490952136896],[114.02034370700005,0.7722184481371642]]}},{"type":"Feature","properties":{"name":null,"cls":"tertiary","km":6.91},"geometry":{"type":"LineString","coordinates":[[116.33786930000008,1.7051224010997386],[116.33950640300009,1.7362319580652896],[116.34523667300006,1.7405518050604842],[116.35176106900008,1.7617320130370915]]}},{"type":"Feature","properties":{"name":null,"cls":"tertiary","km":6.89},"geometry":{"type":"LineString","coordinates":[[115.66491686900008,0.30800582665567944],[115.68651949500008,0.2985115656663342],[115.72234002300002,0.3037156946605178]]}},{"type":"Feature","properties":{"name":null,"cls":"tertiary","km":6.87},"geometry":{"type":"LineString","coordinates":[[114.40112901900011,1.1956270036653476],[114.41028893200007,1.1998107816606767],[114.41373303800003,1.2071609746525407],[114.44313055900011,1.2080267046515243]]}},{"type":"Feature","properties":{"name":null,"cls":"tertiary","km":6.84},"geometry":{"type":"LineString","coordinates":[[115.14433122900006,0.3885535685657058],[115.17315770700009,0.40785661354407277],[115.1767979340001,0.4199315035305894],[115.1858697990001,0.41933054253127694]]}},{"type":"Feature","properties":{"name":null,"cls":"tertiary","km":6.83},"geometry":{"type":"LineString","coordinates":[[116.1882177670001,1.331714337513975],[116.18667363200005,1.3263078015199585],[116.17624993400011,1.3248144725216855],[116.16369396400012,1.3150337775325054],[116.16314169000009,1.30754728954086],[116.14948442500008,1.2920591105580856]]}},{"type":"Feature","properties":{"name":null,"cls":"tertiary","km":6.82},"geometry":{"type":"LineString","coordinates":[[116.10499747900008,0.24936420072124385],[116.0982691370001,0.26525722470347124],[116.06989945300006,0.2958853976692373]]}},{"type":"Feature","properties":{"name":null,"cls":"tertiary","km":6.8},"geometry":{"type":"LineString","coordinates":[[115.91382845300005,0.6880371712311739],[115.91432396900007,0.6982612692197575],[115.93426801600005,0.7033936582139874],[115.94041253900002,0.7138842762022898],[115.93915391200007,0.7289778451854265]]}},{"type":"Feature","properties":{"name":null,"cls":"tertiary","km":6.8},"geometry":{"type":"LineString","coordinates":[[116.43811270000003,0.417657555533163],[116.4462652520001,0.4229276275272375],[116.45505356700004,0.44166061050630817],[116.45059755600005,0.4700015954746258]]}},{"type":"Feature","properties":{"name":null,"cls":"tertiary","km":6.79},"geometry":{"type":"LineString","coordinates":[[116.22102813600007,0.3762407685794374],[116.23093318200006,0.37582834857992864],[116.23566624500008,0.3842461025705077],[116.24800853500007,0.37787041757762085],[116.25531677400012,0.4010335855517053]]}},{"type":"Feature","properties":{"name":null,"cls":"tertiary","km":6.78},"geometry":{"type":"LineString","coordinates":[[114.32475609800008,0.5884060203423643],[114.3249622300001,0.6167066773108144],[114.31717623500003,0.6473228282766162]]}},{"type":"Feature","properties":{"name":null,"cls":"tertiary","km":6.77},"geometry":{"type":"LineString","coordinates":[[116.56368190300009,0.28343915368317346],[116.554987997,0.26488289570391493],[116.54303265100009,0.2666521197019479],[116.52860748500008,0.28351577868306815]]}},{"type":"Feature","properties":{"name":null,"cls":"tertiary","km":6.75},"geometry":{"type":"LineString","coordinates":[[116.11100710200002,1.4297734114050136],[116.12871471800007,1.433351535401038],[116.13816248400008,1.4483252323844344],[116.14178342600009,1.4699977823603958]]}},{"type":"Feature","properties":{"name":null,"cls":"tertiary","km":6.74},"geometry":{"type":"LineString","coordinates":[[115.80369101900011,0.1587305688225924],[115.80523257200004,0.17479261680460856],[115.78457861200003,0.1888236697889286],[115.78223765700012,0.19690345377990284],[115.77477002200011,0.19778202377891047]]}},{"type":"Feature","properties":{"name":null,"cls":"tertiary","km":6.73},"geometry":{"type":"LineString","coordinates":[[116.53590531400005,0.9081825419855246],[116.54607206000004,0.9168682939758399],[116.53481550900005,0.9411382409487474],[116.53699780900003,0.9487015759403754]]}},{"type":"Feature","properties":{"name":null,"cls":"tertiary","km":6.73},"geometry":{"type":"LineString","coordinates":[[115.72369890400012,0.43118471751805976],[115.70218241300007,0.4200731265304161],[115.68277770500003,0.4284738885210568],[115.67320358300002,0.42120597052918934]]}},{"type":"Feature","properties":{"name":null,"cls":"tertiary","km":6.73},"geometry":{"type":"LineString","coordinates":[[115.15740362800011,0.9135376579795604],[115.17214569100008,0.9385597189516613],[115.19658716900004,0.9226485229694312]]}},{"type":"Feature","properties":{"name":null,"cls":"tertiary","km":6.73},"geometry":{"type":"LineString","coordinates":[[115.27668940500007,0.6928485272258016],[115.28497543800007,0.6958674692223936],[115.29228161000002,0.6883461482308105],[115.31895764000002,0.7018529382157345]]}},{"type":"Feature","properties":{"name":null,"cls":"tertiary","km":6.72},"geometry":{"type":"LineString","coordinates":[[116.27765023600013,1.0639735458119193],[116.27619353600005,1.0735070958013118],[116.28823532900002,1.08263228979111],[116.30722391000006,1.1095877557610903]]}},{"type":"Feature","properties":{"name":null,"cls":"tertiary","km":6.71},"geometry":{"type":"LineString","coordinates":[[116.4125640760001,0.2637516457051737],[116.39110819600012,0.2852621646811144],[116.38357356900008,0.3121677676510234]]}},{"type":"Feature","properties":{"name":null,"cls":"tertiary","km":6.7},"geometry":{"type":"LineString","coordinates":[[116.21942668400003,0.9787039039069135],[116.19214326100008,0.9854197138994226],[116.17886283500003,0.9961382308874528],[116.167862925,0.9967921028867646]]}},{"type":"Feature","properties":{"name":null,"cls":"tertiary","km":6.69},"geometry":{"type":"LineString","coordinates":[[115.9872563690001,1.4460555273869475],[115.98579549200008,1.4539269253782514],[115.99976911800002,1.4650638883659035],[115.99447461800004,1.4966930743307651]]}},{"type":"Feature","properties":{"name":null,"cls":"tertiary","km":6.69},"geometry":{"type":"LineString","coordinates":[[116.63038914800008,1.3061779145423615],[116.62277515100004,1.304566157544176],[116.61809132200005,1.2938520185560491],[116.60097002300006,1.2866519285641074],[116.59074111200006,1.2714499175809528]]}},{"type":"Feature","properties":{"name":null,"cls":"tertiary","km":6.68},"geometry":{"type":"LineString","coordinates":[[114.30002407300003,1.3331699695124122],[114.29331212000011,1.3342487535111547],[114.290558368,1.3758961574648894],[114.29360906700003,1.380446934459859]]}},{"type":"Feature","properties":{"name":null,"cls":"tertiary","km":6.67},"geometry":{"type":"LineString","coordinates":[[114.08230010900002,0.903426474990824],[114.093449856,0.9049127479891876],[114.09874030100002,0.8927863900027432],[114.12358017600002,0.8687777100294977]]}},{"type":"Feature","properties":{"name":null,"cls":"tertiary","km":6.62},"geometry":{"type":"LineString","coordinates":[[116.13283044800005,0.790617239116693],[116.0994516290001,0.7864907931212406],[116.08662891900009,0.8054747721001159]]}},{"type":"Feature","properties":{"name":null,"cls":"tertiary","km":6.62},"geometry":{"type":"LineString","coordinates":[[116.62020325100002,0.3197554916425994],[116.60757282100008,0.3151929316476958],[116.60369146700009,0.32145422664070106],[116.58667948000004,0.32893708563229024],[116.57468378000011,0.3241881896376041]]}},{"type":"Feature","properties":{"name":null,"cls":"tertiary","km":6.61},"geometry":{"type":"LineString","coordinates":[[114.32783172300003,1.1983454936623201],[114.35860460700009,1.1750931246881715],[114.36407759400004,1.1607303447041557]]}},{"type":"Feature","properties":{"name":null,"cls":"tertiary","km":6.61},"geometry":{"type":"LineString","coordinates":[[114.22433116500008,0.957612528930449],[114.19996492700011,0.9719582219144395],[114.18525496500001,0.9971987108863263]]}},{"type":"Feature","properties":{"name":null,"cls":"tertiary","km":6.6},"geometry":{"type":"LineString","coordinates":[[116.41053630200007,1.130931593737338],[116.41103629000008,1.1495606737165893],[116.41764487300009,1.1563749577090443],[116.4181225320001,1.1652334986991628],[116.41008978700008,1.1825494296798786]]}},{"type":"Feature","properties":{"name":null,"cls":"tertiary","km":6.58},"geometry":{"type":"LineString","coordinates":[[115.63076214500006,1.2051565696547102],[115.61953130800009,1.228106138629169],[115.60381495200012,1.2445183386109873],[115.60269551800002,1.254263260600108]]}},{"type":"Feature","properties":{"name":null,"cls":"tertiary","km":6.58},"geometry":{"type":"LineString","coordinates":[[116.48253199400007,0.49031147045195556],[116.47836736500005,0.47986244746364615],[116.46458725800007,0.4774505214663248],[116.46088333500005,0.48982426745254426],[116.4434453660001,0.4886479804538313]]}},{"type":"Feature","properties":{"name":null,"cls":"tertiary","km":6.55},"geometry":{"type":"LineString","coordinates":[[116.44907083800003,1.5073355083189828],[116.46314420500005,1.4900357143381322],[116.45545376200006,1.4903247933378345],[116.43335496100008,1.4757683123539902]]}},{"type":"Feature","properties":{"name":null,"cls":"tertiary","km":6.53},"geometry":{"type":"LineString","coordinates":[[116.31714422400013,1.2240439146336766],[116.26466463800013,1.240707717615176]]}},{"type":"Feature","properties":{"name":null,"cls":"tertiary","km":6.51},"geometry":{"type":"LineString","coordinates":[[116.26475383100002,0.985105212899783],[116.2672771340001,0.9796434219058493],[116.27399652100007,0.9800750849053973],[116.2751821060001,0.9729672989133268],[116.29036340300001,0.9670894619198644],[116.30082044000005,0.9506785089381428]]}},{"type":"Feature","properties":{"name":null,"cls":"tertiary","km":6.51},"geometry":{"type":"LineString","coordinates":[[115.97566195800005,0.9419374739478743],[115.99235003100011,0.9264255239651946],[115.9904314480001,0.9119516119813068],[116.00418351700011,0.9047281899894047]]}},{"type":"Feature","properties":{"name":null,"cls":"tertiary","km":6.49},"geometry":{"type":"LineString","coordinates":[[117.04464108,0.1886676457890942],[117.07142614900012,0.19573325278122092],[117.0796168610001,0.20217369577400127],[117.09452082200006,0.19598896378091113]]}},{"type":"Feature","properties":{"name":null,"cls":"tertiary","km":6.49},"geometry":{"type":"LineString","coordinates":[[115.9053176320001,0.28820653867779816],[115.9160872120001,0.27391069569380083],[115.93098809700008,0.26621665170236625],[115.93565399400005,0.244995686726114]]}},{"type":"Feature","properties":{"name":null,"cls":"tertiary","km":6.48},"geometry":{"type":"LineString","coordinates":[[116.05999666100001,0.24251225472891286],[116.05395098600002,0.2744237306932691],[116.03643560500005,0.2855805696807502]]}},{"type":"Feature","properties":{"name":null,"cls":"tertiary","km":6.46},"geometry":{"type":"LineString","coordinates":[[117.01910564800005,0.04193002895318828],[117.02014716300003,0.07162187091998526],[117.04656161900004,0.07674670591423655]]}},{"type":"Feature","properties":{"name":null,"cls":"tertiary","km":6.46},"geometry":{"type":"LineString","coordinates":[[115.43953707700008,0.7051191692120636],[115.44534488200009,0.7328679571811214],[115.42722493300005,0.7554079511559558]]}},{"type":"Feature","properties":{"name":null,"cls":"tertiary","km":6.43},"geometry":{"type":"LineString","coordinates":[[114.08713141900012,0.8939239340014301],[114.09502059400006,0.8907793200049325],[114.10261891800008,0.8767155160206233],[114.11543120200008,0.8670541030313705],[114.1308243530001,0.8611254140380036]]}},{"type":"Feature","properties":{"name":null,"cls":"tertiary","km":6.38},"geometry":{"type":"LineString","coordinates":[[115.94590451300009,0.7640228201463085],[115.95371602400009,0.8168618120873922]]}},{"type":"Feature","properties":{"name":null,"cls":"tertiary","km":6.37},"geometry":{"type":"LineString","coordinates":[[115.34485007700005,0.7762434141327135],[115.32603371500011,0.8015108741044817],[115.32677836200003,0.8127453400919716],[115.31700766300003,0.8216681070819878]]}},{"type":"Feature","properties":{"name":null,"cls":"tertiary","km":6.35},"geometry":{"type":"LineString","coordinates":[[116.05495957100004,0.23715050673488552],[116.04914364900003,0.23108878774167502],[116.05011678300002,0.21780446575657392],[116.05985274100009,0.2046160647712828],[116.06129920600006,0.19042201078714022]]}},{"type":"Feature","properties":{"name":null,"cls":"tertiary","km":6.34},"geometry":{"type":"LineString","coordinates":[[115.93464594200007,0.6655108812563033],[115.94051504100004,0.6760228272445654],[115.93717804500012,0.6828235582369548],[115.91222251900001,0.6881713802310265],[115.9052869420001,0.6953338772229881]]}},{"type":"Feature","properties":{"name":null,"cls":"tertiary","km":6.34},"geometry":{"type":"LineString","coordinates":[[114.2970402850001,1.124671554744341],[114.29346370600003,1.1397634267275172],[114.29766900200002,1.145298391721366],[114.29271727200012,1.1523755977134629],[114.29534780000006,1.1714055066922466]]}},{"type":"Feature","properties":{"name":null,"cls":"tertiary","km":6.33},"geometry":{"type":"LineString","coordinates":[[114.72856907200003,0.8287220310741426],[114.73672956900009,0.8401223120614513],[114.75095022400001,0.8416965800597154],[114.7601223030001,0.863210192035671]]}},{"type":"Feature","properties":{"name":null,"cls":"tertiary","km":6.31},"geometry":{"type":"LineString","coordinates":[[115.81765717200007,0.13648225484742893],[115.82978102900006,0.14362389683945037],[115.82867862600007,0.15412842982772318],[115.84326457200007,0.1659550578144961],[115.84361070700005,0.17382192280570394]]}},{"type":"Feature","properties":{"name":null,"cls":"tertiary","km":6.31},"geometry":{"type":"LineString","coordinates":[[116.3202925270001,0.8455645120553618],[116.29863520100002,0.8312094490713775],[116.28948579800009,0.8353468770667781],[116.2793729010001,0.852018592048158]]}},{"type":"Feature","properties":{"name":null,"cls":"tertiary","km":6.3},"geometry":{"type":"LineString","coordinates":[[116.40677529600008,0.7529532361586926],[116.41463510200002,0.7482736351638992],[116.41221059100008,0.7382634331750593],[116.41934856800005,0.734387985179408],[116.41969796600006,0.7239108681911214],[116.42497828,0.7215329401937369]]}},{"type":"Feature","properties":{"name":null,"cls":"tertiary","km":6.3},"geometry":{"type":"LineString","coordinates":[[115.11763231000008,0.6118387133162392],[115.12004508700012,0.6451788232789668],[115.10323455600007,0.6596022142629052]]}},{"type":"Feature","properties":{"name":null,"cls":"tertiary","km":6.29},"geometry":{"type":"LineString","coordinates":[[116.268760455,1.6021013762138296],[116.28467222600011,1.6027110992131868],[116.29134987900011,1.5978613812185758],[116.29823665800006,1.581798332236352],[116.29625691600005,1.5708047782485934]]}},{"type":"Feature","properties":{"name":null,"cls":"tertiary","km":6.26},"geometry":{"type":"LineString","coordinates":[[115.68857604800006,0.5018709204390449],[115.6790303340001,0.48998877845232813],[115.64117420500007,0.4869335814557685]]}},{"type":"Feature","properties":{"name":null,"cls":"tertiary","km":6.26},"geometry":{"type":"LineString","coordinates":[[114.8569875700001,0.8087300020964632],[114.84454819800008,0.8007628981053678],[114.84750447000012,0.7805219491279207],[114.84299573400006,0.7630662701474119]]}},{"type":"Feature","properties":{"name":null,"cls":"tertiary","km":6.25},"geometry":{"type":"LineString","coordinates":[[116.17395188100011,0.22601236274735045],[116.18052794200001,0.2044535547714451],[116.16520421900009,0.17663242480256633]]}},{"type":"Feature","properties":{"name":null,"cls":"tertiary","km":6.24},"geometry":{"type":"LineString","coordinates":[[115.64991399200007,0.6161717253114051],[115.6652714390001,0.6116861653163985],[115.67645989000006,0.6237671533029266],[115.67533753500005,0.6325242372930953],[115.68629489400006,0.6352993862900218]]}},{"type":"Feature","properties":{"name":null,"cls":"tertiary","km":6.23},"geometry":{"type":"LineString","coordinates":[[116.20545337100009,0.30870918065487624],[116.18505237700003,0.31458700564836045],[116.17977418200009,0.32607145263552656],[116.18055251000011,0.34129587761847263]]}},{"type":"Feature","properties":{"name":null,"cls":"tertiary","km":6.22},"geometry":{"type":"LineString","coordinates":[[116.32040692200007,0.8495653480508903],[116.30493380000007,0.8625420990364321],[116.29429347200006,0.8585832200408504],[116.27827712800003,0.8619138710371469]]}},{"type":"Feature","properties":{"name":null,"cls":"tertiary","km":6.21},"geometry":{"type":"LineString","coordinates":[[116.50210977800009,0.6460867672779761],[116.47990869700003,0.6568646852659702],[116.47286621500007,0.6504511282731074],[116.46873899300012,0.6521136942712433]]}},{"type":"Feature","properties":{"name":null,"cls":"tertiary","km":6.18},"geometry":{"type":"LineString","coordinates":[[115.13181839300013,0.7061294712109561],[115.14550165100002,0.7595843031512955]]}},{"type":"Feature","properties":{"name":null,"cls":"tertiary","km":6.16},"geometry":{"type":"LineString","coordinates":[[115.57675467500009,1.538048189284865],[115.53648892700006,1.5135855013120416]]}},{"type":"Feature","properties":{"name":null,"cls":"tertiary","km":6.16},"geometry":{"type":"LineString","coordinates":[[116.49723861900009,0.40025300855259455],[116.49519684800009,0.41722375053361854],[116.47399769100002,0.44738577949992514]]}},{"type":"Feature","properties":{"name":null,"cls":"tertiary","km":6.15},"geometry":{"type":"LineString","coordinates":[[116.28082966800004,0.6529737202702836],[116.2689183010001,0.6601854212622458],[116.2622348750001,0.6744213102463391]]}},{"type":"Feature","properties":{"name":null,"cls":"tertiary","km":6.13},"geometry":{"type":"LineString","coordinates":[[115.8093609120001,0.6928695702257812],[115.79884327900004,0.708453273208313],[115.78178186000002,0.716838638199018],[115.76610661300003,0.7154371802005622]]}},{"type":"Feature","properties":{"name":null,"cls":"tertiary","km":6.12},"geometry":{"type":"LineString","coordinates":[[116.17153453800007,1.232750340624028],[116.14670332100002,1.2286072986286256],[116.132250182,1.2093797486500069]]}},{"type":"Feature","properties":{"name":null,"cls":"tertiary","km":6.12},"geometry":{"type":"LineString","coordinates":[[115.84123191600008,1.079170824794982],[115.81947978900007,1.0567525508199365],[115.80179128700003,1.0642812108115516]]}},{"type":"Feature","properties":{"name":null,"cls":"tertiary","km":6.12},"geometry":{"type":"LineString","coordinates":[[116.14139586600005,0.9650975559220583],[116.12462292500004,0.9691550659175211],[116.11539272100005,0.9642792539229968],[116.0900081540001,0.9669832739200301]]}},{"type":"Feature","properties":{"name":null,"cls":"tertiary","km":6.07},"geometry":{"type":"LineString","coordinates":[[116.47046925200003,1.5151125643103232],[116.47900573600009,1.5158549383095326],[116.47900991600011,1.5350598912881896],[116.48613101100011,1.5409291632816775],[116.47919650100005,1.5547440582664165]]}},{"type":"Feature","properties":{"name":null,"cls":"tertiary","km":6.07},"geometry":{"type":"LineString","coordinates":[[115.093393332,0.7087260762080562],[115.10091045500008,0.7352821281784062],[115.09714996200013,0.745288288167247],[115.08489029100008,0.7546866101567645]]}},{"type":"Feature","properties":{"name":null,"cls":"tertiary","km":6.06},"geometry":{"type":"LineString","coordinates":[[116.37705745000005,0.555195302379527],[116.37703964800006,0.5869954453439878],[116.38337503100003,0.5950880493349433],[116.37773079800002,0.6017101463275477]]}},{"type":"Feature","properties":{"name":null,"cls":"tertiary","km":6.05},"geometry":{"type":"LineString","coordinates":[[115.80774872900008,0.15269174182932183],[115.82195579800009,0.16337594881737239],[115.8390281610001,0.1890621827886428]]}},{"type":"Feature","properties":{"name":null,"cls":"tertiary","km":6.05},"geometry":{"type":"LineString","coordinates":[[116.13878532300009,0.7226486291925178],[116.124855936,0.7188205021967949],[116.10647719300005,0.7279918151865618],[116.08908295500011,0.7257874441890201]]}},{"type":"Feature","properties":{"name":null,"cls":"tertiary","km":6.05},"geometry":{"type":"LineString","coordinates":[[114.29282282800011,1.2259570996316167],[114.30042800100013,1.222906678635013],[114.30077731900008,1.228376245628879],[114.3119148080001,1.2369248846194034],[114.33370934100003,1.2400334966159456]]}},{"type":"Feature","properties":{"name":null,"cls":"tertiary","km":6.03},"geometry":{"type":"LineString","coordinates":[[116.59609102200011,0.8872755030088496],[116.61726205400011,0.8904988240052844],[116.62344656000005,0.9083674069853129],[116.62913718400011,0.9069892659868227]]}},{"type":"Feature","properties":{"name":null,"cls":"tertiary","km":6.02},"geometry":{"type":"LineString","coordinates":[[116.18072688600012,0.6447898362794654],[116.18023230800009,0.6523585252709794],[116.19489333000001,0.6602731262621196],[116.20189725600007,0.6740506792467764]]}},{"type":"Feature","properties":{"name":null,"cls":"tertiary","km":6.02},"geometry":{"type":"LineString","coordinates":[[115.15822649700011,0.9641325619231446],[115.18075814900011,0.9607237229269358],[115.21021444100005,0.9677926079191157]]}},{"type":"Feature","properties":{"name":null,"cls":"tertiary","km":6.0},"geometry":{"type":"LineString","coordinates":[[116.65033595500006,0.8134694230911765],[116.63036304900004,0.8195753490843435],[116.62890777800011,0.8339185000683224],[116.61845763700002,0.8297442840730166]]}},{"type":"Feature","properties":{"name":null,"cls":"tertiary","km":5.99},"geometry":{"type":"LineString","coordinates":[[115.8682924530001,1.1329023317351705],[115.88148007500001,1.1149364377551714],[115.91072824800005,1.108726297762092]]}},{"type":"Feature","properties":{"name":null,"cls":"tertiary","km":5.97},"geometry":{"type":"LineString","coordinates":[[116.40546833500002,0.5221159904164117],[116.41847000200005,0.5303012594073044],[116.43977315600013,0.5272004644107141],[116.44681242200012,0.5319507604054945]]}},{"type":"Feature","properties":{"name":null,"cls":"tertiary","km":5.96},"geometry":{"type":"LineString","coordinates":[[116.40863442900002,0.9021254469922675],[116.39287894400002,0.8946052150006998],[116.36878640600004,0.9100688399834352]]}},{"type":"Feature","properties":{"name":null,"cls":"tertiary","km":5.96},"geometry":{"type":"LineString","coordinates":[[116.35045599900002,0.26829076870008867],[116.34948572100005,0.2611515097080938],[116.3307046320001,0.24648818972443468],[116.31944958300005,0.24710962472379727],[116.31094917500002,0.24168519672983446]]}},{"type":"Feature","properties":{"name":null,"cls":"tertiary","km":5.95},"geometry":{"type":"LineString","coordinates":[[115.72625784800006,0.38763388656669334],[115.73229967800012,0.38566882356888255],[115.73308223600009,0.37816173057729396],[115.71609987100008,0.37269556158340345],[115.70085738600007,0.3596928285979326]]}},{"type":"Feature","properties":{"name":null,"cls":"tertiary","km":5.95},"geometry":{"type":"LineString","coordinates":[[115.83898419600008,0.5449406453909369],[115.8418866950001,0.5344137834026739],[115.85194370400008,0.525687295412454],[115.85830258300007,0.4999612564411921]]}},{"type":"Feature","properties":{"name":null,"cls":"tertiary","km":5.94},"geometry":{"type":"LineString","coordinates":[[117.14263425100012,0.22539612174806425],[117.154291026,0.22633753574701046],[117.1675044420001,0.24536462272575377]]}},{"type":"Feature","properties":{"name":null,"cls":"tertiary","km":5.94},"geometry":{"type":"LineString","coordinates":[[116.43964995200008,0.3977777575554065],[116.42862644500008,0.3631439515940652],[116.4168078240001,0.3542825596039801]]}},{"type":"Feature","properties":{"name":null,"cls":"tertiary","km":5.94},"geometry":{"type":"LineString","coordinates":[[114.41631478800004,1.1771361686859325],[114.45065864300012,1.1793909416833914],[114.45615849,1.1902013086713525]]}},{"type":"Feature","properties":{"name":null,"cls":"tertiary","km":5.92},"geometry":{"type":"LineString","coordinates":[[116.04952047900008,0.7495822591624748],[116.05951988200002,0.7459716931664779],[116.07276408000008,0.7210179661943198],[116.07239750300006,0.7087806092079483]]}},{"type":"Feature","properties":{"name":null,"cls":"tertiary","km":5.92},"geometry":{"type":"LineString","coordinates":[[114.86940824400004,0.8678466470305365],[114.87575658000004,0.8522828270478708],[114.87203916400006,0.8397713740618196],[114.88003019700012,0.8202934740835531]]}},{"type":"Feature","properties":{"name":null,"cls":"tertiary","km":5.9},"geometry":{"type":"LineString","coordinates":[[115.35035428200001,0.833442943068907],[115.31637367300004,0.872785183025016]]}},{"type":"Feature","properties":{"name":null,"cls":"tertiary","km":5.89},"geometry":{"type":"LineString","coordinates":[[115.67622355800006,0.8176886340864363],[115.70177257500008,0.8072789400980869],[115.71784018300002,0.7889842871184772]]}},{"type":"Feature","properties":{"name":null,"cls":"tertiary","km":5.87},"geometry":{"type":"LineString","coordinates":[[116.43551804200001,0.4098596235418348],[116.43956868000011,0.4118989885396115],[116.43811270000003,0.417657555533163],[116.42985903800003,0.4210824245293423],[116.43698753200012,0.43016992451913827],[116.43877430000009,0.44720834550009697]]}},{"type":"Feature","properties":{"name":null,"cls":"tertiary","km":5.86},"geometry":{"type":"LineString","coordinates":[[116.5283116290001,1.4783657303510997],[116.5398191150001,1.484299351344501],[116.5459115330001,1.4935891663341783],[116.54514384299999,1.5056691413207821],[116.55266749100008,1.5130199623126033],[116.55660458700005,1.511074914314807]]}},{"type":"Feature","properties":{"name":null,"cls":"tertiary","km":5.86},"geometry":{"type":"LineString","coordinates":[[115.96717681100006,0.8074951970978135],[115.96616560900009,0.7856732191221645],[115.95301094800006,0.761471975149198]]}},{"type":"Feature","properties":{"name":null,"cls":"tertiary","km":5.85},"geometry":{"type":"LineString","coordinates":[[116.30148167300003,1.6844573281226192],[116.29956444200003,1.6930988351130252],[116.34021820600003,1.6859398731209811]]}},{"type":"Feature","properties":{"name":null,"cls":"tertiary","km":5.85},"geometry":{"type":"LineString","coordinates":[[116.33359819500004,1.6031217702127436],[116.33838552700001,1.6077468232075975],[116.33797554700004,1.6178113031964205],[116.3468212880001,1.6245562341889692],[116.34467390700001,1.6348460931775914],[116.3484607580001,1.6421117951695035]]}},{"type":"Feature","properties":{"name":null,"cls":"tertiary","km":5.85},"geometry":{"type":"LineString","coordinates":[[115.87864937400002,9.998099996436565e-05],[115.87054282000007,0.009732964989203452],[115.85437382700003,0.015200714983061789],[115.85840676500004,0.0020261919978055397],[115.86395994300007,4.785819272944334e-14]]}},{"type":"Feature","properties":{"name":null,"cls":"tertiary","km":5.84},"geometry":{"type":"LineString","coordinates":[[116.34624312100004,1.4696461803607757],[116.35902920100011,1.479106789350285],[116.36712464500009,1.510575518315341]]}},{"type":"Feature","properties":{"name":null,"cls":"tertiary","km":5.84},"geometry":{"type":"LineString","coordinates":[[116.32527658700008,1.2335802826230802],[116.34499004200006,1.2445526196108985],[116.34377948800011,1.2333488656233793],[116.3521452660001,1.2190480186392934]]}},{"type":"Feature","properties":{"name":null,"cls":"tertiary","km":5.83},"geometry":{"type":"LineString","coordinates":[[116.97718185200007,0.3699459465865009],[117.00086069500004,0.3735469595824269],[117.01944854600002,0.39155969156233045]]}},{"type":"Feature","properties":{"name":null,"cls":"tertiary","km":5.83},"geometry":{"type":"LineString","coordinates":[[116.21267797100006,0.9401437299498739],[116.19086656600007,0.9543871009340481],[116.18302254800004,0.9761493179097863]]}},{"type":"Feature","properties":{"name":null,"cls":"tertiary","km":5.82},"geometry":{"type":"LineString","coordinates":[[115.81963737300009,0.7660692371440534],[115.82726949800006,0.7629409801475406],[115.834930825,0.7428300331700243],[115.84983125800012,0.7283463401861017]]}},{"type":"Feature","properties":{"name":null,"cls":"tertiary","km":5.81},"geometry":{"type":"LineString","coordinates":[[115.80382630000008,0.17637345180287584],[115.81434088700007,0.18124231579744035],[115.82786452000005,0.20960707776565607]]}},{"type":"Feature","properties":{"name":null,"cls":"tertiary","km":5.81},"geometry":{"type":"LineString","coordinates":[[115.92360386500002,1.1513277867146403],[115.94761139700007,1.1639044857006218],[115.94013145200007,1.1859317946761057]]}},{"type":"Feature","properties":{"name":null,"cls":"tertiary","km":5.81},"geometry":{"type":"LineString","coordinates":[[116.29702521600008,1.779628868017286],[116.32596913100008,1.770951628026876],[116.34020195900008,1.7572304660420337]]}},{"type":"Feature","properties":{"name":null,"cls":"tertiary","km":5.81},"geometry":{"type":"LineString","coordinates":[[116.023606372,0.0857694139041055],[116.00809941600006,0.09365867189531965],[115.99177845700001,0.09539354289338561],[115.98387827800002,0.10736324988000884]]}},{"type":"Feature","properties":{"name":null,"cls":"tertiary","km":5.79},"geometry":{"type":"LineString","coordinates":[[115.57893531500007,1.2305674326264509],[115.60249656700012,1.2136259236453169],[115.60683628299999,1.1970404106637522]]}},{"type":"Feature","properties":{"name":null,"cls":"tertiary","km":5.79},"geometry":{"type":"LineString","coordinates":[[115.7624754730001,0.32344662063846075],[115.76630252500003,0.3456309086136317],[115.77328076300013,0.3545803006036699],[115.75793510000005,0.3576346016002455]]}},{"type":"Feature","properties":{"name":null,"cls":"tertiary","km":5.78},"geometry":{"type":"LineString","coordinates":[[115.65444559800005,0.593881993336307],[115.61752782400005,0.5886707923421334],[115.6064937120001,0.5946435643354446]]}},{"type":"Feature","properties":{"name":null,"cls":"tertiary","km":5.78},"geometry":{"type":"LineString","coordinates":[[116.16466860600008,0.9864535568982656],[116.16777993400001,0.9691312599175633],[116.15130022900007,0.9410666429488826]]}},{"type":"Feature","properties":{"name":null,"cls":"tertiary","km":5.77},"geometry":{"type":"LineString","coordinates":[[116.2468208040001,1.0096465668724537],[116.26179996000009,1.0073957378749634],[116.27157325400005,0.9992371958840525],[116.29440488800003,1.0019029008810607]]}},{"type":"Feature","properties":{"name":null,"cls":"tertiary","km":5.77},"geometry":{"type":"LineString","coordinates":[[116.45465813400006,1.612245613202634],[116.46506384700001,1.6137935102008905],[116.48857366400011,1.6281110191850372],[116.4932957740001,1.6242896601892474]]}},{"type":"Feature","properties":{"name":null,"cls":"tertiary","km":5.75},"geometry":{"type":"LineString","coordinates":[[115.57056950800008,1.221780781636235],[115.56411352000009,1.2124977466465459],[115.56383339300011,1.198334043662301],[115.57978790000004,1.1894697826721954]]}},{"type":"Feature","properties":{"name":null,"cls":"tertiary","km":5.7},"geometry":{"type":"LineString","coordinates":[[116.14710693500001,1.26692705258603],[116.17147205800005,1.2458132066095182],[116.17161381000004,1.2379791386182124]]}},{"type":"Feature","properties":{"name":null,"cls":"tertiary","km":5.69},"geometry":{"type":"LineString","coordinates":[[115.46647668900005,0.6890478812300318],[115.45819302200005,0.7037733492136116],[115.45520804900003,0.7370904141764157]]}},{"type":"Feature","properties":{"name":null,"cls":"tertiary","km":5.68},"geometry":{"type":"LineString","coordinates":[[115.66331683700002,0.5698936083631123],[115.63978569500013,0.5848075263464207],[115.6187157600001,0.5888144483419243]]}},{"type":"Feature","properties":{"name":null,"cls":"tertiary","km":5.66},"geometry":{"type":"LineString","coordinates":[[114.7648953150001,1.553290210267972],[114.77505647600003,1.5504558832711721],[114.79747290500005,1.5674611522522737],[114.80724710100003,1.5673180862524254]]}},{"type":"Feature","properties":{"name":null,"cls":"tertiary","km":5.65},"geometry":{"type":"LineString","coordinates":[[116.90616009600002,1.4992119663279853],[116.87833521800006,1.506574111319792],[116.8700184280001,1.5045874033220348],[116.86001119100001,1.5117226273141389]]}},{"type":"Feature","properties":{"name":null,"cls":"tertiary","km":5.65},"geometry":{"type":"LineString","coordinates":[[114.7654453240001,1.581244649236943],[114.77630283300003,1.5885362602288993],[114.76890306200005,1.603045820212836],[114.77248583600012,1.6214856741923265]]}},{"type":"Feature","properties":{"name":null,"cls":"tertiary","km":5.64},"geometry":{"type":"LineString","coordinates":[[116.11137029300005,1.1850919796770534],[116.10365531500008,1.190475107671071],[116.07595441100011,1.1925223866687888],[116.06532467000012,1.1985298836621097]]}},{"type":"Feature","properties":{"name":null,"cls":"tertiary","km":5.64},"geometry":{"type":"LineString","coordinates":[[115.96863554200002,0.9626508289247866],[115.96436394500006,0.9719720119143855],[115.95285653800009,0.9772138389085655],[115.952124303,0.9859615908988267],[115.96270540000012,0.9995642648836505]]}},{"type":"Feature","properties":{"name":null,"cls":"tertiary","km":5.63},"geometry":{"type":"LineString","coordinates":[[115.52799451700002,1.2133057716456628],[115.54454674900002,1.1956376286652912],[115.55409052900006,1.1939785386671629],[115.55554280700005,1.183275280679104]]}},{"type":"Feature","properties":{"name":null,"cls":"tertiary","km":5.63},"geometry":{"type":"LineString","coordinates":[[114.42126750800003,1.227335636630074],[114.42178728600004,1.2366187026197122],[114.42847962000008,1.243511909612065],[114.45049866500005,1.2356991906207069]]}},{"type":"Feature","properties":{"name":null,"cls":"tertiary","km":5.62},"geometry":{"type":"LineString","coordinates":[[115.62729453200005,1.2466494466085494],[115.65595064900005,1.2672615295856375],[115.65677506700001,1.2804447095709615]]}},{"type":"Feature","properties":{"name":null,"cls":"tertiary","km":5.6},"geometry":{"type":"LineString","coordinates":[[116.26697897300005,0.5374212143993371],[116.25034626200012,0.5233420664150852],[116.24241503100005,0.5252491964129341],[116.22740887200008,0.5198997304189218]]}},{"type":"Feature","properties":{"name":null,"cls":"tertiary","km":5.6},"geometry":{"type":"LineString","coordinates":[[115.98052099000007,1.3146426005329745],[115.9705629780001,1.3105369825375663],[115.93659803000003,1.3232635685233922]]}},{"type":"Feature","properties":{"name":null,"cls":"tertiary","km":5.58},"geometry":{"type":"LineString","coordinates":[[116.37299942400011,1.1227371217464681],[116.37633159900008,1.1172637337525602],[116.39585606100002,1.1134186147568326],[116.41477586100005,1.101691218769884]]}},{"type":"Feature","properties":{"name":null,"cls":"tertiary","km":5.58},"geometry":{"type":"LineString","coordinates":[[116.76617074700005,0.24010540373163322],[116.7712190000001,0.24293299972843538],[116.77715669800011,0.2627399387062875],[116.772574082,0.2806222586862898]]}},{"type":"Feature","properties":{"name":null,"cls":"tertiary","km":5.57},"geometry":{"type":"LineString","coordinates":[[116.31577723700003,0.640807710283852],[116.32290133700009,0.6785873752417074]]}},{"type":"Feature","properties":{"name":null,"cls":"tertiary","km":5.56},"geometry":{"type":"LineString","coordinates":[[115.62025208500006,0.42895266852054337],[115.6370081440001,0.38476706656988124]]}},{"type":"Feature","properties":{"name":null,"cls":"tertiary","km":5.55},"geometry":{"type":"LineString","coordinates":[[116.5170073270001,0.6077447733207844],[116.53209216100004,0.5799374963518602],[116.54765000700002,0.5813426953502682]]}},{"type":"Feature","properties":{"name":null,"cls":"tertiary","km":5.55},"geometry":{"type":"LineString","coordinates":[[116.01888501200006,0.12266418786289339],[116.02043396900002,0.12799451485697047],[116.02902750900013,0.12900381585578807],[116.03900929200007,0.12065538586517047],[116.05046156200001,0.12625691085885693],[116.05763731300009,0.12395918486146414]]}},{"type":"Feature","properties":{"name":null,"cls":"tertiary","km":5.55},"geometry":{"type":"LineString","coordinates":[[114.8758627740001,0.8893996130064781],[114.8451408740001,0.879539020017447],[114.83194803700007,0.8837507740128012]]}},{"type":"Feature","properties":{"name":null,"cls":"tertiary","km":5.55},"geometry":{"type":"LineString","coordinates":[[115.20820238900001,0.7482358141639501],[115.21270245400001,0.756335984154887],[115.20975313100007,0.769534665140148],[115.22159332700005,0.7797080811288699],[115.2213629470001,0.789929274117399]]}},{"type":"Feature","properties":{"name":null,"cls":"tertiary","km":5.54},"geometry":{"type":"LineString","coordinates":[[116.29211279000003,1.5636860812564588],[116.31438731900005,1.5489368592728348],[116.31471804000013,1.5444157932777844],[116.30026722400008,1.5364777272866332]]}},{"type":"Feature","properties":{"name":null,"cls":"tertiary","km":5.53},"geometry":{"type":"LineString","coordinates":[[115.99270281400003,0.3064471526574138],[115.99338932600007,0.3179628856445459],[115.97089929900005,0.34510316561423676]]}},{"type":"Feature","properties":{"name":null,"cls":"tertiary","km":5.52},"geometry":{"type":"LineString","coordinates":[[114.80697723243372,0.7414737465218489],[114.78551121500004,0.7579786991530587],[114.77343591700003,0.7593420881515621],[114.76563887200007,0.7544153111570799]]}},{"type":"Feature","properties":{"name":null,"cls":"tertiary","km":5.52},"geometry":{"type":"LineString","coordinates":[[116.91633849200004,1.5171756023080298],[116.94368743200003,1.5427376902796839],[116.95455629700007,1.5422770782802206]]}},{"type":"Feature","properties":{"name":null,"cls":"tertiary","km":5.52},"geometry":{"type":"LineString","coordinates":[[115.13638944300011,0.7032349952141571],[115.15678800500007,0.712248757204129],[115.16102100800003,0.7224358511927701],[115.15983204600002,0.738275517175035]]}},{"type":"Feature","properties":{"name":null,"cls":"tertiary","km":5.51},"geometry":{"type":"LineString","coordinates":[[115.61705475300005,0.496573620444988],[115.61089545100005,0.5005645284404743],[115.60597638099999,0.5407458493956363]]}},{"type":"Feature","properties":{"name":null,"cls":"tertiary","km":5.5},"geometry":{"type":"LineString","coordinates":[[116.19982457100004,0.0676880729243854],[116.21733011700009,0.10903089687810688]]}},{"type":"Feature","properties":{"name":null,"cls":"tertiary","km":5.49},"geometry":{"type":"LineString","coordinates":[[114.27471063700013,0.940517335949501],[114.25428584800011,0.9697643419168954],[114.25690874200006,0.9807853349046048]]}},{"type":"Feature","properties":{"name":null,"cls":"tertiary","km":5.46},"geometry":{"type":"LineString","coordinates":[[116.24888072400006,1.0761832807983094],[116.2462359450001,1.0684755938069146],[116.22449191900013,1.0496824828278453],[116.22080704700011,1.0388348718399256]]}},{"type":"Feature","properties":{"name":null,"cls":"tertiary","km":5.46},"geometry":{"type":"LineString","coordinates":[[116.2192547640001,0.4563637694898852],[116.23554003600009,0.4646269134806906],[116.24293323900008,0.44038536050774774]]}},{"type":"Feature","properties":{"name":null,"cls":"tertiary","km":5.46},"geometry":{"type":"LineString","coordinates":[[116.21147178200012,0.0376681939579383],[116.21627749100001,0.04376863995111263],[116.22437388700007,0.03930377195611742],[116.22951583900011,0.04807514194632229],[116.21923746700008,0.06331547092925752]]}},{"type":"Feature","properties":{"name":null,"cls":"tertiary","km":5.45},"geometry":{"type":"LineString","coordinates":[[116.502570836,0.4409313015071339],[116.5107056070001,0.44242194350548314],[116.52715412600004,0.4341909635146476],[116.5454991150001,0.4412734455067487]]}},{"type":"Feature","properties":{"name":null,"cls":"tertiary","km":5.44},"geometry":{"type":"LineString","coordinates":[[116.72401947700008,0.8742079030234323],[116.71806610200008,0.8841391360123444],[116.71376082600013,0.9203318389719864]]}},{"type":"Feature","properties":{"name":null,"cls":"tertiary","km":5.43},"geometry":{"type":"LineString","coordinates":[[114.25540175700009,1.1494589187166875],[114.25265900500006,1.1676822416964268],[114.24047331700001,1.1823969586800653],[114.23327075200007,1.1828359326795495]]}},{"type":"Feature","properties":{"name":null,"cls":"tertiary","km":5.43},"geometry":{"type":"LineString","coordinates":[[114.42406569700006,0.585894632345201],[114.43846925500009,0.5633804643703086],[114.45902796300004,0.5597227813744219]]}},{"type":"Feature","properties":{"name":null,"cls":"tertiary","km":5.42},"geometry":{"type":"LineString","coordinates":[[114.36023204300011,1.1786227076842333],[114.34586850800008,1.204255141655757],[114.34273697800006,1.2199759626382825]]}},{"type":"Feature","properties":{"name":null,"cls":"tertiary","km":5.4},"geometry":{"type":"LineString","coordinates":[[116.12634083300007,1.5989605572173167],[116.12010493600008,1.6321777751805178],[116.113792321,1.6430149931685367]]}},{"type":"Feature","properties":{"name":null,"cls":"tertiary","km":5.39},"geometry":{"type":"LineString","coordinates":[[116.3398742920001,1.5803578642379565],[116.35596802200007,1.5722847002469031],[116.3634857610001,1.5558869452650879],[116.36228001300005,1.5447821332774363]]}},{"type":"Feature","properties":{"name":null,"cls":"tertiary","km":5.38},"geometry":{"type":"LineString","coordinates":[[116.02690159100008,0.08577931290413192],[116.02242544,0.10095971388716211],[116.00884626800008,0.11033247587668314],[116.0098482730001,0.1253992908598519]]}},{"type":"Feature","properties":{"name":null,"cls":"tertiary","km":5.37},"geometry":{"type":"LineString","coordinates":[[116.22169794000003,1.3628978474793267],[116.22453833400004,1.3450462264991687],[116.23915012300006,1.3322450565134374],[116.24823617100002,1.3307764115150134]]}},{"type":"Feature","properties":{"name":null,"cls":"tertiary","km":5.36},"geometry":{"type":"LineString","coordinates":[[114.23680302900004,0.6807306932393028],[114.2219770580001,0.6736585472472152],[114.21828111600007,0.6576707782650761],[114.20456516500008,0.6533970222697902]]}},{"type":"Feature","properties":{"name":null,"cls":"tertiary","km":5.35},"geometry":{"type":"LineString","coordinates":[[116.30662871000004,1.1811819136813784],[116.29334377900011,1.1744062936889486],[116.27433466800005,1.1752540656879726],[116.26975034200005,1.187345378674592]]}},{"type":"Feature","properties":{"name":null,"cls":"tertiary","km":5.34},"geometry":{"type":"LineString","coordinates":[[114.99978193900006,0.8758370910215791],[114.980508697,0.8672903460311274],[114.96734660100005,0.8721877260256512],[114.95650300400008,0.8691842120290317]]}},{"type":"Feature","properties":{"name":null,"cls":"tertiary","km":5.33},"geometry":{"type":"LineString","coordinates":[[116.24747512600005,0.7987342461075685],[116.25424165900006,0.8084046370968475],[116.25481769500003,0.8244701230789204],[116.25262211100004,0.8339787390682684],[116.24521808300005,0.8390178010626949]]}},{"type":"Feature","properties":{"name":null,"cls":"tertiary","km":5.33},"geometry":{"type":"LineString","coordinates":[[115.43121900000006,0.8937289990016647],[115.42103000700001,0.9140255529790057],[115.39908978200003,0.9248185179669501]]}},{"type":"Feature","properties":{"name":null,"cls":"tertiary","km":5.32},"geometry":{"type":"LineString","coordinates":[[116.90634444300008,0.1344476328497029],[116.91871177100006,0.14193044684134357],[116.9228359980001,0.15368687082819232],[116.93666714500011,0.16325753381749478]]}},{"type":"Feature","properties":{"name":null,"cls":"tertiary","km":5.31},"geometry":{"type":"LineString","coordinates":[[116.31557528500001,0.2501985487203475],[116.30385146300011,0.26355852670537516],[116.3060695590001,0.29127773967441184]]}},{"type":"Feature","properties":{"name":null,"cls":"tertiary","km":5.31},"geometry":{"type":"LineString","coordinates":[[116.50060948500003,0.7500176951619528],[116.50225876900004,0.7657680961443827],[116.48982241300008,0.7733896581358628]]}},{"type":"Feature","properties":{"name":null,"cls":"tertiary","km":5.31},"geometry":{"type":"LineString","coordinates":[[115.8061970130001,0.43392046551501845],[115.78650066600007,0.413732631537546],[115.77871251600003,0.4157860345352262],[115.77847106700004,0.4241528075258872]]}},{"type":"Feature","properties":{"name":null,"cls":"tertiary","km":5.3},"geometry":{"type":"LineString","coordinates":[[115.93517495900005,0.08060026790996114],[115.95306820000008,0.0756634919154356],[115.9683237600001,0.08095378490951156],[115.97687635900002,0.08936696290008893]]}},{"type":"Feature","properties":{"name":null,"cls":"tertiary","km":5.3},"geometry":{"type":"LineString","coordinates":[[116.32954349500004,0.07106574292056228],[116.31731890600008,0.0715844129199825],[116.31098074500005,0.08353165690664024],[116.29210452600013,0.08269448290758542]]}},{"type":"Feature","properties":{"name":null,"cls":"tertiary","km":5.29},"geometry":{"type":"LineString","coordinates":[[114.84666435800013,0.09981152988845646],[114.84169848700002,0.1141412788723822],[114.81391260400007,0.12063620286517375]]}},{"type":"Feature","properties":{"name":null,"cls":"tertiary","km":5.23},"geometry":{"type":"LineString","coordinates":[[115.74805975800008,0.27087686169715924],[115.74138036300008,0.269089775699203],[115.72283317900008,0.2770254436903319],[115.71868540200002,0.29508841167013183]]}},{"type":"Feature","properties":{"name":null,"cls":"tertiary","km":5.21},"geometry":{"type":"LineString","coordinates":[[116.39116018400011,0.5455363313902557],[116.38409552300006,0.5280656114097806],[116.39573121300009,0.5137829884257369]]}},{"type":"Feature","properties":{"name":null,"cls":"tertiary","km":5.19},"geometry":{"type":"LineString","coordinates":[[115.80148477300008,1.1016917947699325],[115.79726027700008,1.1110302127595024],[115.79936541000006,1.1261942877426312],[115.79324783300001,1.1338431567340976],[115.79736527700004,1.1420768887249413]]}},{"type":"Feature","properties":{"name":null,"cls":"tertiary","km":5.19},"geometry":{"type":"LineString","coordinates":[[114.71358749100011,1.1536043827121163],[114.70727732600005,1.179838643682924],[114.69485607700007,1.1897436016719254]]}},{"type":"Feature","properties":{"name":null,"cls":"tertiary","km":5.18},"geometry":{"type":"LineString","coordinates":[[115.92445271600002,0.7216782521935851],[115.922742244,0.7179994921977112],[115.91195870400007,0.7210587801943221],[115.9193975170001,0.7282483731862254],[115.93857071300012,0.7332013891807152]]}},{"type":"Feature","properties":{"name":null,"cls":"tertiary","km":5.15},"geometry":{"type":"LineString","coordinates":[[116.13554044000013,0.004909298994579892],[116.14576306000004,0.0121923009863891],[116.14655918600012,0.01816309097970454],[116.170477386,0.027377434969439743]]}},{"type":"Feature","properties":{"name":null,"cls":"tertiary","km":5.14},"geometry":{"type":"LineString","coordinates":[[114.3469913030001,0.8351189660670082],[114.33212669500006,0.8506757990496444],[114.309311406,0.8581522750413269]]}},{"type":"Feature","properties":{"name":null,"cls":"tertiary","km":5.13},"geometry":{"type":"LineString","coordinates":[[116.23075666700004,0.9097931389837174],[116.2290272140001,0.8952045259999779],[116.20136397200007,0.8907774940049775]]}},{"type":"Feature","properties":{"name":null,"cls":"tertiary","km":5.12},"geometry":{"type":"LineString","coordinates":[[115.69981872500011,0.9012309279932889],[115.68265940400009,0.8663881470321488],[115.67745465200007,0.8652425600334299]]}},{"type":"Feature","properties":{"name":null,"cls":"tertiary","km":5.11},"geometry":{"type":"LineString","coordinates":[[116.54529881500002,1.162630086702099],[116.53527916100008,1.1694395776944484],[116.528359066,1.1675191166965742],[116.51087391200008,1.1794607536833075]]}},{"type":"Feature","properties":{"name":null,"cls":"tertiary","km":5.1},"geometry":{"type":"LineString","coordinates":[[116.80047299500006,0.6996737162181427],[116.80643863900002,0.7023447062152075],[116.80805445600005,0.71081424820573],[116.79914059400005,0.7235916981914697],[116.79896981400007,0.7343787721794354]]}},{"type":"Feature","properties":{"name":null,"cls":"tertiary","km":5.1},"geometry":{"type":"LineString","coordinates":[[116.50947612600008,0.3371528336231298],[116.49188497700004,0.3469108626122217],[116.48337296200009,0.33810383262208543],[116.47369064000009,0.34355986861593735]]}},{"type":"Feature","properties":{"name":null,"cls":"tertiary","km":5.09},"geometry":{"type":"LineString","coordinates":[[116.10755365400007,0.05634184793703451],[116.09262666300003,0.08632251890350795],[116.08396994500005,0.09021991489915902]]}},{"type":"Feature","properties":{"name":null,"cls":"tertiary","km":5.08},"geometry":{"type":"LineString","coordinates":[[116.65265517400006,0.9707659539157636],[116.64039002100004,0.9685033909183176],[116.633824161,0.9700333229165714],[116.63004727600004,0.9775293989082364],[116.62514662300009,0.9754074559106237]]}},{"type":"Feature","properties":{"name":null,"cls":"tertiary","km":5.07},"geometry":{"type":"LineString","coordinates":[[116.43292260500003,1.6825048631247959],[116.40769725000006,1.6996818571057524],[116.39543754400007,1.7029215721021853]]}},{"type":"Feature","properties":{"name":null,"cls":"tertiary","km":5.06},"geometry":{"type":"LineString","coordinates":[[117.10296604000007,0.19900337977750485],[117.12830834200008,0.17994457279885745],[117.13926075000008,0.18179406479676172]]}},{"type":"Feature","properties":{"name":null,"cls":"tertiary","km":5.06},"geometry":{"type":"LineString","coordinates":[[116.31770676400002,1.2988252385505377],[116.33209231700005,1.3176877795296158],[116.32378291600004,1.3360831925091259]]}},{"type":"Feature","properties":{"name":null,"cls":"tertiary","km":5.06},"geometry":{"type":"LineString","coordinates":[[115.16121772600002,0.5573206773771403],[115.1331679660001,0.5227274864157818]]}},{"type":"Feature","properties":{"name":null,"cls":"tertiary","km":5.04},"geometry":{"type":"LineString","coordinates":[[116.12422332200002,1.064949142810807],[116.12530222100008,1.0829023887908338],[116.1145119360001,1.090592441782239],[116.11320982400004,1.1018711487697062]]}},{"type":"Feature","properties":{"name":null,"cls":"tertiary","km":5.03},"geometry":{"type":"LineString","coordinates":[[116.0510933590001,1.5455251272765973],[116.0918622480001,1.5339368492894205]]}},{"type":"Feature","properties":{"name":null,"cls":"tertiary","km":5.03},"geometry":{"type":"LineString","coordinates":[[116.1536391510001,0.05042965994365969],[116.13860677400011,0.028826485967861585],[116.12377642600006,0.02512058197197028]]}},{"type":"Feature","properties":{"name":null,"cls":"tertiary","km":5.02},"geometry":{"type":"LineString","coordinates":[[116.24608393600009,0.8044876921011761],[116.24033798300002,0.8449949040559769]]}},{"type":"Feature","properties":{"name":null,"cls":"tertiary","km":5.02},"geometry":{"type":"LineString","coordinates":[[114.29755025500003,1.045144200832906],[114.33069148100003,1.0273354668527126]]}},{"type":"Feature","properties":{"name":null,"cls":"tertiary","km":5.01},"geometry":{"type":"LineString","coordinates":[[115.95674069400003,0.240971698730635],[115.957672548,0.25669447471307094],[115.94788666900001,0.2741464946935179],[115.95041540100011,0.2814298836853917]]}},{"type":"Feature","properties":{"name":null,"cls":"tertiary","km":4.99},"geometry":{"type":"LineString","coordinates":[[116.64705476600011,1.0170738028641855],[116.63817090300007,1.0160823368652756],[116.6240116900001,1.0045637648781154],[116.61014732600006,1.0087735428734046]]}},{"type":"Feature","properties":{"name":null,"cls":"tertiary","km":4.99},"geometry":{"type":"LineString","coordinates":[[115.89855671200007,0.38541875656916047],[115.90835571600009,0.38308732357178843],[115.91397190900011,0.3732868685827026],[115.89551834000008,0.3657041005912347]]}},{"type":"Feature","properties":{"name":null,"cls":"tertiary","km":4.98},"geometry":{"type":"LineString","coordinates":[[115.64664131700012,0.779416462129182],[115.65361450800002,0.7626156681479258],[115.66107840100005,0.7631570041473129],[115.66293462600004,0.7547363981566728],[115.67011661200003,0.7494664761625877]]}},{"type":"Feature","properties":{"name":null,"cls":"tertiary","km":4.97},"geometry":{"type":"LineString","coordinates":[[116.19269413400002,1.7047374741001777],[116.18350887500003,1.7027241011023933],[116.17277872700004,1.7221308050808883],[116.16319977900002,1.7279314540744481]]}},{"type":"Feature","properties":{"name":null,"cls":"tertiary","km":4.96},"geometry":{"type":"LineString","coordinates":[[115.60348043800002,0.6431252282812576],[115.60955360800004,0.6370210432880902],[115.6055793920001,0.6037971283251847]]}},{"type":"Feature","properties":{"name":null,"cls":"tertiary","km":4.96},"geometry":{"type":"LineString","coordinates":[[115.73618735200012,0.386942609567474],[115.74547798800006,0.38668263056774244],[115.75302214700004,0.37745275457805005],[115.75896672900001,0.39880988155419367]]}},{"type":"Feature","properties":{"name":null,"cls":"tertiary","km":4.96},"geometry":{"type":"LineString","coordinates":[[116.76782651300006,0.6620127222601877],[116.77085552500013,0.6644751812574541],[116.77361358000007,0.6589022852636737],[116.78547086800005,0.6566880602661906],[116.7988788150001,0.6704288262507964]]}},{"type":"Feature","properties":{"name":null,"cls":"tertiary","km":4.96},"geometry":{"type":"LineString","coordinates":[[115.11447950700006,0.5846214703466018],[115.10899698000003,0.5944712483356059],[115.09830228300008,0.598256268331376],[115.08921772500004,0.595459038334526],[115.08381853800006,0.584950101346248]]}},{"type":"Feature","properties":{"name":null,"cls":"tertiary","km":4.94},"geometry":{"type":"LineString","coordinates":[[116.02769124200007,0.061429352931372826],[116.02592905300001,0.06838499892358112],[116.00661036100007,0.06440719592803933],[116.00038178200009,0.05850449293461683],[116.00215146100004,0.0513509969426292]]}},{"type":"Feature","properties":{"name":null,"cls":"tertiary","km":4.94},"geometry":{"type":"LineString","coordinates":[[115.92785543400011,0.07643058191458475],[115.93771401600009,0.08391357690620171],[115.93231599000002,0.10160277388647128],[115.93805605800003,0.11088532087610552]]}},{"type":"Feature","properties":{"name":null,"cls":"tertiary","km":4.93},"geometry":{"type":"LineString","coordinates":[[116.55063422,0.675622616245003],[116.54926411500001,0.6843100752352865],[116.54378068900009,0.6826030262371745],[116.53892593400009,0.687213176232077],[116.53906156200003,0.7036389882137554]]}},{"type":"Feature","properties":{"name":null,"cls":"tertiary","km":4.92},"geometry":{"type":"LineString","coordinates":[[116.33460951200004,1.5105267603154122],[116.3475150270001,1.507204898319104],[116.36215961700007,1.5292549132946125]]}},{"type":"Feature","properties":{"name":null,"cls":"tertiary","km":4.9},"geometry":{"type":"LineString","coordinates":[[116.63415098500002,0.8979197049969505],[116.63141586200003,0.8688529770294088]]}},{"type":"Feature","properties":{"name":null,"cls":"tertiary","km":4.89},"geometry":{"type":"LineString","coordinates":[[114.08043019900003,0.8315491360709892],[114.09280493900008,0.8497336950507084],[114.0943976850001,0.8615499230375245],[114.10110167000006,0.8668330140316403]]}},{"type":"Feature","properties":{"name":null,"cls":"tertiary","km":4.86},"geometry":{"type":"LineString","coordinates":[[115.76764869100009,0.29176046967386227],[115.77092582000012,0.27195700869599293],[115.75829511000008,0.2597102727096666]]}},{"type":"Feature","properties":{"name":null,"cls":"tertiary","km":4.85},"geometry":{"type":"LineString","coordinates":[[116.16434939600005,1.0834944317901531],[116.14968612200005,1.0674015388080749],[116.13699062300009,1.0655126278102083],[116.13438141100005,1.0583611058181668]]}},{"type":"Feature","properties":{"name":null,"cls":"tertiary","km":4.84},"geometry":{"type":"LineString","coordinates":[[115.57663249600013,0.0683037269236621],[115.57564957500004,0.10697936288045035]]}},{"type":"Feature","properties":{"name":null,"cls":"tertiary","km":4.83},"geometry":{"type":"LineString","coordinates":[[117.06983989453461,0.7656878634066505],[117.07949190600004,0.7890628011184174],[117.09522158400011,0.7936859381132513]]}},{"type":"Feature","properties":{"name":null,"cls":"tertiary","km":4.83},"geometry":{"type":"LineString","coordinates":[[115.96302775600009,1.453524876378709],[115.97476882400008,1.4680844213625288],[115.97917433800002,1.4907395943373714]]}},{"type":"Feature","properties":{"name":null,"cls":"tertiary","km":4.83},"geometry":{"type":"LineString","coordinates":[[115.39478876000011,0.6334458732921193],[115.39523715300004,0.6417074332828828],[115.37874488200009,0.6723104802487454]]}},{"type":"Feature","properties":{"name":null,"cls":"tertiary","km":4.82},"geometry":{"type":"LineString","coordinates":[[116.28569031400004,0.9255139979661984],[116.2946916930001,0.9338407339569434],[116.3012162240001,0.952014475936654],[116.31095850800011,0.9554474629328211]]}},{"type":"Feature","properties":{"name":null,"cls":"tertiary","km":4.82},"geometry":{"type":"LineString","coordinates":[[114.46426730300004,0.8775115920197525],[114.4647782080001,0.8941844300011424],[114.44875067100008,0.9134574249796346]]}},{"type":"Feature","properties":{"name":null,"cls":"tertiary","km":4.81},"geometry":{"type":"LineString","coordinates":[[115.84741296600009,1.1857329566763746],[115.8595582700001,1.1867646806751864],[115.86088407600005,1.1751327476881486],[115.8701065990001,1.1701162616937337]]}},{"type":"Feature","properties":{"name":null,"cls":"tertiary","km":4.8},"geometry":{"type":"LineString","coordinates":[[116.24813719200007,1.2744553415776707],[116.25266394300003,1.2612731485922628],[116.24804956800006,1.2610601045925367],[116.23750677200006,1.240007791616007]]}},{"type":"Feature","properties":{"name":null,"cls":"tertiary","km":4.8},"geometry":{"type":"LineString","coordinates":[[114.07268502400007,0.7821780611261113],[114.06304889100011,0.795249200111505],[114.04031853400011,0.8069056990985208]]}},{"type":"Feature","properties":{"name":null,"cls":"tertiary","km":4.78},"geometry":{"type":"LineString","coordinates":[[116.0380833390001,1.2245157666332265],[116.04920397800004,1.2320170806248396],[116.0697979470001,1.2142572006446282]]}},{"type":"Feature","properties":{"name":null,"cls":"tertiary","km":4.78},"geometry":{"type":"LineString","coordinates":[[115.94441589300006,1.1884503886733615],[115.92358314400008,1.1730532876904463],[115.92034365400002,1.157974283707226]]}},{"type":"Feature","properties":{"name":null,"cls":"tertiary","km":4.77},"geometry":{"type":"LineString","coordinates":[[116.44446152200011,0.17444034680498577],[116.44272065200005,0.19892660977764706],[116.43800752000004,0.2047296327711589],[116.4405402320001,0.21325936076158747]]}},{"type":"Feature","properties":{"name":null,"cls":"tertiary","km":4.76},"geometry":{"type":"LineString","coordinates":[[116.25443170200003,0.12909734185568952],[116.24912565200009,0.12227952186334262],[116.23987973600005,0.12074882086506358],[116.2272074550001,0.12418589086117625],[116.22439126400002,0.1339084078503059]]}},{"type":"Feature","properties":{"name":null,"cls":"tertiary","km":4.76},"geometry":{"type":"LineString","coordinates":[[116.7613719830001,0.7749667381341122],[116.74760438500005,0.7631141441473328],[116.73260527800005,0.7620731031484818]]}},{"type":"Feature","properties":{"name":null,"cls":"tertiary","km":4.74},"geometry":{"type":"LineString","coordinates":[[115.66044006900006,1.257138235596901],[115.63583881700004,1.2240761106336748]]}},{"type":"Feature","properties":{"name":null,"cls":"tertiary","km":4.73},"geometry":{"type":"LineString","coordinates":[[116.66135532700004,1.5831380432348756],[116.6667102140001,1.5871767522303841],[116.67558941000004,1.6201989001937707]]}},{"type":"Feature","properties":{"name":null,"cls":"tertiary","km":4.73},"geometry":{"type":"LineString","coordinates":[[116.31702443200004,0.4946357884471102],[116.30339488000004,0.49429095444752064],[116.29370166,0.5003918264407058],[116.28038217200002,0.4948950244468371]]}},{"type":"Feature","properties":{"name":null,"cls":"tertiary","km":4.73},"geometry":{"type":"LineString","coordinates":[[114.58371595600012,1.0599390318163882],[114.59756109600005,1.0841126397894756],[114.59775356400007,1.0931351767794546]]}},{"type":"Feature","properties":{"name":null,"cls":"tertiary","km":4.72},"geometry":{"type":"LineString","coordinates":[[116.3992360200001,1.0585467648179674],[116.38773921300005,1.0822879187915093],[116.38788319400011,1.096957372775174]]}},{"type":"Feature","properties":{"name":null,"cls":"tertiary","km":4.72},"geometry":{"type":"LineString","coordinates":[[116.65624296300007,0.9725223029138053],[116.65193520300011,0.9712306479152784],[116.65231013300003,0.976041478909898],[116.64303241300001,0.9820511309031557],[116.63985952300006,0.992854790891155]]}},{"type":"Feature","properties":{"name":null,"cls":"tertiary","km":4.71},"geometry":{"type":"LineString","coordinates":[[116.3452169860001,0.35513958460303136],[116.34974558300007,0.35299519360543496],[116.35247177100008,0.3604796465970458],[116.37467496500005,0.370702281585586]]}},{"type":"Feature","properties":{"name":null,"cls":"tertiary","km":4.71},"geometry":{"type":"LineString","coordinates":[[116.016252656,0.6981794402198316],[116.02903170000003,0.6802402922398567],[116.04528885600006,0.6816156312383047]]}},{"type":"Feature","properties":{"name":null,"cls":"tertiary","km":4.69},"geometry":{"type":"LineString","coordinates":[[116.49714875100005,0.4088122625430602],[116.47803832100011,0.41455375353664486],[116.4656930210001,0.43127023551794236]]}},{"type":"Feature","properties":{"name":null,"cls":"tertiary","km":4.69},"geometry":{"type":"LineString","coordinates":[[116.46297550400004,0.3963652625569743],[116.46623822800007,0.38524248156937324],[116.44727842100008,0.362876862594393]]}},{"type":"Feature","properties":{"name":null,"cls":"tertiary","km":4.65},"geometry":{"type":"LineString","coordinates":[[116.93773012300005,0.9615727319259971],[116.95370773000002,0.9623700659251171],[116.96880630300006,0.9808914039044674]]}},{"type":"Feature","properties":{"name":null,"cls":"tertiary","km":4.65},"geometry":{"type":"LineString","coordinates":[[115.1178986020001,0.7041925882131324],[115.11831056200005,0.6814476582385512],[115.10475074700003,0.6727331262482532]]}},{"type":"Feature","properties":{"name":null,"cls":"tertiary","km":4.64},"geometry":{"type":"LineString","coordinates":[[116.942078003,1.3835015834564202],[116.96293591200003,1.3919140494471098],[116.98109340200004,1.387666524451812]]}},{"type":"Feature","properties":{"name":null,"cls":"tertiary","km":4.64},"geometry":{"type":"LineString","coordinates":[[116.416281979,0.31067380565274644],[116.39521180600002,0.337498323622715]]}},{"type":"Feature","properties":{"name":null,"cls":"tertiary","km":4.64},"geometry":{"type":"LineString","coordinates":[[116.06122290400003,0.8241205340792406],[116.0625580630001,0.8116502930932105],[116.04788804200007,0.7887244421187746]]}},{"type":"Feature","properties":{"name":null,"cls":"tertiary","km":4.64},"geometry":{"type":"LineString","coordinates":[[114.26977747900003,0.5794146573524716],[114.29297915000006,0.5810749303506055],[114.30724143300006,0.5704130823625272]]}},{"type":"Feature","properties":{"name":null,"cls":"tertiary","km":4.63},"geometry":{"type":"LineString","coordinates":[[116.32044008200012,1.1657944296985505],[116.30859741200004,1.1599110627050657],[116.30245420800009,1.1462735007202496],[116.29136618200005,1.1469757527194937]]}},{"type":"Feature","properties":{"name":null,"cls":"tertiary","km":4.63},"geometry":{"type":"LineString","coordinates":[[116.62667590800005,0.7349285891787875],[116.59838201600009,0.7261428741886105],[116.58913523600008,0.7299083871844126]]}},{"type":"Feature","properties":{"name":null,"cls":"tertiary","km":4.63},"geometry":{"type":"LineString","coordinates":[[116.048832575,0.0729916939184473],[116.039880831,0.0648663109275395],[116.0125452530001,0.05495505693856774]]}},{"type":"Feature","properties":{"name":null,"cls":"tertiary","km":4.63},"geometry":{"type":"LineString","coordinates":[[116.24851544400009,0.02236812397502271],[116.24131030400007,0.027319168969512617],[116.2375995850001,0.04153127495364179],[116.24641702100008,0.05408584893956205]]}},{"type":"Feature","properties":{"name":null,"cls":"tertiary","km":4.6},"geometry":{"type":"LineString","coordinates":[[115.65629584700002,0.1161069378702052],[115.66866872800007,0.14369081383938473],[115.66661786000009,0.1515057878306496]]}},{"type":"Feature","properties":{"name":null,"cls":"tertiary","km":4.6},"geometry":{"type":"LineString","coordinates":[[116.22648852800012,0.10102855088709974],[116.241147177,0.08968016789976849],[116.23393226100005,0.1071607678802077]]}},{"type":"Feature","properties":{"name":null,"cls":"tertiary","km":4.58},"geometry":{"type":"LineString","coordinates":[[117.03160894200003,0.07970706591088199],[117.04201994000005,0.09914616288920607],[117.03147341400008,0.1120094058747936]]}},{"type":"Feature","properties":{"name":null,"cls":"tertiary","km":4.58},"geometry":{"type":"LineString","coordinates":[[114.82733941700008,0.04597229494867075],[114.82311439600005,0.03962556495574775],[114.81013798200001,0.041564442953575566],[114.7930759950001,0.03422755196178771]]}},{"type":"Feature","properties":{"name":null,"cls":"tertiary","km":4.58},"geometry":{"type":"LineString","coordinates":[[114.81600427700003,0.07848595791229786],[114.82405632100007,0.07659537491441211],[114.84666435800013,0.09981152988845646]]}},{"type":"Feature","properties":{"name":null,"cls":"tertiary","km":4.57},"geometry":{"type":"LineString","coordinates":[[116.99419654700012,0.7093828872073489],[116.98097991400005,0.7052561522119152],[116.95892382000012,0.7164264731994604]]}},{"type":"Feature","properties":{"name":null,"cls":"tertiary","km":4.57},"geometry":{"type":"LineString","coordinates":[[115.12638412800004,0.5722436993604426],[115.11952727200001,0.5550326383796921],[115.10286521800005,0.5405633033958546]]}},{"type":"Feature","properties":{"name":null,"cls":"tertiary","km":4.57},"geometry":{"type":"LineString","coordinates":[[114.498571319,0.8685433280297308],[114.48430045700002,0.889837871006005],[114.47221684600004,0.8926254580028727]]}},{"type":"Feature","properties":{"name":null,"cls":"tertiary","km":4.56},"geometry":{"type":"LineString","coordinates":[[115.65978496900004,0.9088966559847457],[115.6748936050001,0.9003613719942701],[115.69500878699999,0.90754990798626]]}},{"type":"Feature","properties":{"name":null,"cls":"tertiary","km":4.55},"geometry":{"type":"LineString","coordinates":[[116.21310430300002,0.4445528645031119],[116.23440796900002,0.42967493951970037],[116.23702166200009,0.41841962253230164]]}},{"type":"Feature","properties":{"name":null,"cls":"tertiary","km":4.54},"geometry":{"type":"LineString","coordinates":[[116.84518056000002,0.511014267428856],[116.83719085000007,0.5064358194339497],[116.83257295900012,0.5108331654290403],[116.82769990600003,0.4893271694530258]]}},{"type":"Feature","properties":{"name":null,"cls":"tertiary","km":4.54},"geometry":{"type":"LineString","coordinates":[[116.39124352500005,0.9213698129708292],[116.37519110900008,0.9237756439681254],[116.35509149100005,0.9154621109774248]]}},{"type":"Feature","properties":{"name":null,"cls":"tertiary","km":4.53},"geometry":{"type":"LineString","coordinates":[[115.97809864600003,0.8028751671029976],[115.97555790700005,0.7806667551277696],[115.96428719300002,0.7692734551404777]]}},{"type":"Feature","properties":{"name":null,"cls":"tertiary","km":4.52},"geometry":{"type":"LineString","coordinates":[[116.29435642500006,1.4201721774157658],[116.29431751500012,1.3987919834394735],[116.30441469000006,1.3835558934563472]]}},{"type":"Feature","properties":{"name":null,"cls":"tertiary","km":4.52},"geometry":{"type":"LineString","coordinates":[[115.18603912700009,0.9987682448845471],[115.20102255500001,0.9898881108944668],[115.2143030100001,0.9721991119141413]]}},{"type":"Feature","properties":{"name":null,"cls":"tertiary","km":4.5},"geometry":{"type":"LineString","coordinates":[[117.04914299600013,0.1286125408562572],[117.08030918400004,0.13407599785016303],[117.08499941000002,0.14085406084252716]]}},{"type":"Feature","properties":{"name":null,"cls":"tertiary","km":4.5},"geometry":{"type":"LineString","coordinates":[[116.28300805300013,1.6509771791596772],[116.26821977300006,1.648491701162442],[116.26566404600011,1.6259941311873956]]}},{"type":"Feature","properties":{"name":null,"cls":"tertiary","km":4.5},"geometry":{"type":"LineString","coordinates":[[116.606754839,0.5833323353480685],[116.59469685900001,0.5962371103336507],[116.57384458700005,0.59652113033334]]}},{"type":"Feature","properties":{"name":null,"cls":"tertiary","km":4.48},"geometry":{"type":"LineString","coordinates":[[116.32237966600007,1.7122775460917827],[116.31852276400002,1.7390589350621644],[116.32632251600002,1.7458393960546645]]}},{"type":"Feature","properties":{"name":null,"cls":"tertiary","km":4.48},"geometry":{"type":"LineString","coordinates":[[114.24936783400005,0.8424073360588838],[114.25035658500009,0.8720984830257769],[114.2547689060001,0.8783552230188302]]}},{"type":"Feature","properties":{"name":null,"cls":"tertiary","km":4.47},"geometry":{"type":"LineString","coordinates":[[115.72291585600011,0.4159018675351278],[115.72441323000011,0.4114145875401386],[115.74657557500007,0.41100587554059825],[115.75628781500006,0.40520552554706374]]}},{"type":"Feature","properties":{"name":null,"cls":"tertiary","km":4.45},"geometry":{"type":"LineString","coordinates":[[116.63871764400005,1.0454142958325832],[116.64511079300006,1.0810196997929293]]}},{"type":"Feature","properties":{"name":null,"cls":"tertiary","km":4.45},"geometry":{"type":"LineString","coordinates":[[115.90037645200005,0.9563437819318042],[115.89546969800007,0.946638008942673],[115.86852547700003,0.9418520059479761]]}},{"type":"Feature","properties":{"name":null,"cls":"tertiary","km":4.44},"geometry":{"type":"LineString","coordinates":[[116.78610965400003,0.7394475881738031],[116.81178151100006,0.7449431031676538],[116.81816283,0.7531548961584903]]}},{"type":"Feature","properties":{"name":null,"cls":"tertiary","km":4.44},"geometry":{"type":"LineString","coordinates":[[116.77217518500002,0.739388693173853],[116.7884518620001,0.7068925102100904]]}},{"type":"Feature","properties":{"name":null,"cls":"tertiary","km":4.44},"geometry":{"type":"LineString","coordinates":[[115.76324123100007,0.07457191591662557],[115.75017173100002,0.07774075791315058],[115.7359059600001,0.09811002489033795]]}},{"type":"Feature","properties":{"name":null,"cls":"tertiary","km":4.43},"geometry":{"type":"LineString","coordinates":[[117.07834780200007,0.21390574276089672],[117.10891194600002,0.23621769473593038]]}},{"type":"Feature","properties":{"name":null,"cls":"tertiary","km":4.43},"geometry":{"type":"LineString","coordinates":[[116.19607117500006,0.10288481788504018],[116.19934065300005,0.11352803487312241],[116.20857594000007,0.12297097186256288],[116.21410308600002,0.12221943886339039],[116.21445531300002,0.1278911918570516]]}},{"type":"Feature","properties":{"name":null,"cls":"tertiary","km":4.41},"geometry":{"type":"LineString","coordinates":[[116.32870624500005,0.6224916773043706],[116.33541904000005,0.6301292482958116],[116.33799761800003,0.6441750912801297],[116.34901495300004,0.6520360642713663]]}},{"type":"Feature","properties":{"name":null,"cls":"tertiary","km":4.41},"geometry":{"type":"LineString","coordinates":[[114.95299833600008,1.1934269096678098],[114.95791745600002,1.2139218866450032],[114.96746076900001,1.2258411316317344]]}},{"type":"Feature","properties":{"name":null,"cls":"tertiary","km":4.4},"geometry":{"type":"LineString","coordinates":[[116.39839268300011,1.3970692104413325],[116.38558322200005,1.3818128034583006],[116.38156668200008,1.3630611524791232]]}},{"type":"Feature","properties":{"name":null,"cls":"tertiary","km":4.4},"geometry":{"type":"LineString","coordinates":[[116.38845270500006,0.41602707953495793],[116.37422944400011,0.380442114574743]]}},{"type":"Feature","properties":{"name":null,"cls":"tertiary","km":4.4},"geometry":{"type":"LineString","coordinates":[[115.76107750800008,0.6752931492454187],[115.754030166,0.6885663252305653],[115.7573984610001,0.7001818322175665],[115.7501079880001,0.708167371208695]]}},{"type":"Feature","properties":{"name":null,"cls":"tertiary","km":4.39},"geometry":{"type":"LineString","coordinates":[[115.99858151400008,1.3779537444626102],[115.99240134100013,1.3587241564839565],[115.98683079300008,1.3557415384872926],[115.99132507600008,1.345318449498849]]}},{"type":"Feature","properties":{"name":null,"cls":"tertiary","km":4.39},"geometry":{"type":"LineString","coordinates":[[115.54920488900007,1.4452867433877914],[115.54835644700006,1.4651159033658252],[115.53826110800004,1.476970889352691]]}},{"type":"Feature","properties":{"name":null,"cls":"tertiary","km":4.39},"geometry":{"type":"LineString","coordinates":[[116.26502333400003,0.6160890013114498],[116.28066227700005,0.6239113763027592],[116.2928789350001,0.6397199572851199]]}},{"type":"Feature","properties":{"name":null,"cls":"tertiary","km":4.37},"geometry":{"type":"LineString","coordinates":[[115.80914268800007,0.3756867025800456],[115.8268630440001,0.37423353358166933],[115.82126732600011,0.3601874255973663],[115.81632920400013,0.3617647645956038]]}},{"type":"Feature","properties":{"name":null,"cls":"tertiary","km":4.37},"geometry":{"type":"LineString","coordinates":[[116.24044617900007,0.6149146963127965],[116.24671864300001,0.591976690338443]]}},{"type":"Feature","properties":{"name":null,"cls":"tertiary","km":4.36},"geometry":{"type":"LineString","coordinates":[[115.90048731100002,1.1572158177080711],[115.88168361300006,1.1422289987247687],[115.86873037200007,1.1391529467282142]]}},{"type":"Feature","properties":{"name":null,"cls":"tertiary","km":4.36},"geometry":{"type":"LineString","coordinates":[[116.23191741500011,0.7808644271275447],[116.22500307400004,0.7881818851194137],[116.22489142600011,0.7963218521103006],[116.20671574700009,0.8023700131035736]]}},{"type":"Feature","properties":{"name":null,"cls":"tertiary","km":4.35},"geometry":{"type":"LineString","coordinates":[[116.31629595600008,1.066396031809199],[116.34800296000003,1.0480796408296489]]}},{"type":"Feature","properties":{"name":null,"cls":"tertiary","km":4.35},"geometry":{"type":"LineString","coordinates":[[116.22112744400012,0.37880211057655855],[116.23495432200004,0.38806454356619036],[116.24592181600008,0.4051093675471902]]}},{"type":"Feature","properties":{"name":null,"cls":"tertiary","km":4.34},"geometry":{"type":"LineString","coordinates":[[116.55953581100005,0.4214011495289841],[116.55564954700003,0.41919308253144577],[116.54993552000008,0.4273845655222731],[116.5388413710001,0.42529379252459676],[116.52851607900006,0.42978747451960164]]}},{"type":"Feature","properties":{"name":null,"cls":"tertiary","km":4.33},"geometry":{"type":"LineString","coordinates":[[116.29287846700002,0.6431269732813011],[116.28448692900007,0.6423291262821879],[116.26198752900007,0.6265419642998079]]}},{"type":"Feature","properties":{"name":null,"cls":"tertiary","km":4.32},"geometry":{"type":"LineString","coordinates":[[116.17783106400009,0.1214304088642523],[116.18244128300012,0.14740436983527058],[116.17516249700009,0.15534356382633768]]}},{"type":"Feature","properties":{"name":null,"cls":"tertiary","km":4.31},"geometry":{"type":"LineString","coordinates":[[115.6087180930001,1.1624005837023337],[115.60957881600008,1.1754478406877775],[115.61777059000009,1.1824208196800283],[115.62025348800013,1.1949714956660644]]}},{"type":"Feature","properties":{"name":null,"cls":"tertiary","km":4.31},"geometry":{"type":"LineString","coordinates":[[116.64646960400012,0.7928208431142176],[116.61077087300009,0.8009819571050575]]}},{"type":"Feature","properties":{"name":null,"cls":"tertiary","km":4.31},"geometry":{"type":"LineString","coordinates":[[116.50757039200005,0.4931337844488322],[116.49292676200004,0.5151855664242033],[116.49395317400001,0.525317083412862]]}},{"type":"Feature","properties":{"name":null,"cls":"tertiary","km":4.31},"geometry":{"type":"LineString","coordinates":[[116.08538444100009,0.6904812472284075],[116.07439515700003,0.7072985402096378],[116.06096362800008,0.7109609912055299]]}},{"type":"Feature","properties":{"name":null,"cls":"tertiary","km":4.31},"geometry":{"type":"LineString","coordinates":[[114.16000359600002,0.8015931111044121],[114.14655268900005,0.8358891560661607]]}},{"type":"Feature","properties":{"name":null,"cls":"tertiary","km":4.3},"geometry":{"type":"LineString","coordinates":[[115.22055787700003,0.38445857757023316],[115.2219755870001,0.4042400885481211],[115.21484257400004,0.41986725853070406]]}},{"type":"Feature","properties":{"name":null,"cls":"tertiary","km":4.29},"geometry":{"type":"LineString","coordinates":[[115.97830543200006,1.3334848925120055],[115.9834056530001,1.3460880084980271],[115.99710031600011,1.3450230394992089],[116.00401912900008,1.337818096507238]]}},{"type":"Feature","properties":{"name":null,"cls":"tertiary","km":4.29},"geometry":{"type":"LineString","coordinates":[[116.68335218900005,0.946570821942754],[116.68677267600003,0.9728175049134911],[116.68317930300009,0.9823574739028901]]}},{"type":"Feature","properties":{"name":null,"cls":"tertiary","km":4.29},"geometry":{"type":"LineString","coordinates":[[115.9004446250001,0.7687003351411139],[115.91638264200003,0.7794189841291703],[115.93381631800004,0.7827810431253936]]}},{"type":"Feature","properties":{"name":null,"cls":"tertiary","km":4.28},"geometry":{"type":"LineString","coordinates":[[116.2026140470001,0.8410273530604406],[116.218777712,0.8412409820601612],[116.22573771400006,0.8299285600727963],[116.22319458600008,0.8248659730784386]]}},{"type":"Feature","properties":{"name":null,"cls":"tertiary","km":4.28},"geometry":{"type":"LineString","coordinates":[[116.140578429,0.7307335061834549],[116.17454873700001,0.7443961941682345]]}},{"type":"Feature","properties":{"name":null,"cls":"tertiary","km":4.28},"geometry":{"type":"LineString","coordinates":[[115.76845647500012,0.07135427192030452],[115.75910108400001,0.08504895390495738],[115.76391388700006,0.1018825358861487]]}},{"type":"Feature","properties":{"name":null,"cls":"tertiary","km":4.26},"geometry":{"type":"LineString","coordinates":[[115.73455299700004,0.5695885613634009],[115.7233301770001,0.5614548943724901],[115.72040289200004,0.5431079033930089]]}},{"type":"Feature","properties":{"name":null,"cls":"tertiary","km":4.25},"geometry":{"type":"LineString","coordinates":[[115.96574637000005,0.20586081776993256],[115.9683744890001,0.22061400875338344],[115.98204758500002,0.22927980574366116]]}},{"type":"Feature","properties":{"name":null,"cls":"tertiary","km":4.24},"geometry":{"type":"LineString","coordinates":[[116.5885463080001,0.9855996918992176],[116.57145804300002,0.981297723904023],[116.56496777800011,0.9648847989223017]]}},{"type":"Feature","properties":{"name":null,"cls":"tertiary","km":4.24},"geometry":{"type":"LineString","coordinates":[[115.32571896700006,1.555603324265414],[115.31737748700006,1.5800441482382985],[115.31888687200001,1.588417580228997]]}},{"type":"Feature","properties":{"name":null,"cls":"tertiary","km":4.24},"geometry":{"type":"LineString","coordinates":[[115.24372998700005,0.4244080205255929],[115.24028024400002,0.4024867505500838],[115.24531576700008,0.3895127715646016]]}},{"type":"Feature","properties":{"name":null,"cls":"tertiary","km":4.23},"geometry":{"type":"LineString","coordinates":[[116.14015666600007,0.052639236941185996],[116.14082731400005,0.0655062539268399],[116.13590435300011,0.07489122891629867],[116.13846920700007,0.0873157729024385]]}},{"type":"Feature","properties":{"name":null,"cls":"tertiary","km":4.22},"geometry":{"type":"LineString","coordinates":[[114.25746341900003,1.2564237585977132],[114.25085993800008,1.2533993126010563],[114.22809895700004,1.2649945895881693]]}},{"type":"Feature","properties":{"name":null,"cls":"tertiary","km":4.21},"geometry":{"type":"LineString","coordinates":[[114.52627419100008,1.100154112771563],[114.5188378580001,1.0970196037751327],[114.50642651900012,1.1043216107669491],[114.49730396000008,1.103029013768441]]}},{"type":"Feature","properties":{"name":null,"cls":"tertiary","km":4.2},"geometry":{"type":"LineString","coordinates":[[116.05232385700003,0.8286041630743194],[116.05008973100007,0.8392589180623636],[116.04065871800003,0.8395722110620647],[116.03038669500006,0.8481255730525101]]}},{"type":"Feature","properties":{"name":null,"cls":"tertiary","km":4.18},"geometry":{"type":"LineString","coordinates":[[115.79085318700004,0.031767519964541545],[115.80145016200004,0.012866483985657866],[115.79902350300007,4.785819272944335e-14]]}},{"type":"Feature","properties":{"name":null,"cls":"tertiary","km":4.18},"geometry":{"type":"LineString","coordinates":[[116.76648430800003,0.32572886063591683],[116.76197415300011,0.31910243764330065],[116.76705158700007,0.2957097566694522]]}},{"type":"Feature","properties":{"name":null,"cls":"tertiary","km":4.18},"geometry":{"type":"LineString","coordinates":[[114.85756807400004,1.1283875307401716],[114.86234952900008,1.1468232247196215],[114.86066509000013,1.1639537267005646]]}},{"type":"Feature","properties":{"name":null,"cls":"tertiary","km":4.17},"geometry":{"type":"LineString","coordinates":[[116.21532503200001,1.3092536475389134],[116.17914523,1.3059715425426197]]}},{"type":"Feature","properties":{"name":null,"cls":"tertiary","km":4.17},"geometry":{"type":"LineString","coordinates":[[115.18698381700007,0.7735717031356932],[115.18917636100001,0.7598212331510579],[115.20552091800005,0.74394591016871]]}},{"type":"Feature","properties":{"name":null,"cls":"tertiary","km":4.16},"geometry":{"type":"LineString","coordinates":[[116.26559339500011,0.9211180139711039],[116.27610424600003,0.9037358779905132],[116.27650857300011,0.8879589020080734]]}},{"type":"Feature","properties":{"name":null,"cls":"tertiary","km":4.15},"geometry":{"type":"LineString","coordinates":[[116.40701614300008,1.0099526468720432],[116.41578813800004,1.0253003828549894],[116.41956667600006,1.024070154856387],[116.42216242000006,1.0311271768484724],[116.41894965100006,1.0344193788448266]]}},{"type":"Feature","properties":{"name":null,"cls":"tertiary","km":4.15},"geometry":{"type":"LineString","coordinates":[[115.78248853100001,0.3550236516031526],[115.7867979010001,0.3524586346060399],[115.78148609300003,0.32343668263847086]]}},{"type":"Feature","properties":{"name":null,"cls":"tertiary","km":4.14},"geometry":{"type":"LineString","coordinates":[[114.07818660600003,0.9073241609865084],[114.08829399700005,0.8921366870034362],[114.08658827300007,0.8744615730231388]]}},{"type":"Feature","properties":{"name":null,"cls":"tertiary","km":4.14},"geometry":{"type":"LineString","coordinates":[[116.20714802600004,1.6948340921111373],[116.20493490700004,1.6898293171166887],[116.21377945100006,1.6850856641218954],[116.21710285300003,1.665216227143955]]}},{"type":"Feature","properties":{"name":null,"cls":"tertiary","km":4.14},"geometry":{"type":"LineString","coordinates":[[116.29784885100003,1.637731442174388],[116.27455459600003,1.6097230472053714]]}},{"type":"Feature","properties":{"name":null,"cls":"tertiary","km":4.14},"geometry":{"type":"LineString","coordinates":[[116.53078933500001,0.6599951202624662],[116.53194021,0.6504694262731106],[116.52502397700006,0.6470871612768563],[116.52816886900007,0.6389036022860372],[116.52519066200011,0.6291989452968286]]}},{"type":"Feature","properties":{"name":null,"cls":"tertiary","km":4.13},"geometry":{"type":"LineString","coordinates":[[115.7692976290001,0.7001846722175434],[115.77260457400007,0.6907988722280852],[115.76965336400008,0.6804356462395992],[115.77785804900009,0.669106687252293]]}},{"type":"Feature","properties":{"name":null,"cls":"tertiary","km":4.11},"geometry":{"type":"LineString","coordinates":[[116.01740260200006,0.2286043857444205],[116.01181534600006,0.20940391076590206],[116.00069338500009,0.19770499877899356]]}},{"type":"Feature","properties":{"name":null,"cls":"tertiary","km":4.11},"geometry":{"type":"LineString","coordinates":[[115.7202006870001,0.13170938385277406],[115.72549524200008,0.1281231288568386],[115.74067315800005,0.1324577648519189],[115.74478328100008,0.12130303486441167]]}},{"type":"Feature","properties":{"name":null,"cls":"tertiary","km":4.11},"geometry":{"type":"LineString","coordinates":[[116.2574038890001,1.4014970974364618],[116.25111023100011,1.402882539434938],[116.2479025230001,1.3973388364410773],[116.22635303100003,1.3901892134489864]]}},{"type":"Feature","properties":{"name":null,"cls":"tertiary","km":4.11},"geometry":{"type":"LineString","coordinates":[[116.07297566800003,1.0806757907932871],[116.04883322800005,1.1067520237642559]]}},{"type":"Feature","properties":{"name":null,"cls":"tertiary","km":4.11},"geometry":{"type":"LineString","coordinates":[[116.9935292560001,0.8254072860778792],[116.97709903200007,0.8444544580566489],[116.9733730700001,0.8554618750443483]]}},{"type":"Feature","properties":{"name":null,"cls":"tertiary","km":4.1},"geometry":{"type":"LineString","coordinates":[[115.86111971000003,0.12930636685542593],[115.83621118700013,0.13586332184812638],[115.82906584500006,0.14293865984019832]]}},{"type":"Feature","properties":{"name":null,"cls":"tertiary","km":4.1},"geometry":{"type":"LineString","coordinates":[[116.50244892400008,0.4925398124495058],[116.47263941200004,0.5116108344281698]]}},{"type":"Feature","properties":{"name":null,"cls":"tertiary","km":4.1},"geometry":{"type":"LineString","coordinates":[[115.52788793600007,0.5276384884102605],[115.50770159700005,0.5379762383987284],[115.50255304300003,0.5471620983884685]]}},{"type":"Feature","properties":{"name":null,"cls":"tertiary","km":4.08},"geometry":{"type":"LineString","coordinates":[[115.65634174900003,0.3827879215721267],[115.65870680500008,0.4082556655436569],[115.65385887100001,0.4175201035333089]]}},{"type":"Feature","properties":{"name":null,"cls":"tertiary","km":4.08},"geometry":{"type":"LineString","coordinates":[[116.44089470000007,0.6383392142866081],[116.43718632900004,0.6493919962743121],[116.44134844700011,0.6507486862727688],[116.43926206100002,0.6649225932569774]]}},{"type":"Feature","properties":{"name":null,"cls":"tertiary","km":4.07},"geometry":{"type":"LineString","coordinates":[[115.90188741200006,0.7651823371450516],[115.88130102400011,0.7572034661539707],[115.86836896700005,0.7578293051532886]]}},{"type":"Feature","properties":{"name":null,"cls":"tertiary","km":4.06},"geometry":{"type":"LineString","coordinates":[[116.7613719830001,0.7749667381341122],[116.74937228500004,0.7763927431325214],[116.74905977500009,0.7942549421125941]]}},{"type":"Feature","properties":{"name":null,"cls":"tertiary","km":4.06},"geometry":{"type":"LineString","coordinates":[[117.01839059000008,0.8750796000224484],[117.03155241800005,0.8717354380261262],[117.0354526340001,0.8923628170031421]]}},{"type":"Feature","properties":{"name":null,"cls":"tertiary","km":4.06},"geometry":{"type":"LineString","coordinates":[[116.11632121100001,1.3669051804748653],[116.12477648400011,1.3683334944733099],[116.14582653400011,1.3846185524551873]]}},{"type":"Feature","properties":{"name":null,"cls":"tertiary","km":4.06},"geometry":{"type":"LineString","coordinates":[[115.54841018100001,0.411010075540533],[115.53800495200005,0.41408862153717246],[115.53793448600004,0.4198449985306985],[115.52680051100003,0.4255244325243104],[115.52559062700006,0.4320103825170805]]}},{"type":"Feature","properties":{"name":null,"cls":"tertiary","km":4.06},"geometry":{"type":"LineString","coordinates":[[114.16502229600007,0.7968395681097316],[114.15100541300001,0.7649621871452734]]}},{"type":"Feature","properties":{"name":null,"cls":"tertiary","km":4.05},"geometry":{"type":"LineString","coordinates":[[116.31784117000007,0.25300978271715957],[116.33756468400009,0.25688767871282425],[116.33900176400006,0.27114555469689106]]}},{"type":"Feature","properties":{"name":null,"cls":"tertiary","km":4.05},"geometry":{"type":"LineString","coordinates":[[115.75921125200011,0.18403410279427282],[115.75904541500006,0.20178659677440905],[115.74544086000004,0.21244493076251306]]}},{"type":"Feature","properties":{"name":null,"cls":"tertiary","km":4.04},"geometry":{"type":"LineString","coordinates":[[115.93800095300003,0.6326689942929867],[115.94817794400001,0.6477657822761255],[115.94057284400004,0.6617717142604694]]}},{"type":"Feature","properties":{"name":null,"cls":"tertiary","km":4.04},"geometry":{"type":"LineString","coordinates":[[116.27932889899999,1.0772803807970874],[116.28177683200009,1.0848653297886566],[116.27150761200004,1.092365830780277],[116.26789416500004,1.106294687764745]]}},{"type":"Feature","properties":{"name":null,"cls":"tertiary","km":4.02},"geometry":{"type":"LineString","coordinates":[[116.21279072000004,1.0862605547870992],[116.21039331100008,1.0767565487976605],[116.19016023100005,1.0632974138126312]]}},{"type":"Feature","properties":{"name":null,"cls":"tertiary","km":4.02},"geometry":{"type":"LineString","coordinates":[[116.34050119600012,0.609110326319298],[116.34481730400012,0.6304136212954977],[116.35538105700003,0.6397596812850526]]}},{"type":"Feature","properties":{"name":null,"cls":"tertiary","km":4.01},"geometry":{"type":"LineString","coordinates":[[116.86973059400009,0.44077403850736196],[116.90134398200007,0.45325639349337443]]}},{"type":"Feature","properties":{"name":null,"cls":"tertiary","km":4.01},"geometry":{"type":"LineString","coordinates":[[115.2451811740001,0.760717657150022],[115.27227638000011,0.7734547891358435],[115.27345936400002,0.7780728981306582]]}},{"type":"Feature","properties":{"name":null,"cls":"tertiary","km":4.0},"geometry":{"type":"LineString","coordinates":[[116.14692831100002,1.6964712871092846],[116.18141024900001,1.704491212100406]]}},{"type":"Feature","properties":{"name":null,"cls":"tertiary","km":4.0},"geometry":{"type":"LineString","coordinates":[[115.87779691800007,0.6186598853086074],[115.8953859920001,0.6122603033157786],[115.90095656800007,0.5968307753329765]]}},{"type":"Feature","properties":{"name":null,"cls":"tertiary","km":3.99},"geometry":{"type":"LineString","coordinates":[[114.66987422000011,1.4749018103549345],[114.66050645300005,1.481283100347844],[114.65355289700005,1.4790703933503475],[114.6391227360001,1.485358673343345]]}},{"type":"Feature","properties":{"name":null,"cls":"tertiary","km":3.98},"geometry":{"type":"LineString","coordinates":[[116.91796949900004,0.7384428401748798],[116.92924475600013,0.7336546441802382],[116.94573798500004,0.73527697217844]]}},{"type":"Feature","properties":{"name":null,"cls":"tertiary","km":3.98},"geometry":{"type":"LineString","coordinates":[[115.91476941400005,0.5662987003671054],[115.90054023200003,0.5960572623338368]]}},{"type":"Feature","properties":{"name":null,"cls":"tertiary","km":3.98},"geometry":{"type":"LineString","coordinates":[[114.20296850800003,1.3603976724821523],[114.19521843000007,1.3677409044739626],[114.19612780700004,1.3758234784650138],[114.18865262100007,1.3868328894527355]]}},{"type":"Feature","properties":{"name":null,"cls":"tertiary","km":3.96},"geometry":{"type":"LineString","coordinates":[[114.26654149500007,0.5638994313697387],[114.26356970900008,0.5391375783974153],[114.26670367400004,0.5300167464075932]]}},{"type":"Feature","properties":{"name":null,"cls":"tertiary","km":3.95},"geometry":{"type":"LineString","coordinates":[[114.7182224060001,1.1520148147138967],[114.72055613100008,1.1641533767003647],[114.73316457300005,1.182221946680259]]}},{"type":"Feature","properties":{"name":null,"cls":"tertiary","km":3.95},"geometry":{"type":"LineString","coordinates":[[115.23206508400006,0.8469699280538309],[115.23105277100001,0.8399908710615787],[115.21895566600006,0.8315600190710043],[115.21332377000009,0.8197305910841891]]}},{"type":"Feature","properties":{"name":null,"cls":"tertiary","km":3.94},"geometry":{"type":"LineString","coordinates":[[115.80723998300003,0.7278453541867439],[115.81730194600004,0.7310066671831547],[115.82219678400008,0.7536384601579045]]}},{"type":"Feature","properties":{"name":null,"cls":"tertiary","km":3.94},"geometry":{"type":"LineString","coordinates":[[116.35324133500002,0.9321383609588111],[116.36795219100007,0.9244935849673168],[116.38290908800003,0.9333634389574536]]}},{"type":"Feature","properties":{"name":null,"cls":"tertiary","km":3.94},"geometry":{"type":"LineString","coordinates":[[114.06004738700005,0.8461606230547198],[114.0487585190001,0.8329123690694564],[114.05450295500009,0.8174334970867896]]}},{"type":"Feature","properties":{"name":null,"cls":"tertiary","km":3.94},"geometry":{"type":"LineString","coordinates":[[114.32718138000007,0.9295732649616633],[114.32509161700013,0.9445104449450336],[114.31163728000001,0.9570576239310613]]}},{"type":"Feature","properties":{"name":null,"cls":"tertiary","km":3.93},"geometry":{"type":"LineString","coordinates":[[114.43047961100001,1.325905029520439],[114.43261756900006,1.3159030685315436],[114.45360267400008,1.307987053540414]]}},{"type":"Feature","properties":{"name":null,"cls":"tertiary","km":3.92},"geometry":{"type":"LineString","coordinates":[[116.34310628300011,1.100275418771481],[116.34938573200007,1.1170175377528455],[116.34334137800012,1.1292444727392636]]}},{"type":"Feature","properties":{"name":null,"cls":"tertiary","km":3.92},"geometry":{"type":"LineString","coordinates":[[116.28516133300002,1.2769754575748111],[116.268899744,1.2927424475573301],[116.26977904000012,1.30505037254365]]}},{"type":"Feature","properties":{"name":null,"cls":"tertiary","km":3.91},"geometry":{"type":"LineString","coordinates":[[116.38493708800002,0.01287258998562283],[116.4000123840001,0.019561360978194327],[116.40808673500011,0.034763080961195854]]}},{"type":"Feature","properties":{"name":null,"cls":"tertiary","km":3.9},"geometry":{"type":"LineString","coordinates":[[116.22565911400012,0.595536442334451],[116.22795002700002,0.6129432203149862],[116.22430745600002,0.6180851583092498]]}},{"type":"Feature","properties":{"name":null,"cls":"tertiary","km":3.89},"geometry":{"type":"LineString","coordinates":[[116.212111617,0.5448438083910582],[116.20987219000006,0.5747896153576053]]}},{"type":"Feature","properties":{"name":null,"cls":"tertiary","km":3.89},"geometry":{"type":"LineString","coordinates":[[116.65644858300004,0.916559649976201],[116.6517086340001,0.9329773769578535],[116.65329072100008,0.9499029819390259]]}},{"type":"Feature","properties":{"name":null,"cls":"tertiary","km":3.89},"geometry":{"type":"LineString","coordinates":[[115.90135701400006,0.7461034531663375],[115.89206998300004,0.7528756971587727],[115.87005366000005,0.7516344991601352]]}},{"type":"Feature","properties":{"name":null,"cls":"tertiary","km":3.89},"geometry":{"type":"LineString","coordinates":[[116.71709487500003,0.6067670013218724],[116.72749366800006,0.607678241320838],[116.71540429200002,0.6191058603080896]]}},{"type":"Feature","properties":{"name":null,"cls":"tertiary","km":3.88},"geometry":{"type":"LineString","coordinates":[[115.99135769600002,1.3033063675455787],[116.01489360500013,1.3248610475216178]]}},{"type":"Feature","properties":{"name":null,"cls":"tertiary","km":3.87},"geometry":{"type":"LineString","coordinates":[[116.26955478100002,1.4781908283513037],[116.28427747400008,1.470245994360142],[116.30095708100009,1.4681421963624548]]}},{"type":"Feature","properties":{"name":null,"cls":"tertiary","km":3.86},"geometry":{"type":"LineString","coordinates":[[116.43430600000012,1.1230929987460865],[116.43269667200002,1.155804064709623]]}},{"type":"Feature","properties":{"name":null,"cls":"tertiary","km":3.85},"geometry":{"type":"LineString","coordinates":[[115.86453714400012,0.7881257271194695],[115.8777642130001,0.8180724480860384]]}},{"type":"Feature","properties":{"name":null,"cls":"tertiary","km":3.84},"geometry":{"type":"LineString","coordinates":[[116.73756874300011,0.9051436739889249],[116.73870630400005,0.9193025869731214],[116.73370330400006,0.9233635059685869],[116.73797578400001,0.9339699369568146]]}},{"type":"Feature","properties":{"name":null,"cls":"tertiary","km":3.83},"geometry":{"type":"LineString","coordinates":[[116.15495142400006,0.9453363679441442],[116.16075420800006,0.9402591109497724],[116.17054315200004,0.9441876989453661],[116.17564522800001,0.9479801849411627],[116.17550788600012,0.9571958649309137]]}},{"type":"Feature","properties":{"name":null,"cls":"tertiary","km":3.83},"geometry":{"type":"LineString","coordinates":[[115.90967478100004,1.2075175976520758],[115.90891392000005,1.1884717286733002],[115.92217524500008,1.186878085675051]]}},{"type":"Feature","properties":{"name":null,"cls":"tertiary","km":3.83},"geometry":{"type":"LineString","coordinates":[[115.52995671300005,0.12476725886056357],[115.53403626700003,0.13382891685042342],[115.55338593400008,0.14663823883606297]]}},{"type":"Feature","properties":{"name":null,"cls":"tertiary","km":3.82},"geometry":{"type":"LineString","coordinates":[[115.7068068750001,0.4756731144683373],[115.72132244000011,0.47996308846351166],[115.73513483700003,0.4927850394492326]]}},{"type":"Feature","properties":{"name":null,"cls":"tertiary","km":3.82},"geometry":{"type":"LineString","coordinates":[[114.57255307000003,0.6935618052250043],[114.56319894800004,0.661168332261118]]}},{"type":"Feature","properties":{"name":null,"cls":"tertiary","km":3.81},"geometry":{"type":"LineString","coordinates":[[116.55823157000009,1.3339704465114985],[116.55403965900005,1.3520772924913462],[116.54376385400008,1.3597245874828823]]}},{"type":"Feature","properties":{"name":null,"cls":"tertiary","km":3.8},"geometry":{"type":"LineString","coordinates":[[116.10415317000003,1.6051498892105],[116.10306795200006,1.636000930176303]]}},{"type":"Feature","properties":{"name":null,"cls":"tertiary","km":3.79},"geometry":{"type":"LineString","coordinates":[[115.67720044400004,0.7145116482015774],[115.68749544100001,0.7244884101904389],[115.67726895300008,0.7373735961760799]]}},{"type":"Feature","properties":{"name":null,"cls":"tertiary","km":3.79},"geometry":{"type":"LineString","coordinates":[[116.11471196600009,1.21350855564546],[116.10572416000004,1.2238073196339765],[116.08669538900004,1.2213010136367701]]}},{"type":"Feature","properties":{"name":null,"cls":"tertiary","km":3.79},"geometry":{"type":"LineString","coordinates":[[116.32932255700007,0.6860252322333978],[116.34179492900012,0.6988834372190565],[116.34763766900005,0.7128524052034464]]}},{"type":"Feature","properties":{"name":null,"cls":"tertiary","km":3.79},"geometry":{"type":"LineString","coordinates":[[114.82289471,0.9628786179245571],[114.85562206700001,0.9581033009298859]]}},{"type":"Feature","properties":{"name":null,"cls":"tertiary","km":3.78},"geometry":{"type":"LineString","coordinates":[[116.215975543,0.9955292828881718],[116.19704517100003,1.0007004318823924],[116.18857560800006,1.0100366338720086]]}},{"type":"Feature","properties":{"name":null,"cls":"tertiary","km":3.78},"geometry":{"type":"LineString","coordinates":[[115.59497384400004,0.10855980087869412],[115.59119847800004,0.09328485089571734],[115.57506269800001,0.08885716390068016]]}},{"type":"Feature","properties":{"name":null,"cls":"tertiary","km":3.78},"geometry":{"type":"LineString","coordinates":[[116.1313911090001,0.8551394640446595],[116.1229803000001,0.8430226960581767],[116.1052465570001,0.8401835230613891]]}},{"type":"Feature","properties":{"name":null,"cls":"tertiary","km":3.77},"geometry":{"type":"LineString","coordinates":[[116.24840858100002,0.7112048332053174],[116.25723603100006,0.7173149941984469],[116.25964561600006,0.7113181902051391],[116.27073093000003,0.7146388892014683]]}},{"type":"Feature","properties":{"name":null,"cls":"tertiary","km":3.77},"geometry":{"type":"LineString","coordinates":[[116.4103444550001,0.1937975917833841],[116.41451904500003,0.18528821779289237],[116.40663903300003,0.17672058280243585],[116.40822631200001,0.16693832581340254]]}},{"type":"Feature","properties":{"name":null,"cls":"tertiary","km":3.77},"geometry":{"type":"LineString","coordinates":[[116.35245802300005,0.3272020086342852],[116.37185140800011,0.33044859063059034],[116.37117977700007,0.3413904526183813]]}},{"type":"Feature","properties":{"name":null,"cls":"tertiary","km":3.76},"geometry":{"type":"LineString","coordinates":[[116.16602719200013,0.9122519319809951],[116.15884025900004,0.9408512849491124]]}},{"type":"Feature","properties":{"name":null,"cls":"tertiary","km":3.76},"geometry":{"type":"LineString","coordinates":[[116.07143904100008,0.9641040879231934],[116.037810293,0.9636358429237367]]}},{"type":"Feature","properties":{"name":null,"cls":"tertiary","km":3.75},"geometry":{"type":"LineString","coordinates":[[115.79025217900005,0.9608216919268924],[115.75774823300003,0.9672676439196649]]}},{"type":"Feature","properties":{"name":null,"cls":"tertiary","km":3.75},"geometry":{"type":"LineString","coordinates":[[115.9250116180001,0.9280562649633662],[115.94138176900003,0.9461101739432695],[115.94998096000006,0.94825569494084]]}},{"type":"Feature","properties":{"name":null,"cls":"tertiary","km":3.73},"geometry":{"type":"LineString","coordinates":[[115.98959412800004,1.2924725935576264],[115.96499955100002,1.2712239185812648]]}},{"type":"Feature","properties":{"name":null,"cls":"tertiary","km":3.73},"geometry":{"type":"LineString","coordinates":[[116.19181963400001,0.08084622990961149],[116.18272234400001,0.09293722289613578],[116.16639401500005,0.09822841389023053]]}},{"type":"Feature","properties":{"name":null,"cls":"tertiary","km":3.73},"geometry":{"type":"LineString","coordinates":[[116.968233413,0.669042402252364],[116.980453677,0.6708037162503971],[116.99254630000009,0.6860073692334003]]}},{"type":"Feature","properties":{"name":null,"cls":"tertiary","km":3.73},"geometry":{"type":"LineString","coordinates":[[116.21544374900009,0.930641337960497],[116.18437661200004,0.9395578769505845]]}},{"type":"Feature","properties":{"name":null,"cls":"tertiary","km":3.72},"geometry":{"type":"LineString","coordinates":[[115.73579890600001,0.8459233040549524],[115.7292825510001,0.8576455900418968],[115.738121309,0.8676024870308098]]}},{"type":"Feature","properties":{"name":null,"cls":"tertiary","km":3.72},"geometry":{"type":"LineString","coordinates":[[116.29172709800001,1.8223771899699832],[116.29823239600013,1.8154883319776456],[116.2904694240001,1.7952561269999772]]}},{"type":"Feature","properties":{"name":null,"cls":"tertiary","km":3.72},"geometry":{"type":"LineString","coordinates":[[115.9817161420001,1.4419121083915607],[115.98143469000003,1.4320814844025274],[115.994260886,1.4141986664223687]]}},{"type":"Feature","properties":{"name":null,"cls":"tertiary","km":3.72},"geometry":{"type":"LineString","coordinates":[[116.52760091800006,1.3567812614861516],[116.52495784700012,1.364715218477312],[116.52937419000013,1.3799943164603583],[116.52327358800005,1.384979993454792]]}},{"type":"Feature","properties":{"name":null,"cls":"tertiary","km":3.72},"geometry":{"type":"LineString","coordinates":[[116.0183929870001,0.006782902992469607],[115.98892294300003,0.006965282992266707]]}},{"type":"Feature","properties":{"name":null,"cls":"tertiary","km":3.71},"geometry":{"type":"LineString","coordinates":[[115.97268961400006,1.3376061385074358],[115.95261093300007,1.3303758575154883],[115.94489180400002,1.3379935675070258]]}},{"type":"Feature","properties":{"name":null,"cls":"tertiary","km":3.71},"geometry":{"type":"LineString","coordinates":[[116.25417207300006,1.7168673690867258],[116.25698880000006,1.73670040206475],[116.24990920800008,1.7451808280553687]]}},{"type":"Feature","properties":{"name":null,"cls":"tertiary","km":3.71},"geometry":{"type":"LineString","coordinates":[[114.66937764400005,1.235943115620456],[114.67714107100004,1.2362113116202182],[114.69630763100008,1.2217199346363152]]}},{"type":"Feature","properties":{"name":null,"cls":"tertiary","km":3.7},"geometry":{"type":"LineString","coordinates":[[116.03877475800005,1.2039304396561215],[116.06913336600007,1.211942568647195]]}},{"type":"Feature","properties":{"name":null,"cls":"tertiary","km":3.7},"geometry":{"type":"LineString","coordinates":[[114.805844223,1.4087687334283465],[114.80485077600008,1.4145211514220073],[114.7786282730001,1.4149726124214652]]}},{"type":"Feature","properties":{"name":null,"cls":"tertiary","km":3.69},"geometry":{"type":"LineString","coordinates":[[116.21445863600002,1.4436672423896142],[116.21107118000009,1.4550640253769678],[116.19221396900002,1.4554762133765027]]}},{"type":"Feature","properties":{"name":null,"cls":"tertiary","km":3.69},"geometry":{"type":"LineString","coordinates":[[114.24010705800004,1.3897384674495257],[114.23038625000004,1.3972499924411776],[114.21179261500004,1.3990073654391912]]}},{"type":"Feature","properties":{"name":null,"cls":"tertiary","km":3.68},"geometry":{"type":"LineString","coordinates":[[114.25944853600004,0.5722481023604299],[114.27597121000008,0.5449333983909572]]}},{"type":"Feature","properties":{"name":null,"cls":"tertiary","km":3.68},"geometry":{"type":"LineString","coordinates":[[116.53004233500008,1.096205985776052],[116.50914239500003,1.1182957127514122]]}},{"type":"Feature","properties":{"name":null,"cls":"tertiary","km":3.68},"geometry":{"type":"LineString","coordinates":[[116.91070409800011,0.4115043585400287],[116.91903519900006,0.4139731385372741],[116.92476650200003,0.43055765251873435],[116.9304591450001,0.43197730251713673]]}},{"type":"Feature","properties":{"name":null,"cls":"tertiary","km":3.68},"geometry":{"type":"LineString","coordinates":[[116.03004017500007,0.6176782163097237],[116.04386854800009,0.6188627313083458],[116.0490598230001,0.6041121143248257]]}},{"type":"Feature","properties":{"name":null,"cls":"tertiary","km":3.68},"geometry":{"type":"LineString","coordinates":[[116.9586906400001,0.6589412212636617],[116.97005763100003,0.6503567312732069],[116.98607763000008,0.6488581172748618]]}},{"type":"Feature","properties":{"name":null,"cls":"tertiary","km":3.68},"geometry":{"type":"LineString","coordinates":[[116.84558182600007,0.9450591559444302],[116.83670481800004,0.9501461489387387],[116.82107827400013,0.9501579239387389],[116.8193232960001,0.9462396879430995]]}},{"type":"Feature","properties":{"name":null,"cls":"tertiary","km":3.67},"geometry":{"type":"LineString","coordinates":[[114.43853719200003,0.6287236512974058],[114.45251284300002,0.6149265543128105],[114.45680544900006,0.6028950483262213]]}},{"type":"Feature","properties":{"name":null,"cls":"tertiary","km":3.67},"geometry":{"type":"LineString","coordinates":[[116.4482129500001,1.5832668242347427],[116.47844223000003,1.5932296632236849]]}},{"type":"Feature","properties":{"name":null,"cls":"tertiary","km":3.66},"geometry":{"type":"LineString","coordinates":[[114.46238127600009,1.0813365947925326],[114.44992203400011,1.11034591976026]]}},{"type":"Feature","properties":{"name":null,"cls":"tertiary","km":3.65},"geometry":{"type":"LineString","coordinates":[[115.93964021900001,0.011054458987663126],[115.95969477400001,0.03361650996247945]]}},{"type":"Feature","properties":{"name":null,"cls":"tertiary","km":3.65},"geometry":{"type":"LineString","coordinates":[[116.51867411400009,0.2671896907013286],[116.5111256150001,0.2624799627065694],[116.48884286200007,0.2646707887041191]]}},{"type":"Feature","properties":{"name":null,"cls":"tertiary","km":3.65},"geometry":{"type":"LineString","coordinates":[[116.24912723800001,0.02037091897731554],[116.22864648400002,0.007654345991459004],[116.22246133500005,0.009502340989389712]]}},{"type":"Feature","properties":{"name":null,"cls":"tertiary","km":3.64},"geometry":{"type":"LineString","coordinates":[[116.08660737600009,0.3353424296251057],[116.07289505400001,0.3300783176310192],[116.06172351000009,0.34203193761766304]]}},{"type":"Feature","properties":{"name":null,"cls":"tertiary","km":3.64},"geometry":{"type":"LineString","coordinates":[[116.17604692500005,0.07072873492098489],[116.17596011900002,0.07758795791328925],[116.16125636900007,0.09653183089210199]]}},{"type":"Feature","properties":{"name":null,"cls":"tertiary","km":3.64},"geometry":{"type":"LineString","coordinates":[[115.88605267900006,0.5375547863991698],[115.8826007,0.5590270183751916],[115.87693921100004,0.5664874903668505]]}},{"type":"Feature","properties":{"name":null,"cls":"tertiary","km":3.63},"geometry":{"type":"LineString","coordinates":[[116.70736637100003,1.49268189933522],[116.733252289,1.5066171083197295]]}},{"type":"Feature","properties":{"name":null,"cls":"tertiary","km":3.63},"geometry":{"type":"LineString","coordinates":[[116.33576066600006,1.4849692483438035],[116.31331885000009,1.5071700413191327]]}},{"type":"Feature","properties":{"name":null,"cls":"tertiary","km":3.63},"geometry":{"type":"LineString","coordinates":[[114.37662093600011,0.916316078976454],[114.39429838900003,0.9210927249711471],[114.39586198100007,0.9349278789556763]]}},{"type":"Feature","properties":{"name":null,"cls":"tertiary","km":3.63},"geometry":{"type":"LineString","coordinates":[[114.81935022200003,0.1614599428195222],[114.82993245800002,0.15286608282913053],[114.83080554200001,0.13514949584893585]]}},{"type":"Feature","properties":{"name":null,"cls":"tertiary","km":3.62},"geometry":{"type":"LineString","coordinates":[[116.4951895690001,1.5896166622277028],[116.47844223000003,1.5932296632236849],[116.489123414,1.6018488042141075]]}},{"type":"Feature","properties":{"name":null,"cls":"tertiary","km":3.62},"geometry":{"type":"LineString","coordinates":[[114.91878533800002,1.4735168713565103],[114.9351478980001,1.4789817213504315],[114.94014905200004,1.4913764813366923]]}},{"type":"Feature","properties":{"name":null,"cls":"tertiary","km":3.62},"geometry":{"type":"LineString","coordinates":[[114.64912765200008,1.2822361015690344],[114.64641953700006,1.2922811025578311],[114.6568881710001,1.3108854275371373]]}},{"type":"Feature","properties":{"name":null,"cls":"tertiary","km":3.61},"geometry":{"type":"LineString","coordinates":[[116.08008388100006,0.20921065676613582],[116.07723507800006,0.22699337674625947],[116.08408822600008,0.23655283773555294]]}},{"type":"Feature","properties":{"name":null,"cls":"tertiary","km":3.61},"geometry":{"type":"LineString","coordinates":[[116.25643585900004,0.1089773408782042],[116.26510596600008,0.09935240788900851],[116.27416999600008,0.10328643988455535],[116.27094670500004,0.10965166087741816]]}},{"type":"Feature","properties":{"name":null,"cls":"tertiary","km":3.61},"geometry":{"type":"LineString","coordinates":[[114.61555905700004,1.2965899025530039],[114.60430736600007,1.3225398705241906]]}},{"type":"Feature","properties":{"name":null,"cls":"tertiary","km":3.61},"geometry":{"type":"LineString","coordinates":[[115.14048242000001,0.4313279965178467],[115.1324854400001,0.46243970848306926]]}},{"type":"Feature","properties":{"name":null,"cls":"tertiary","km":3.6},"geometry":{"type":"LineString","coordinates":[[116.82062818100007,0.6267940512995025],[116.79877503800002,0.6263186333000266],[116.79254845700007,0.6334372362921279]]}},{"type":"Feature","properties":{"name":null,"cls":"tertiary","km":3.6},"geometry":{"type":"LineString","coordinates":[[115.88168205300008,0.5231589884152504],[115.87344910400009,0.5183355494206968],[115.87125072800006,0.4975208234439309]]}},{"type":"Feature","properties":{"name":null,"cls":"tertiary","km":3.6},"geometry":{"type":"LineString","coordinates":[[114.13795176800011,1.0776166187967278],[114.12190591100011,1.1045415097667282]]}},{"type":"Feature","properties":{"name":null,"cls":"tertiary","km":3.6},"geometry":{"type":"LineString","coordinates":[[114.57356471300011,0.9513939269373911],[114.54887320500006,0.9708771849156547]]}},{"type":"Feature","properties":{"name":null,"cls":"tertiary","km":3.59},"geometry":{"type":"LineString","coordinates":[[117.15491365000004,0.28166948568513855],[117.1576278660001,0.2707480336973719],[117.16809433800007,0.26909197669922413],[117.17458174,0.26265036270640113]]}},{"type":"Feature","properties":{"name":null,"cls":"tertiary","km":3.59},"geometry":{"type":"LineString","coordinates":[[115.92921508300003,0.06199793393070215],[115.94194451800001,0.06499838392733928],[115.95496918500008,0.05403466293961437]]}},{"type":"Feature","properties":{"name":null,"cls":"tertiary","km":3.58},"geometry":{"type":"LineString","coordinates":[[116.0202027470001,0.010788032987952272],[116.01325971000006,0.02211033897530991],[115.995720967,0.025445491971611212]]}},{"type":"Feature","properties":{"name":null,"cls":"tertiary","km":3.58},"geometry":{"type":"LineString","coordinates":[[114.24530034200006,0.7575689861535585],[114.22674570600009,0.7484291781637213],[114.2162106720001,0.7488462551632743]]}},{"type":"Feature","properties":{"name":null,"cls":"tertiary","km":3.58},"geometry":{"type":"LineString","coordinates":[[116.40281309100011,0.24202703372943865],[116.39183969400007,0.2709872876970911]]}},{"type":"Feature","properties":{"name":null,"cls":"tertiary","km":3.58},"geometry":{"type":"LineString","coordinates":[[115.73899807800001,0.0161387189819784],[115.722145307,0.040529256954735755]]}},{"type":"Feature","properties":{"name":null,"cls":"tertiary","km":3.58},"geometry":{"type":"LineString","coordinates":[[115.79818145800006,0.07413483191711542],[115.79649824400009,0.06626567092594336],[115.80402428600006,0.06831305192368142],[115.8056514200001,0.05847394393469273]]}},{"type":"Feature","properties":{"name":null,"cls":"tertiary","km":3.58},"geometry":{"type":"LineString","coordinates":[[116.68112829500001,0.7443192001683497],[116.6858685860001,0.743496453169207],[116.7063675190001,0.7586100411523586]]}},{"type":"Feature","properties":{"name":null,"cls":"tertiary","km":3.56},"geometry":{"type":"LineString","coordinates":[[116.32525112000008,0.9135482619795556],[116.31387942300012,0.9172958029753675],[116.2955927700001,0.9103598099830721]]}},{"type":"Feature","properties":{"name":null,"cls":"tertiary","km":3.56},"geometry":{"type":"LineString","coordinates":[[114.94008490400005,1.2066014166531367],[114.95258435300003,1.2330007776237832]]}},{"type":"Feature","properties":{"name":null,"cls":"tertiary","km":3.56},"geometry":{"type":"LineString","coordinates":[[114.45115370300005,1.2428954756127442],[114.43801038900006,1.2522031266024303],[114.43848183700004,1.265635638587436]]}},{"type":"Feature","properties":{"name":null,"cls":"tertiary","km":3.55},"geometry":{"type":"LineString","coordinates":[[116.07335785600003,1.2651689955879832],[116.08739041700005,1.2488796976061],[116.08806805200004,1.2396341056163647]]}},{"type":"Feature","properties":{"name":null,"cls":"tertiary","km":3.55},"geometry":{"type":"LineString","coordinates":[[116.56213014500008,0.6407502012839347],[116.56451506500002,0.6483846542753808],[116.55635741200003,0.6697798162515584]]}},{"type":"Feature","properties":{"name":null,"cls":"tertiary","km":3.55},"geometry":{"type":"LineString","coordinates":[[115.73246282100001,0.34625026261295916],[115.72093685300003,0.3508534616078121],[115.70706607600005,0.3408242106190159]]}},{"type":"Feature","properties":{"name":null,"cls":"tertiary","km":3.55},"geometry":{"type":"LineString","coordinates":[[115.81396973000007,0.6969289872211833],[115.83110420600008,0.6723846122485819]]}},{"type":"Feature","properties":{"name":null,"cls":"tertiary","km":3.54},"geometry":{"type":"LineString","coordinates":[[116.69089454400013,1.4093798944277374],[116.66474668300008,1.4251253204101828]]}},{"type":"Feature","properties":{"name":null,"cls":"tertiary","km":3.54},"geometry":{"type":"LineString","coordinates":[[116.88957802300001,0.49262289444940255],[116.90038836800011,0.49084245945140054],[116.91802576900011,0.497097009444398]]}},{"type":"Feature","properties":{"name":null,"cls":"tertiary","km":3.54},"geometry":{"type":"LineString","coordinates":[[116.61361712500002,0.663771004258246],[116.58874649900008,0.6567471842660675]]}},{"type":"Feature","properties":{"name":null,"cls":"tertiary","km":3.54},"geometry":{"type":"LineString","coordinates":[[116.16772677600012,0.7421320921707938],[116.15891736200001,0.7543067271572241],[116.14261628400004,0.754221735157266]]}},{"type":"Feature","properties":{"name":null,"cls":"tertiary","km":3.54},"geometry":{"type":"LineString","coordinates":[[114.63509150900006,1.4420135603914594],[114.62925274700002,1.4447314063884604],[114.62844612100004,1.455544753376469],[114.62135473700005,1.4649490123660165]]}},{"type":"Feature","properties":{"name":null,"cls":"tertiary","km":3.53},"geometry":{"type":"LineString","coordinates":[[116.88434639400008,0.4660100864790985],[116.90476130100001,0.46235929648319307],[116.9113183840001,0.4691044824756453]]}},{"type":"Feature","properties":{"name":null,"cls":"tertiary","km":3.53},"geometry":{"type":"LineString","coordinates":[[116.05865928900006,0.9198471179725257],[116.06632154500004,0.9385293629516607],[116.07595052300007,0.940193826949801]]}},{"type":"Feature","properties":{"name":null,"cls":"tertiary","km":3.52},"geometry":{"type":"LineString","coordinates":[[116.19176652600004,1.7145622090892825],[116.18387755600008,1.732866110069042],[116.17377384300005,1.7378960930634328]]}},{"type":"Feature","properties":{"name":null,"cls":"tertiary","km":3.52},"geometry":{"type":"LineString","coordinates":[[114.310951853,1.1791957726836106],[114.30097675600007,1.18982124667179],[114.28687027300009,1.1936759276675224]]}},{"type":"Feature","properties":{"name":null,"cls":"tertiary","km":3.51},"geometry":{"type":"LineString","coordinates":[[116.63068141200006,0.5886322903421782],[116.61274850300003,0.6139833983138586]]}},{"type":"Feature","properties":{"name":null,"cls":"tertiary","km":3.51},"geometry":{"type":"LineString","coordinates":[[115.12565216500002,0.9695324429171259],[115.13336887100002,0.9735623349126582],[115.14429521400005,0.9930821498909318]]}},{"type":"Feature","properties":{"name":null,"cls":"tertiary","km":3.5},"geometry":{"type":"LineString","coordinates":[[115.51023463100012,0.5928035233374827],[115.5144719130001,0.5764858793557093],[115.50861749300009,0.5636393263700459]]}},{"type":"Feature","properties":{"name":null,"cls":"tertiary","km":3.5},"geometry":{"type":"LineString","coordinates":[[116.08352042800004,0.9280863099633614],[116.0680619320001,0.9130997089800307],[116.06926612600012,0.9039302659902545]]}},{"type":"Feature","properties":{"name":null,"cls":"tertiary","km":3.49},"geometry":{"type":"LineString","coordinates":[[115.987015799,0.4350432755137324],[115.966907245,0.43033881751896835],[115.97085171500008,0.4374314835110488]]}},{"type":"Feature","properties":{"name":null,"cls":"tertiary","km":3.49},"geometry":{"type":"LineString","coordinates":[[116.76884696800005,0.681283297238669],[116.78321104100009,0.7062768592107813]]}},{"type":"Feature","properties":{"name":null,"cls":"tertiary","km":3.48},"geometry":{"type":"LineString","coordinates":[[115.81045058200006,1.1090988707616647],[115.81053816900011,1.0917991427809175],[115.80494515200006,1.0796589577944191]]}},{"type":"Feature","properties":{"name":null,"cls":"tertiary","km":3.48},"geometry":{"type":"LineString","coordinates":[[116.41413671500004,0.38405487257068427],[116.4043742550001,0.38141962257363327],[116.40211524900008,0.36725435958947333],[116.39731404300005,0.36505711559192605]]}},{"type":"Feature","properties":{"name":null,"cls":"tertiary","km":3.48},"geometry":{"type":"LineString","coordinates":[[115.5963091220001,0.6246685193019006],[115.60776101400008,0.5973489563324208]]}},{"type":"Feature","properties":{"name":null,"cls":"tertiary","km":3.48},"geometry":{"type":"LineString","coordinates":[[116.26064380300011,0.9356261359549493],[116.2615243780001,0.9414601249484112],[116.27584149500002,0.9370437889533957],[116.27555114400003,0.9457483839436676]]}},{"type":"Feature","properties":{"name":null,"cls":"tertiary","km":3.48},"geometry":{"type":"LineString","coordinates":[[115.51111230800007,0.2540216457160428],[115.5139710970001,0.2591318287103572],[115.52743880900005,0.26102252270823434],[115.53302432500006,0.25396133771614077]]}},{"type":"Feature","properties":{"name":null,"cls":"tertiary","km":3.48},"geometry":{"type":"LineString","coordinates":[[115.42691950400001,0.7168719221989719],[115.39742297500004,0.7230158881921251]]}},{"type":"Feature","properties":{"name":null,"cls":"tertiary","km":3.47},"geometry":{"type":"LineString","coordinates":[[115.62635059900002,0.3369019166233955],[115.61853325400013,0.34738281761166334],[115.61885206900003,0.3644599925925894]]}},{"type":"Feature","properties":{"name":null,"cls":"tertiary","km":3.47},"geometry":{"type":"LineString","coordinates":[[115.74074916900008,0.04279029895218094],[115.74228446500003,0.05323271794052178],[115.7333129540001,0.06621683192604372]]}},{"type":"Feature","properties":{"name":null,"cls":"tertiary","km":3.47},"geometry":{"type":"LineString","coordinates":[[115.79381008400003,0.3802148295749883],[115.7814338400001,0.39486550855862296],[115.77254907600002,0.393729365559917]]}},{"type":"Feature","properties":{"name":null,"cls":"tertiary","km":3.47},"geometry":{"type":"LineString","coordinates":[[115.53358746800008,0.5383779803982716],[115.52673639200009,0.5523065863826937],[115.51526899600005,0.560981742373055]]}},{"type":"Feature","properties":{"name":null,"cls":"tertiary","km":3.47},"geometry":{"type":"LineString","coordinates":[[114.95587594900009,1.2993219885500027],[114.96913460400005,1.3244246675220903]]}},{"type":"Feature","properties":{"name":null,"cls":"tertiary","km":3.46},"geometry":{"type":"LineString","coordinates":[[116.36208126300006,0.8471186120536038],[116.349855692,0.8745230150231069]]}},{"type":"Feature","properties":{"name":null,"cls":"tertiary","km":3.46},"geometry":{"type":"LineString","coordinates":[[115.5459442660001,0.0929281698961624],[115.53813490400012,0.12156632286412833]]}},{"type":"Feature","properties":{"name":null,"cls":"tertiary","km":3.45},"geometry":{"type":"LineString","coordinates":[[116.32927546100008,1.0262237828539293],[116.34945372600009,1.0494889108280476]]}},{"type":"Feature","properties":{"name":null,"cls":"tertiary","km":3.45},"geometry":{"type":"LineString","coordinates":[[115.57898054500002,0.3189911176434322],[115.57669947500005,0.34769223661136406]]}},{"type":"Feature","properties":{"name":null,"cls":"tertiary","km":3.44},"geometry":{"type":"LineString","coordinates":[[116.67715152100004,1.5089063353172147],[116.68053429700001,1.5379115182850085]]}},{"type":"Feature","properties":{"name":null,"cls":"tertiary","km":3.44},"geometry":{"type":"LineString","coordinates":[[116.1790429890001,0.11873394886729023],[116.16405488200007,0.11687385986936902],[116.1501535750001,0.12303196886251662]]}},{"type":"Feature","properties":{"name":null,"cls":"tertiary","km":3.43},"geometry":{"type":"LineString","coordinates":[[116.07365270500009,0.7843854551236347],[116.04487245300005,0.7791413421294527]]}},{"type":"Feature","properties":{"name":null,"cls":"tertiary","km":3.43},"geometry":{"type":"LineString","coordinates":[[115.10880872700011,1.4194633874165017],[115.09588982300012,1.4325762684019194],[115.09710579800004,1.4425979363908257]]}},{"type":"Feature","properties":{"name":null,"cls":"tertiary","km":3.42},"geometry":{"type":"LineString","coordinates":[[116.77217518500002,0.739388693173853],[116.76660725400006,0.7546768541568023],[116.77626075000002,0.7588017011521361]]}},{"type":"Feature","properties":{"name":null,"cls":"tertiary","km":3.42},"geometry":{"type":"LineString","coordinates":[[116.76368708800011,0.8370541250648772],[116.74713350900005,0.8172972260868892]]}},{"type":"Feature","properties":{"name":null,"cls":"tertiary","km":3.42},"geometry":{"type":"LineString","coordinates":[[116.3207088690001,1.290405810559926],[116.32717620300002,1.2939592965559883],[116.3483851420001,1.2918073025583563]]}},{"type":"Feature","properties":{"name":null,"cls":"tertiary","km":3.42},"geometry":{"type":"LineString","coordinates":[[116.56171442400012,0.7173271841984501],[116.55237333600007,0.7425809001702651]]}},{"type":"Feature","properties":{"name":null,"cls":"tertiary","km":3.42},"geometry":{"type":"LineString","coordinates":[[115.55437496800005,0.5538987803809167],[115.54838888100006,0.5675327563657089],[115.54974638700003,0.582821945348622]]}},{"type":"Feature","properties":{"name":null,"cls":"tertiary","km":3.41},"geometry":{"type":"LineString","coordinates":[[116.82449179300009,0.6070654193215239],[116.84093921700001,0.6114333613167124],[116.85044823000011,0.6066433293220393]]}},{"type":"Feature","properties":{"name":null,"cls":"tertiary","km":3.41},"geometry":{"type":"LineString","coordinates":[[116.01876846900007,0.9781884829074886],[115.99720416700006,0.9578538159301487]]}},{"type":"Feature","properties":{"name":null,"cls":"tertiary","km":3.41},"geometry":{"type":"LineString","coordinates":[[115.93498073800005,1.378679110461815],[115.95753116300011,1.3591513344834745]]}},{"type":"Feature","properties":{"name":null,"cls":"tertiary","km":3.41},"geometry":{"type":"LineString","coordinates":[[116.42113410700006,1.1068859297640816],[116.43430600000012,1.1230929987460865],[116.4426616830001,1.1223031947469915]]}},{"type":"Feature","properties":{"name":null,"cls":"tertiary","km":3.41},"geometry":{"type":"LineString","coordinates":[[116.18482357300002,0.11266607687405862],[116.17817079699999,0.11341325687326363],[116.17426578900006,0.10581266388174577],[116.16471094600001,0.1134324218732315]]}},{"type":"Feature","properties":{"name":null,"cls":"tertiary","km":3.41},"geometry":{"type":"LineString","coordinates":[[116.2797735480001,0.7965800561100037],[116.26448396900004,0.8044393261012699]]}},{"type":"Feature","properties":{"name":null,"cls":"tertiary","km":3.4},"geometry":{"type":"LineString","coordinates":[[116.23048215100006,1.3700769634713856],[116.24888677600006,1.348799133494995]]}},{"type":"Feature","properties":{"name":null,"cls":"tertiary","km":3.39},"geometry":{"type":"LineString","coordinates":[[115.84959203000004,0.18437197979387807],[115.83417320000001,0.1702755618096489],[115.82642342100007,0.17166196280807994]]}},{"type":"Feature","properties":{"name":null,"cls":"tertiary","km":3.39},"geometry":{"type":"LineString","coordinates":[[117.10246204900012,0.36396349159316294],[117.11262821200013,0.39059591556339573]]}},{"type":"Feature","properties":{"name":null,"cls":"tertiary","km":3.39},"geometry":{"type":"LineString","coordinates":[[116.33943389600005,0.7179998541977277],[116.32767611700002,0.7067447572102783],[116.31429806500012,0.704342104212931]]}},{"type":"Feature","properties":{"name":null,"cls":"tertiary","km":3.39},"geometry":{"type":"LineString","coordinates":[[116.4155275590001,0.3023582906620206],[116.42982987200003,0.3161612886465496],[116.42742482100005,0.3244617026373314]]}},{"type":"Feature","properties":{"name":null,"cls":"tertiary","km":3.39},"geometry":{"type":"LineString","coordinates":[[116.11847272600005,0.06063977293223025],[116.11264786700008,0.08733778190237745]]}},{"type":"Feature","properties":{"name":null,"cls":"tertiary","km":3.39},"geometry":{"type":"LineString","coordinates":[[116.03629346800005,0.9706959139158025],[116.06471786300006,0.9796442119058574]]}},{"type":"Feature","properties":{"name":null,"cls":"tertiary","km":3.39},"geometry":{"type":"LineString","coordinates":[[115.2487880000001,0.45724299948891944],[115.26237929800003,0.4324046965166637]]}},{"type":"Feature","properties":{"name":null,"cls":"tertiary","km":3.38},"geometry":{"type":"LineString","coordinates":[[116.31105957500007,1.616852703197489],[116.30248536800002,1.6128067092020402],[116.29849468900012,1.600701907215405],[116.29145415900007,1.597707363218761]]}},{"type":"Feature","properties":{"name":null,"cls":"tertiary","km":3.38},"geometry":{"type":"LineString","coordinates":[[116.43206865800003,1.3703074784711315],[116.42468259500002,1.3495633254941635],[116.41733146100012,1.347923559496028]]}},{"type":"Feature","properties":{"name":null,"cls":"tertiary","km":3.38},"geometry":{"type":"LineString","coordinates":[[115.64047039800005,0.8130946920915663],[115.66398667200008,0.7959879881106542]]}},{"type":"Feature","properties":{"name":null,"cls":"tertiary","km":3.38},"geometry":{"type":"LineString","coordinates":[[115.9296813090001,0.7561847891550662],[115.94633020800006,0.7333661151805702]]}},{"type":"Feature","properties":{"name":null,"cls":"tertiary","km":3.38},"geometry":{"type":"LineString","coordinates":[[114.19996492700011,0.9719582219144395],[114.20558203400003,0.9439543859456873]]}},{"type":"Feature","properties":{"name":null,"cls":"tertiary","km":3.37},"geometry":{"type":"LineString","coordinates":[[114.19237058200008,0.8694864860287123],[114.16323008300003,0.8749713690225326]]}},{"type":"Feature","properties":{"name":null,"cls":"tertiary","km":3.37},"geometry":{"type":"LineString","coordinates":[[114.36544959400011,0.6965297082216602],[114.36116979300004,0.699871224217937],[114.35730683000008,0.6963217692219159],[114.34471351600007,0.7078736342090173]]}},{"type":"Feature","properties":{"name":null,"cls":"tertiary","km":3.36},"geometry":{"type":"LineString","coordinates":[[116.59998867099999,0.945224058944225],[116.59785276200012,0.933862852956914],[116.58819064500004,0.9296954989615388],[116.58944568900007,0.9221928939698627]]}},{"type":"Feature","properties":{"name":null,"cls":"tertiary","km":3.36},"geometry":{"type":"LineString","coordinates":[[115.54557741300005,0.18452772679374801],[115.51944112400008,0.19449449478262046]]}},{"type":"Feature","properties":{"name":null,"cls":"tertiary","km":3.36},"geometry":{"type":"LineString","coordinates":[[114.13390302900007,1.013467101868161],[114.13932211300005,1.0175760188636103],[114.13987237900005,1.0385611888402266]]}},{"type":"Feature","properties":{"name":null,"cls":"tertiary","km":3.35},"geometry":{"type":"LineString","coordinates":[[116.16100820300007,1.0502539038271599],[116.13514800300005,1.059240353817171]]}},{"type":"Feature","properties":{"name":null,"cls":"tertiary","km":3.35},"geometry":{"type":"LineString","coordinates":[[116.89543697400006,1.4602566343712169],[116.92482190400005,1.4577603413740194]]}},{"type":"Feature","properties":{"name":null,"cls":"tertiary","km":3.35},"geometry":{"type":"LineString","coordinates":[[115.62056672200005,0.5370999623997127],[115.62535956300009,0.5524515923825751],[115.63677441100003,0.5595286293746611]]}},{"type":"Feature","properties":{"name":null,"cls":"tertiary","km":3.34},"geometry":{"type":"LineString","coordinates":[[115.58704287400009,1.164976480699428],[115.57753467900011,1.176254642686877],[115.57718322000005,1.1870716476748946]]}},{"type":"Feature","properties":{"name":null,"cls":"tertiary","km":3.34},"geometry":{"type":"LineString","coordinates":[[116.90980915400007,0.4367632105117852],[116.89722072500001,0.4365342305120712],[116.88402501600001,0.4467647305005966]]}},{"type":"Feature","properties":{"name":null,"cls":"tertiary","km":3.34},"geometry":{"type":"LineString","coordinates":[[115.65860969500011,0.6635261932584925],[115.6494180630001,0.6778255502425549],[115.63909007400002,0.6827693242370202]]}},{"type":"Feature","properties":{"name":null,"cls":"tertiary","km":3.33},"geometry":{"type":"LineString","coordinates":[[116.79640382300012,0.7040540922132563],[116.77962728100012,0.6914077802274168]]}},{"type":"Feature","properties":{"name":null,"cls":"tertiary","km":3.33},"geometry":{"type":"LineString","coordinates":[[114.84043950500006,1.5245171392998729],[114.83222970300005,1.5339950002893594],[114.8166398730001,1.5377508482852227]]}},{"type":"Feature","properties":{"name":null,"cls":"tertiary","km":3.32},"geometry":{"type":"LineString","coordinates":[[117.06413894800005,0.19347183878374674],[117.07344083700002,0.189717884787946],[117.092712795,0.19160839278580508]]}},{"type":"Feature","properties":{"name":null,"cls":"tertiary","km":3.32},"geometry":{"type":"LineString","coordinates":[[116.1785984070001,1.2347155976218305],[116.18310803900012,1.2234902396343135],[116.19814130600002,1.2153201706433958]]}},{"type":"Feature","properties":{"name":null,"cls":"tertiary","km":3.32},"geometry":{"type":"LineString","coordinates":[[115.95007848600004,0.07537443891576759],[115.96649787500009,0.05288017394092414]]}},{"type":"Feature","properties":{"name":null,"cls":"tertiary","km":3.32},"geometry":{"type":"LineString","coordinates":[[115.11447950700006,0.5846214703466018],[115.08686355200008,0.5770156153551154]]}},{"type":"Feature","properties":{"name":null,"cls":"tertiary","km":3.31},"geometry":{"type":"LineString","coordinates":[[116.05941116700001,0.8581762660412731],[116.04334838000013,0.8633678120354841],[116.03315908200013,0.8564975500432015]]}},{"type":"Feature","properties":{"name":null,"cls":"tertiary","km":3.31},"geometry":{"type":"LineString","coordinates":[[116.23123398500002,0.7604885261502987],[116.23741209000002,0.7576634951534226],[116.24632996600009,0.7632002261472497],[116.24620264800002,0.7683463881415267]]}},{"type":"Feature","properties":{"name":null,"cls":"tertiary","km":3.3},"geometry":{"type":"LineString","coordinates":[[116.32027825200011,0.0918891238972723],[116.32477626900004,0.10978863787731022],[116.31670544000009,0.11332552887334991]]}},{"type":"Feature","properties":{"name":null,"cls":"tertiary","km":3.3},"geometry":{"type":"LineString","coordinates":[[114.22568547000003,1.0442207558339185],[114.22708196100007,1.0716057938033936]]}},{"type":"Feature","properties":{"name":null,"cls":"tertiary","km":3.29},"geometry":{"type":"LineString","coordinates":[[116.10889084300003,0.42970655951968123],[116.13523628000007,0.44211236750581384]]}},{"type":"Feature","properties":{"name":null,"cls":"tertiary","km":3.29},"geometry":{"type":"LineString","coordinates":[[116.99247126900002,0.37031502558609497],[117.02016741900002,0.36261721959468257]]}},{"type":"Feature","properties":{"name":null,"cls":"tertiary","km":3.29},"geometry":{"type":"LineString","coordinates":[[116.78377457300007,0.8218262980818594],[116.79434879000007,0.8247794450785538],[116.7996914250001,0.84041000706111]]}},{"type":"Feature","properties":{"name":null,"cls":"tertiary","km":3.29},"geometry":{"type":"LineString","coordinates":[[116.20578752500002,0.04823863094614017],[116.22026446400002,0.07099804492067177]]}},{"type":"Feature","properties":{"name":null,"cls":"tertiary","km":3.28},"geometry":{"type":"LineString","coordinates":[[116.26002404400003,1.3864885774531412],[116.28615797500004,1.3762786224644947]]}},{"type":"Feature","properties":{"name":null,"cls":"tertiary","km":3.28},"geometry":{"type":"LineString","coordinates":[[115.90055727700009,1.1622135397024937],[115.90800259000002,1.1747808166885465],[115.90891392000005,1.1884717286733002]]}},{"type":"Feature","properties":{"name":null,"cls":"tertiary","km":3.28},"geometry":{"type":"LineString","coordinates":[[116.12751638800012,0.8608273810383074],[116.14733581100008,0.8799494130170097]]}},{"type":"Feature","properties":{"name":null,"cls":"tertiary","km":3.27},"geometry":{"type":"LineString","coordinates":[[116.26501039600008,1.2079031266516773],[116.2926862590001,1.200739887659646]]}},{"type":"Feature","properties":{"name":null,"cls":"tertiary","km":3.27},"geometry":{"type":"LineString","coordinates":[[116.50636461900001,0.9121102689811457],[116.517411261,0.9258478239658434],[116.52381720500011,0.9247734209670233]]}},{"type":"Feature","properties":{"name":null,"cls":"tertiary","km":3.27},"geometry":{"type":"LineString","coordinates":[[116.22118990100012,0.16566116381479828],[116.20359378900002,0.16640488981397045],[116.19904107,0.17523321380413823]]}},{"type":"Feature","properties":{"name":null,"cls":"tertiary","km":3.27},"geometry":{"type":"LineString","coordinates":[[115.92395648600007,0.4038868575485021],[115.9007558300001,0.3915580265622813]]}},{"type":"Feature","properties":{"name":null,"cls":"tertiary","km":3.27},"geometry":{"type":"LineString","coordinates":[[114.40684589500006,0.6716159082494407],[114.403219895,0.6543796512687164],[114.40828059000012,0.6446856362795805]]}},{"type":"Feature","properties":{"name":null,"cls":"tertiary","km":3.26},"geometry":{"type":"LineString","coordinates":[[116.79819837800005,0.7002668372175205],[116.77511715400011,0.6854610682340196]]}},{"type":"Feature","properties":{"name":null,"cls":"tertiary","km":3.25},"geometry":{"type":"LineString","coordinates":[[116.17645191500003,1.431483597403151],[116.16060598800006,1.436279584397841],[116.1537098860001,1.4463455853866596]]}},{"type":"Feature","properties":{"name":null,"cls":"tertiary","km":3.25},"geometry":{"type":"LineString","coordinates":[[116.91462850000005,0.6083959253200765],[116.94247971200002,0.6104281183178207]]}},{"type":"Feature","properties":{"name":null,"cls":"tertiary","km":3.25},"geometry":{"type":"LineString","coordinates":[[115.92131121100009,0.028983995967631102],[115.92600327700006,0.04123194795396537],[115.93336513600002,0.046069111948561704],[115.93867826600003,0.04413981895070391]]}},{"type":"Feature","properties":{"name":null,"cls":"tertiary","km":3.25},"geometry":{"type":"LineString","coordinates":[[115.67395978600008,0.07479706091640782],[115.66465497800004,0.07430785691699429],[115.64963252900009,0.08607682390378388]]}},{"type":"Feature","properties":{"name":null,"cls":"tertiary","km":3.25},"geometry":{"type":"LineString","coordinates":[[114.33701453900005,1.3593548884832567],[114.33153211900003,1.372016880469197],[114.33828259200004,1.3834526154564752]]}},{"type":"Feature","properties":{"name":null,"cls":"tertiary","km":3.25},"geometry":{"type":"LineString","coordinates":[[114.66899221200002,1.5562060692647246],[114.64844952300007,1.5731010692460066]]}},{"type":"Feature","properties":{"name":null,"cls":"tertiary","km":3.24},"geometry":{"type":"LineString","coordinates":[[115.74839189100011,0.44437043450332364],[115.77235798299999,0.4588487184871337]]}},{"type":"Feature","properties":{"name":null,"cls":"tertiary","km":3.24},"geometry":{"type":"LineString","coordinates":[[116.31976785300004,0.6516965092716754],[116.334848597,0.6612429932610345],[116.33366875200011,0.6665354332551402]]}},{"type":"Feature","properties":{"name":null,"cls":"tertiary","km":3.24},"geometry":{"type":"LineString","coordinates":[[116.20783831200005,0.4338062125150683],[116.23091462200011,0.4193823755312147]]}},{"type":"Feature","properties":{"name":null,"cls":"tertiary","km":3.22},"geometry":{"type":"LineString","coordinates":[[115.82796956700008,0.026546397970367307],[115.83143007100011,0.017104968980954607],[115.84113153000008,0.01577234198239191],[115.84209877800004,0.022925476974444987]]}},{"type":"Feature","properties":{"name":null,"cls":"tertiary","km":3.22},"geometry":{"type":"LineString","coordinates":[[115.30710444700004,1.7549095790446347],[115.30815617800012,1.7660760570322862],[115.31608552400006,1.7762436380210613]]}},{"type":"Feature","properties":{"name":null,"cls":"tertiary","km":3.21},"geometry":{"type":"LineString","coordinates":[[114.44756318500004,0.6180523493092832],[114.45120533600004,0.6018755193273385],[114.44744574100002,0.5908529403396297]]}},{"type":"Feature","properties":{"name":null,"cls":"tertiary","km":3.2},"geometry":{"type":"LineString","coordinates":[[114.87467109300009,0.020423727977178105],[114.87980956700007,0.03991912295542676],[114.88652450500003,0.04264603595239006]]}},{"type":"Feature","properties":{"name":null,"cls":"tertiary","km":3.19},"geometry":{"type":"LineString","coordinates":[[116.64050522300009,1.0339334678453433],[116.62954846000002,1.035148977844032],[116.61668398100004,1.0252883458550341]]}},{"type":"Feature","properties":{"name":null,"cls":"tertiary","km":3.19},"geometry":{"type":"LineString","coordinates":[[116.65449176300002,0.7788137761298375],[116.66604481500009,0.8031156161027374]]}},{"type":"Feature","properties":{"name":null,"cls":"tertiary","km":3.19},"geometry":{"type":"LineString","coordinates":[[116.04623498400008,0.6841497842355002],[116.0556626240001,0.6922152132264979],[116.06456972900004,0.6921458842265644],[116.06803246200003,0.6979773402200852]]}},{"type":"Feature","properties":{"name":null,"cls":"tertiary","km":3.19},"geometry":{"type":"LineString","coordinates":[[115.81387480300009,0.5772396983548904],[115.83029210900008,0.5594392443747263]]}},{"type":"Feature","properties":{"name":null,"cls":"tertiary","km":3.19},"geometry":{"type":"LineString","coordinates":[[116.3493727770001,0.9452257569442469],[116.34173309000005,0.9473447679418847],[116.3227290660001,0.9413814889485033]]}},{"type":"Feature","properties":{"name":null,"cls":"tertiary","km":3.18},"geometry":{"type":"LineString","coordinates":[[114.51224289100003,1.1333439097346627],[114.51960069700012,1.1460893137204486],[114.52029054000002,1.1581194607070997]]}},{"type":"Feature","properties":{"name":null,"cls":"tertiary","km":3.17},"geometry":{"type":"LineString","coordinates":[[115.61388880000005,0.5888187933419036],[115.63215537200004,0.5685997253645149]]}},{"type":"Feature","properties":{"name":null,"cls":"tertiary","km":3.17},"geometry":{"type":"LineString","coordinates":[[116.68222354900003,0.594119040336031],[116.69410200900006,0.5826765663487841],[116.69894654300005,0.583750951347595],[116.69818385200006,0.5793009703525693]]}},{"type":"Feature","properties":{"name":null,"cls":"tertiary","km":3.17},"geometry":{"type":"LineString","coordinates":[[115.4850496460001,0.6839796602356581],[115.47666500000004,0.7110789992054478]]}},{"type":"Feature","properties":{"name":null,"cls":"tertiary","km":3.17},"geometry":{"type":"LineString","coordinates":[[114.28275275300007,0.631157998294646],[114.2550284580001,0.6300258812959105]]}},{"type":"Feature","properties":{"name":null,"cls":"tertiary","km":3.16},"geometry":{"type":"LineString","coordinates":[[116.48350130600011,1.4818865083471902],[116.46762033300001,1.4834166403455253],[116.46314420500005,1.4900357143381322]]}},{"type":"Feature","properties":{"name":null,"cls":"tertiary","km":3.16},"geometry":{"type":"LineString","coordinates":[[116.56377406,1.0654693108102755],[116.56643511000004,1.071527175803537],[116.56228884000008,1.090941478781864]]}},{"type":"Feature","properties":{"name":null,"cls":"tertiary","km":3.16},"geometry":{"type":"LineString","coordinates":[[116.0749519090001,0.3664966395902964],[116.07854713300001,0.3491619786096969],[116.07284599100001,0.3419345396177982]]}},{"type":"Feature","properties":{"name":null,"cls":"tertiary","km":3.16},"geometry":{"type":"LineString","coordinates":[[116.36097474300004,1.7243779560784136],[116.35430936700004,1.744963191055618],[116.35790027100006,1.7496068180504754]]}},{"type":"Feature","properties":{"name":null,"cls":"tertiary","km":3.15},"geometry":{"type":"LineString","coordinates":[[115.80265419200009,0.11442888987210974],[115.82794922500013,0.12125130386447663]]}},{"type":"Feature","properties":{"name":null,"cls":"tertiary","km":3.15},"geometry":{"type":"LineString","coordinates":[[114.83935117400007,0.013805359984636797],[114.83417844600001,0.020463866977152557],[114.81540522200011,0.02423357997294248]]}},{"type":"Feature","properties":{"name":null,"cls":"tertiary","km":3.14},"geometry":{"type":"LineString","coordinates":[[115.501094211,0.25940317271005603],[115.5074128660001,0.27041768469772987],[115.52092327800004,0.27263885869521853]]}},{"type":"Feature","properties":{"name":null,"cls":"tertiary","km":3.14},"geometry":{"type":"LineString","coordinates":[[117.00126836400011,0.8920233030035367],[117.00499246500009,0.8672811390311296]]}},{"type":"Feature","properties":{"name":null,"cls":"tertiary","km":3.14},"geometry":{"type":"LineString","coordinates":[[116.40649023600008,0.6055134623232626],[116.41737979000004,0.6082282943202724],[116.42640874000007,0.6211421203058437]]}},{"type":"Feature","properties":{"name":null,"cls":"tertiary","km":3.14},"geometry":{"type":"LineString","coordinates":[[114.09604955700003,0.8129365000917431],[114.06852672100003,0.8108394240940786]]}},{"type":"Feature","properties":{"name":null,"cls":"tertiary","km":3.13},"geometry":{"type":"LineString","coordinates":[[115.95735338700003,0.7021849962153818],[115.93109036300007,0.7006885212170564]]}},{"type":"Feature","properties":{"name":null,"cls":"tertiary","km":3.13},"geometry":{"type":"LineString","coordinates":[[116.50567712200005,0.30210056366229915],[116.51184684400006,0.2932575206721561],[116.52815731400005,0.29042794967533436]]}},{"type":"Feature","properties":{"name":null,"cls":"tertiary","km":3.13},"geometry":{"type":"LineString","coordinates":[[116.54101405200005,0.7305175051837607],[116.53366144800009,0.724027658190978],[116.51756579800006,0.7228357351923139]]}},{"type":"Feature","properties":{"name":null,"cls":"tertiary","km":3.13},"geometry":{"type":"LineString","coordinates":[[116.41777726400005,0.8966953289983473],[116.4126017110001,0.9192988969731158]]}},{"type":"Feature","properties":{"name":null,"cls":"tertiary","km":3.12},"geometry":{"type":"LineString","coordinates":[[115.54314237300002,0.5511090783840731],[115.54041538200012,0.5649865803685427],[115.53102282700003,0.5740516353584175]]}},{"type":"Feature","properties":{"name":null,"cls":"tertiary","km":3.12},"geometry":{"type":"LineString","coordinates":[[116.34259838800004,0.841469217059921],[116.33647217800001,0.8418025920595659],[116.32890161100009,0.8255482710777028]]}},{"type":"Feature","properties":{"name":null,"cls":"tertiary","km":3.11},"geometry":{"type":"LineString","coordinates":[[116.97430821800003,1.2902875285600701],[116.970621799,1.2940486285558257],[116.97802898600003,1.303245515545656],[116.9757181020001,1.3093635385388294]]}},{"type":"Feature","properties":{"name":null,"cls":"tertiary","km":3.11},"geometry":{"type":"LineString","coordinates":[[116.02240566500006,0.7531942571584475],[116.0144752540001,0.7494810821625703],[115.99972278400001,0.7594553701514475]]}},{"type":"Feature","properties":{"name":null,"cls":"tertiary","km":3.11},"geometry":{"type":"LineString","coordinates":[[114.21324030500011,1.3631079804790764],[114.20609485300008,1.3731099594679959],[114.20615153200004,1.3880977614513763]]}},{"type":"Feature","properties":{"name":null,"cls":"tertiary","km":3.11},"geometry":{"type":"LineString","coordinates":[[114.70310087800009,1.4182044054179448],[114.71745876100012,1.4351536953990647]]}},{"type":"Feature","properties":{"name":null,"cls":"tertiary","km":3.11},"geometry":{"type":"LineString","coordinates":[[115.19175558900008,0.7231091811919843],[115.18203238700005,0.7194748671960126],[115.17157216000008,0.7058932192112479]]}},{"type":"Feature","properties":{"name":null,"cls":"tertiary","km":3.1},"geometry":{"type":"LineString","coordinates":[[116.10073847700005,1.5866726402309679],[116.12753096400003,1.5927387532242097]]}},{"type":"Feature","properties":{"name":null,"cls":"tertiary","km":3.1},"geometry":{"type":"LineString","coordinates":[[116.35333925700003,0.6834707592362319],[116.35636292000005,0.6886421982304995],[116.34545376800008,0.7063563182107028]]}},{"type":"Feature","properties":{"name":null,"cls":"tertiary","km":3.1},"geometry":{"type":"LineString","coordinates":[[116.78316754800005,0.2326802187398975],[116.77444991600011,0.25677757871297086]]}},{"type":"Feature","properties":{"name":null,"cls":"tertiary","km":3.09},"geometry":{"type":"LineString","coordinates":[[116.73673865300007,1.4787380723506813],[116.73206875900006,1.4929032173349677],[116.72230530700006,1.4999596703271583]]}},{"type":"Feature","properties":{"name":null,"cls":"tertiary","km":3.09},"geometry":{"type":"LineString","coordinates":[[115.77808240800005,1.1710319716926918],[115.77619734300005,1.1763811136867264],[115.75781912000002,1.1791734566836327]]}},{"type":"Feature","properties":{"name":null,"cls":"tertiary","km":3.09},"geometry":{"type":"LineString","coordinates":[[116.04459644400002,0.6880453212311383],[116.06000612600008,0.7087891532079906]]}},{"type":"Feature","properties":{"name":null,"cls":"tertiary","km":3.09},"geometry":{"type":"LineString","coordinates":[[115.18838915100001,0.3796886695755945],[115.1835468710001,0.40433182754804226]]}},{"type":"Feature","properties":{"name":null,"cls":"tertiary","km":3.08},"geometry":{"type":"LineString","coordinates":[[116.00043096500009,1.4761762423535407],[116.02549048900003,1.4850821713436244]]}},{"type":"Feature","properties":{"name":null,"cls":"tertiary","km":3.08},"geometry":{"type":"LineString","coordinates":[[116.43915514900006,1.6912089101151264],[116.45770006200007,1.6949988521109334],[116.46325611700001,1.6906255381157838]]}},{"type":"Feature","properties":{"name":null,"cls":"tertiary","km":3.08},"geometry":{"type":"LineString","coordinates":[[116.00556860500001,0.5808488453508516],[115.99742084600008,0.5909128023395769],[115.99453915700009,0.6043157783246137]]}},{"type":"Feature","properties":{"name":null,"cls":"tertiary","km":3.08},"geometry":{"type":"LineString","coordinates":[[115.307525983,1.630238481182668],[115.308370093,1.6398134301720502],[115.29785830600008,1.6515013311591134]]}},{"type":"Feature","properties":{"name":null,"cls":"tertiary","km":3.07},"geometry":{"type":"LineString","coordinates":[[115.21233533400006,0.7542386471572722],[115.23566728300011,0.768665167141165]]}},{"type":"Feature","properties":{"name":null,"cls":"tertiary","km":3.06},"geometry":{"type":"LineString","coordinates":[[116.52848737000011,0.48728701545532],[116.52131742000006,0.5104739754294588]]}},{"type":"Feature","properties":{"name":null,"cls":"tertiary","km":3.06},"geometry":{"type":"LineString","coordinates":[[115.53649146300008,0.6498157502738537],[115.56207066900004,0.6511708752722971]]}},{"type":"Feature","properties":{"name":null,"cls":"tertiary","km":3.06},"geometry":{"type":"LineString","coordinates":[[115.82289197700004,0.4072910525447271],[115.79775397300011,0.3989843355540373]]}},{"type":"Feature","properties":{"name":null,"cls":"tertiary","km":3.06},"geometry":{"type":"LineString","coordinates":[[116.3730039510001,0.03213747096413044],[116.38437864700006,0.05455968793903246]]}},{"type":"Feature","properties":{"name":null,"cls":"tertiary","km":3.06},"geometry":{"type":"LineString","coordinates":[[116.63364514200009,0.9283649719630207],[116.62820958200007,0.9473548929418659],[116.62219484900004,0.9509053529379042]]}},{"type":"Feature","properties":{"name":null,"cls":"tertiary","km":3.05},"geometry":{"type":"LineString","coordinates":[[115.20152966800005,0.7162368061996643],[115.18060196500005,0.7320131761820667]]}},{"type":"Feature","properties":{"name":null,"cls":"tertiary","km":3.05},"geometry":{"type":"LineString","coordinates":[[115.53581103300007,0.7535340821580444],[115.5509131760001,0.7318399251822212]]}},{"type":"Feature","properties":{"name":null,"cls":"tertiary","km":3.04},"geometry":{"type":"LineString","coordinates":[[116.0864295030001,0.9154605769773927],[116.0943149950001,0.9161870729766035],[116.10953071400003,0.9060712789879121]]}},{"type":"Feature","properties":{"name":null,"cls":"tertiary","km":3.03},"geometry":{"type":"LineString","coordinates":[[116.82324990600011,0.604246037324692],[116.80154688900006,0.5895644743410817]]}},{"type":"Feature","properties":{"name":null,"cls":"tertiary","km":3.03},"geometry":{"type":"LineString","coordinates":[[116.98693054800003,0.6198464713073111],[116.98320431800005,0.6130474083148599],[116.97499587500012,0.6207914723062445],[116.96802705100002,0.6204143343066124]]}},{"type":"Feature","properties":{"name":null,"cls":"tertiary","km":3.03},"geometry":{"type":"LineString","coordinates":[[116.39697901400007,0.6108667873173318],[116.40446037299999,0.6183122133090228],[116.41923697800007,0.6216366963052865]]}},{"type":"Feature","properties":{"name":null,"cls":"tertiary","km":3.03},"geometry":{"type":"LineString","coordinates":[[116.44887742100002,0.25902965671043876],[116.45892238800003,0.2565515747132405],[116.46852186400008,0.265546788703155]]}},{"type":"Feature","properties":{"name":null,"cls":"tertiary","km":3.03},"geometry":{"type":"LineString","coordinates":[[116.06954258100006,0.4339000795150225],[116.06663668400004,0.44730387550000644],[116.05739622400007,0.44589048550161614]]}},{"type":"Feature","properties":{"name":null,"cls":"tertiary","km":3.03},"geometry":{"type":"LineString","coordinates":[[116.861850547,0.6065606673221192],[116.84636821400011,0.5930951493371763],[116.84223051800006,0.5946769053353953]]}},{"type":"Feature","properties":{"name":null,"cls":"tertiary","km":3.02},"geometry":{"type":"LineString","coordinates":[[116.54163258200002,0.7049431642122811],[116.56427280300011,0.7145181032015588]]}},{"type":"Feature","properties":{"name":null,"cls":"tertiary","km":3.02},"geometry":{"type":"LineString","coordinates":[[115.53802617400005,0.5818419903497192],[115.52649603500005,0.5777451553542888],[115.51275552100005,0.581981492349586]]}},{"type":"Feature","properties":{"name":null,"cls":"tertiary","km":3.01},"geometry":{"type":"LineString","coordinates":[[116.9888088250001,0.8571681920424405],[116.9947121040001,0.8647329400339888],[117.00986252100006,0.8578352540417042]]}},{"type":"Feature","properties":{"name":null,"cls":"tertiary","km":3.01},"geometry":{"type":"LineString","coordinates":[[116.59840608900004,0.6389019752860342],[116.57801203600002,0.6535684272696045]]}},{"type":"Feature","properties":{"name":null,"cls":"tertiary","km":3.01},"geometry":{"type":"LineString","coordinates":[[114.37110330400003,1.1952897516657026],[114.36464084800002,1.2038014776562396],[114.36571539200008,1.2185562366398646]]}},{"type":"Feature","properties":{"name":null,"cls":"tertiary","km":3.0},"geometry":{"type":"LineString","coordinates":[[114.28947052800004,1.3188005075283271],[114.27931180900009,1.3237010215229081],[114.2825055290001,1.3367094435084628]]}},{"type":"Feature","properties":{"name":null,"cls":"tertiary","km":2.99},"geometry":{"type":"LineString","coordinates":[[115.5397019950001,0.7563361491548906],[115.55180160600003,0.747089639165265],[115.55048718300009,0.7369285221765922]]}},{"type":"Feature","properties":{"name":null,"cls":"tertiary","km":2.99},"geometry":{"type":"LineString","coordinates":[[115.66177234900009,0.8725338270252536],[115.66793384500009,0.8695919790285628],[115.6852627830001,0.8761812770212398]]}},{"type":"Feature","properties":{"name":null,"cls":"tertiary","km":2.99},"geometry":{"type":"LineString","coordinates":[[115.94257782200009,0.46547510347973325],[115.94401794700002,0.48061592946279375],[115.95150707900007,0.48823080045426737]]}},{"type":"Feature","properties":{"name":null,"cls":"tertiary","km":2.99},"geometry":{"type":"LineString","coordinates":[[115.9017229330001,0.742502046170368],[115.88645096300003,0.7369861051765265],[115.88671740200004,0.7269818691876502]]}},{"type":"Feature","properties":{"name":null,"cls":"tertiary","km":2.99},"geometry":{"type":"LineString","coordinates":[[116.24944743700007,0.019253537978527833],[116.24286828300002,0.012501352986092108],[116.24313821700002,0.0013027529985874422],[116.238927589,0.0024728379973160664]]}},{"type":"Feature","properties":{"name":null,"cls":"tertiary","km":2.99},"geometry":{"type":"LineString","coordinates":[[115.20052300000009,0.7514409991604015],[115.19970205700007,0.7650503471452041],[115.19269331600003,0.7762867871326341]]}},{"type":"Feature","properties":{"name":null,"cls":"tertiary","km":2.98},"geometry":{"type":"LineString","coordinates":[[116.29409199600002,0.9394075279507449],[116.27317243000005,0.9554986199327912]]}},{"type":"Feature","properties":{"name":null,"cls":"tertiary","km":2.97},"geometry":{"type":"LineString","coordinates":[[115.59622063300003,0.2246233007489373],[115.61132019800004,0.24314964572820127]]}},{"type":"Feature","properties":{"name":null,"cls":"tertiary","km":2.97},"geometry":{"type":"LineString","coordinates":[[115.52880658100001,0.8752029180223299],[115.50724969500006,0.861385357037744]]}},{"type":"Feature","properties":{"name":null,"cls":"tertiary","km":2.96},"geometry":{"type":"LineString","coordinates":[[115.77236076100006,0.12940531185538423],[115.74859384000003,0.12154918186414167]]}},{"type":"Feature","properties":{"name":null,"cls":"tertiary","km":2.96},"geometry":{"type":"LineString","coordinates":[[116.44145961700008,1.0659983648096365],[116.43283761000009,1.0871711617860633]]}},{"type":"Feature","properties":{"name":null,"cls":"tertiary","km":2.96},"geometry":{"type":"LineString","coordinates":[[114.86605223700006,0.12800868385694775],[114.85082556200008,0.14722212183545466]]}},{"type":"Feature","properties":{"name":null,"cls":"tertiary","km":2.95},"geometry":{"type":"LineString","coordinates":[[115.59790541900009,0.18676268179121697],[115.60157751700001,0.1912686867861866],[115.59173512100006,0.20702269576855575]]}},{"type":"Feature","properties":{"name":null,"cls":"tertiary","km":2.95},"geometry":{"type":"LineString","coordinates":[[114.12843628600002,0.9962058778874092],[114.12222104800003,0.9723464389139995]]}},{"type":"Feature","properties":{"name":null,"cls":"tertiary","km":2.94},"geometry":{"type":"LineString","coordinates":[[116.19584030700003,1.428040229406995],[116.20249648800005,1.4325549754019866],[116.22054858700004,1.4316783994029607]]}},{"type":"Feature","properties":{"name":null,"cls":"tertiary","km":2.94},"geometry":{"type":"LineString","coordinates":[[115.53161615900002,0.12172995186395025],[115.54883336400009,0.11658655186971292],[115.55392319400005,0.12182209786383413]]}},{"type":"Feature","properties":{"name":null,"cls":"tertiary","km":2.94},"geometry":{"type":"LineString","coordinates":[[116.36703434100004,1.0681157558072898],[116.36283683600006,1.093433871779098]]}},{"type":"Feature","properties":{"name":null,"cls":"tertiary","km":2.94},"geometry":{"type":"LineString","coordinates":[[115.72483203400007,0.10126978088681288],[115.72707780700013,0.09628748789238435],[115.73513547200001,0.09675281389190483],[115.72716830800006,0.10344550188438037]]}},{"type":"Feature","properties":{"name":null,"cls":"tertiary","km":2.94},"geometry":{"type":"LineString","coordinates":[[115.53941646300005,0.600376206329043],[115.5647521410001,0.6014163703278449]]}},{"type":"Feature","properties":{"name":null,"cls":"tertiary","km":2.94},"geometry":{"type":"LineString","coordinates":[[115.81852181600006,0.531452470406001],[115.81975116600007,0.5523553123826245],[115.81627435500002,0.5558503523787436]]}},{"type":"Feature","properties":{"name":null,"cls":"tertiary","km":2.94},"geometry":{"type":"LineString","coordinates":[[116.04920208800003,0.9473558029418415],[116.05856597900004,0.945716899943661],[116.07437143900006,0.951166505937583]]}},{"type":"Feature","properties":{"name":null,"cls":"tertiary","km":2.93},"geometry":{"type":"LineString","coordinates":[[116.22562654100011,1.3078113095405348],[116.22326448100011,1.3330169745125675]]}},{"type":"Feature","properties":{"name":null,"cls":"tertiary","km":2.93},"geometry":{"type":"LineString","coordinates":[[115.93095490300006,0.018560323979275938],[115.9144942150001,0.009466816989429068],[115.91392454000002,0.0033785469963081255]]}},{"type":"Feature","properties":{"name":null,"cls":"tertiary","km":2.92},"geometry":{"type":"LineString","coordinates":[[116.73339688200008,0.8334950270688468],[116.73331495700006,0.8110334190938965]]}},{"type":"Feature","properties":{"name":null,"cls":"tertiary","km":2.92},"geometry":{"type":"LineString","coordinates":[[116.50840027900006,0.28065297268625056],[116.48425137800007,0.27826670368892503]]}},{"type":"Feature","properties":{"name":null,"cls":"tertiary","km":2.92},"geometry":{"type":"LineString","coordinates":[[114.89947552400008,0.018665543979188338],[114.91408626300007,0.03947032395588176]]}},{"type":"Feature","properties":{"name":null,"cls":"tertiary","km":2.91},"geometry":{"type":"LineString","coordinates":[[114.10366913600002,1.0727363108021581],[114.11001017900003,1.09614439477609]]}},{"type":"Feature","properties":{"name":null,"cls":"tertiary","km":2.91},"geometry":{"type":"LineString","coordinates":[[116.59142342100006,0.6454249192787157],[116.56595178400006,0.6479583632758791]]}},{"type":"Feature","properties":{"name":null,"cls":"tertiary","km":2.91},"geometry":{"type":"LineString","coordinates":[[116.72065749100011,0.8728084920249418],[116.71421498000008,0.8571732350424327],[116.72210343000006,0.8553013660445089]]}},{"type":"Feature","properties":{"name":null,"cls":"tertiary","km":2.91},"geometry":{"type":"LineString","coordinates":[[114.8013445590001,1.5974301792190324],[114.81869080900003,1.6151715021993656]]}},{"type":"Feature","properties":{"name":null,"cls":"tertiary","km":2.9},"geometry":{"type":"LineString","coordinates":[[116.37296568300007,1.407373628429937],[116.36583204800002,1.4223138664133521],[116.36825832800001,1.4302110424045424]]}},{"type":"Feature","properties":{"name":null,"cls":"tertiary","km":2.9},"geometry":{"type":"LineString","coordinates":[[116.13929836600003,0.9054894679885004],[116.14607818000002,0.921966832970152],[116.15254612900003,0.9219683879701213]]}},{"type":"Feature","properties":{"name":null,"cls":"tertiary","km":2.9},"geometry":{"type":"LineString","coordinates":[[116.17257925900005,0.8575437310420317],[116.18036484600007,0.8692397560289895],[116.19137681500001,0.8692021720290238]]}},{"type":"Feature","properties":{"name":null,"cls":"tertiary","km":2.9},"geometry":{"type":"LineString","coordinates":[[116.32335426000009,0.8668711560316013],[116.3401724920001,0.8702912260277702],[116.34292611400006,0.8775835240196302]]}},{"type":"Feature","properties":{"name":null,"cls":"tertiary","km":2.89},"geometry":{"type":"LineString","coordinates":[[116.06717072700008,0.30245017566191074],[116.07386017700003,0.310022499653439],[116.07551782600001,0.3253258366363285]]}},{"type":"Feature","properties":{"name":null,"cls":"tertiary","km":2.89},"geometry":{"type":"LineString","coordinates":[[116.07529732700004,0.1361319168478615],[116.06051224300008,0.1182457478678439]]}},{"type":"Feature","properties":{"name":null,"cls":"tertiary","km":2.89},"geometry":{"type":"LineString","coordinates":[[115.5628327710001,0.6100748953182134],[115.5745984030001,0.6060769103226785],[115.5859976810001,0.6115207933165837]]}},{"type":"Feature","properties":{"name":null,"cls":"tertiary","km":2.89},"geometry":{"type":"LineString","coordinates":[[114.76563887200007,0.7544153111570799],[114.77680135900006,0.7432910051694835],[114.77730627500011,0.733671509180187]]}},{"type":"Feature","properties":{"name":null,"cls":"tertiary","km":2.88},"geometry":{"type":"LineString","coordinates":[[115.77513761600004,0.25558359771431444],[115.77657019800006,0.2469430377239236],[115.78947369000002,0.2376523787343507]]}},{"type":"Feature","properties":{"name":null,"cls":"tertiary","km":2.88},"geometry":{"type":"LineString","coordinates":[[116.23910800700003,0.14156887884175515],[116.22026698400009,0.15413004782771894]]}},{"type":"Feature","properties":{"name":null,"cls":"tertiary","km":2.87},"geometry":{"type":"LineString","coordinates":[[116.19272635700008,0.07314537891826138],[116.17456703000005,0.08804834590159619]]}},{"type":"Feature","properties":{"name":null,"cls":"tertiary","km":2.87},"geometry":{"type":"LineString","coordinates":[[116.96952236200002,0.7337911421801075],[116.96612784500007,0.7408397771722411],[116.97307017300012,0.7558136901555175]]}},{"type":"Feature","properties":{"name":null,"cls":"tertiary","km":2.87},"geometry":{"type":"LineString","coordinates":[[115.63304272800009,0.34199335361772915],[115.64463830300008,0.34379638661571665],[115.64661651900008,0.35664990560130044]]}},{"type":"Feature","properties":{"name":null,"cls":"tertiary","km":2.87},"geometry":{"type":"LineString","coordinates":[[114.19104398200011,1.03122207384842],[114.1922937700001,1.0551389178217776]]}},{"type":"Feature","properties":{"name":null,"cls":"tertiary","km":2.86},"geometry":{"type":"LineString","coordinates":[[115.94446952000011,0.5403119993960831],[115.92935684400004,0.5390949043974912],[115.92321140700005,0.5461890803895194]]}},{"type":"Feature","properties":{"name":null,"cls":"tertiary","km":2.85},"geometry":{"type":"LineString","coordinates":[[116.76006370000005,0.75544279015595],[116.74542276200009,0.75183968115991],[116.74019608600008,0.7454869721670287]]}},{"type":"Feature","properties":{"name":null,"cls":"tertiary","km":2.85},"geometry":{"type":"LineString","coordinates":[[115.22862169500003,0.7011473422165112],[115.23259783200002,0.7013651862162319],[115.23417754900004,0.7100669222065872],[115.24554316600006,0.7138724712023168]]}},{"type":"Feature","properties":{"name":null,"cls":"tertiary","km":2.84},"geometry":{"type":"LineString","coordinates":[[116.34963989500011,1.1608501607040302],[116.37459978400013,1.1581030887070947]]}},{"type":"Feature","properties":{"name":null,"cls":"tertiary","km":2.84},"geometry":{"type":"LineString","coordinates":[[116.40279428000007,1.0884712457846213],[116.41867883600001,1.1081068757627555]]}},{"type":"Feature","properties":{"name":null,"cls":"tertiary","km":2.84},"geometry":{"type":"LineString","coordinates":[[115.8873903440001,0.7024375302150676],[115.89231633600002,0.7039295072133975],[115.88244067200003,0.7122862182040466],[115.88320883900008,0.7193227291962228]]}},{"type":"Feature","properties":{"name":null,"cls":"tertiary","km":2.84},"geometry":{"type":"LineString","coordinates":[[115.84864269700006,0.49640760744515267],[115.85070024700009,0.48673917245595066],[115.84641318400008,0.47424548646994547]]}},{"type":"Feature","properties":{"name":null,"cls":"tertiary","km":2.84},"geometry":{"type":"LineString","coordinates":[[114.84329520100005,1.2304812046265305],[114.84726018200003,1.245027381610355],[114.85415733900004,1.251828491602815]]}},{"type":"Feature","properties":{"name":null,"cls":"tertiary","km":2.83},"geometry":{"type":"LineString","coordinates":[[116.40139772000009,0.22549249174794211],[116.40558289500007,0.22322196875047873],[116.42215802800001,0.23196747774069282]]}},{"type":"Feature","properties":{"name":null,"cls":"tertiary","km":2.83},"geometry":{"type":"LineString","coordinates":[[116.38501579200009,0.18766267979025752],[116.37241235500007,0.17347384780610062]]}},{"type":"Feature","properties":{"name":null,"cls":"tertiary","km":2.83},"geometry":{"type":"LineString","coordinates":[[116.97386180400008,0.39026439156378456],[116.98443469000007,0.40145825055128437],[116.99365466500001,0.4012112015515435]]}},{"type":"Feature","properties":{"name":null,"cls":"tertiary","km":2.83},"geometry":{"type":"LineString","coordinates":[[116.94857764800008,0.9320892969589024],[116.9254379800001,0.9355585759550056]]}},{"type":"Feature","properties":{"name":null,"cls":"tertiary","km":2.83},"geometry":{"type":"LineString","coordinates":[[116.33290714800012,0.8167754250874535],[116.33204795400002,0.8214504230822582],[116.31486398000006,0.8299218000728447]]}},{"type":"Feature","properties":{"name":null,"cls":"tertiary","km":2.82},"geometry":{"type":"LineString","coordinates":[[115.54134484700002,1.383120986456857],[115.5338895860001,1.3618751964804856]]}},{"type":"Feature","properties":{"name":null,"cls":"tertiary","km":2.81},"geometry":{"type":"LineString","coordinates":[[115.86170631100003,0.5978283303319261],[115.84668038500001,0.595177437334857],[115.83860758200001,0.6000705833293706]]}},{"type":"Feature","properties":{"name":null,"cls":"tertiary","km":2.81},"geometry":{"type":"LineString","coordinates":[[116.36093935699999,0.2159457927586315],[116.35620095600005,0.22324787775045596],[116.35835987000009,0.23318659273932596],[116.36354481700006,0.2358947617363005]]}},{"type":"Feature","properties":{"name":null,"cls":"tertiary","km":2.81},"geometry":{"type":"LineString","coordinates":[[116.26166288200011,0.17065291480924685],[116.25110557800008,0.18168368379690772],[116.24158258900002,0.18131166579732727]]}},{"type":"Feature","properties":{"name":null,"cls":"tertiary","km":2.81},"geometry":{"type":"LineString","coordinates":[[116.16169370600004,0.8827352230139122],[116.16459475400008,0.886595883009575],[116.18365938400007,0.8867189320094828]]}},{"type":"Feature","properties":{"name":null,"cls":"tertiary","km":2.81},"geometry":{"type":"LineString","coordinates":[[116.05648246300008,0.878668924018432],[116.0690288600001,0.9000250409946106]]}},{"type":"Feature","properties":{"name":null,"cls":"tertiary","km":2.81},"geometry":{"type":"LineString","coordinates":[[114.07692936900003,0.8341419710681177],[114.0631545660001,0.8155140990888967]]}},{"type":"Feature","properties":{"name":null,"cls":"tertiary","km":2.8},"geometry":{"type":"LineString","coordinates":[[116.0998444710001,1.3427401485017307],[116.11822956500009,1.359017601483627]]}},{"type":"Feature","properties":{"name":null,"cls":"tertiary","km":2.8},"geometry":{"type":"LineString","coordinates":[[116.12062200500009,0.06164402493109627],[116.12367207900002,0.08556537290440334]]}},{"type":"Feature","properties":{"name":null,"cls":"tertiary","km":2.8},"geometry":{"type":"LineString","coordinates":[[116.00413758000003,0.8608448830383606],[116.02675027100008,0.8510537860492894]]}},{"type":"Feature","properties":{"name":null,"cls":"tertiary","km":2.79},"geometry":{"type":"LineString","coordinates":[[116.36404168600006,1.3352785075100193],[116.36217996399999,1.3498587864938547],[116.3557833750001,1.3575140314852914]]}},{"type":"Feature","properties":{"name":null,"cls":"tertiary","km":2.79},"geometry":{"type":"LineString","coordinates":[[115.7410800350001,0.6368571372882547],[115.74338565300002,0.6452067542790008],[115.73968728900002,0.6509412632725431],[115.73265467500005,0.64594644327817]]}},{"type":"Feature","properties":{"name":null,"cls":"tertiary","km":2.79},"geometry":{"type":"LineString","coordinates":[[115.00829819800005,1.2958322315538893],[115.02146799000003,1.3005265725486908],[115.02432682100005,1.3092213745389931]]}},{"type":"Feature","properties":{"name":null,"cls":"tertiary","km":2.78},"geometry":{"type":"LineString","coordinates":[[116.39669805700011,1.3294303615165],[116.39540399100008,1.3220641585247084],[116.38012019400003,1.3178712925293798]]}},{"type":"Feature","properties":{"name":null,"cls":"tertiary","km":2.78},"geometry":{"type":"LineString","coordinates":[[116.07065789400009,1.0435034018347071],[116.07577751800012,1.0677331278077296]]}},{"type":"Feature","properties":{"name":null,"cls":"tertiary","km":2.78},"geometry":{"type":"LineString","coordinates":[[116.0460883060001,0.8221725330814721],[116.04638441700001,0.7973257011091587]]}},{"type":"Feature","properties":{"name":null,"cls":"tertiary","km":2.78},"geometry":{"type":"LineString","coordinates":[[114.73206239700004,1.4206957244151002],[114.72858305300008,1.4444026963888181]]}},{"type":"Feature","properties":{"name":null,"cls":"tertiary","km":2.77},"geometry":{"type":"LineString","coordinates":[[115.9379198050001,0.08715779790258733],[115.95380557400007,0.09539252689340208],[115.9551938080001,0.10145159488663905]]}},{"type":"Feature","properties":{"name":null,"cls":"tertiary","km":2.77},"geometry":{"type":"LineString","coordinates":[[115.96127740000009,0.7447217751678972],[115.94102007100004,0.7552724041560718]]}},{"type":"Feature","properties":{"name":null,"cls":"tertiary","km":2.77},"geometry":{"type":"LineString","coordinates":[[114.26978773100006,1.1281606677404388],[114.2596623610001,1.135464001732273],[114.24933193300001,1.1358910407318217]]}},{"type":"Feature","properties":{"name":null,"cls":"tertiary","km":2.76},"geometry":{"type":"LineString","coordinates":[[116.305774572,0.19232073578503858],[116.32203110800005,0.20872604676666684]]}},{"type":"Feature","properties":{"name":null,"cls":"tertiary","km":2.76},"geometry":{"type":"LineString","coordinates":[[116.03027558700002,1.291863297558308],[116.05090736100011,1.2800169645714912]]}},{"type":"Feature","properties":{"name":null,"cls":"tertiary","km":2.76},"geometry":{"type":"LineString","coordinates":[[116.1821728870001,0.45280670849391796],[116.17328006600006,0.46299338948252383],[116.16405809300012,0.46029198648551173]]}},{"type":"Feature","properties":{"name":null,"cls":"tertiary","km":2.76},"geometry":{"type":"LineString","coordinates":[[116.30465378200007,0.39108985256282547],[116.29166588800001,0.3803195855748582],[116.28448574200002,0.3812692195738142]]}},{"type":"Feature","properties":{"name":null,"cls":"tertiary","km":2.76},"geometry":{"type":"LineString","coordinates":[[115.81530057000009,0.05707211993624352],[115.81075999400002,0.063226305929355],[115.82375645900004,0.06973519592210471]]}},{"type":"Feature","properties":{"name":null,"cls":"tertiary","km":2.76},"geometry":{"type":"LineString","coordinates":[[115.73559518800006,0.3485813786103523],[115.73126499000013,0.3254579286361733]]}},{"type":"Feature","properties":{"name":null,"cls":"tertiary","km":2.76},"geometry":{"type":"LineString","coordinates":[[114.76563887200007,0.7544153111570799],[114.76150431000006,0.7521216831596154],[114.74713699100003,0.7618531131487989]]}},{"type":"Feature","properties":{"name":null,"cls":"tertiary","km":2.75},"geometry":{"type":"LineString","coordinates":[[116.41381978200002,0.28549569768084004],[116.42691693000008,0.29361880967180537],[116.42906886800006,0.30114482766334794]]}},{"type":"Feature","properties":{"name":null,"cls":"tertiary","km":2.75},"geometry":{"type":"LineString","coordinates":[[116.43713250500002,0.8907014640050488],[116.42775394800003,0.901767851992633]]}},{"type":"Feature","properties":{"name":null,"cls":"tertiary","km":2.75},"geometry":{"type":"LineString","coordinates":[[115.9681181750001,0.43908061250921676],[115.9625581030001,0.4317962875173612],[115.95655244000011,0.4316913125174619],[115.95193257900007,0.43880735050949404]]}},{"type":"Feature","properties":{"name":null,"cls":"tertiary","km":2.74},"geometry":{"type":"LineString","coordinates":[[116.2932406870001,0.6667545492549231],[116.2811143880001,0.681606847238343]]}},{"type":"Feature","properties":{"name":null,"cls":"tertiary","km":2.74},"geometry":{"type":"LineString","coordinates":[[116.24880865400007,0.4428546385050042],[116.24457844400003,0.4574206724887451],[116.23760146200004,0.46254297948296136]]}},{"type":"Feature","properties":{"name":null,"cls":"tertiary","km":2.74},"geometry":{"type":"LineString","coordinates":[[116.55891039500013,0.21452709276023096],[116.55027537200012,0.20748881176808814],[116.53756381500013,0.20989502676542357]]}},{"type":"Feature","properties":{"name":null,"cls":"tertiary","km":2.73},"geometry":{"type":"LineString","coordinates":[[115.61674440500009,0.9979661278854128],[115.62066964400005,0.9884719678960175],[115.63190762400006,0.9820501259031825]]}},{"type":"Feature","properties":{"name":null,"cls":"tertiary","km":2.73},"geometry":{"type":"LineString","coordinates":[[116.32308441300006,1.2722306375801211],[116.33123624200005,1.2809837805703812],[116.33796064500007,1.2716430465807635]]}},{"type":"Feature","properties":{"name":null,"cls":"tertiary","km":2.73},"geometry":{"type":"LineString","coordinates":[[116.31721833600011,0.6574426482653546],[116.30359393700009,0.6738908422469239]]}},{"type":"Feature","properties":{"name":null,"cls":"tertiary","km":2.73},"geometry":{"type":"LineString","coordinates":[[115.54257597000004,0.1794754497993558],[115.51967273800005,0.17224548680748386]]}},{"type":"Feature","properties":{"name":null,"cls":"tertiary","km":2.73},"geometry":{"type":"LineString","coordinates":[[116.04612563700005,0.644620936279632],[116.02628850100007,0.6582626312643981]]}},{"type":"Feature","properties":{"name":null,"cls":"tertiary","km":2.73},"geometry":{"type":"LineString","coordinates":[[115.55676287900009,0.4063619715458003],[115.54841018100001,0.411010075540533],[115.54819040400001,0.42474724152521637]]}},{"type":"Feature","properties":{"name":null,"cls":"tertiary","km":2.73},"geometry":{"type":"LineString","coordinates":[[115.57222624500002,0.25841963271114976],[115.54823512700011,0.257965616711622]]}},{"type":"Feature","properties":{"name":null,"cls":"tertiary","km":2.72},"geometry":{"type":"LineString","coordinates":[[115.78428863900001,0.3446981866147024],[115.77649571300005,0.34357024761595006],[115.77111656100011,0.3285438016327678]]}},{"type":"Feature","properties":{"name":null,"cls":"tertiary","km":2.71},"geometry":{"type":"LineString","coordinates":[[116.96200381300004,0.720531849194899],[116.97197252100011,0.7159482281999747],[116.97784386900003,0.726236009188499]]}},{"type":"Feature","properties":{"name":null,"cls":"tertiary","km":2.71},"geometry":{"type":"LineString","coordinates":[[116.28500776100009,1.7741951190232819],[116.26718960400001,1.7899494960058813]]}},{"type":"Feature","properties":{"name":null,"cls":"tertiary","km":2.71},"geometry":{"type":"LineString","coordinates":[[116.66805873900013,0.7344356981793779],[116.68214731900002,0.7250874181897735],[116.67932332500003,0.7205992761947625]]}},{"type":"Feature","properties":{"name":null,"cls":"tertiary","km":2.71},"geometry":{"type":"LineString","coordinates":[[114.95650300400008,0.8691842120290317],[114.94525892400009,0.8512481360489937]]}},{"type":"Feature","properties":{"name":null,"cls":"tertiary","km":2.7},"geometry":{"type":"LineString","coordinates":[[116.72816600900002,0.8301641760725048],[116.71787197200003,0.8471499100535685]]}},{"type":"Feature","properties":{"name":null,"cls":"tertiary","km":2.7},"geometry":{"type":"LineString","coordinates":[[114.92529348800008,1.3576078474852045],[114.93983842800004,1.3758915304648904]]}},{"type":"Feature","properties":{"name":null,"cls":"tertiary","km":2.7},"geometry":{"type":"LineString","coordinates":[[114.50624007600005,1.0511176078262754],[114.50784425000006,1.0568047988199185],[114.4986943880001,1.0720158998029465]]}},{"type":"Feature","properties":{"name":null,"cls":"tertiary","km":2.69},"geometry":{"type":"LineString","coordinates":[[116.27990038600001,1.694599332111369],[116.28474911,1.692812059113359],[116.28847689400006,1.6971944321085248],[116.29956444200003,1.6930988351130252]]}},{"type":"Feature","properties":{"name":null,"cls":"tertiary","km":2.68},"geometry":{"type":"LineString","coordinates":[[116.17853615600006,0.01907514697871183],[116.16166689300009,0.004486117995016528]]}},{"type":"Feature","properties":{"name":null,"cls":"tertiary","km":2.68},"geometry":{"type":"LineString","coordinates":[[115.7339264530001,0.6739316382468762],[115.73968728900002,0.6509412632725431]]}},{"type":"Feature","properties":{"name":null,"cls":"tertiary","km":2.68},"geometry":{"type":"LineString","coordinates":[[116.01862872800007,0.8384198210633387],[116.03419668100003,0.8203686080834974]]}},{"type":"Feature","properties":{"name":null,"cls":"tertiary","km":2.68},"geometry":{"type":"LineString","coordinates":[[116.24063822700008,0.6210731813058924],[116.24839850700006,0.6204406413066291],[116.25902417900012,0.6314409182943376]]}},{"type":"Feature","properties":{"name":null,"cls":"tertiary","km":2.67},"geometry":{"type":"LineString","coordinates":[[116.25957113900006,1.0494052528281337],[116.27764046900006,1.0639816308118792]]}},{"type":"Feature","properties":{"name":null,"cls":"tertiary","km":2.67},"geometry":{"type":"LineString","coordinates":[[116.30051948900007,0.8929160400025333],[116.31998495800008,0.9061075109878632]]}},{"type":"Feature","properties":{"name":null,"cls":"tertiary","km":2.67},"geometry":{"type":"LineString","coordinates":[[116.27578130400002,0.7451103281674383],[116.26552937900011,0.7471019421652365],[116.25888290500006,0.7568674661543389]]}},{"type":"Feature","properties":{"name":null,"cls":"tertiary","km":2.67},"geometry":{"type":"LineString","coordinates":[[116.31558007600006,0.30434763665976156],[116.33494442400003,0.29198323367360157]]}},{"type":"Feature","properties":{"name":null,"cls":"tertiary","km":2.66},"geometry":{"type":"LineString","coordinates":[[116.2699724250001,0.7208668241944671],[116.27481496700011,0.6994364162184391]]}},{"type":"Feature","properties":{"name":null,"cls":"tertiary","km":2.66},"geometry":{"type":"LineString","coordinates":[[116.46578241200007,0.32774509163362575],[116.45866148400013,0.33891922762118154],[116.44963614300002,0.34186071861786504]]}},{"type":"Feature","properties":{"name":null,"cls":"tertiary","km":2.66},"geometry":{"type":"LineString","coordinates":[[116.82500264100008,0.9400505419500076],[116.82516448000003,0.9173929949752698]]}},{"type":"Feature","properties":{"name":null,"cls":"tertiary","km":2.66},"geometry":{"type":"LineString","coordinates":[[116.11562609400006,0.7630045981474642],[116.09350931100005,0.7565223341547255]]}},{"type":"Feature","properties":{"name":null,"cls":"tertiary","km":2.65},"geometry":{"type":"LineString","coordinates":[[116.9880141020001,0.8985917679962471],[116.99602687000004,0.8768667890204548]]}},{"type":"Feature","properties":{"name":null,"cls":"tertiary","km":2.64},"geometry":{"type":"LineString","coordinates":[[116.03951092300008,1.298009293551438],[116.04850320800004,1.2966923225529172],[116.05747906600003,1.28530651356559]]}},{"type":"Feature","properties":{"name":null,"cls":"tertiary","km":2.64},"geometry":{"type":"LineString","coordinates":[[116.91446508400008,1.5034427553232996],[116.92401376300008,1.4983556383289478],[116.9302311250001,1.5075979673187052]]}},{"type":"Feature","properties":{"name":null,"cls":"tertiary","km":2.64},"geometry":{"type":"LineString","coordinates":[[116.2335254300001,1.0888172567842618],[116.23059064200004,1.1101148537605428]]}},{"type":"Feature","properties":{"name":null,"cls":"tertiary","km":2.64},"geometry":{"type":"LineString","coordinates":[[116.45867220800005,0.7126702942036661],[116.44985117300007,0.7284113251860976]]}},{"type":"Feature","properties":{"name":null,"cls":"tertiary","km":2.64},"geometry":{"type":"LineString","coordinates":[[116.10706194100008,0.43571888351293875],[116.11194421900008,0.444210173503445],[116.12281505400006,0.44315781850463354]]}},{"type":"Feature","properties":{"name":null,"cls":"tertiary","km":2.64},"geometry":{"type":"LineString","coordinates":[[114.11998041400011,0.7990058701072642],[114.11033748400007,0.8196863310842483]]}},{"type":"Feature","properties":{"name":null,"cls":"tertiary","km":2.63},"geometry":{"type":"LineString","coordinates":[[116.19530165900005,0.49531653944634135],[116.19306848800011,0.5086792054314744],[116.20134008400011,0.5127945504268839]]}},{"type":"Feature","properties":{"name":null,"cls":"tertiary","km":2.63},"geometry":{"type":"LineString","coordinates":[[115.53378308400012,0.6165231883109809],[115.54572891600002,0.6149906383127116],[115.55461360900006,0.6216570113052895]]}},{"type":"Feature","properties":{"name":null,"cls":"tertiary","km":2.63},"geometry":{"type":"LineString","coordinates":[[114.87603906700008,1.205274980654602],[114.87573507900005,1.1962986236646092],[114.88019815000007,1.1932236206680176],[114.8808030560001,1.2012913656590427]]}},{"type":"Feature","properties":{"name":null,"cls":"tertiary","km":2.63},"geometry":{"type":"LineString","coordinates":[[114.79833316600002,1.3147360735328668],[114.80436569400003,1.3257881885205811],[114.80281397500005,1.3340555265113754]]}},{"type":"Feature","properties":{"name":null,"cls":"tertiary","km":2.62},"geometry":{"type":"LineString","coordinates":[[116.94477714900006,0.42490762452508357],[116.93760269100005,0.418762051531898],[116.93726920000006,0.4270715165226352],[116.93352743900003,0.4281148255214823]]}},{"type":"Feature","properties":{"name":null,"cls":"tertiary","km":2.61},"geometry":{"type":"LineString","coordinates":[[116.34349231100009,0.9246435509671374],[116.34089195500006,0.930830469960244],[116.32589117200007,0.9360075879544939]]}},{"type":"Feature","properties":{"name":null,"cls":"tertiary","km":2.61},"geometry":{"type":"LineString","coordinates":[[116.20891579400006,0.44127347050674576],[116.19173309300004,0.4549993074914063]]}},{"type":"Feature","properties":{"name":null,"cls":"tertiary","km":2.6},"geometry":{"type":"LineString","coordinates":[[116.29089953300002,0.4010104485517947],[116.29934369800004,0.40225902855033635],[116.30939940200005,0.4113851855401867]]}},{"type":"Feature","properties":{"name":null,"cls":"tertiary","km":2.6},"geometry":{"type":"LineString","coordinates":[[116.11379577700006,0.9066843609871539],[116.10288816100001,0.900017198994639],[116.09356850500002,0.9007358539938528]]}},{"type":"Feature","properties":{"name":null,"cls":"tertiary","km":2.59},"geometry":{"type":"LineString","coordinates":[[116.65335220800013,1.568904392250694],[116.63561851700003,1.5799007432384535]]}},{"type":"Feature","properties":{"name":null,"cls":"tertiary","km":2.59},"geometry":{"type":"LineString","coordinates":[[116.4146188640001,1.4608068103706124],[116.39358475300003,1.464783694366184]]}},{"type":"Feature","properties":{"name":null,"cls":"tertiary","km":2.59},"geometry":{"type":"LineString","coordinates":[[116.53881079400004,0.33004893063103014],[116.52059243400005,0.31770429564484176]]}},{"type":"Feature","properties":{"name":null,"cls":"tertiary","km":2.59},"geometry":{"type":"LineString","coordinates":[[116.99687997100011,0.35387081060443837],[116.97725340500006,0.36530689959166496]]}},{"type":"Feature","properties":{"name":null,"cls":"tertiary","km":2.58},"geometry":{"type":"LineString","coordinates":[[115.80399704800004,0.9332599129575821],[115.81423723400009,0.9286089739627557],[115.82558468200013,0.930647362960479]]}},{"type":"Feature","properties":{"name":null,"cls":"tertiary","km":2.58},"geometry":{"type":"LineString","coordinates":[[116.07099524400006,0.8480745550525695],[116.07495110500007,0.8703268590277353]]}},{"type":"Feature","properties":{"name":null,"cls":"tertiary","km":2.58},"geometry":{"type":"LineString","coordinates":[[116.73259170200002,0.6363330992889021],[116.7255397260001,0.6279001972982782],[116.72698473800006,0.6362559202889589]]}},{"type":"Feature","properties":{"name":null,"cls":"tertiary","km":2.58},"geometry":{"type":"LineString","coordinates":[[116.4321421200001,0.3965046415567766],[116.42351175900001,0.3764294895791934]]}},{"type":"Feature","properties":{"name":null,"cls":"tertiary","km":2.58},"geometry":{"type":"LineString","coordinates":[[114.61682622900003,0.9126626389805496],[114.62800762500001,0.9141244419789114],[114.63167183700013,0.9234021709685751]]}},{"type":"Feature","properties":{"name":null,"cls":"tertiary","km":2.57},"geometry":{"type":"LineString","coordinates":[[115.85522277000008,0.7311481151830305],[115.87350432600009,0.7368578531766763]]}},{"type":"Feature","properties":{"name":null,"cls":"tertiary","km":2.56},"geometry":{"type":"LineString","coordinates":[[116.04895158600006,0.6730147622479004],[116.06992931400009,0.6815893962383459]]}},{"type":"Feature","properties":{"name":null,"cls":"tertiary","km":2.55},"geometry":{"type":"LineString","coordinates":[[116.55954579800006,0.5036603674370674],[116.5535128570001,0.5000090284411416],[116.5392910580001,0.5054703704350414]]}},{"type":"Feature","properties":{"name":null,"cls":"tertiary","km":2.55},"geometry":{"type":"LineString","coordinates":[[116.8998317690001,0.5113088624285279],[116.91863615200009,0.5009610954400447]]}},{"type":"Feature","properties":{"name":null,"cls":"tertiary","km":2.55},"geometry":{"type":"LineString","coordinates":[[116.548228429,0.9235433519684207],[116.55567092800004,0.9235178299683896],[116.55813406100003,0.9364581139540296]]}},{"type":"Feature","properties":{"name":null,"cls":"tertiary","km":2.55},"geometry":{"type":"LineString","coordinates":[[115.87603996000009,0.9921887028919072],[115.89822812900002,0.990027172894259]]}},{"type":"Feature","properties":{"name":null,"cls":"tertiary","km":2.55},"geometry":{"type":"LineString","coordinates":[[114.45132123100008,0.8180705850860072],[114.45450115300002,0.8337845170685186],[114.45051603400009,0.8385880360631353]]}},{"type":"Feature","properties":{"name":null,"cls":"tertiary","km":2.54},"geometry":{"type":"LineString","coordinates":[[115.53129948900003,0.2895461346763045],[115.54386660100012,0.2962769576687646],[115.55016367700011,0.2921538436733996]]}},{"type":"Feature","properties":{"name":null,"cls":"tertiary","km":2.54},"geometry":{"type":"LineString","coordinates":[[116.4119927270001,1.3899490614493162],[116.40561463300001,1.368183252473456]]}},{"type":"Feature","properties":{"name":null,"cls":"tertiary","km":2.54},"geometry":{"type":"LineString","coordinates":[[116.5065962530001,0.6466002062774199],[116.49905951600012,0.6269480842993458]]}},{"type":"Feature","properties":{"name":null,"cls":"tertiary","km":2.53},"geometry":{"type":"LineString","coordinates":[[115.84768372600001,0.5747769813576211],[115.85423041900005,0.5698975893630465],[115.86766199600004,0.5710481463617857]]}},{"type":"Feature","properties":{"name":null,"cls":"tertiary","km":2.53},"geometry":{"type":"LineString","coordinates":[[115.09554825200007,1.4741182453558248],[115.094640507,1.4961263743314235]]}},{"type":"Feature","properties":{"name":null,"cls":"tertiary","km":2.53},"geometry":{"type":"LineString","coordinates":[[115.15845025900002,0.8592417310401231],[115.14011492600002,0.8704409630276602]]}},{"type":"Feature","properties":{"name":null,"cls":"tertiary","km":2.53},"geometry":{"type":"LineString","coordinates":[[114.81959914100003,0.00803267899105548],[114.79778638600008,0.010577485988238097]]}},{"type":"Feature","properties":{"name":null,"cls":"tertiary","km":2.52},"geometry":{"type":"LineString","coordinates":[[116.30541807000009,1.205893543653918],[116.29603455600011,1.2042575576557237],[116.289322748,1.1938989416672294]]}},{"type":"Feature","properties":{"name":null,"cls":"tertiary","km":2.52},"geometry":{"type":"LineString","coordinates":[[116.18162487600011,0.3255063906361242],[116.19770835400006,0.33805441862213953]]}},{"type":"Feature","properties":{"name":null,"cls":"tertiary","km":2.52},"geometry":{"type":"LineString","coordinates":[[116.14867930900004,0.40554465754668745],[116.13952728300002,0.40627498654588745],[116.13117835400008,0.4136647445376042]]}},{"type":"Feature","properties":{"name":null,"cls":"tertiary","km":2.52},"geometry":{"type":"LineString","coordinates":[[115.34144150800013,0.7791980221293965],[115.34199138900009,0.8014899831045288]]}},{"type":"Feature","properties":{"name":null,"cls":"tertiary","km":2.51},"geometry":{"type":"LineString","coordinates":[[116.10469719100001,0.4487074964984443],[116.09787619800012,0.4676827184772284]]}},{"type":"Feature","properties":{"name":null,"cls":"tertiary","km":2.51},"geometry":{"type":"LineString","coordinates":[[116.14078909300007,0.9888544448956214],[116.16178668700003,0.990478661893779]]}},{"type":"Feature","properties":{"name":null,"cls":"tertiary","km":2.51},"geometry":{"type":"LineString","coordinates":[[114.69121908700004,1.5630274212571658],[114.69132103000003,1.5852210512325675]]}},{"type":"Feature","properties":{"name":null,"cls":"tertiary","km":2.5},"geometry":{"type":"LineString","coordinates":[[116.33630309800004,1.4810081373481676],[116.3285616600001,1.4743990163555127],[116.31722507000008,1.475257888354521]]}},{"type":"Feature","properties":{"name":null,"cls":"tertiary","km":2.5},"geometry":{"type":"LineString","coordinates":[[116.6573144340001,0.7728778491364766],[116.6694889270001,0.7904482061168573]]}},{"type":"Feature","properties":{"name":null,"cls":"tertiary","km":2.5},"geometry":{"type":"LineString","coordinates":[[116.57611321900005,0.9603223789274109],[116.58428315700009,0.9584744699294555],[116.59267158400007,0.9663038249207622]]}},{"type":"Feature","properties":{"name":null,"cls":"tertiary","km":2.5},"geometry":{"type":"LineString","coordinates":[[115.81905193500006,0.7744825041346658],[115.83131929100011,0.7657252121444328],[115.83824318400002,0.7664434481436446]]}},{"type":"Feature","properties":{"name":null,"cls":"tertiary","km":2.5},"geometry":{"type":"LineString","coordinates":[[115.77841318100003,0.3755965695801343],[115.78112591400009,0.38366811457113875],[115.77000455000008,0.3889805585652066]]}},{"type":"Feature","properties":{"name":null,"cls":"tertiary","km":2.5},"geometry":{"type":"LineString","coordinates":[[115.5913141750001,0.1944155127826603],[115.59413685900006,0.21507465075959878]]}},{"type":"Feature","properties":{"name":null,"cls":"tertiary","km":2.5},"geometry":{"type":"LineString","coordinates":[[114.35984115500003,1.2198482126383439],[114.37001997000004,1.23803979661814]]}},{"type":"Feature","properties":{"name":null,"cls":"tertiary","km":2.5},"geometry":{"type":"LineString","coordinates":[[114.62159945200005,1.3293691735166384],[114.62665003500003,1.3438459245004912],[114.63267159300007,1.3457231184984435]]}},{"type":"Feature","properties":{"name":null,"cls":"tertiary","km":2.49},"geometry":{"type":"LineString","coordinates":[[116.3901274660001,1.0271949358528947],[116.38141622600006,1.0386732868400856],[116.3825226030001,1.0461422318317855]]}},{"type":"Feature","properties":{"name":null,"cls":"tertiary","km":2.49},"geometry":{"type":"LineString","coordinates":[[115.95246899200005,0.26250290570660123],[115.95286227200005,0.283491152683093]]}},{"type":"Feature","properties":{"name":null,"cls":"tertiary","km":2.49},"geometry":{"type":"LineString","coordinates":[[116.23799865200012,0.9886147568958589],[116.22226538700012,0.9759085809100319]]}},{"type":"Feature","properties":{"name":null,"cls":"tertiary","km":2.49},"geometry":{"type":"LineString","coordinates":[[116.31902309100006,0.8841270550123838],[116.33384999600003,0.9001349429945044]]}},{"type":"Feature","properties":{"name":null,"cls":"tertiary","km":2.49},"geometry":{"type":"LineString","coordinates":[[116.44919553200009,0.5161547334231101],[116.45787043300004,0.4977497444436363]]}},{"type":"Feature","properties":{"name":null,"cls":"tertiary","km":2.49},"geometry":{"type":"LineString","coordinates":[[114.0668821370001,0.8435148150576274],[114.05626917200004,0.8243291610790229]]}},{"type":"Feature","properties":{"name":null,"cls":"tertiary","km":2.48},"geometry":{"type":"LineString","coordinates":[[115.76323041100011,0.43389630651500866],[115.76663103100009,0.41683074853405927],[115.76234587700003,0.4161139985348951]]}},{"type":"Feature","properties":{"name":null,"cls":"tertiary","km":2.48},"geometry":{"type":"LineString","coordinates":[[115.52818706800008,0.30197335066245495],[115.53129948900003,0.2895461346763045],[115.52749524500007,0.2823736686843375]]}},{"type":"Feature","properties":{"name":null,"cls":"tertiary","km":2.48},"geometry":{"type":"LineString","coordinates":[[116.17400085100006,0.1751111758042255],[116.17937776800012,0.18496677279321788],[116.17284303500004,0.19133918878613337]]}},{"type":"Feature","properties":{"name":null,"cls":"tertiary","km":2.48},"geometry":{"type":"LineString","coordinates":[[116.00473790800002,0.47409652747012615],[116.01103189600008,0.4876560714549264],[116.01391337100006,0.4824693844607232]]}},{"type":"Feature","properties":{"name":null,"cls":"tertiary","km":2.48},"geometry":{"type":"LineString","coordinates":[[114.29021304000003,1.2449657566104242],[114.27333361400008,1.2476019476075166]]}},{"type":"Feature","properties":{"name":null,"cls":"tertiary","km":2.47},"geometry":{"type":"LineString","coordinates":[[116.06891227900007,1.1432671237236054],[116.06633954000006,1.152747679713081],[116.0569212800001,1.1598864057050895]]}},{"type":"Feature","properties":{"name":null,"cls":"tertiary","km":2.47},"geometry":{"type":"LineString","coordinates":[[116.89675781100006,0.5671857143660941],[116.87595052100005,0.5723834903602819]]}},{"type":"Feature","properties":{"name":null,"cls":"tertiary","km":2.47},"geometry":{"type":"LineString","coordinates":[[116.58833495700003,0.7896473921177485],[116.59027209600004,0.8026251021032493],[116.5978202450001,0.8049520911006739]]}},{"type":"Feature","properties":{"name":null,"cls":"tertiary","km":2.47},"geometry":{"type":"LineString","coordinates":[[114.44940802700012,1.164317230700186],[114.4574133530001,1.1648693266995676],[114.46382327900005,1.1586233887065318]]}},{"type":"Feature","properties":{"name":null,"cls":"tertiary","km":2.47},"geometry":{"type":"LineString","coordinates":[[115.40485645400007,1.7095507350948274],[115.41175211100007,1.7161210700875322],[115.41342418600003,1.7258141010768326]]}},{"type":"Feature","properties":{"name":null,"cls":"tertiary","km":2.46},"geometry":{"type":"LineString","coordinates":[[116.2549832420001,0.9046885509894018],[116.2759191010001,0.8988892949958779]]}},{"type":"Feature","properties":{"name":null,"cls":"tertiary","km":2.46},"geometry":{"type":"LineString","coordinates":[[116.33345271300003,1.0320595848474758],[116.32501930600006,1.0523758338248002]]}},{"type":"Feature","properties":{"name":null,"cls":"tertiary","km":2.46},"geometry":{"type":"LineString","coordinates":[[116.3716777730001,0.19048056378705372],[116.36174885100003,0.18633338179173256],[116.35290679300009,0.19000519978757918]]}},{"type":"Feature","properties":{"name":null,"cls":"tertiary","km":2.46},"geometry":{"type":"LineString","coordinates":[[116.77510596800006,0.7666285741434372],[116.7799134710001,0.7628523831476348],[116.78324633500006,0.7757382041332613]]}},{"type":"Feature","properties":{"name":null,"cls":"tertiary","km":2.45},"geometry":{"type":"LineString","coordinates":[[116.31609366600001,0.9364214389540476],[116.2946916930001,0.9338407339569434]]}},{"type":"Feature","properties":{"name":null,"cls":"tertiary","km":2.45},"geometry":{"type":"LineString","coordinates":[[116.20842624400008,1.100232632771541],[116.1967416130001,1.104698608766558],[116.1944930850001,1.1136552927565944]]}},{"type":"Feature","properties":{"name":null,"cls":"tertiary","km":2.45},"geometry":{"type":"LineString","coordinates":[[116.99472091700011,0.8373720890644694],[116.98553686900004,0.84563529005529],[116.97709903200007,0.8444544580566489]]}},{"type":"Feature","properties":{"name":null,"cls":"tertiary","km":2.45},"geometry":{"type":"LineString","coordinates":[[116.96141989700004,0.6245600313020112],[116.97801211000002,0.6376852642873696]]}},{"type":"Feature","properties":{"name":null,"cls":"tertiary","km":2.45},"geometry":{"type":"LineString","coordinates":[[116.97408296100002,0.6414276812831616],[116.96205193000003,0.6474615752764578],[116.96477663700013,0.6537252732694665]]}},{"type":"Feature","properties":{"name":null,"cls":"tertiary","km":2.45},"geometry":{"type":"LineString","coordinates":[[116.97109840000009,0.8070547140983146],[116.96211084700008,0.7875467611200748]]}},{"type":"Feature","properties":{"name":null,"cls":"tertiary","km":2.45},"geometry":{"type":"LineString","coordinates":[[116.31085124100001,0.008217529990847844],[116.30139849100011,0.008921039990107104],[116.2917875070001,0.016235389981847828]]}},{"type":"Feature","properties":{"name":null,"cls":"tertiary","km":2.45},"geometry":{"type":"LineString","coordinates":[[116.1323451610001,0.7977040981087384],[116.1434384470001,0.7953047201114227],[116.15212284500002,0.7998719921063777]]}},{"type":"Feature","properties":{"name":null,"cls":"tertiary","km":2.45},"geometry":{"type":"LineString","coordinates":[[115.57286006800008,0.2677522097006736],[115.55247842600009,0.26928092669901416]]}},{"type":"Feature","properties":{"name":null,"cls":"tertiary","km":2.44},"geometry":{"type":"LineString","coordinates":[[116.91717210600007,0.9181051399744982],[116.93333215800011,0.9169972549757315],[116.93697714900009,0.9205326809717765]]}},{"type":"Feature","properties":{"name":null,"cls":"tertiary","km":2.44},"geometry":{"type":"LineString","coordinates":[[116.01504492000002,0.9333873089574247],[116.00727961300005,0.9532301669353395]]}},{"type":"Feature","properties":{"name":null,"cls":"tertiary","km":2.44},"geometry":{"type":"LineString","coordinates":[[115.56683275700003,0.2926410856728868],[115.55934130300012,0.29566491566948544],[115.55346184300005,0.30748510765625053]]}},{"type":"Feature","properties":{"name":null,"cls":"tertiary","km":2.44},"geometry":{"type":"LineString","coordinates":[[116.37671025000007,1.0178474488632678],[116.36920281000005,1.0280706158518969],[116.36910767900008,1.0371162308418422]]}},{"type":"Feature","properties":{"name":null,"cls":"tertiary","km":2.44},"geometry":{"type":"LineString","coordinates":[[116.28138743200009,1.6787073211289527],[116.2934494770001,1.6619141321475763]]}},{"type":"Feature","properties":{"name":null,"cls":"tertiary","km":2.44},"geometry":{"type":"LineString","coordinates":[[116.28566723100006,0.2198501157542179],[116.28049190300011,0.21731249875708464],[116.2781790890001,0.2037223847722803]]}},{"type":"Feature","properties":{"name":null,"cls":"tertiary","km":2.44},"geometry":{"type":"LineString","coordinates":[[116.60008721100007,0.5808512473508174],[116.58143441500009,0.589144710341595]]}},{"type":"Feature","properties":{"name":null,"cls":"tertiary","km":2.44},"geometry":{"type":"LineString","coordinates":[[115.5949046290001,0.6694577752518983],[115.57457030700006,0.6746763892460891]]}},{"type":"Feature","properties":{"name":null,"cls":"tertiary","km":2.44},"geometry":{"type":"LineString","coordinates":[[116.07336934400006,0.2410808617304987],[116.06552176200012,0.22105401375289566]]}},{"type":"Feature","properties":{"name":null,"cls":"tertiary","km":2.44},"geometry":{"type":"LineString","coordinates":[[115.81748360000006,0.05524372693829454],[115.8123797190001,0.04405719395078494],[115.80847264300007,0.05228343294162229]]}},{"type":"Feature","properties":{"name":null,"cls":"tertiary","km":2.43},"geometry":{"type":"LineString","coordinates":[[116.02526160600006,0.7962531331103745],[116.04538060200004,0.792204214114867]]}},{"type":"Feature","properties":{"name":null,"cls":"tertiary","km":2.42},"geometry":{"type":"LineString","coordinates":[[114.8758627740001,0.8893996130064781],[114.85922127300012,0.9025761379918221]]}},{"type":"Feature","properties":{"name":null,"cls":"tertiary","km":2.41},"geometry":{"type":"LineString","coordinates":[[114.81840274700006,0.18276702679569662],[114.81935022200003,0.1614599428195222]]}},{"type":"Feature","properties":{"name":null,"cls":"tertiary","km":2.41},"geometry":{"type":"LineString","coordinates":[[116.46311247100004,1.5262772412979324],[116.46460387100001,1.5465122762754828]]}},{"type":"Feature","properties":{"name":null,"cls":"tertiary","km":2.41},"geometry":{"type":"LineString","coordinates":[[115.66091124200011,0.8357870920662482],[115.67760365800007,0.8224998610810732]]}},{"type":"Feature","properties":{"name":null,"cls":"tertiary","km":2.41},"geometry":{"type":"LineString","coordinates":[[115.79177803800007,0.3572001506006953],[115.81272394300004,0.36038851259713434]]}},{"type":"Feature","properties":{"name":null,"cls":"tertiary","km":2.41},"geometry":{"type":"LineString","coordinates":[[115.66069404900009,0.12913573185569321],[115.67038380100007,0.13008634885460446],[115.67855167100005,0.13853975484514894]]}},{"type":"Feature","properties":{"name":null,"cls":"tertiary","km":2.4},"geometry":{"type":"LineString","coordinates":[[116.27802366700007,1.05283411082429],[116.26029727200012,1.042239574836106]]}},{"type":"Feature","properties":{"name":null,"cls":"tertiary","km":2.4},"geometry":{"type":"LineString","coordinates":[[114.31657174600002,1.1147842757553557],[114.32407959600005,1.133637592734344]]}},{"type":"Feature","properties":{"name":null,"cls":"tertiary","km":2.39},"geometry":{"type":"LineString","coordinates":[[116.86793711600001,0.5621355563717051],[116.88825372600002,0.563661577370054]]}},{"type":"Feature","properties":{"name":null,"cls":"tertiary","km":2.39},"geometry":{"type":"LineString","coordinates":[[116.58263013400007,0.6187317893085212],[116.56332962000012,0.6112040073169798]]}},{"type":"Feature","properties":{"name":null,"cls":"tertiary","km":2.39},"geometry":{"type":"LineString","coordinates":[[116.84655267700009,0.6412833382833514],[116.82904308400009,0.6507299982727909]]}},{"type":"Feature","properties":{"name":null,"cls":"tertiary","km":2.38},"geometry":{"type":"LineString","coordinates":[[116.73434345400005,0.7921631681149296],[116.74860270500005,0.7837162041243964]]}},{"type":"Feature","properties":{"name":null,"cls":"tertiary","km":2.38},"geometry":{"type":"LineString","coordinates":[[116.0982516470001,0.07274414991871364],[116.10169833000008,0.08399107090615479],[116.09520759100008,0.0902090318992141]]}},{"type":"Feature","properties":{"name":null,"cls":"tertiary","km":2.38},"geometry":{"type":"LineString","coordinates":[[115.73069441700011,0.27418453469355347],[115.73525887400002,0.2939063306714761]]}},{"type":"Feature","properties":{"name":null,"cls":"tertiary","km":2.38},"geometry":{"type":"LineString","coordinates":[[116.21495636600001,0.9504548029383967],[116.1965702330001,0.9591396659287228]]}},{"type":"Feature","properties":{"name":null,"cls":"tertiary","km":2.38},"geometry":{"type":"LineString","coordinates":[[115.73384372800002,0.03515943296071229],[115.74104533600007,0.02715909196966772],[115.74747283700005,0.031834781964429286]]}},{"type":"Feature","properties":{"name":null,"cls":"tertiary","km":2.38},"geometry":{"type":"LineString","coordinates":[[116.51008018700009,0.45129180049553347],[116.49563768600001,0.4658143164793058]]}},{"type":"Feature","properties":{"name":null,"cls":"tertiary","km":2.38},"geometry":{"type":"LineString","coordinates":[[114.83948112200007,1.5443036692779175],[114.81891823300009,1.5421767752803337]]}},{"type":"Feature","properties":{"name":null,"cls":"tertiary","km":2.38},"geometry":{"type":"LineString","coordinates":[[114.39588006700002,1.1329538937351105],[114.38742626600003,1.1438982057229092],[114.38123024700009,1.1439551407228405]]}},{"type":"Feature","properties":{"name":null,"cls":"tertiary","km":2.37},"geometry":{"type":"LineString","coordinates":[[115.80105527,0.1770389248020803],[115.8024390500001,0.1971947837795605]]}},{"type":"Feature","properties":{"name":null,"cls":"tertiary","km":2.37},"geometry":{"type":"LineString","coordinates":[[116.43038685600004,1.3713830954699147],[116.43481825600007,1.3902652714489394]]}},{"type":"Feature","properties":{"name":null,"cls":"tertiary","km":2.37},"geometry":{"type":"LineString","coordinates":[[116.21712693300002,0.9339346509568575],[116.22829679800007,0.9489764389400437]]}},{"type":"Feature","properties":{"name":null,"cls":"tertiary","km":2.37},"geometry":{"type":"LineString","coordinates":[[114.1953179630001,1.1623425897023731],[114.20223238300002,1.1813190866812762]]}},{"type":"Feature","properties":{"name":null,"cls":"tertiary","km":2.36},"geometry":{"type":"LineString","coordinates":[[116.90262154700008,0.8724721530253666],[116.8830598610001,0.8726109520251978]]}},{"type":"Feature","properties":{"name":null,"cls":"tertiary","km":2.36},"geometry":{"type":"LineString","coordinates":[[115.92597745200008,1.3582792574844524],[115.92588335600009,1.339440111505384]]}},{"type":"Feature","properties":{"name":null,"cls":"tertiary","km":2.36},"geometry":{"type":"LineString","coordinates":[[115.71978336300002,1.110368124760206],[115.71258822300003,1.102113857769438],[115.70363426100005,1.103826224767478]]}},{"type":"Feature","properties":{"name":null,"cls":"tertiary","km":2.36},"geometry":{"type":"LineString","coordinates":[[116.41434804500012,0.2829620086837019],[116.41817228200013,0.27872327468844177],[116.43166728000007,0.28113521268572245]]}},{"type":"Feature","properties":{"name":null,"cls":"tertiary","km":2.36},"geometry":{"type":"LineString","coordinates":[[115.82220841900003,0.19579708678118132],[115.84138007500007,0.19710377977963486]]}},{"type":"Feature","properties":{"name":null,"cls":"tertiary","km":2.36},"geometry":{"type":"LineString","coordinates":[[116.25320046000002,0.06718742992493468],[116.23439060700004,0.07615973291489285]]}},{"type":"Feature","properties":{"name":null,"cls":"tertiary","km":2.36},"geometry":{"type":"LineString","coordinates":[[116.09065438800009,0.7599113691509282],[116.10651374700002,0.7722778531371417]]}},{"type":"Feature","properties":{"name":null,"cls":"tertiary","km":2.36},"geometry":{"type":"LineString","coordinates":[[116.18244241100001,0.7771197021317107],[116.20236128300007,0.7768997721319586]]}},{"type":"Feature","properties":{"name":null,"cls":"tertiary","km":2.36},"geometry":{"type":"LineString","coordinates":[[114.5406194310001,1.130322808738012],[114.53130083000008,1.1393749637279575],[114.53450226700011,1.145132172721517]]}},{"type":"Feature","properties":{"name":null,"cls":"tertiary","km":2.36},"geometry":{"type":"LineString","coordinates":[[114.55837085600001,1.1474008227190227],[114.54595835800001,1.1635096097010913]]}},{"type":"Feature","properties":{"name":null,"cls":"tertiary","km":2.36},"geometry":{"type":"LineString","coordinates":[[114.81929560200001,1.300784648548359],[114.81840403300009,1.3196419505273924]]}},{"type":"Feature","properties":{"name":null,"cls":"tertiary","km":2.36},"geometry":{"type":"LineString","coordinates":[[114.20422632300006,1.0368231678421542],[114.21164742500002,1.054871415822069]]}},{"type":"Feature","properties":{"name":null,"cls":"tertiary","km":2.35},"geometry":{"type":"LineString","coordinates":[[115.75921217300002,1.1675635956965613],[115.7799748970001,1.1686234666953526]]}},{"type":"Feature","properties":{"name":null,"cls":"tertiary","km":2.35},"geometry":{"type":"LineString","coordinates":[[115.90866264900001,1.3685020374730852],[115.89071441700003,1.3639504334781904]]}},{"type":"Feature","properties":{"name":null,"cls":"tertiary","km":2.35},"geometry":{"type":"LineString","coordinates":[[116.45119229500006,0.2356873977365432],[116.44154162800011,0.2538753317162392]]}},{"type":"Feature","properties":{"name":null,"cls":"tertiary","km":2.35},"geometry":{"type":"LineString","coordinates":[[116.697261131,0.8472802740534775],[116.69779191700003,0.8623255070366475],[116.69228513000007,0.8608278810383352]]}},{"type":"Feature","properties":{"name":null,"cls":"tertiary","km":2.35},"geometry":{"type":"LineString","coordinates":[[116.32336037600011,0.9067635039871598],[116.33549628200001,0.9103195049831669],[116.34312668200003,0.9075151199862763]]}},{"type":"Feature","properties":{"name":null,"cls":"tertiary","km":2.35},"geometry":{"type":"LineString","coordinates":[[116.520548555,0.3343464276262619],[116.51709080800005,0.35309238560531314]]}},{"type":"Feature","properties":{"name":null,"cls":"tertiary","km":2.35},"geometry":{"type":"LineString","coordinates":[[115.54765905500005,0.9645264979227037],[115.53307044700011,0.9598346599279437],[115.53595988900008,0.963992152923304]]}},{"type":"Feature","properties":{"name":null,"cls":"tertiary","km":2.35},"geometry":{"type":"LineString","coordinates":[[114.97300944400003,1.2305317886264786],[114.98315222500004,1.2137325506452172]]}},{"type":"Feature","properties":{"name":null,"cls":"tertiary","km":2.34},"geometry":{"type":"LineString","coordinates":[[114.4142243770001,1.3234122645232147],[114.42130474700002,1.318107445529136],[114.42369847500004,1.3076110935407559]]}},{"type":"Feature","properties":{"name":null,"cls":"tertiary","km":2.34},"geometry":{"type":"LineString","coordinates":[[116.33995059700011,1.430827273403915],[116.32663152000008,1.445089653388052]]}},{"type":"Feature","properties":{"name":null,"cls":"tertiary","km":2.34},"geometry":{"type":"LineString","coordinates":[[116.23599120200002,1.3606614374818338],[116.24642089800011,1.3442033945001362]]}},{"type":"Feature","properties":{"name":null,"cls":"tertiary","km":2.34},"geometry":{"type":"LineString","coordinates":[[116.25645010100004,0.6420124832825025],[116.2592916220001,0.6497658062738908],[116.26728712000012,0.6507061972727992]]}},{"type":"Feature","properties":{"name":null,"cls":"tertiary","km":2.34},"geometry":{"type":"LineString","coordinates":[[116.18687008500001,0.6916173102271799],[116.18881398100007,0.707033906209947]]}},{"type":"Feature","properties":{"name":null,"cls":"tertiary","km":2.34},"geometry":{"type":"LineString","coordinates":[[115.94817794400001,0.6477657822761255],[115.96497260100011,0.6561750542667256]]}},{"type":"Feature","properties":{"name":null,"cls":"tertiary","km":2.34},"geometry":{"type":"LineString","coordinates":[[114.45541157600007,1.2420106046137507],[114.45522969600006,1.2620065655915265]]}},{"type":"Feature","properties":{"name":null,"cls":"tertiary","km":2.33},"geometry":{"type":"LineString","coordinates":[[116.57748338900001,0.6073332393212689],[116.58520014600003,0.605569785323229],[116.59521153400011,0.6131737523147706]]}},{"type":"Feature","properties":{"name":null,"cls":"tertiary","km":2.33},"geometry":{"type":"LineString","coordinates":[[116.41378082400001,0.2990480206656829],[116.39574934300005,0.3094210886541318]]}},{"type":"Feature","properties":{"name":null,"cls":"tertiary","km":2.33},"geometry":{"type":"LineString","coordinates":[[116.13777319000008,0.20603232776969688],[116.15682887900006,0.20629258176943427]]}},{"type":"Feature","properties":{"name":null,"cls":"tertiary","km":2.33},"geometry":{"type":"LineString","coordinates":[[116.01534388900006,0.4240512665260101],[116.01991718300008,0.4424129325054947]]}},{"type":"Feature","properties":{"name":null,"cls":"tertiary","km":2.32},"geometry":{"type":"LineString","coordinates":[[116.03248907000012,0.8371520240647182],[116.04959905200009,0.8309463580716971]]}},{"type":"Feature","properties":{"name":null,"cls":"tertiary","km":2.32},"geometry":{"type":"LineString","coordinates":[[116.87960405900002,0.5770735283550879],[116.88885552500005,0.5810036253506637],[116.88906045400006,0.5915712633388379]]}},{"type":"Feature","properties":{"name":null,"cls":"tertiary","km":2.32},"geometry":{"type":"LineString","coordinates":[[116.38186387900011,0.4497012484973325],[116.37140992700006,0.44977463349728575],[116.364212273,0.4559434444903626]]}},{"type":"Feature","properties":{"name":null,"cls":"tertiary","km":2.32},"geometry":{"type":"LineString","coordinates":[[115.9521539110001,0.9174840139752017],[115.9709664500001,0.918034405974544]]}},{"type":"Feature","properties":{"name":null,"cls":"tertiary","km":2.32},"geometry":{"type":"LineString","coordinates":[[116.02240566500006,0.7531942571584475],[116.01668050100012,0.7727434701366552]]}},{"type":"Feature","properties":{"name":null,"cls":"tertiary","km":2.32},"geometry":{"type":"LineString","coordinates":[[116.37307556600003,0.8859929650102645],[116.36295780000012,0.9025695659917852]]}},{"type":"Feature","properties":{"name":null,"cls":"tertiary","km":2.32},"geometry":{"type":"LineString","coordinates":[[115.84919565300002,4.785819272944334e-14],[115.85318614400002,0.01934138897841731]]}},{"type":"Feature","properties":{"name":null,"cls":"tertiary","km":2.32},"geometry":{"type":"LineString","coordinates":[[116.29436158900012,0.36652615959027884],[116.27521659000003,0.3711570365851234]]}},{"type":"Feature","properties":{"name":null,"cls":"tertiary","km":2.31},"geometry":{"type":"LineString","coordinates":[[116.63398686700008,1.4115244314253477],[116.65182529700007,1.4091533854279747]]}},{"type":"Feature","properties":{"name":null,"cls":"tertiary","km":2.31},"geometry":{"type":"LineString","coordinates":[[115.68259010300004,0.3915833935622951],[115.681588454,0.4098753035418132]]}},{"type":"Feature","properties":{"name":null,"cls":"tertiary","km":2.31},"geometry":{"type":"LineString","coordinates":[[115.8346945610001,0.034418786961579205],[115.82285528700004,0.019593078978177532]]}},{"type":"Feature","properties":{"name":null,"cls":"tertiary","km":2.31},"geometry":{"type":"LineString","coordinates":[[115.92900725900006,0.38848474656576],[115.91309902800003,0.37679683557881777]]}},{"type":"Feature","properties":{"name":null,"cls":"tertiary","km":2.31},"geometry":{"type":"LineString","coordinates":[[114.38209427600009,0.6959612442222975],[114.36544959400011,0.6965297082216602]]}},{"type":"Feature","properties":{"name":null,"cls":"tertiary","km":2.3},"geometry":{"type":"LineString","coordinates":[[115.50275470800011,0.8665017940320067],[115.51180126800011,0.8724065750254362],[115.52110768900002,0.8718854960260316]]}},{"type":"Feature","properties":{"name":null,"cls":"tertiary","km":2.3},"geometry":{"type":"LineString","coordinates":[[114.10428518900005,1.066851673808739],[114.08856094800002,1.0727288458021842]]}},{"type":"Feature","properties":{"name":null,"cls":"tertiary","km":2.3},"geometry":{"type":"LineString","coordinates":[[115.55574619900007,0.055359523938138325],[115.56009714700009,0.07400037291732109]]}},{"type":"Feature","properties":{"name":null,"cls":"tertiary","km":2.3},"geometry":{"type":"LineString","coordinates":[[114.43405614800008,1.2718195135805777],[114.43995468800006,1.269249319583477],[114.44765034900001,1.2739938045781474]]}},{"type":"Feature","properties":{"name":null,"cls":"tertiary","km":2.29},"geometry":{"type":"LineString","coordinates":[[116.69160845300009,0.7212323001941017],[116.68654326200011,0.7298812761844737],[116.68759798700012,0.7395475351736542]]}},{"type":"Feature","properties":{"name":null,"cls":"tertiary","km":2.29},"geometry":{"type":"LineString","coordinates":[[116.30768480200004,0.35533312760279223],[116.3096411160001,0.3603342265972489],[116.29733851300011,0.36789329558873995]]}},{"type":"Feature","properties":{"name":null,"cls":"tertiary","km":2.29},"geometry":{"type":"LineString","coordinates":[[116.79503279700009,0.313120890649962],[116.79917857800001,0.31483792364808927],[116.796366217,0.3232741826385972],[116.80102857400006,0.32380595363801956]]}},{"type":"Feature","properties":{"name":null,"cls":"tertiary","km":2.28},"geometry":{"type":"LineString","coordinates":[[116.0883636760001,0.20449710177143252],[116.09297137300008,0.2147734077599254],[116.09996877000003,0.21828550375600927]]}},{"type":"Feature","properties":{"name":null,"cls":"tertiary","km":2.28},"geometry":{"type":"LineString","coordinates":[[115.80769253900009,0.2944613886708379],[115.8108849680001,0.28272227368396197],[115.80704373800006,0.27557194069195473]]}},{"type":"Feature","properties":{"name":null,"cls":"tertiary","km":2.27},"geometry":{"type":"LineString","coordinates":[[116.91630670000006,0.9144090619785774],[116.92043223600001,0.909842831983642],[116.93361762200004,0.9098201239837248]]}},{"type":"Feature","properties":{"name":null,"cls":"tertiary","km":2.27},"geometry":{"type":"LineString","coordinates":[[116.32767611700002,0.7067447572102783],[116.31064100900007,0.7134397652027834]]}},{"type":"Feature","properties":{"name":null,"cls":"tertiary","km":2.27},"geometry":{"type":"LineString","coordinates":[[116.84893803800003,0.7169138561989352],[116.85101342000007,0.7101579952064242],[116.86062010000002,0.7057138232114208]]}},{"type":"Feature","properties":{"name":null,"cls":"tertiary","km":2.27},"geometry":{"type":"LineString","coordinates":[[116.41334174000008,0.6888433092302408],[116.40724109000007,0.7069338682100896]]}},{"type":"Feature","properties":{"name":null,"cls":"tertiary","km":2.26},"geometry":{"type":"LineString","coordinates":[[116.65772992600012,0.7586288811523447],[116.668865481,0.773360131135922]]}},{"type":"Feature","properties":{"name":null,"cls":"tertiary","km":2.26},"geometry":{"type":"LineString","coordinates":[[115.90149553000002,0.7351340151786265],[115.91896236500008,0.7412609371717328]]}},{"type":"Feature","properties":{"name":null,"cls":"tertiary","km":2.26},"geometry":{"type":"LineString","coordinates":[[116.82044998900005,0.8531021600469373],[116.83389644300007,0.8628507320361124]]}},{"type":"Feature","properties":{"name":null,"cls":"tertiary","km":2.26},"geometry":{"type":"LineString","coordinates":[[114.08778351300009,1.1148476257552786],[114.10335511900007,1.1269214477418101]]}},{"type":"Feature","properties":{"name":null,"cls":"tertiary","km":2.25},"geometry":{"type":"LineString","coordinates":[[115.748790062,0.27399449269370896],[115.75096298300002,0.2922907566732806]]}},{"type":"Feature","properties":{"name":null,"cls":"tertiary","km":2.25},"geometry":{"type":"LineString","coordinates":[[116.03285875700008,0.7172996571984807],[116.0153717160001,0.7231899591919484]]}},{"type":"Feature","properties":{"name":null,"cls":"tertiary","km":2.25},"geometry":{"type":"LineString","coordinates":[[116.40741106700011,0.9506098699382247],[116.40146927600006,0.9501589619387254],[116.39697878900007,0.9610519679266002]]}},{"type":"Feature","properties":{"name":null,"cls":"tertiary","km":2.25},"geometry":{"type":"LineString","coordinates":[[114.76254511000002,1.552012727269426],[114.76347755200004,1.5564500172645082],[114.75097176100009,1.5646683052553587]]}},{"type":"Feature","properties":{"name":null,"cls":"tertiary","km":2.24},"geometry":{"type":"LineString","coordinates":[[116.41498079200005,1.0450636318329498],[116.41831037400004,1.0530781418240576],[116.41488831600009,1.0623244468137183]]}},{"type":"Feature","properties":{"name":null,"cls":"tertiary","km":2.24},"geometry":{"type":"LineString","coordinates":[[116.73120861500003,1.4938469823339453],[116.73674340600009,1.5008075103262022],[116.74233531600011,1.499977412327138],[116.73993068300001,1.4963071413311935]]}},{"type":"Feature","properties":{"name":null,"cls":"tertiary","km":2.24},"geometry":{"type":"LineString","coordinates":[[116.45934812900009,0.5070347964332917],[116.47350348600001,0.4942517574475935]]}},{"type":"Feature","properties":{"name":null,"cls":"tertiary","km":2.24},"geometry":{"type":"LineString","coordinates":[[114.03251171000011,1.043110864835141],[114.02975846200002,1.061672579814474]]}},{"type":"Feature","properties":{"name":null,"cls":"tertiary","km":2.24},"geometry":{"type":"LineString","coordinates":[[114.63876974600011,1.3186468155285493],[114.65086619300006,1.3155622695319449],[114.65232821400002,1.3224473325243045]]}},{"type":"Feature","properties":{"name":null,"cls":"tertiary","km":2.24},"geometry":{"type":"LineString","coordinates":[[114.34006293400012,1.3013206775477943],[114.33136082300007,1.3187296365284253]]}},{"type":"Feature","properties":{"name":null,"cls":"tertiary","km":2.24},"geometry":{"type":"LineString","coordinates":[[114.4559967450001,0.8768091880205049],[114.44845115400005,0.8939878710013425]]}},{"type":"Feature","properties":{"name":null,"cls":"tertiary","km":2.23},"geometry":{"type":"LineString","coordinates":[[116.31318043600005,0.29851310866631203],[116.32131248600001,0.2908395646748958],[116.32644751800001,0.29573183666945163]]}},{"type":"Feature","properties":{"name":null,"cls":"tertiary","km":2.23},"geometry":{"type":"LineString","coordinates":[[116.44685820500001,1.5439017872783982],[116.45915364000005,1.5564850282644427]]}},{"type":"Feature","properties":{"name":null,"cls":"tertiary","km":2.23},"geometry":{"type":"LineString","coordinates":[[116.18983071500008,0.815580699088834],[116.1719639920001,0.8092953730958168]]}},{"type":"Feature","properties":{"name":null,"cls":"tertiary","km":2.23},"geometry":{"type":"LineString","coordinates":[[115.75982591900005,0.062409715930253226],[115.7683145510001,0.05234793394153478],[115.76799444000005,0.05702751293628821]]}},{"type":"Feature","properties":{"name":null,"cls":"tertiary","km":2.23},"geometry":{"type":"LineString","coordinates":[[115.91611708000003,0.8866462690095379],[115.92429564800011,0.8809252770159622],[115.92726284400011,0.8717317990261692]]}},{"type":"Feature","properties":{"name":null,"cls":"tertiary","km":2.23},"geometry":{"type":"LineString","coordinates":[[115.06157927000004,1.316544998530883],[115.06521088800004,1.3150937875324957],[115.07446728700008,1.32633582252]]}},{"type":"Feature","properties":{"name":null,"cls":"tertiary","km":2.22},"geometry":{"type":"LineString","coordinates":[[116.13789244700003,0.09457429889427774],[116.13390158600008,0.1097494998773086]]}},{"type":"Feature","properties":{"name":null,"cls":"tertiary","km":2.22},"geometry":{"type":"LineString","coordinates":[[116.0488647740001,1.4638619663672159],[116.03271736400006,1.4730632673569706]]}},{"type":"Feature","properties":{"name":null,"cls":"tertiary","km":2.22},"geometry":{"type":"LineString","coordinates":[[116.44498250100003,1.351084650492495],[116.44151930400005,1.3394840615053718],[116.43627502700008,1.3394957745053442]]}},{"type":"Feature","properties":{"name":null,"cls":"tertiary","km":2.22},"geometry":{"type":"LineString","coordinates":[[115.76155039000002,0.025221829971812215],[115.75766741500001,0.03876890395671896],[115.7525165310001,0.03938743395600775]]}},{"type":"Feature","properties":{"name":null,"cls":"tertiary","km":2.22},"geometry":{"type":"LineString","coordinates":[[116.57996960000001,0.6740194542468199],[116.57340546900002,0.6564620432663834]]}},{"type":"Feature","properties":{"name":null,"cls":"tertiary","km":2.22},"geometry":{"type":"LineString","coordinates":[[116.56564093400004,0.6399184392848467],[116.58263373800004,0.646529440277471]]}},{"type":"Feature","properties":{"name":null,"cls":"tertiary","km":2.22},"geometry":{"type":"LineString","coordinates":[[116.97487723200004,0.7625487371479678],[116.97309725000002,0.7823297351259327]]}},{"type":"Feature","properties":{"name":null,"cls":"tertiary","km":2.22},"geometry":{"type":"LineString","coordinates":[[114.65348118200006,1.5420084052804766],[114.64279069400004,1.5461959612758491],[114.63944186100002,1.5531878032681017]]}},{"type":"Feature","properties":{"name":null,"cls":"tertiary","km":2.21},"geometry":{"type":"LineString","coordinates":[[115.7565106070001,0.2048768227709912],[115.76626952100003,0.21927319275487833]]}},{"type":"Feature","properties":{"name":null,"cls":"tertiary","km":2.21},"geometry":{"type":"LineString","coordinates":[[116.18157999900008,0.4503705244965704],[116.16394855400007,0.4553295384910603]]}},{"type":"Feature","properties":{"name":null,"cls":"tertiary","km":2.21},"geometry":{"type":"LineString","coordinates":[[116.21971911700007,0.11255997387414822],[116.22071485200001,0.10396446988379841],[116.21354753800006,0.09560810689314124]]}},{"type":"Feature","properties":{"name":null,"cls":"tertiary","km":2.21},"geometry":{"type":"LineString","coordinates":[[115.11924534400009,1.4502786263822796],[115.10982641400004,1.4666450293641038]]}},{"type":"Feature","properties":{"name":null,"cls":"tertiary","km":2.2},"geometry":{"type":"LineString","coordinates":[[116.00812286200005,0.7738968031353447],[116.00547910600005,0.75506719215632]]}},{"type":"Feature","properties":{"name":null,"cls":"tertiary","km":2.2},"geometry":{"type":"LineString","coordinates":[[116.31562834100009,1.3028479325460878],[116.30455414000006,1.2989853195503474],[116.30123880700013,1.2920031315581204]]}},{"type":"Feature","properties":{"name":null,"cls":"tertiary","km":2.2},"geometry":{"type":"LineString","coordinates":[[116.79189971500011,0.9016856179927659],[116.7999177480001,0.902878781991472],[116.8020535510001,0.9127424469804536]]}},{"type":"Feature","properties":{"name":null,"cls":"tertiary","km":2.2},"geometry":{"type":"LineString","coordinates":[[115.98045957900003,0.3175540276450323],[115.97622440100008,0.3140307286489469],[115.96374312500008,0.319658382642649]]}},{"type":"Feature","properties":{"name":null,"cls":"tertiary","km":2.2},"geometry":{"type":"LineString","coordinates":[[115.74143216100002,0.37045724158588755],[115.74700862800012,0.3740079175819819],[115.73994961700011,0.38373098757106094]]}},{"type":"Feature","properties":{"name":null,"cls":"tertiary","km":2.2},"geometry":{"type":"LineString","coordinates":[[115.76734479900004,0.1383595178453651],[115.75068145600007,0.14652776683621382]]}},{"type":"Feature","properties":{"name":null,"cls":"tertiary","km":2.19},"geometry":{"type":"LineString","coordinates":[[116.49128540800008,1.6280903831850826],[116.50095672200008,1.642179835169448]]}},{"type":"Feature","properties":{"name":null,"cls":"tertiary","km":2.19},"geometry":{"type":"LineString","coordinates":[[116.34160334800002,1.597168124219312],[116.35323541100001,1.6112939502036507]]}},{"type":"Feature","properties":{"name":null,"cls":"tertiary","km":2.19},"geometry":{"type":"LineString","coordinates":[[116.54587685500007,0.9199813749724176],[116.55456664000009,0.9347531219559273]]}},{"type":"Feature","properties":{"name":null,"cls":"tertiary","km":2.19},"geometry":{"type":"LineString","coordinates":[[116.36832348300005,0.47164919547280293],[116.35716962800008,0.4722658674721039],[116.3515185010001,0.4664422564786081]]}},{"type":"Feature","properties":{"name":null,"cls":"tertiary","km":2.19},"geometry":{"type":"LineString","coordinates":[[115.82655407000004,0.012173214986461452],[115.83207116400003,0.015292539982992915],[115.83405674400001,0.0027629059969383834]]}},{"type":"Feature","properties":{"name":null,"cls":"tertiary","km":2.19},"geometry":{"type":"LineString","coordinates":[[116.80213523300006,0.3169822696456316],[116.80102857400006,0.32380595363801956],[116.80916432100004,0.32923440963194694]]}},{"type":"Feature","properties":{"name":null,"cls":"tertiary","km":2.19},"geometry":{"type":"LineString","coordinates":[[116.73072575700009,0.615439202312191],[116.73677701700001,0.611556662316531],[116.73568735600008,0.6233069623034235]]}},{"type":"Feature","properties":{"name":null,"cls":"tertiary","km":2.19},"geometry":{"type":"LineString","coordinates":[[115.20038626500003,1.5053044503212383],[115.18787434800004,1.516957832308273]]}},{"type":"Feature","properties":{"name":null,"cls":"tertiary","km":2.19},"geometry":{"type":"LineString","coordinates":[[114.930411068,1.2284812566287897],[114.93991841200011,1.2441121946114049]]}},{"type":"Feature","properties":{"name":null,"cls":"tertiary","km":2.19},"geometry":{"type":"LineString","coordinates":[[115.131679995,1.4070511674303101],[115.13722236500007,1.4233622444121936]]}},{"type":"Feature","properties":{"name":null,"cls":"tertiary","km":2.19},"geometry":{"type":"LineString","coordinates":[[114.06251332700003,0.8452258800557313],[114.07306455100002,0.8616829450373671]]}},{"type":"Feature","properties":{"name":null,"cls":"tertiary","km":2.18},"geometry":{"type":"LineString","coordinates":[[116.0134004590001,1.2601550365935468],[116.02448647800009,1.2442921106111977]]}},{"type":"Feature","properties":{"name":null,"cls":"tertiary","km":2.18},"geometry":{"type":"LineString","coordinates":[[116.2748667190001,1.3562770194867044],[116.29356380800006,1.3567074434862112]]}},{"type":"Feature","properties":{"name":null,"cls":"tertiary","km":2.18},"geometry":{"type":"LineString","coordinates":[[116.4583402720001,0.694051443224414],[116.47409372100003,0.7029094582145562]]}},{"type":"Feature","properties":{"name":null,"cls":"tertiary","km":2.18},"geometry":{"type":"LineString","coordinates":[[116.1976011590001,0.12650137085863156],[116.18852424700003,0.11015948287691477]]}},{"type":"Feature","properties":{"name":null,"cls":"tertiary","km":2.18},"geometry":{"type":"LineString","coordinates":[[116.55213289100004,0.19583165578108744],[116.53377660000001,0.2010030437753327]]}},{"type":"Feature","properties":{"name":null,"cls":"tertiary","km":2.18},"geometry":{"type":"LineString","coordinates":[[116.71017084000005,0.8745755620230021],[116.70660599000006,0.8913832060042638]]}},{"type":"Feature","properties":{"name":null,"cls":"tertiary","km":2.18},"geometry":{"type":"LineString","coordinates":[[116.00210558100002,0.8543236630455819],[116.0117901640001,0.8386298390631107]]}},{"type":"Feature","properties":{"name":null,"cls":"tertiary","km":2.17},"geometry":{"type":"LineString","coordinates":[[116.78326882600004,0.656602783266251],[116.76976720100005,0.6451110012790652]]}},{"type":"Feature","properties":{"name":null,"cls":"tertiary","km":2.17},"geometry":{"type":"LineString","coordinates":[[116.45468624700003,0.26001580570936533],[116.46176310700002,0.2770241446903326]]}},{"type":"Feature","properties":{"name":null,"cls":"tertiary","km":2.17},"geometry":{"type":"LineString","coordinates":[[115.62630561900006,0.4746014144695332],[115.61063029600005,0.4833499244597239]]}},{"type":"Feature","properties":{"name":null,"cls":"tertiary","km":2.17},"geometry":{"type":"LineString","coordinates":[[116.05011678300002,0.21780446575657392],[116.04310422100002,0.21567418475892905],[116.04038075800008,0.20676298276885205]]}},{"type":"Feature","properties":{"name":null,"cls":"tertiary","km":2.17},"geometry":{"type":"LineString","coordinates":[[115.82061723100004,0.39295497756075964],[115.8332604850001,0.3799643345753118]]}},{"type":"Feature","properties":{"name":null,"cls":"tertiary","km":2.17},"geometry":{"type":"LineString","coordinates":[[115.67976723100003,0.14231540284093516],[115.69694931400011,0.13694392384690715]]}},{"type":"Feature","properties":{"name":null,"cls":"tertiary","km":2.17},"geometry":{"type":"LineString","coordinates":[[116.19159835300003,0.8144555760900656],[116.19885720600008,0.8179503610861414],[116.20324162100009,0.8280389170749228]]}},{"type":"Feature","properties":{"name":null,"cls":"tertiary","km":2.17},"geometry":{"type":"LineString","coordinates":[[115.76384742000005,0.18280227179569356],[115.76711644000012,0.20122115577504446]]}},{"type":"Feature","properties":{"name":null,"cls":"tertiary","km":2.17},"geometry":{"type":"LineString","coordinates":[[114.47842927900001,1.2072831056523519],[114.46991482100009,1.2234976746343211]]}},{"type":"Feature","properties":{"name":null,"cls":"tertiary","km":2.17},"geometry":{"type":"LineString","coordinates":[[114.63224605000005,1.504795068321798],[114.623564363,1.509203848316902],[114.62123447500005,1.5169028693083597]]}},{"type":"Feature","properties":{"name":null,"cls":"tertiary","km":2.17},"geometry":{"type":"LineString","coordinates":[[114.87420099300006,1.4788673853505288],[114.86293935700009,1.4939793733337745]]}},{"type":"Feature","properties":{"name":null,"cls":"tertiary","km":2.16},"geometry":{"type":"LineString","coordinates":[[115.92159909800012,0.02710193696975902],[115.90598105500008,0.017617221980358238]]}},{"type":"Feature","properties":{"name":null,"cls":"tertiary","km":2.16},"geometry":{"type":"LineString","coordinates":[[114.95085614800007,1.357553355485266],[114.9584408390001,1.3624374444798566],[114.95941785800005,1.370826353470502]]}},{"type":"Feature","properties":{"name":null,"cls":"tertiary","km":2.16},"geometry":{"type":"LineString","coordinates":[[115.26154745500001,0.31531915364756097],[115.26655772900006,0.32306055563884634],[115.2636348540001,0.3319339996289582]]}},{"type":"Feature","properties":{"name":null,"cls":"tertiary","km":2.16},"geometry":{"type":"LineString","coordinates":[[114.09123417800005,0.8224647180811386],[114.10312787600003,0.8364921240655209]]}},{"type":"Feature","properties":{"name":null,"cls":"tertiary","km":2.15},"geometry":{"type":"LineString","coordinates":[[116.27834865500007,0.37714426857840777],[116.26909209700011,0.39351342356013663]]}},{"type":"Feature","properties":{"name":null,"cls":"tertiary","km":2.15},"geometry":{"type":"LineString","coordinates":[[116.4822327170001,0.7478503641643457],[116.47099915600006,0.7336952441801833]]}},{"type":"Feature","properties":{"name":null,"cls":"tertiary","km":2.15},"geometry":{"type":"LineString","coordinates":[[116.21877923300009,0.39172800756211484],[116.21212279100007,0.40829122454357175]]}},{"type":"Feature","properties":{"name":null,"cls":"tertiary","km":2.15},"geometry":{"type":"LineString","coordinates":[[116.888226668,0.7668537101431927],[116.8930033060001,0.7562842761549531],[116.88871310100002,0.7504508171614769]]}},{"type":"Feature","properties":{"name":null,"cls":"tertiary","km":2.15},"geometry":{"type":"LineString","coordinates":[[115.89658358300004,0.46782873247707],[115.90142007700001,0.4564412324898003],[115.90543764400002,0.46067521648512505]]}},{"type":"Feature","properties":{"name":null,"cls":"tertiary","km":2.15},"geometry":{"type":"LineString","coordinates":[[116.35147625800005,0.6458385742782596],[116.34385382500012,0.6372779162878203],[116.34481730400012,0.6304136212954977]]}},{"type":"Feature","properties":{"name":null,"cls":"tertiary","km":2.15},"geometry":{"type":"LineString","coordinates":[[115.98896835400001,0.2281248947450129],[115.98064628000007,0.21275545776220117]]}},{"type":"Feature","properties":{"name":null,"cls":"tertiary","km":2.15},"geometry":{"type":"LineString","coordinates":[[116.07626532300003,0.9474956209416887],[116.09147722800004,0.9573329529307064]]}},{"type":"Feature","properties":{"name":null,"cls":"tertiary","km":2.14},"geometry":{"type":"LineString","coordinates":[[116.4774307130001,1.070914291804185],[116.48626458500007,1.054558921822401]]}},{"type":"Feature","properties":{"name":null,"cls":"tertiary","km":2.14},"geometry":{"type":"LineString","coordinates":[[116.20035056000006,1.250274540604565],[116.20100927400007,1.2317248426251755]]}},{"type":"Feature","properties":{"name":null,"cls":"tertiary","km":2.14},"geometry":{"type":"LineString","coordinates":[[116.20996424600004,1.139902776727327],[116.22730945700005,1.1466664877198247]]}},{"type":"Feature","properties":{"name":null,"cls":"tertiary","km":2.14},"geometry":{"type":"LineString","coordinates":[[116.79182974700008,0.8383161580634343],[116.77722072600011,0.8277925330751947]]}},{"type":"Feature","properties":{"name":null,"cls":"tertiary","km":2.14},"geometry":{"type":"LineString","coordinates":[[116.22061905800001,0.9233212299686548],[116.20551958100008,0.9143707329786334]]}},{"type":"Feature","properties":{"name":null,"cls":"tertiary","km":2.14},"geometry":{"type":"LineString","coordinates":[[114.41134632900003,1.227481273629904],[114.40125060300011,1.2429401766126675]]}},{"type":"Feature","properties":{"name":null,"cls":"tertiary","km":2.14},"geometry":{"type":"LineString","coordinates":[[115.34636486700005,1.6319231961807836],[115.33480069000007,1.641581564170117]]}},{"type":"Feature","properties":{"name":null,"cls":"tertiary","km":2.14},"geometry":{"type":"LineString","coordinates":[[114.87289587300008,1.2188807996394802],[114.86568418600007,1.2357575966206473]]}},{"type":"Feature","properties":{"name":null,"cls":"tertiary","km":2.14},"geometry":{"type":"LineString","coordinates":[[114.81935022200003,0.1614599428195222],[114.80542748800008,0.17325468980630634]]}},{"type":"Feature","properties":{"name":null,"cls":"tertiary","km":2.12},"geometry":{"type":"LineString","coordinates":[[116.60376496600007,1.3926755224462286],[116.6222597650001,1.3943260344444304]]}},{"type":"Feature","properties":{"name":null,"cls":"tertiary","km":2.12},"geometry":{"type":"LineString","coordinates":[[116.21012714400001,0.4617094644839412],[116.19320584300011,0.4644747364808313]]}},{"type":"Feature","properties":{"name":null,"cls":"tertiary","km":2.12},"geometry":{"type":"LineString","coordinates":[[114.98363463600003,1.3008979285482616],[114.99463975900005,1.3134155745343528]]}},{"type":"Feature","properties":{"name":null,"cls":"tertiary","km":2.11},"geometry":{"type":"LineString","coordinates":[[116.60870801700001,1.5333896002900655],[116.59758851200002,1.5189489973060546]]}},{"type":"Feature","properties":{"name":null,"cls":"tertiary","km":2.11},"geometry":{"type":"LineString","coordinates":[[116.54931100400007,0.7707215821388723],[116.56214435900006,0.7587565231522135]]}},{"type":"Feature","properties":{"name":null,"cls":"tertiary","km":2.11},"geometry":{"type":"LineString","coordinates":[[116.23889386000008,0.6254513853010238],[116.24981650600013,0.6397710462850594]]}},{"type":"Feature","properties":{"name":null,"cls":"tertiary","km":2.11},"geometry":{"type":"LineString","coordinates":[[115.58321630000013,0.28640602267984266],[115.56724304500007,0.29425513467109343]]}},{"type":"Feature","properties":{"name":null,"cls":"tertiary","km":2.11},"geometry":{"type":"LineString","coordinates":[[114.64445487500005,1.4632460263679252],[114.63629350300006,1.4789910933503843]]}},{"type":"Feature","properties":{"name":null,"cls":"tertiary","km":2.11},"geometry":{"type":"LineString","coordinates":[[114.6904777630001,1.2854816205653592],[114.68890035100003,1.303635491545222]]}},{"type":"Feature","properties":{"name":null,"cls":"tertiary","km":2.11},"geometry":{"type":"LineString","coordinates":[[114.47866094100004,1.243035238612581],[114.48615666,1.246210138609092],[114.49388683300003,1.2429851266126257]]}},{"type":"Feature","properties":{"name":null,"cls":"tertiary","km":2.1},"geometry":{"type":"LineString","coordinates":[[116.12303545300006,1.3487321954951141],[116.11416364500008,1.3322149345134606]]}},{"type":"Feature","properties":{"name":null,"cls":"tertiary","km":2.1},"geometry":{"type":"LineString","coordinates":[[116.92644313200003,0.6460705172779894],[116.9304669400001,0.663628543258414]]}},{"type":"Feature","properties":{"name":null,"cls":"tertiary","km":2.1},"geometry":{"type":"LineString","coordinates":[[116.44272073700006,0.17939437279947076],[116.45055010100009,0.19447673678264304]]}},{"type":"Feature","properties":{"name":null,"cls":"tertiary","km":2.1},"geometry":{"type":"LineString","coordinates":[[116.42233570300004,0.19697445577976772],[116.41962045600008,0.20674668876891458],[116.42314249700009,0.21378292576098976]]}},{"type":"Feature","properties":{"name":null,"cls":"tertiary","km":2.1},"geometry":{"type":"LineString","coordinates":[[116.11345114700008,0.6610899492612684],[116.10948871800008,0.6681893752533155],[116.11312619100012,0.6773706962430588]]}},{"type":"Feature","properties":{"name":null,"cls":"tertiary","km":2.1},"geometry":{"type":"LineString","coordinates":[[115.81043610700011,0.3810366315740769],[115.80467222000003,0.3657354165911635]]}},{"type":"Feature","properties":{"name":null,"cls":"tertiary","km":2.1},"geometry":{"type":"LineString","coordinates":[[116.3374575260001,0.36747995258923055],[116.32155173700005,0.37297632258306374]]}},{"type":"Feature","properties":{"name":null,"cls":"tertiary","km":2.1},"geometry":{"type":"LineString","coordinates":[[115.84719282000003,0.6777812452425906],[115.85348260600006,0.6700279022512715],[115.8530697530001,0.6613282922609593]]}},{"type":"Feature","properties":{"name":null,"cls":"tertiary","km":2.09},"geometry":{"type":"LineString","coordinates":[[116.050721511,1.0804776567935455],[116.05517996600008,1.0895713987834135],[116.06312036100009,1.091747032780961]]}},{"type":"Feature","properties":{"name":null,"cls":"tertiary","km":2.09},"geometry":{"type":"LineString","coordinates":[[116.88644230700005,0.5395279543969551],[116.89766036000003,0.55162744438347]]}},{"type":"Feature","properties":{"name":null,"cls":"tertiary","km":2.09},"geometry":{"type":"LineString","coordinates":[[116.35482521600011,0.8909951470047102],[116.35122617600007,0.8865041540097116],[116.33899805600005,0.8881666700078342]]}},{"type":"Feature","properties":{"name":null,"cls":"tertiary","km":2.09},"geometry":{"type":"LineString","coordinates":[[114.6747460560001,1.5178276493073373],[114.68709908200003,1.5300339722937868]]}},{"type":"Feature","properties":{"name":null,"cls":"tertiary","km":2.09},"geometry":{"type":"LineString","coordinates":[[114.86605223700006,0.12800868385694775],[114.86371136700005,0.1381211438455904],[114.8674374650001,0.14439831983858825]]}},{"type":"Feature","properties":{"name":null,"cls":"tertiary","km":2.08},"geometry":{"type":"LineString","coordinates":[[116.4298018720001,0.2569989307127201],[116.43133914400006,0.2751066976924933]]}},{"type":"Feature","properties":{"name":null,"cls":"tertiary","km":2.08},"geometry":{"type":"LineString","coordinates":[[115.9765317040001,0.06829986892369144],[115.96483439200004,0.07969841891096734]]}},{"type":"Feature","properties":{"name":null,"cls":"tertiary","km":2.08},"geometry":{"type":"LineString","coordinates":[[116.01027792900004,0.038582938956897454],[116.01128096900004,0.029987951966527888],[116.00277328000004,0.03278740396338819]]}},{"type":"Feature","properties":{"name":null,"cls":"tertiary","km":2.07},"geometry":{"type":"LineString","coordinates":[[116.209659439,1.395932668442641],[116.1945600800001,1.405263171432253]]}},{"type":"Feature","properties":{"name":null,"cls":"tertiary","km":2.07},"geometry":{"type":"LineString","coordinates":[[116.08877900300001,1.2175900706409277],[116.10539245300005,1.223892723633886]]}},{"type":"Feature","properties":{"name":null,"cls":"tertiary","km":2.07},"geometry":{"type":"LineString","coordinates":[[116.42113731100005,0.5958709933340465],[116.40452227200002,0.5945286333355252]]}},{"type":"Feature","properties":{"name":null,"cls":"tertiary","km":2.07},"geometry":{"type":"LineString","coordinates":[[116.91733384800011,0.8431179960581007],[116.90041078800006,0.839430311062215]]}},{"type":"Feature","properties":{"name":null,"cls":"tertiary","km":2.07},"geometry":{"type":"LineString","coordinates":[[115.50606297200012,0.3037736986604189],[115.50920568400012,0.28585634968046275]]}},{"type":"Feature","properties":{"name":null,"cls":"tertiary","km":2.07},"geometry":{"type":"LineString","coordinates":[[116.1057316790001,0.4225978955276577],[116.09854204100009,0.43011197951923974],[116.09172713800001,0.42826309152130376]]}},{"type":"Feature","properties":{"name":null,"cls":"tertiary","km":2.06},"geometry":{"type":"LineString","coordinates":[[115.31888687200001,1.588417580228997],[115.32749106200004,1.5966656162198625]]}},{"type":"Feature","properties":{"name":null,"cls":"tertiary","km":2.06},"geometry":{"type":"LineString","coordinates":[[116.5706958730001,0.6723402302486455],[116.5653851850001,0.656732398266061]]}},{"type":"Feature","properties":{"name":null,"cls":"tertiary","km":2.06},"geometry":{"type":"LineString","coordinates":[[116.96971733300006,0.7799571111285472],[116.96834178800009,0.7633178741471273]]}},{"type":"Feature","properties":{"name":null,"cls":"tertiary","km":2.05},"geometry":{"type":"LineString","coordinates":[[116.1833585700001,0.9397845219503348],[116.17015929500008,0.9386225259516229],[116.16752553200001,0.9428535359469198]]}},{"type":"Feature","properties":{"name":null,"cls":"tertiary","km":2.05},"geometry":{"type":"LineString","coordinates":[[116.3716509950001,0.17764276680145125],[116.3768111820001,0.18682351179115686],[116.38336375300004,0.1882242257896088]]}},{"type":"Feature","properties":{"name":null,"cls":"tertiary","km":2.05},"geometry":{"type":"LineString","coordinates":[[115.53926098500007,0.5479638323875515],[115.52898811400007,0.5618277203720566]]}},{"type":"Feature","properties":{"name":null,"cls":"tertiary","km":2.05},"geometry":{"type":"LineString","coordinates":[[116.80897504300003,0.6156591593119982],[116.8224794360001,0.6087206833197037]]}},{"type":"Feature","properties":{"name":null,"cls":"tertiary","km":2.05},"geometry":{"type":"LineString","coordinates":[[115.29613317300004,1.792320530003273],[115.28212650800003,1.8032777819911219]]}},{"type":"Feature","properties":{"name":null,"cls":"tertiary","km":2.04},"geometry":{"type":"LineString","coordinates":[[116.24989969400009,1.4235719054119413],[116.25197428000001,1.4402755943933958]]}},{"type":"Feature","properties":{"name":null,"cls":"tertiary","km":2.04},"geometry":{"type":"LineString","coordinates":[[116.04787858800013,0.9408612079491029],[116.06561786500004,0.9363385919541715]]}},{"type":"Feature","properties":{"name":null,"cls":"tertiary","km":2.04},"geometry":{"type":"LineString","coordinates":[[116.43894713300006,1.0548572528220719],[116.42189076700002,1.0594455258169397]]}},{"type":"Feature","properties":{"name":null,"cls":"tertiary","km":2.04},"geometry":{"type":"LineString","coordinates":[[116.94751279100002,0.4221869795280893],[116.95111332600004,0.43880095750951703]]}},{"type":"Feature","properties":{"name":null,"cls":"tertiary","km":2.04},"geometry":{"type":"LineString","coordinates":[[116.59924310800012,0.7756155221334223],[116.60310121900012,0.7826393571255563],[116.59749919300009,0.7902453391171007]]}},{"type":"Feature","properties":{"name":null,"cls":"tertiary","km":2.04},"geometry":{"type":"LineString","coordinates":[[116.25431400700008,0.1630288308177291],[116.256360792,0.14622348583653869]]}},{"type":"Feature","properties":{"name":null,"cls":"tertiary","km":2.04},"geometry":{"type":"LineString","coordinates":[[116.96504914800006,0.6620765742601458],[116.98101697800008,0.6575105972652284]]}},{"type":"Feature","properties":{"name":null,"cls":"tertiary","km":2.04},"geometry":{"type":"LineString","coordinates":[[116.95801850900013,0.4469329655004081],[116.967671859,0.450899264495993],[116.96114211600003,0.4517299964950653]]}},{"type":"Feature","properties":{"name":null,"cls":"tertiary","km":2.04},"geometry":{"type":"LineString","coordinates":[[116.85178695800003,0.3305243206305228],[116.85361332100003,0.31446953364851576]]}},{"type":"Feature","properties":{"name":null,"cls":"tertiary","km":2.04},"geometry":{"type":"LineString","coordinates":[[115.76412120600003,0.35586884860221196],[115.75678838700004,0.34710171361203496],[115.75152334300004,0.3505371196081601]]}},{"type":"Feature","properties":{"name":null,"cls":"tertiary","km":2.04},"geometry":{"type":"LineString","coordinates":[[116.00805854300006,0.4478270264994646],[116.01450457800003,0.44170681050630706],[116.01676138200004,0.44754600349974877]]}},{"type":"Feature","properties":{"name":null,"cls":"tertiary","km":2.04},"geometry":{"type":"LineString","coordinates":[[114.63452246100006,1.413718626422876],[114.63565137500007,1.4314230664032705]]}},{"type":"Feature","properties":{"name":null,"cls":"tertiary","km":2.04},"geometry":{"type":"LineString","coordinates":[[114.79717529100003,1.3915710544474582],[114.81426146600008,1.3940184624447778]]}},{"type":"Feature","properties":{"name":null,"cls":"tertiary","km":2.04},"geometry":{"type":"LineString","coordinates":[[115.05774381400009,0.86087461703825],[115.06565722800006,0.8767045820206399]]}},{"type":"Feature","properties":{"name":null,"cls":"tertiary","km":2.03},"geometry":{"type":"LineString","coordinates":[[116.4457092570001,1.3586660404840247],[116.44951973200013,1.3684842494731058],[116.44550808600002,1.373936258467078]]}},{"type":"Feature","properties":{"name":null,"cls":"tertiary","km":2.03},"geometry":{"type":"LineString","coordinates":[[116.02242544,0.10095971388716211],[116.03321138700005,0.11507137787139692]]}},{"type":"Feature","properties":{"name":null,"cls":"tertiary","km":2.03},"geometry":{"type":"LineString","coordinates":[[115.99962125300011,0.844844888056188],[115.98337103900008,0.8406639410608486]]}},{"type":"Feature","properties":{"name":null,"cls":"tertiary","km":2.03},"geometry":{"type":"LineString","coordinates":[[115.7808224700001,0.061523608931274724],[115.7703163220001,0.06662640492551802]]}},{"type":"Feature","properties":{"name":null,"cls":"tertiary","km":2.02},"geometry":{"type":"LineString","coordinates":[[114.08332319200008,1.1215953907477685],[114.06795976900003,1.12993641573847]]}},{"type":"Feature","properties":{"name":null,"cls":"tertiary","km":2.02},"geometry":{"type":"LineString","coordinates":[[116.65697932500008,0.9222703479698167],[116.66953999400006,0.9341686249565492]]}},{"type":"Feature","properties":{"name":null,"cls":"tertiary","km":2.02},"geometry":{"type":"LineString","coordinates":[[116.80272085000001,0.7746051671345261],[116.79852122400007,0.7683335621415406],[116.79475638300005,0.777293386131515]]}},{"type":"Feature","properties":{"name":null,"cls":"tertiary","km":2.02},"geometry":{"type":"LineString","coordinates":[[115.92648663400009,0.9262986499653184],[115.91172410700005,0.9171181409755511]]}},{"type":"Feature","properties":{"name":null,"cls":"tertiary","km":2.02},"geometry":{"type":"LineString","coordinates":[[115.513059364,0.8949181560003479],[115.5207425120001,0.8929057480025303],[115.52207614000008,0.8846013280118127]]}},{"type":"Feature","properties":{"name":null,"cls":"tertiary","km":2.02},"geometry":{"type":"LineString","coordinates":[[114.85992015200007,1.198463087662162],[114.84822306500008,1.211092989648118]]}},{"type":"Feature","properties":{"name":null,"cls":"tertiary","km":2.01},"geometry":{"type":"LineString","coordinates":[[115.51827801400009,0.23497320173734218],[115.50352549300011,0.2424459697289994]]}},{"type":"Feature","properties":{"name":null,"cls":"tertiary","km":2.01},"geometry":{"type":"LineString","coordinates":[[116.98380853100004,0.6899462672290045],[116.98097991400005,0.7052561522119152]]}},{"type":"Feature","properties":{"name":null,"cls":"tertiary","km":2.01},"geometry":{"type":"LineString","coordinates":[[116.54539913700013,0.7664628531436167],[116.54274067200004,0.7497011201623267]]}},{"type":"Feature","properties":{"name":null,"cls":"tertiary","km":2.0},"geometry":{"type":"LineString","coordinates":[[116.32653381500006,0.9219606549702027],[116.34349231100009,0.9246435509671374]]}},{"type":"Feature","properties":{"name":null,"cls":"tertiary","km":2.0},"geometry":{"type":"LineString","coordinates":[[114.01995502400007,1.0726236928022976],[114.03478750400006,1.0747181337999439]]}},{"type":"Feature","properties":{"name":null,"cls":"tertiary","km":2.0},"geometry":{"type":"LineString","coordinates":[[116.27987020800005,1.8259473519660367],[116.28120788100011,1.8089260509848681]]}},{"type":"Feature","properties":{"name":null,"cls":"tertiary","km":2.0},"geometry":{"type":"LineString","coordinates":[[115.95317033100002,1.180333546682342],[115.96330508300004,1.1937413936674457]]}},{"type":"Feature","properties":{"name":null,"cls":"tertiary","km":2.0},"geometry":{"type":"LineString","coordinates":[[116.15803520900012,0.43802803951039904],[116.1452096690001,0.445754337501734]]}},{"type":"Feature","properties":{"name":null,"cls":"tertiary","km":2.0},"geometry":{"type":"LineString","coordinates":[[116.97604278900008,0.7370805031764042],[116.9824854850001,0.7532331081584039]]}},{"type":"Feature","properties":{"name":null,"cls":"tertiary","km":2.0},"geometry":{"type":"LineString","coordinates":[[115.12027844400006,1.534725621288586],[115.11601467900006,1.5519577072694117]]}},{"type":"Feature","properties":{"name":null,"cls":"tertiary","km":2.0},"geometry":{"type":"LineString","coordinates":[[114.57713915300008,1.238323225617828],[114.57773030800003,1.2550220725992942]]}},{"type":"Feature","properties":{"name":null,"cls":"tertiary","km":1.99},"geometry":{"type":"LineString","coordinates":[[116.4376616080001,0.645065581279094],[116.43490191100013,0.6509623282725487],[116.42744361000005,0.6480121332758533]]}},{"type":"Feature","properties":{"name":null,"cls":"tertiary","km":1.99},"geometry":{"type":"LineString","coordinates":[[116.70495787900008,0.8639215590348885],[116.71897634900006,0.8741783760234422]]}},{"type":"Feature","properties":{"name":null,"cls":"tertiary","km":1.99},"geometry":{"type":"LineString","coordinates":[[114.58617707600001,1.1658558276985047],[114.57146396300004,1.1752004876881]]}},{"type":"Feature","properties":{"name":null,"cls":"tertiary","km":1.99},"geometry":{"type":"LineString","coordinates":[[114.22758875600005,1.0489162308287066],[114.21867176500007,1.0631044338128959]]}},{"type":"Feature","properties":{"name":null,"cls":"tertiary","km":1.98},"geometry":{"type":"LineString","coordinates":[[116.45933827700004,0.511171099428663],[116.46767500700003,0.5076166674326212],[116.46982247900007,0.5001180454410471]]}},{"type":"Feature","properties":{"name":null,"cls":"tertiary","km":1.98},"geometry":{"type":"LineString","coordinates":[[115.6864956820001,0.12748387185749824],[115.70310052000002,0.1224505388631281]]}},{"type":"Feature","properties":{"name":null,"cls":"tertiary","km":1.98},"geometry":{"type":"LineString","coordinates":[[116.20279728000001,0.42745314252220323],[116.2130726150001,0.4138437325373914]]}},{"type":"Feature","properties":{"name":null,"cls":"tertiary","km":1.98},"geometry":{"type":"LineString","coordinates":[[116.1324211540001,0.07411748391718856],[116.12516746900006,0.08898295490056135]]}},{"type":"Feature","properties":{"name":null,"cls":"tertiary","km":1.98},"geometry":{"type":"LineString","coordinates":[[115.93710822000004,0.7594089391515233],[115.93459309300012,0.7757379271333019]]}},{"type":"Feature","properties":{"name":null,"cls":"tertiary","km":1.98},"geometry":{"type":"LineString","coordinates":[[115.96754945100007,0.7611737911494706],[115.95252467600005,0.7595467951513462]]}},{"type":"Feature","properties":{"name":null,"cls":"tertiary","km":1.97},"geometry":{"type":"LineString","coordinates":[[116.01918864800005,1.209520683649882],[116.00340558700009,1.2021603626580906]]}},{"type":"Feature","properties":{"name":null,"cls":"tertiary","km":1.97},"geometry":{"type":"LineString","coordinates":[[116.41221684900006,1.320369137526578],[116.40821890400004,1.3080583175402964],[116.40504873200008,1.309498497538665]]}},{"type":"Feature","properties":{"name":null,"cls":"tertiary","km":1.97},"geometry":{"type":"LineString","coordinates":[[116.75154721700007,0.7606946671500523],[116.76660725400006,0.7546768541568023]]}},{"type":"Feature","properties":{"name":null,"cls":"tertiary","km":1.97},"geometry":{"type":"LineString","coordinates":[[115.95865941100011,0.9742193299118793],[115.96538790800004,0.990154654894165]]}},{"type":"Feature","properties":{"name":null,"cls":"tertiary","km":1.97},"geometry":{"type":"LineString","coordinates":[[115.7503228710001,0.7387784281745162],[115.74781428700011,0.7305646691836597],[115.7402158640001,0.7307854851834595]]}},{"type":"Feature","properties":{"name":null,"cls":"tertiary","km":1.97},"geometry":{"type":"LineString","coordinates":[[116.15964223400012,0.7652685091449808],[116.16333744300003,0.7822283141260468]]}},{"type":"Feature","properties":{"name":null,"cls":"tertiary","km":1.97},"geometry":{"type":"LineString","coordinates":[[115.88963759800004,0.8066148170988582],[115.89657071900002,0.8065438750988603],[115.90228378000006,0.8149027760895542]]}},{"type":"Feature","properties":{"name":null,"cls":"tertiary","km":1.97},"geometry":{"type":"LineString","coordinates":[[115.93675775100007,0.03402569396198699],[115.93718637100005,0.026196215970800393],[115.94350520000013,0.03308315596303602]]}},{"type":"Feature","properties":{"name":null,"cls":"tertiary","km":1.97},"geometry":{"type":"LineString","coordinates":[[115.80031239000006,0.4875299054550503],[115.80002584500004,0.4824439064607924],[115.81008566200002,0.4798150794636777]]}},{"type":"Feature","properties":{"name":null,"cls":"tertiary","km":1.97},"geometry":{"type":"LineString","coordinates":[[116.5513825920001,0.6652364042565985],[116.55487909400006,0.6493491332743214]]}},{"type":"Feature","properties":{"name":null,"cls":"tertiary","km":1.97},"geometry":{"type":"LineString","coordinates":[[114.57668074500009,1.1437562567230786],[114.56148894300009,1.1501870087159005]]}},{"type":"Feature","properties":{"name":null,"cls":"tertiary","km":1.96},"geometry":{"type":"LineString","coordinates":[[115.90253941300011,0.10325177588459906],[115.91924085300002,0.10772287187963668]]}},{"type":"Feature","properties":{"name":null,"cls":"tertiary","km":1.96},"geometry":{"type":"LineString","coordinates":[[116.6782559720001,0.7510808101607848],[116.67678004600009,0.7654777301447026]]}},{"type":"Feature","properties":{"name":null,"cls":"tertiary","km":1.96},"geometry":{"type":"LineString","coordinates":[[116.30996157300002,0.3595521245980721],[116.31241761600006,0.3758746805798211]]}},{"type":"Feature","properties":{"name":null,"cls":"tertiary","km":1.96},"geometry":{"type":"LineString","coordinates":[[115.08213669500005,1.4766818933530252],[115.0834035040001,1.493151843334691]]}},{"type":"Feature","properties":{"name":null,"cls":"tertiary","km":1.96},"geometry":{"type":"LineString","coordinates":[[114.46725230600009,1.2501023246047251],[114.4827872190001,1.2503013796044897]]}},{"type":"Feature","properties":{"name":null,"cls":"tertiary","km":1.95},"geometry":{"type":"LineString","coordinates":[[115.9098884560001,1.278182097573508],[115.91081665900002,1.2614571335921005]]}},{"type":"Feature","properties":{"name":null,"cls":"tertiary","km":1.95},"geometry":{"type":"LineString","coordinates":[[116.30153639800004,0.7322743091817723],[116.31030915200004,0.7290392971853656],[116.31121984200003,0.7213692461939356]]}},{"type":"Feature","properties":{"name":null,"cls":"tertiary","km":1.95},"geometry":{"type":"LineString","coordinates":[[114.82775166500006,1.3622292794800783],[114.83078079400002,1.3663248374755557],[114.821725162,1.3698038594716522]]}},{"type":"Feature","properties":{"name":null,"cls":"tertiary","km":1.94},"geometry":{"type":"LineString","coordinates":[[116.41630143500005,0.4393516555089209],[116.43076587800012,0.44550215350205685]]}},{"type":"Feature","properties":{"name":null,"cls":"tertiary","km":1.94},"geometry":{"type":"LineString","coordinates":[[116.36886872300012,0.2018675937743052],[116.37001995300012,0.2188256407553453]]}},{"type":"Feature","properties":{"name":null,"cls":"tertiary","km":1.94},"geometry":{"type":"LineString","coordinates":[[116.09239140800003,0.6526579602706708],[116.07542134300002,0.6504683622731242]]}},{"type":"Feature","properties":{"name":null,"cls":"tertiary","km":1.94},"geometry":{"type":"LineString","coordinates":[[115.88034908600004,0.6297476292962599],[115.89699680800004,0.6328003972927914]]}},{"type":"Feature","properties":{"name":null,"cls":"tertiary","km":1.94},"geometry":{"type":"LineString","coordinates":[[114.33868219900012,1.1200695897494575],[114.33749740100006,1.13543486673235]]}},{"type":"Feature","properties":{"name":null,"cls":"tertiary","km":1.94},"geometry":{"type":"LineString","coordinates":[[114.14750406100006,0.960249160927487],[114.15074257800008,0.9515670889371445],[114.14723266200009,0.9452922289441534]]}},{"type":"Feature","properties":{"name":null,"cls":"tertiary","km":1.93},"geometry":{"type":"LineString","coordinates":[[116.10196451200011,0.03470627896120821],[116.09291592500006,0.04839011594594732]]}},{"type":"Feature","properties":{"name":null,"cls":"tertiary","km":1.93},"geometry":{"type":"LineString","coordinates":[[114.95650300400008,0.8691842120290317],[114.94060665400004,0.8714236960265382]]}},{"type":"Feature","properties":{"name":null,"cls":"tertiary","km":1.92},"geometry":{"type":"LineString","coordinates":[[115.7759208530001,0.17019489880974042],[115.77483422600004,0.1800549967987634],[115.76942732000008,0.18294237979551325]]}},{"type":"Feature","properties":{"name":null,"cls":"tertiary","km":1.92},"geometry":{"type":"LineString","coordinates":[[115.81779065500005,0.033711504962336034],[115.82746458700001,0.027293226969523958]]}},{"type":"Feature","properties":{"name":null,"cls":"tertiary","km":1.91},"geometry":{"type":"LineString","coordinates":[[116.03569968900003,0.2778433286894414],[116.04076329500003,0.2737421886940425],[116.04996748900011,0.27706356969027846]]}},{"type":"Feature","properties":{"name":null,"cls":"tertiary","km":1.91},"geometry":{"type":"LineString","coordinates":[[116.68338600500012,0.7430646091696993],[116.68759798700012,0.7395475351736542],[116.69332398300001,0.7459181461665338]]}},{"type":"Feature","properties":{"name":null,"cls":"tertiary","km":1.91},"geometry":{"type":"LineString","coordinates":[[116.16710175600008,0.4860194494567867],[116.16893700400009,0.4932876524486268],[116.16276094800001,0.4964394204451382]]}},{"type":"Feature","properties":{"name":null,"cls":"tertiary","km":1.91},"geometry":{"type":"LineString","coordinates":[[115.5905931960001,0.6979337992200875],[115.57449456900008,0.6979014672201588]]}},{"type":"Feature","properties":{"name":null,"cls":"tertiary","km":1.91},"geometry":{"type":"LineString","coordinates":[[114.97934272200008,1.3611227064813145],[114.98115509400009,1.3772952694633134]]}},{"type":"Feature","properties":{"name":null,"cls":"tertiary","km":1.91},"geometry":{"type":"LineString","coordinates":[[114.30414723000001,1.0674387808080705],[114.29601140500006,1.0816900787921653]]}},{"type":"Feature","properties":{"name":null,"cls":"tertiary","km":1.9},"geometry":{"type":"LineString","coordinates":[[116.12780797000005,0.42737465052226237],[116.11881875300003,0.4262478205235369],[116.11562756700005,0.43294426151605664]]}},{"type":"Feature","properties":{"name":null,"cls":"tertiary","km":1.9},"geometry":{"type":"LineString","coordinates":[[116.35420034200001,1.4127958294239022],[116.35318133600003,1.4298015914049886]]}},{"type":"Feature","properties":{"name":null,"cls":"tertiary","km":1.9},"geometry":{"type":"LineString","coordinates":[[116.23789517300008,1.0864694627868716],[116.22888627100006,1.0724811438024437]]}},{"type":"Feature","properties":{"name":null,"cls":"tertiary","km":1.9},"geometry":{"type":"LineString","coordinates":[[116.50127507900005,0.7666077971434329],[116.49417832200002,0.7805234081279571]]}},{"type":"Feature","properties":{"name":null,"cls":"tertiary","km":1.9},"geometry":{"type":"LineString","coordinates":[[116.48661472900005,0.41220175353921507],[116.47985080600006,0.42648009452328234]]}},{"type":"Feature","properties":{"name":null,"cls":"tertiary","km":1.9},"geometry":{"type":"LineString","coordinates":[[116.96926538100001,0.44040759150771086],[116.9553285840001,0.4432443495045627]]}},{"type":"Feature","properties":{"name":null,"cls":"tertiary","km":1.9},"geometry":{"type":"LineString","coordinates":[[115.77033694800002,0.3974115995557953],[115.77458166100007,0.40313495854936565],[115.77109085300005,0.4113289065402333]]}},{"type":"Feature","properties":{"name":null,"cls":"tertiary","km":1.9},"geometry":{"type":"LineString","coordinates":[[116.14516879000007,0.7777087601310658],[116.1547366860001,0.7905695411167308]]}},{"type":"Feature","properties":{"name":null,"cls":"tertiary","km":1.9},"geometry":{"type":"LineString","coordinates":[[115.5637941010001,0.2820480626847224],[115.55390833600008,0.29373662667166056]]}},{"type":"Feature","properties":{"name":null,"cls":"tertiary","km":1.9},"geometry":{"type":"LineString","coordinates":[[116.83386396900005,0.5271947324107795],[116.83257295900012,0.5108331654290403]]}},{"type":"Feature","properties":{"name":null,"cls":"tertiary","km":1.9},"geometry":{"type":"LineString","coordinates":[[116.14512223100007,0.9482703719408441],[116.13800713500008,0.9461665119431591],[116.1307793000001,0.9521187199365141]]}},{"type":"Feature","properties":{"name":null,"cls":"tertiary","km":1.9},"geometry":{"type":"LineString","coordinates":[[114.36167221800008,1.2058438926539896],[114.35148322300006,1.218195802640254]]}},{"type":"Feature","properties":{"name":null,"cls":"tertiary","km":1.9},"geometry":{"type":"LineString","coordinates":[[114.36386166600005,1.4739792693559866],[114.35087210200004,1.479853536349468]]}},{"type":"Feature","properties":{"name":null,"cls":"tertiary","km":1.9},"geometry":{"type":"LineString","coordinates":[[115.07828001800009,1.2684944285842514],[115.07719026200004,1.275045363576993],[115.08593026600009,1.27912320757244]]}},{"type":"Feature","properties":{"name":null,"cls":"tertiary","km":1.9},"geometry":{"type":"LineString","coordinates":[[114.18493541400005,1.0178563708632582],[114.17148794000002,1.020433928860388]]}},{"type":"Feature","properties":{"name":null,"cls":"tertiary","km":1.89},"geometry":{"type":"LineString","coordinates":[[116.19985670300002,0.6939253632245778],[116.18812354600006,0.6876860842315605]]}},{"type":"Feature","properties":{"name":null,"cls":"tertiary","km":1.89},"geometry":{"type":"LineString","coordinates":[[116.35906829500006,1.1370073357306028],[116.3486468110001,1.124336170744654]]}},{"type":"Feature","properties":{"name":null,"cls":"tertiary","km":1.89},"geometry":{"type":"LineString","coordinates":[[116.2861925300001,0.7172979261985144],[116.29781679500003,0.7255507291892844]]}},{"type":"Feature","properties":{"name":null,"cls":"tertiary","km":1.89},"geometry":{"type":"LineString","coordinates":[[116.09464932700007,0.06757174092449252],[116.10571534500002,0.05662481793673681]]}},{"type":"Feature","properties":{"name":null,"cls":"tertiary","km":1.89},"geometry":{"type":"LineString","coordinates":[[115.76387276800006,0.9070827159867546],[115.77522488700004,0.894519113000774]]}},{"type":"Feature","properties":{"name":null,"cls":"tertiary","km":1.89},"geometry":{"type":"LineString","coordinates":[[115.74385429800009,0.11051372387648338],[115.74985939400007,0.10730755888007405],[115.75630890300012,0.11416808787238458]]}},{"type":"Feature","properties":{"name":null,"cls":"tertiary","km":1.89},"geometry":{"type":"LineString","coordinates":[[114.79715086900002,1.3936057904452457],[114.78997312100012,1.4077936214294406]]}},{"type":"Feature","properties":{"name":null,"cls":"tertiary","km":1.88},"geometry":{"type":"LineString","coordinates":[[116.18335389000003,1.437804182396177],[116.17950749500007,1.4450124323881428],[116.17189671000004,1.4457440893873295]]}},{"type":"Feature","properties":{"name":null,"cls":"tertiary","km":1.88},"geometry":{"type":"LineString","coordinates":[[115.75043417100004,0.007568993991571538],[115.74102292500002,0.007509158991663691],[115.7396412500001,0.011374722987340439]]}},{"type":"Feature","properties":{"name":null,"cls":"tertiary","km":1.88},"geometry":{"type":"LineString","coordinates":[[116.20434455500005,0.10087747988725146],[116.19930136700009,0.10461563788305002],[116.20725705000007,0.10066384588746921]]}},{"type":"Feature","properties":{"name":null,"cls":"tertiary","km":1.88},"geometry":{"type":"LineString","coordinates":[[116.28814489900002,0.4125358815388823],[116.2954769160001,0.41601131953498494],[116.29616893900005,0.423493535526595]]}},{"type":"Feature","properties":{"name":null,"cls":"tertiary","km":1.88},"geometry":{"type":"LineString","coordinates":[[116.19031157100005,0.8175521470866288],[116.19492773400007,0.832760053069649]]}},{"type":"Feature","properties":{"name":null,"cls":"tertiary","km":1.88},"geometry":{"type":"LineString","coordinates":[[115.91584510700012,0.6187829343084993],[115.9171582240001,0.6025936233265677]]}},{"type":"Feature","properties":{"name":null,"cls":"tertiary","km":1.88},"geometry":{"type":"LineString","coordinates":[[116.611372716,0.9481394309410004],[116.61653371200009,0.9542640789341243],[116.624791876,0.9531374859354165]]}},{"type":"Feature","properties":{"name":null,"cls":"tertiary","km":1.88},"geometry":{"type":"LineString","coordinates":[[115.75224307400005,0.9064549739874429],[115.73825867100005,0.9152974939776016]]}},{"type":"Feature","properties":{"name":null,"cls":"tertiary","km":1.88},"geometry":{"type":"LineString","coordinates":[[114.9307134930001,1.4014743704364974],[114.92419335600003,1.4118644784249001]]}},{"type":"Feature","properties":{"name":null,"cls":"tertiary","km":1.88},"geometry":{"type":"LineString","coordinates":[[114.40877329200009,0.719677978195833],[114.42255842300005,0.7117446392047249]]}},{"type":"Feature","properties":{"name":null,"cls":"tertiary","km":1.87},"geometry":{"type":"LineString","coordinates":[[116.39571084700003,0.9209663629712629],[116.40925673600009,0.9297652309614588]]}},{"type":"Feature","properties":{"name":null,"cls":"tertiary","km":1.87},"geometry":{"type":"LineString","coordinates":[[115.67469317800011,0.521380009417216],[115.66685099000006,0.5356110594013809]]}},{"type":"Feature","properties":{"name":null,"cls":"tertiary","km":1.87},"geometry":{"type":"LineString","coordinates":[[116.53627610700005,0.6594549962630939],[116.53899220600012,0.6439042452803891]]}},{"type":"Feature","properties":{"name":null,"cls":"tertiary","km":1.87},"geometry":{"type":"LineString","coordinates":[[116.72225159400013,0.8727211610250762],[116.72159253400002,0.8561960500434872]]}},{"type":"Feature","properties":{"name":null,"cls":"tertiary","km":1.87},"geometry":{"type":"LineString","coordinates":[[115.87682256000005,0.6332100162923906],[115.86907705500005,0.6342170442912712],[115.86481724100008,0.6417478242828164]]}},{"type":"Feature","properties":{"name":null,"cls":"tertiary","km":1.87},"geometry":{"type":"LineString","coordinates":[[114.63735025900007,1.5023983623244273],[114.63186529300005,1.5175716423076078]]}},{"type":"Feature","properties":{"name":null,"cls":"tertiary","km":1.87},"geometry":{"type":"LineString","coordinates":[[115.12584189900006,1.4511048383813503],[115.13130733300012,1.4384259823954408]]}},{"type":"Feature","properties":{"name":null,"cls":"tertiary","km":1.87},"geometry":{"type":"LineString","coordinates":[[114.12702549400001,0.926306629965335],[114.13995247100003,0.9365955569538393]]}},{"type":"Feature","properties":{"name":null,"cls":"tertiary","km":1.86},"geometry":{"type":"LineString","coordinates":[[117.00624748700011,0.8534944760464808],[116.99380138200003,0.863555308035291]]}},{"type":"Feature","properties":{"name":null,"cls":"tertiary","km":1.86},"geometry":{"type":"LineString","coordinates":[[114.50607018100004,1.1483943217178907],[114.51299796700005,1.162817757701868]]}},{"type":"Feature","properties":{"name":null,"cls":"tertiary","km":1.86},"geometry":{"type":"LineString","coordinates":[[114.56312620900007,1.1316869267364826],[114.55219884700013,1.1441674877226233]]}},{"type":"Feature","properties":{"name":null,"cls":"tertiary","km":1.86},"geometry":{"type":"LineString","coordinates":[[114.30602472400007,1.0828554287908836],[114.30913421900004,1.0875573767856204],[114.30533898500005,1.0977765157742676]]}},{"type":"Feature","properties":{"name":null,"cls":"tertiary","km":1.86},"geometry":{"type":"LineString","coordinates":[[115.11703896100005,0.4619551404836341],[115.1066130480001,0.449086419498046]]}},{"type":"Feature","properties":{"name":null,"cls":"tertiary","km":1.85},"geometry":{"type":"LineString","coordinates":[[116.52507418300003,0.6445242122797382],[116.51846750900006,0.6338801692916275]]}},{"type":"Feature","properties":{"name":null,"cls":"tertiary","km":1.85},"geometry":{"type":"LineString","coordinates":[[116.23554003600009,0.4646269134806906],[116.24843900800012,0.4743214034698052]]}},{"type":"Feature","properties":{"name":null,"cls":"tertiary","km":1.85},"geometry":{"type":"LineString","coordinates":[[116.234152644,0.9057956099881694],[116.24071648400002,0.9185733479739282]]}},{"type":"Feature","properties":{"name":null,"cls":"tertiary","km":1.85},"geometry":{"type":"LineString","coordinates":[[116.05637538000008,0.352834075605573],[116.07120284300004,0.3586906595990206]]}},{"type":"Feature","properties":{"name":null,"cls":"tertiary","km":1.85},"geometry":{"type":"LineString","coordinates":[[116.55795129800002,0.8502332150501682],[116.57301173500002,0.850441888049879]]}},{"type":"Feature","properties":{"name":null,"cls":"tertiary","km":1.85},"geometry":{"type":"LineString","coordinates":[[114.79170294200004,1.3463404254977156],[114.800855823,1.3593220894833071]]}},{"type":"Feature","properties":{"name":null,"cls":"tertiary","km":1.85},"geometry":{"type":"LineString","coordinates":[[115.38698632900002,1.6857673991211384],[115.3785309960001,1.6993500761061473]]}},{"type":"Feature","properties":{"name":null,"cls":"tertiary","km":1.84},"geometry":{"type":"LineString","coordinates":[[117.00560356000005,0.3565609566014276],[116.99826881800003,0.3692859855871917]]}},{"type":"Feature","properties":{"name":null,"cls":"tertiary","km":1.84},"geometry":{"type":"LineString","coordinates":[[116.77887407100002,0.9341466289565663],[116.775244025,0.9408112379491227],[116.76656439900012,0.9420801569477817]]}},{"type":"Feature","properties":{"name":null,"cls":"tertiary","km":1.84},"geometry":{"type":"LineString","coordinates":[[116.51522358800003,0.6549381432680847],[116.51432245900004,0.6394082842854675]]}},{"type":"Feature","properties":{"name":null,"cls":"tertiary","km":1.84},"geometry":{"type":"LineString","coordinates":[[116.45312044200011,0.45191820949482686],[116.45810449900011,0.4666552034783969]]}},{"type":"Feature","properties":{"name":null,"cls":"tertiary","km":1.84},"geometry":{"type":"LineString","coordinates":[[116.98160587500001,0.8084056210968358],[116.98526212900003,0.7937477671132033]]}},{"type":"Feature","properties":{"name":null,"cls":"tertiary","km":1.84},"geometry":{"type":"LineString","coordinates":[[116.51575973700007,0.33509868362543266],[116.50394715200002,0.3240106786377875]]}},{"type":"Feature","properties":{"name":null,"cls":"tertiary","km":1.84},"geometry":{"type":"LineString","coordinates":[[115.78071151400002,0.03739179495827294],[115.79133302700006,0.04630949494829614]]}},{"type":"Feature","properties":{"name":null,"cls":"tertiary","km":1.84},"geometry":{"type":"LineString","coordinates":[[116.75134174300001,0.8427964200584613],[116.74636882200004,0.856030643043692]]}},{"type":"Feature","properties":{"name":null,"cls":"tertiary","km":1.83},"geometry":{"type":"LineString","coordinates":[[116.29484239800001,1.64061635817116],[116.29686836300004,1.6558717691542666]]}},{"type":"Feature","properties":{"name":null,"cls":"tertiary","km":1.83},"geometry":{"type":"LineString","coordinates":[[116.13828162400011,0.9794302929061077],[116.12446932300007,0.9873326808973072]]}},{"type":"Feature","properties":{"name":null,"cls":"tertiary","km":1.83},"geometry":{"type":"LineString","coordinates":[[116.06901281900002,0.8265113710765861],[116.06693037700006,0.833928033068359],[116.05982628600009,0.8367780640651739]]}},{"type":"Feature","properties":{"name":null,"cls":"tertiary","km":1.83},"geometry":{"type":"LineString","coordinates":[[115.57771776900005,0.19667612878013732],[115.574436977,0.21218672076278472]]}},{"type":"Feature","properties":{"name":null,"cls":"tertiary","km":1.82},"geometry":{"type":"LineString","coordinates":[[115.51239156400003,0.047031955947471414],[115.518303779,0.04476828794998149],[115.5131485080001,0.05145220794254967]]}},{"type":"Feature","properties":{"name":null,"cls":"tertiary","km":1.82},"geometry":{"type":"LineString","coordinates":[[115.67075605600007,0.6019156633272901],[115.67086668700006,0.5858570313452243]]}},{"type":"Feature","properties":{"name":null,"cls":"tertiary","km":1.82},"geometry":{"type":"LineString","coordinates":[[115.87583506500005,0.6163661743111819],[115.85985401400002,0.6140447753137912]]}},{"type":"Feature","properties":{"name":null,"cls":"tertiary","km":1.82},"geometry":{"type":"LineString","coordinates":[[115.9358112010001,0.9180387089745641],[115.94123287900005,0.9320987719589051]]}},{"type":"Feature","properties":{"name":null,"cls":"tertiary","km":1.82},"geometry":{"type":"LineString","coordinates":[[116.56531858900006,0.6899028482290533],[116.5724944320001,0.6759020532447255]]}},{"type":"Feature","properties":{"name":null,"cls":"tertiary","km":1.82},"geometry":{"type":"LineString","coordinates":[[115.78071036900008,0.312901141650235],[115.77851623600009,0.32092731064126184],[115.77141173800008,0.31897007064340277]]}},{"type":"Feature","properties":{"name":null,"cls":"tertiary","km":1.82},"geometry":{"type":"LineString","coordinates":[[115.92404602600006,0.021310991976217584],[115.90968281100005,0.015100235983154723]]}},{"type":"Feature","properties":{"name":null,"cls":"tertiary","km":1.82},"geometry":{"type":"LineString","coordinates":[[115.81712927900003,0.02244766097494412],[115.81257437300007,0.01220487598642478],[115.81577902800008,0.010382862988471547]]}},{"type":"Feature","properties":{"name":null,"cls":"tertiary","km":1.82},"geometry":{"type":"LineString","coordinates":[[115.55784206500006,0.04457701495023163],[115.5545581330001,0.05792639093523694]]}},{"type":"Feature","properties":{"name":null,"cls":"tertiary","km":1.82},"geometry":{"type":"LineString","coordinates":[[115.81881616800003,0.19184064378553545],[115.8045016750001,0.19865126077795478]]}},{"type":"Feature","properties":{"name":null,"cls":"tertiary","km":1.82},"geometry":{"type":"LineString","coordinates":[[115.07341779800004,1.5187864773062458],[115.07447085700007,1.5341285742892354]]}},{"type":"Feature","properties":{"name":null,"cls":"tertiary","km":1.82},"geometry":{"type":"LineString","coordinates":[[115.06218797900011,1.2681849655846205],[115.06541671400008,1.283545710567555]]}},{"type":"Feature","properties":{"name":null,"cls":"tertiary","km":1.81},"geometry":{"type":"LineString","coordinates":[[116.69684296900006,1.4910158243370348],[116.68355574400003,1.4923019373356634]]}},{"type":"Feature","properties":{"name":null,"cls":"tertiary","km":1.81},"geometry":{"type":"LineString","coordinates":[[115.86999511100008,0.4419847635059607],[115.8717262450001,0.4460293405014262],[115.86199731000012,0.45069065449627393]]}},{"type":"Feature","properties":{"name":null,"cls":"tertiary","km":1.81},"geometry":{"type":"LineString","coordinates":[[114.21862960400006,1.364782145477205],[114.2184926320001,1.3804665594598284]]}},{"type":"Feature","properties":{"name":null,"cls":"tertiary","km":1.81},"geometry":{"type":"LineString","coordinates":[[114.9513254510001,1.2343365786222837],[114.95118064400005,1.2504180736043689]]}},{"type":"Feature","properties":{"name":null,"cls":"tertiary","km":1.81},"geometry":{"type":"LineString","coordinates":[[114.37973118200011,1.1002459367715076],[114.3941854200001,1.093504870779026]]}},{"type":"Feature","properties":{"name":null,"cls":"tertiary","km":1.8},"geometry":{"type":"LineString","coordinates":[[117.10273049800003,0.3476796996113651],[117.11376560000008,0.35923156259842887]]}},{"type":"Feature","properties":{"name":null,"cls":"tertiary","km":1.8},"geometry":{"type":"LineString","coordinates":[[116.58882408500006,0.9969879158865638],[116.58644125000002,1.0119869018698375]]}},{"type":"Feature","properties":{"name":null,"cls":"tertiary","km":1.8},"geometry":{"type":"LineString","coordinates":[[115.73965065200004,0.09633155389238927],[115.74985939400007,0.10730755888007405]]}},{"type":"Feature","properties":{"name":null,"cls":"tertiary","km":1.8},"geometry":{"type":"LineString","coordinates":[[116.49422105000008,0.41890601053173465],[116.49738155600005,0.4248796345250497],[116.49287513,0.4317245325173921]]}},{"type":"Feature","properties":{"name":null,"cls":"tertiary","km":1.8},"geometry":{"type":"LineString","coordinates":[[116.43090404600002,0.22234397375150058],[116.42388649200007,0.23573440873647653]]}},{"type":"Feature","properties":{"name":null,"cls":"tertiary","km":1.8},"geometry":{"type":"LineString","coordinates":[[115.69570753100004,0.5659983043674465],[115.68558524500008,0.5772361393548391]]}},{"type":"Feature","properties":{"name":null,"cls":"tertiary","km":1.8},"geometry":{"type":"LineString","coordinates":[[116.10647719300005,0.7279918151865618],[116.10856464200003,0.7430774161697205]]}},{"type":"Feature","properties":{"name":null,"cls":"tertiary","km":1.8},"geometry":{"type":"LineString","coordinates":[[116.43249468400006,0.8889375540069899],[116.42159532300002,0.8981249319967073]]}},{"type":"Feature","properties":{"name":null,"cls":"tertiary","km":1.8},"geometry":{"type":"LineString","coordinates":[[115.79215445800001,0.16464011181594376],[115.78886529200007,0.17972180379909627]]}},{"type":"Feature","properties":{"name":null,"cls":"tertiary","km":1.8},"geometry":{"type":"LineString","coordinates":[[114.86109868400001,1.477450515352105],[114.8594750300001,1.4930837603347482]]}},{"type":"Feature","properties":{"name":null,"cls":"tertiary","km":1.8},"geometry":{"type":"LineString","coordinates":[[114.56867140200006,1.168330604695721],[114.55678457100011,1.1783234646846021]]}},{"type":"Feature","properties":{"name":null,"cls":"tertiary","km":1.8},"geometry":{"type":"LineString","coordinates":[[114.30587343900004,1.1764528966866463],[114.2991636370001,1.190463997671077]]}},{"type":"Feature","properties":{"name":null,"cls":"tertiary","km":1.8},"geometry":{"type":"LineString","coordinates":[[114.850675281,0.023230606974084394],[114.83615704400007,0.027998903968750433]]}},{"type":"Feature","properties":{"name":null,"cls":"tertiary","km":1.79},"geometry":{"type":"LineString","coordinates":[[115.6854700130001,0.7446511931679122],[115.68666372600002,0.7333652501805905],[115.68280228600007,0.7326760481812946]]}},{"type":"Feature","properties":{"name":null,"cls":"tertiary","km":1.79},"geometry":{"type":"LineString","coordinates":[[115.599786944,0.23023517774262126],[115.61347850200002,0.23618028573597102]]}},{"type":"Feature","properties":{"name":null,"cls":"tertiary","km":1.79},"geometry":{"type":"LineString","coordinates":[[116.32611608800005,0.6533607522699008],[116.33484928300004,0.6508848312726097],[116.33950302500011,0.6549368412680855]]}},{"type":"Feature","properties":{"name":null,"cls":"tertiary","km":1.79},"geometry":{"type":"LineString","coordinates":[[115.92453832800004,0.036373764959375755],[115.9387132710001,0.040484613954751406]]}},{"type":"Feature","properties":{"name":null,"cls":"tertiary","km":1.79},"geometry":{"type":"LineString","coordinates":[[116.22959801600005,0.05005956994404947],[116.2375379140001,0.0633109889292517]]}},{"type":"Feature","properties":{"name":null,"cls":"tertiary","km":1.79},"geometry":{"type":"LineString","coordinates":[[116.48571306600002,0.325114186636571],[116.47290819700005,0.3338891546267944]]}},{"type":"Feature","properties":{"name":null,"cls":"tertiary","km":1.79},"geometry":{"type":"LineString","coordinates":[[116.03550433200007,0.7037835162135423],[116.02100285400003,0.7064999212105215]]}},{"type":"Feature","properties":{"name":null,"cls":"tertiary","km":1.79},"geometry":{"type":"LineString","coordinates":[[115.72324876300003,0.14582798283700388],[115.73401149000006,0.15594078982568113]]}},{"type":"Feature","properties":{"name":null,"cls":"tertiary","km":1.79},"geometry":{"type":"LineString","coordinates":[[116.2478882800001,0.07695953291400905],[116.24140329900003,0.08160128590879927],[116.241147177,0.08968016789976849]]}},{"type":"Feature","properties":{"name":null,"cls":"tertiary","km":1.79},"geometry":{"type":"LineString","coordinates":[[114.72792762600011,1.4552885883767581],[114.730163747,1.470465045359889]]}},{"type":"Feature","properties":{"name":null,"cls":"tertiary","km":1.79},"geometry":{"type":"LineString","coordinates":[[114.57980535100002,1.198291624662411],[114.5729568480001,1.2125611946464867]]}},{"type":"Feature","properties":{"name":null,"cls":"tertiary","km":1.78},"geometry":{"type":"LineString","coordinates":[[115.8287303420001,0.6469341912770573],[115.84346750000007,0.642956707281497]]}},{"type":"Feature","properties":{"name":null,"cls":"tertiary","km":1.78},"geometry":{"type":"LineString","coordinates":[[116.04873523800006,0.9193476119731221],[116.06034268200007,0.929397562961895]]}},{"type":"Feature","properties":{"name":null,"cls":"tertiary","km":1.78},"geometry":{"type":"LineString","coordinates":[[115.55548151000004,0.19309717978415816],[115.5530738000001,0.2072755357683171]]}},{"type":"Feature","properties":{"name":null,"cls":"tertiary","km":1.78},"geometry":{"type":"LineString","coordinates":[[116.43480951800007,0.5982609773313659],[116.43298642300009,0.6050551483238114],[116.42591556900005,0.6027077843264479]]}},{"type":"Feature","properties":{"name":null,"cls":"tertiary","km":1.78},"geometry":{"type":"LineString","coordinates":[[116.03120035400003,0.0629155689296721],[116.03268595700001,0.047073111947401984]]}},{"type":"Feature","properties":{"name":null,"cls":"tertiary","km":1.78},"geometry":{"type":"LineString","coordinates":[[115.74250944300002,0.20608201576963284],[115.7433084930001,0.1901358397874789]]}},{"type":"Feature","properties":{"name":null,"cls":"tertiary","km":1.78},"geometry":{"type":"LineString","coordinates":[[116.03064780600006,0.5408792373954862],[116.03581373600001,0.5377533513989702],[116.02852709900004,0.5403456273960888]]}},{"type":"Feature","properties":{"name":null,"cls":"tertiary","km":1.78},"geometry":{"type":"LineString","coordinates":[[114.87325009100005,0.11420564987233435],[114.86605223700006,0.12800868385694775]]}},{"type":"Feature","properties":{"name":null,"cls":"tertiary","km":1.77},"geometry":{"type":"LineString","coordinates":[[116.40626541700011,1.4856197493430745],[116.39253113900008,1.4908480953372403]]}},{"type":"Feature","properties":{"name":null,"cls":"tertiary","km":1.77},"geometry":{"type":"LineString","coordinates":[[116.39130251600011,1.425495869409843],[116.37733879600012,1.4306429694040976]]}},{"type":"Feature","properties":{"name":null,"cls":"tertiary","km":1.77},"geometry":{"type":"LineString","coordinates":[[115.50937496500002,0.33436411362622687],[115.51226487200007,0.3283268946329721],[115.51868407700012,0.33105888462992095]]}},{"type":"Feature","properties":{"name":null,"cls":"tertiary","km":1.77},"geometry":{"type":"LineString","coordinates":[[116.11522756500005,0.9976987998857797],[116.1295680180001,0.9985933038847384]]}},{"type":"Feature","properties":{"name":null,"cls":"tertiary","km":1.77},"geometry":{"type":"LineString","coordinates":[[116.10042965200012,0.4096367815421367],[116.0920856150001,0.4224256555277921]]}},{"type":"Feature","properties":{"name":null,"cls":"tertiary","km":1.77},"geometry":{"type":"LineString","coordinates":[[116.69906389200003,0.88237257901429],[116.70052650900006,0.8976846309972594]]}},{"type":"Feature","properties":{"name":null,"cls":"tertiary","km":1.77},"geometry":{"type":"LineString","coordinates":[[116.05426337400002,0.3618641695955158],[116.05154433000006,0.3523300586061817],[116.04647072500005,0.3502998096084087]]}},{"type":"Feature","properties":{"name":null,"cls":"tertiary","km":1.76},"geometry":{"type":"LineString","coordinates":[[116.23963206000009,0.15233876282971587],[116.24820626300004,0.16474002381584552]]}},{"type":"Feature","properties":{"name":null,"cls":"tertiary","km":1.76},"geometry":{"type":"LineString","coordinates":[[115.81322725500002,0.355742031602303],[115.8167504910001,0.3557493806023635],[115.81464161100008,0.3512600916073697],[115.80770488700011,0.34997483860877704]]}},{"type":"Feature","properties":{"name":null,"cls":"tertiary","km":1.76},"geometry":{"type":"LineString","coordinates":[[116.26540579700007,0.3821732315728157],[116.26999820800008,0.36813778358849203]]}},{"type":"Feature","properties":{"name":null,"cls":"tertiary","km":1.76},"geometry":{"type":"LineString","coordinates":[[115.78855457100008,0.4972989354441763],[115.80159583700004,0.504301607436344]]}},{"type":"Feature","properties":{"name":null,"cls":"tertiary","km":1.76},"geometry":{"type":"LineString","coordinates":[[115.79048070600005,0.19614420978073713],[115.79808904100003,0.20898205876638473]]}},{"type":"Feature","properties":{"name":null,"cls":"tertiary","km":1.76},"geometry":{"type":"LineString","coordinates":[[114.23421020100011,1.10372792676765],[114.24622562600007,1.1001702387716155]]}},{"type":"Feature","properties":{"name":null,"cls":"tertiary","km":1.76},"geometry":{"type":"LineString","coordinates":[[114.30049222500008,1.1746232136887005],[114.29752212000005,1.1804348496822077],[114.28942886200002,1.1821532516803064]]}},{"type":"Feature","properties":{"name":null,"cls":"tertiary","km":1.75},"geometry":{"type":"LineString","coordinates":[[116.1133062990001,1.237270231619031],[116.10146655200005,1.2466105396086344]]}},{"type":"Feature","properties":{"name":null,"cls":"tertiary","km":1.75},"geometry":{"type":"LineString","coordinates":[[115.7687956310001,0.2520239687182867],[115.75991374400007,0.24590762872509825],[115.75991330800002,0.2505861637198566]]}},{"type":"Feature","properties":{"name":null,"cls":"tertiary","km":1.75},"geometry":{"type":"LineString","coordinates":[[116.70122620400002,0.8736387160240662],[116.69854346800003,0.8663584910321904],[116.69408272700002,0.8710001520270096]]}},{"type":"Feature","properties":{"name":null,"cls":"tertiary","km":1.75},"geometry":{"type":"LineString","coordinates":[[115.9498344760001,0.43340074151558033],[115.95448156400005,0.4313785845178322],[115.94609458000001,0.42971107051968044]]}},{"type":"Feature","properties":{"name":null,"cls":"tertiary","km":1.75},"geometry":{"type":"LineString","coordinates":[[116.81028069400008,0.5973596453323787],[116.80189418300006,0.6092998113190803]]}},{"type":"Feature","properties":{"name":null,"cls":"tertiary","km":1.75},"geometry":{"type":"LineString","coordinates":[[115.72697436600004,0.34257275661702336],[115.71387624800002,0.3383706506217725]]}},{"type":"Feature","properties":{"name":null,"cls":"tertiary","km":1.75},"geometry":{"type":"LineString","coordinates":[[115.69355435700005,0.156182012825383],[115.70540176800013,0.1653975758151082]]}},{"type":"Feature","properties":{"name":null,"cls":"tertiary","km":1.75},"geometry":{"type":"LineString","coordinates":[[114.27434056500012,1.0494210468281333],[114.27838162600005,1.0355530658435654]]}},{"type":"Feature","properties":{"name":null,"cls":"tertiary","km":1.74},"geometry":{"type":"LineString","coordinates":[[116.08038388600006,0.2862043326800695],[116.08494613100005,0.30019248766445783]]}},{"type":"Feature","properties":{"name":null,"cls":"tertiary","km":1.74},"geometry":{"type":"LineString","coordinates":[[116.41213474400001,0.45303983449359275],[116.42652040600001,0.457096773489076]]}},{"type":"Feature","properties":{"name":null,"cls":"tertiary","km":1.74},"geometry":{"type":"LineString","coordinates":[[115.73690716700003,0.0389177429565605],[115.72731676200011,0.045700942948947276]]}},{"type":"Feature","properties":{"name":null,"cls":"tertiary","km":1.74},"geometry":{"type":"LineString","coordinates":[[116.80697077400008,0.6484455842753345],[116.81437395800005,0.6520571952713269],[116.82067371400002,0.648899011274858]]}},{"type":"Feature","properties":{"name":null,"cls":"tertiary","km":1.74},"geometry":{"type":"LineString","coordinates":[[115.9988527270001,0.2714549786965704],[116.00574511000002,0.2853767746809699]]}},{"type":"Feature","properties":{"name":null,"cls":"tertiary","km":1.74},"geometry":{"type":"LineString","coordinates":[[114.75097176100009,1.5646683052553587],[114.74526918200003,1.578850127239648]]}},{"type":"Feature","properties":{"name":null,"cls":"tertiary","km":1.74},"geometry":{"type":"LineString","coordinates":[[115.28817249700002,0.7261365311886359],[115.27547929100001,0.7349983141787072]]}},{"type":"Feature","properties":{"name":null,"cls":"tertiary","km":1.73},"geometry":{"type":"LineString","coordinates":[[114.46825330900003,1.0909464567818934],[114.4716212940001,1.1055195007656524]]}},{"type":"Feature","properties":{"name":null,"cls":"tertiary","km":1.73},"geometry":{"type":"LineString","coordinates":[[116.23167594100006,0.48440480645854445],[116.24421303300005,0.4789684164646375]]}},{"type":"Feature","properties":{"name":null,"cls":"tertiary","km":1.73},"geometry":{"type":"LineString","coordinates":[[116.01586748999999,0.08990464489952693],[116.0076207850001,0.1020581768859614]]}},{"type":"Feature","properties":{"name":null,"cls":"tertiary","km":1.73},"geometry":{"type":"LineString","coordinates":[[115.94402712500006,0.27146060869653793],[115.95245637500012,0.26251390170650646]]}},{"type":"Feature","properties":{"name":null,"cls":"tertiary","km":1.73},"geometry":{"type":"LineString","coordinates":[[115.93366284900003,0.9094936429840748],[115.91952649400004,0.9124525579807502]]}},{"type":"Feature","properties":{"name":null,"cls":"tertiary","km":1.73},"geometry":{"type":"LineString","coordinates":[[116.4697169200001,0.3309391046300547],[116.46275892400001,0.344198613615257]]}},{"type":"Feature","properties":{"name":null,"cls":"tertiary","km":1.73},"geometry":{"type":"LineString","coordinates":[[114.65413153900009,1.5505354012710155],[114.64042656200002,1.5572406842636155]]}},{"type":"Feature","properties":{"name":null,"cls":"tertiary","km":1.72},"geometry":{"type":"LineString","coordinates":[[116.08576647100006,0.7670629951429452],[116.08949031100008,0.7814966851268343]]}},{"type":"Feature","properties":{"name":null,"cls":"tertiary","km":1.72},"geometry":{"type":"LineString","coordinates":[[115.81251430000009,0.30832120565536897],[115.81952355300005,0.30746979665633417],[115.81998481500013,0.3153978266474023]]}},{"type":"Feature","properties":{"name":null,"cls":"tertiary","km":1.72},"geometry":{"type":"LineString","coordinates":[[115.94134845600001,0.910341858983164],[115.94524611400006,0.8955483059996439]]}},{"type":"Feature","properties":{"name":null,"cls":"tertiary","km":1.72},"geometry":{"type":"LineString","coordinates":[[115.5532478880001,0.8731030520246198],[115.55663987800007,0.8600729220392244]]}},{"type":"Feature","properties":{"name":null,"cls":"tertiary","km":1.72},"geometry":{"type":"LineString","coordinates":[[115.68182004900005,0.8760912790213053],[115.67007699100007,0.882834387013803]]}},{"type":"Feature","properties":{"name":null,"cls":"tertiary","km":1.72},"geometry":{"type":"LineString","coordinates":[[115.51628778500005,0.8399762280615976],[115.50383030800002,0.8332917580690824]]}},{"type":"Feature","properties":{"name":null,"cls":"tertiary","km":1.72},"geometry":{"type":"LineString","coordinates":[[114.47962573500001,0.9710395529155001],[114.46752179200007,0.9632306999241562]]}},{"type":"Feature","properties":{"name":null,"cls":"tertiary","km":1.71},"geometry":{"type":"LineString","coordinates":[[116.82748357100003,0.6578665872648404],[116.83928760900005,0.6665143232551881]]}},{"type":"Feature","properties":{"name":null,"cls":"tertiary","km":1.71},"geometry":{"type":"LineString","coordinates":[[116.3249542540001,1.6049529912106832],[116.32957672500002,1.618726219195417]]}},{"type":"Feature","properties":{"name":null,"cls":"tertiary","km":1.71},"geometry":{"type":"LineString","coordinates":[[116.46215652900004,0.3195808816427256],[116.4728222760001,0.3187711626436733],[116.46951428200008,0.31562122964719574]]}},{"type":"Feature","properties":{"name":null,"cls":"tertiary","km":1.71},"geometry":{"type":"LineString","coordinates":[[115.69217310600004,0.5655356433679377],[115.67724991900002,0.566452795366894]]}},{"type":"Feature","properties":{"name":null,"cls":"tertiary","km":1.71},"geometry":{"type":"LineString","coordinates":[[114.29144501000007,1.2251075046325202],[114.27791626400005,1.2287281556284733]]}},{"type":"Feature","properties":{"name":null,"cls":"tertiary","km":1.7},"geometry":{"type":"LineString","coordinates":[[115.6512697710001,0.34648747561268173],[115.64573625600009,0.33950213062052215],[115.64018349600009,0.3415040926182249]]}},{"type":"Feature","properties":{"name":null,"cls":"tertiary","km":1.7},"geometry":{"type":"LineString","coordinates":[[116.34583370900009,1.453107493379148],[116.35335293900006,1.4512334253812165],[116.35426654900003,1.444267641388958]]}},{"type":"Feature","properties":{"name":null,"cls":"tertiary","km":1.7},"geometry":{"type":"LineString","coordinates":[[116.34134963300005,0.3995856795533187],[116.35333371900005,0.40716716954485827]]}},{"type":"Feature","properties":{"name":null,"cls":"tertiary","km":1.7},"geometry":{"type":"LineString","coordinates":[[116.22456661900002,0.43558638651313475],[116.23039075300005,0.44361654050414856],[116.23504431100002,0.44298367950485956]]}},{"type":"Feature","properties":{"name":null,"cls":"tertiary","km":1.7},"geometry":{"type":"LineString","coordinates":[[116.25454966300002,0.1886722937891215],[116.26691486900006,0.18036151079838197]]}},{"type":"Feature","properties":{"name":null,"cls":"tertiary","km":1.7},"geometry":{"type":"LineString","coordinates":[[116.14672228600013,0.1468369938358835],[116.1598995930001,0.13956688884396862]]}},{"type":"Feature","properties":{"name":null,"cls":"tertiary","km":1.7},"geometry":{"type":"LineString","coordinates":[[115.92005574600012,0.8962787989987916],[115.91878769200002,0.9053768069886257],[115.9133608850001,0.9077885019859625]]}},{"type":"Feature","properties":{"name":null,"cls":"tertiary","km":1.7},"geometry":{"type":"LineString","coordinates":[[115.90903715600008,0.9445781109449449],[115.90138661000003,0.9317070139592786]]}},{"type":"Feature","properties":{"name":null,"cls":"tertiary","km":1.7},"geometry":{"type":"LineString","coordinates":[[116.51572993000002,0.8175231890866286],[116.513277001,0.8237923340796529],[116.50627741100004,0.823292893080235]]}},{"type":"Feature","properties":{"name":null,"cls":"tertiary","km":1.7},"geometry":{"type":"LineString","coordinates":[[116.01256234900006,0.4245334305254384],[116.00943136900004,0.43023176351911474],[116.0020398800001,0.43034785451894314]]}},{"type":"Feature","properties":{"name":null,"cls":"tertiary","km":1.7},"geometry":{"type":"LineString","coordinates":[[114.33517142000007,1.3459275834981563],[114.33021743600011,1.3589345254837317]]}},{"type":"Feature","properties":{"name":null,"cls":"tertiary","km":1.7},"geometry":{"type":"LineString","coordinates":[[115.11203969400005,1.4290369174058928],[115.10316661800006,1.4390290733947935]]}},{"type":"Feature","properties":{"name":null,"cls":"tertiary","km":1.69},"geometry":{"type":"LineString","coordinates":[[115.79070693100005,0.3554033206027106],[115.7994855180001,0.34344581661607937]]}},{"type":"Feature","properties":{"name":null,"cls":"tertiary","km":1.69},"geometry":{"type":"LineString","coordinates":[[115.82640912000011,0.05594656893750915],[115.825672757,0.06618268092604154],[115.82994503300007,0.06754606492449813]]}},{"type":"Feature","properties":{"name":null,"cls":"tertiary","km":1.69},"geometry":{"type":"LineString","coordinates":[[116.89614932600011,0.5408085033955573],[116.89894595800003,0.5264670824115733]]}},{"type":"Feature","properties":{"name":null,"cls":"tertiary","km":1.69},"geometry":{"type":"LineString","coordinates":[[116.53759014600007,0.6805152342395223],[116.52806550900006,0.6899111812290945]]}},{"type":"Feature","properties":{"name":null,"cls":"tertiary","km":1.69},"geometry":{"type":"LineString","coordinates":[[116.51158859700001,0.6520616192712905],[116.5095563750001,0.6402941812844457]]}},{"type":"Feature","properties":{"name":null,"cls":"tertiary","km":1.69},"geometry":{"type":"LineString","coordinates":[[116.45401389500012,0.44641663250102653],[116.464452261,0.45590110949044765]]}},{"type":"Feature","properties":{"name":null,"cls":"tertiary","km":1.69},"geometry":{"type":"LineString","coordinates":[[116.42077978100008,0.18667344279137513],[116.42400788400006,0.18487902079333857],[116.42835908700012,0.19461529778243672]]}},{"type":"Feature","properties":{"name":null,"cls":"tertiary","km":1.69},"geometry":{"type":"LineString","coordinates":[[116.12607422600001,0.080309462910246],[116.13683359800008,0.07109402792055493]]}},{"type":"Feature","properties":{"name":null,"cls":"tertiary","km":1.69},"geometry":{"type":"LineString","coordinates":[[115.57531661800012,0.3059583216579578],[115.5642662570001,0.30915943865441303]]}},{"type":"Feature","properties":{"name":null,"cls":"tertiary","km":1.69},"geometry":{"type":"LineString","coordinates":[[116.0698590610001,0.297732005667201],[116.07779074400003,0.29245438267307605],[116.07819179600007,0.2868751816793435]]}},{"type":"Feature","properties":{"name":null,"cls":"tertiary","km":1.69},"geometry":{"type":"LineString","coordinates":[[116.44004098500011,0.16305906581777607],[116.43306085600011,0.17549051280385344]]}},{"type":"Feature","properties":{"name":null,"cls":"tertiary","km":1.69},"geometry":{"type":"LineString","coordinates":[[116.82176754600005,0.7443529361682829],[116.81111896400013,0.7350661291786625]]}},{"type":"Feature","properties":{"name":null,"cls":"tertiary","km":1.68},"geometry":{"type":"LineString","coordinates":[[116.41410047100008,0.47185730147260146],[116.42676550500005,0.4698341204748267]]}},{"type":"Feature","properties":{"name":null,"cls":"tertiary","km":1.68},"geometry":{"type":"LineString","coordinates":[[116.4551304250001,0.4433851965043908],[116.46646992900004,0.4529487054937204]]}},{"type":"Feature","properties":{"name":null,"cls":"tertiary","km":1.68},"geometry":{"type":"LineString","coordinates":[[116.83280607300003,0.732974274180984],[116.820455003,0.7297451901846218]]}},{"type":"Feature","properties":{"name":null,"cls":"tertiary","km":1.68},"geometry":{"type":"LineString","coordinates":[[115.77110668800003,0.13331494585098275],[115.78228903500009,0.14279023384041814]]}},{"type":"Feature","properties":{"name":null,"cls":"tertiary","km":1.68},"geometry":{"type":"LineString","coordinates":[[115.58059360700007,0.3063639346575044],[115.5926809660001,0.29948301266524135]]}},{"type":"Feature","properties":{"name":null,"cls":"tertiary","km":1.68},"geometry":{"type":"LineString","coordinates":[[114.61860657900002,1.5395489252832364],[114.614061934,1.5538654552673292]]}},{"type":"Feature","properties":{"name":null,"cls":"tertiary","km":1.67},"geometry":{"type":"LineString","coordinates":[[116.9313194130001,0.9553070029330174],[116.94033464200005,0.9454675719439428]]}},{"type":"Feature","properties":{"name":null,"cls":"tertiary","km":1.67},"geometry":{"type":"LineString","coordinates":[[115.96059473000001,1.454904530377165],[115.95868426200002,1.4696714873607868]]}},{"type":"Feature","properties":{"name":null,"cls":"tertiary","km":1.67},"geometry":{"type":"LineString","coordinates":[[116.21676494300004,0.4140069065372424],[116.22012393600005,0.3997936495530843]]}},{"type":"Feature","properties":{"name":null,"cls":"tertiary","km":1.67},"geometry":{"type":"LineString","coordinates":[[116.00121056600005,0.07277579591866923],[116.01425547400004,0.06693727892522751]]}},{"type":"Feature","properties":{"name":null,"cls":"tertiary","km":1.67},"geometry":{"type":"LineString","coordinates":[[115.75678838700004,0.34710171361203496],[115.75697022300007,0.34172707161799104],[115.74852058500007,0.34584764961339076]]}},{"type":"Feature","properties":{"name":null,"cls":"tertiary","km":1.67},"geometry":{"type":"LineString","coordinates":[[114.7739500460001,1.1952915936657569],[114.78307722900003,1.205689965654173]]}},{"type":"Feature","properties":{"name":null,"cls":"tertiary","km":1.67},"geometry":{"type":"LineString","coordinates":[[114.02284154300003,0.7172736201985123],[114.01050258400005,0.7240073281910481]]}},{"type":"Feature","properties":{"name":null,"cls":"tertiary","km":1.66},"geometry":{"type":"LineString","coordinates":[[115.89224410000008,1.1857785146762685],[115.88221606500008,1.1934496006677442]]}},{"type":"Feature","properties":{"name":null,"cls":"tertiary","km":1.66},"geometry":{"type":"LineString","coordinates":[[116.4175282450001,1.3214203715254134],[116.41567131600003,1.335557520509734]]}},{"type":"Feature","properties":{"name":null,"cls":"tertiary","km":1.66},"geometry":{"type":"LineString","coordinates":[[116.46022565400006,0.4479122224993732],[116.4692122990001,0.4364692585121019]]}},{"type":"Feature","properties":{"name":null,"cls":"tertiary","km":1.66},"geometry":{"type":"LineString","coordinates":[[116.10128003500007,0.8208121380829777],[116.10962439100001,0.8329871950693787]]}},{"type":"Feature","properties":{"name":null,"cls":"tertiary","km":1.66},"geometry":{"type":"LineString","coordinates":[[116.00409689100003,0.24804889172271433],[116.013324753,0.2588897557105786]]}},{"type":"Feature","properties":{"name":null,"cls":"tertiary","km":1.66},"geometry":{"type":"LineString","coordinates":[[116.45936983000003,0.325198104636476],[116.44776971300007,0.33363495662709436]]}},{"type":"Feature","properties":{"name":null,"cls":"tertiary","km":1.66},"geometry":{"type":"LineString","coordinates":[[116.01253423100003,0.9431634299465618],[116.02697033200002,0.9430091459467217]]}},{"type":"Feature","properties":{"name":null,"cls":"tertiary","km":1.66},"geometry":{"type":"LineString","coordinates":[[114.60819579500003,1.2779231375737967],[114.60123845100009,1.2899944285603733]]}},{"type":"Feature","properties":{"name":null,"cls":"tertiary","km":1.66},"geometry":{"type":"LineString","coordinates":[[115.05200962400012,1.496961205330434],[115.05230933900009,1.5105731593153402]]}},{"type":"Feature","properties":{"name":null,"cls":"tertiary","km":1.65},"geometry":{"type":"LineString","coordinates":[[116.11899720300005,0.41880481453187174],[116.10660310900006,0.4109635295406406]]}},{"type":"Feature","properties":{"name":null,"cls":"tertiary","km":1.65},"geometry":{"type":"LineString","coordinates":[[116.65280152200012,1.3996782794384532],[116.63982503700005,1.401870769436047]]}},{"type":"Feature","properties":{"name":null,"cls":"tertiary","km":1.65},"geometry":{"type":"LineString","coordinates":[[116.65219808500001,1.4118505534249841],[116.65906116300005,1.424015537411422]]}},{"type":"Feature","properties":{"name":null,"cls":"tertiary","km":1.65},"geometry":{"type":"LineString","coordinates":[[116.29191359500011,0.6624275632597457],[116.3041191420001,0.6683167492531635]]}},{"type":"Feature","properties":{"name":null,"cls":"tertiary","km":1.65},"geometry":{"type":"LineString","coordinates":[[116.20857594000007,0.12297097186256288],[116.21070784400003,0.13735966784647374]]}},{"type":"Feature","properties":{"name":null,"cls":"tertiary","km":1.65},"geometry":{"type":"LineString","coordinates":[[116.13969877700005,0.7795895701289665],[116.12951027200008,0.769055956140711]]}},{"type":"Feature","properties":{"name":null,"cls":"tertiary","km":1.65},"geometry":{"type":"LineString","coordinates":[[115.72918518100006,0.14675618983599092],[115.72201929700009,0.13543538984861433]]}},{"type":"Feature","properties":{"name":null,"cls":"tertiary","km":1.65},"geometry":{"type":"LineString","coordinates":[[116.35056798900006,0.2572652397123993],[116.35587975100007,0.24370509372759572]]}},{"type":"Feature","properties":{"name":null,"cls":"tertiary","km":1.65},"geometry":{"type":"LineString","coordinates":[[115.94736354100009,0.009150031989814721],[115.9549085640001,0.02128043297626412]]}},{"type":"Feature","properties":{"name":null,"cls":"tertiary","km":1.65},"geometry":{"type":"LineString","coordinates":[[116.13667342600002,0.997565124885871],[116.14963298600004,0.9994342358838176]]}},{"type":"Feature","properties":{"name":null,"cls":"tertiary","km":1.65},"geometry":{"type":"LineString","coordinates":[[114.31258489000004,1.0619819618141415],[114.30611767300002,1.0506761318266815]]}},{"type":"Feature","properties":{"name":null,"cls":"tertiary","km":1.64},"geometry":{"type":"LineString","coordinates":[[115.52669142700006,0.3254174286362138],[115.51978287100009,0.32143194364068894],[115.51982239200002,0.3151158856477369]]}},{"type":"Feature","properties":{"name":null,"cls":"tertiary","km":1.64},"geometry":{"type":"LineString","coordinates":[[116.5688579770001,0.7764876931324086],[116.56522275200005,0.774359875134819],[116.56885880100003,0.766008438144126]]}},{"type":"Feature","properties":{"name":null,"cls":"tertiary","km":1.64},"geometry":{"type":"LineString","coordinates":[[116.03701294900009,0.12192348786371211],[116.02309675800007,0.11793009086822204]]}},{"type":"Feature","properties":{"name":null,"cls":"tertiary","km":1.64},"geometry":{"type":"LineString","coordinates":[[116.21509536200007,0.9542366929341709],[116.22925076900005,0.9522046769364643]]}},{"type":"Feature","properties":{"name":null,"cls":"tertiary","km":1.64},"geometry":{"type":"LineString","coordinates":[[115.62683805100004,0.4062403365458793],[115.62621075900007,0.39172439956210925]]}},{"type":"Feature","properties":{"name":null,"cls":"tertiary","km":1.64},"geometry":{"type":"LineString","coordinates":[[114.96644050400005,1.2539889266004403],[114.96282128400003,1.2678116875850092]]}},{"type":"Feature","properties":{"name":null,"cls":"tertiary","km":1.64},"geometry":{"type":"LineString","coordinates":[[114.2162106720001,0.7488462551632743],[114.2030983730001,0.7425802161703043]]}},{"type":"Feature","properties":{"name":null,"cls":"tertiary","km":1.63},"geometry":{"type":"LineString","coordinates":[[116.15682493800011,1.2764469825754519],[116.15573391400004,1.2630549095903236]]}},{"type":"Feature","properties":{"name":null,"cls":"tertiary","km":1.63},"geometry":{"type":"LineString","coordinates":[[116.62257535900005,0.788692265118809],[116.63291445900006,0.7947901711119699]]}},{"type":"Feature","properties":{"name":null,"cls":"tertiary","km":1.63},"geometry":{"type":"LineString","coordinates":[[115.92695368400007,0.7405460081725722],[115.91964356600012,0.7529583281586504]]}},{"type":"Feature","properties":{"name":null,"cls":"tertiary","km":1.63},"geometry":{"type":"LineString","coordinates":[[116.50272434900012,0.2061653557695411],[116.48844468300001,0.20580761176995233]]}},{"type":"Feature","properties":{"name":null,"cls":"tertiary","km":1.63},"geometry":{"type":"LineString","coordinates":[[116.04019258000005,0.6971101032210225],[116.04546795500006,0.7099345302067155]]}},{"type":"Feature","properties":{"name":null,"cls":"tertiary","km":1.63},"geometry":{"type":"LineString","coordinates":[[115.79556488900006,0.08961622689982232],[115.79435920300011,0.09462560489423938],[115.7990741540001,0.09788012089062131]]}},{"type":"Feature","properties":{"name":null,"cls":"tertiary","km":1.63},"geometry":{"type":"LineString","coordinates":[[115.08966290300009,1.3909725094481453],[115.08372844100006,1.4026229654352265]]}},{"type":"Feature","properties":{"name":null,"cls":"tertiary","km":1.63},"geometry":{"type":"LineString","coordinates":[[114.90943838100009,1.1839805076782886],[114.91297453200002,1.1973189136634474]]}},{"type":"Feature","properties":{"name":null,"cls":"tertiary","km":1.63},"geometry":{"type":"LineString","coordinates":[[114.78126420400008,1.3939144374448862],[114.78431731200011,1.4077574144294716]]}},{"type":"Feature","properties":{"name":null,"cls":"tertiary","km":1.62},"geometry":{"type":"LineString","coordinates":[[116.0911997930001,0.41008102354156933],[116.10445106300007,0.4119103405395833]]}},{"type":"Feature","properties":{"name":null,"cls":"tertiary","km":1.62},"geometry":{"type":"LineString","coordinates":[[116.44468250000011,1.262789438590636],[116.43792434400007,1.2501182956047105]]}},{"type":"Feature","properties":{"name":null,"cls":"tertiary","km":1.62},"geometry":{"type":"LineString","coordinates":[[116.42072132500006,0.1817201377969006],[116.42604048600003,0.17951434679934442],[116.43160635700009,0.1843581157939213]]}},{"type":"Feature","properties":{"name":null,"cls":"tertiary","km":1.62},"geometry":{"type":"LineString","coordinates":[[115.67820175100007,0.8249864910783368],[115.6836566490001,0.8249665500783622],[115.68727608500002,0.8329421340694448]]}},{"type":"Feature","properties":{"name":null,"cls":"tertiary","km":1.62},"geometry":{"type":"LineString","coordinates":[[116.15369021900005,0.20135927277489601],[116.15744891800013,0.19705231577975638],[116.15509610100004,0.18913658678860892]]}},{"type":"Feature","properties":{"name":null,"cls":"tertiary","km":1.62},"geometry":{"type":"LineString","coordinates":[[115.80190226400009,0.005594956993783034],[115.8102145690001,0.007404456991782278],[115.809796171,0.012279000986292105]]}},{"type":"Feature","properties":{"name":null,"cls":"tertiary","km":1.62},"geometry":{"type":"LineString","coordinates":[[116.25439234400005,0.07107697092054839],[116.24803417800001,0.07637252491466688],[116.25140085400005,0.08061183090990903]]}},{"type":"Feature","properties":{"name":null,"cls":"tertiary","km":1.62},"geometry":{"type":"LineString","coordinates":[[115.8707657670001,0.6336266912919135],[115.86307264400011,0.622365445304492]]}},{"type":"Feature","properties":{"name":null,"cls":"tertiary","km":1.62},"geometry":{"type":"LineString","coordinates":[[116.21584073000008,0.9918296438922994],[116.22937144600007,0.9921506588919475]]}},{"type":"Feature","properties":{"name":null,"cls":"tertiary","km":1.62},"geometry":{"type":"LineString","coordinates":[[115.12632223900006,1.4054470734320494],[115.13001251000001,1.4177918174183575]]}},{"type":"Feature","properties":{"name":null,"cls":"tertiary","km":1.62},"geometry":{"type":"LineString","coordinates":[[114.254505988,1.0550026968219193],[114.25763428200003,1.0675045288079916]]}},{"type":"Feature","properties":{"name":null,"cls":"tertiary","km":1.62},"geometry":{"type":"LineString","coordinates":[[114.77472763200001,1.3710313744703484],[114.78239675100006,1.359435522483175]]}},{"type":"Feature","properties":{"name":null,"cls":"tertiary","km":1.61},"geometry":{"type":"LineString","coordinates":[[115.77847692100012,0.36569838059124704],[115.77328076300013,0.3545803006036699]]}},{"type":"Feature","properties":{"name":null,"cls":"tertiary","km":1.61},"geometry":{"type":"LineString","coordinates":[[115.98510290600007,0.6172056713102478],[115.99658466100004,0.6095285723188029]]}},{"type":"Feature","properties":{"name":null,"cls":"tertiary","km":1.61},"geometry":{"type":"LineString","coordinates":[[115.76544000900003,0.063771426928769],[115.7703163220001,0.06662640492551802],[115.76482996300001,0.06919343192264414]]}},{"type":"Feature","properties":{"name":null,"cls":"tertiary","km":1.61},"geometry":{"type":"LineString","coordinates":[[116.34079723100001,0.40782543554416395],[116.35056484800008,0.41466081453647646]]}},{"type":"Feature","properties":{"name":null,"cls":"tertiary","km":1.61},"geometry":{"type":"LineString","coordinates":[[116.83434168000007,0.7249489081899407],[116.83383812800002,0.711971774204432]]}},{"type":"Feature","properties":{"name":null,"cls":"tertiary","km":1.61},"geometry":{"type":"LineString","coordinates":[[115.63750043700009,0.4401549155079854],[115.64982521600007,0.44565329850190627]]}},{"type":"Feature","properties":{"name":null,"cls":"tertiary","km":1.61},"geometry":{"type":"LineString","coordinates":[[116.27683454600005,0.7812353191271395],[116.27919261300009,0.7740456601351792],[116.28403087299999,0.7731121601361791]]}},{"type":"Feature","properties":{"name":null,"cls":"tertiary","km":1.61},"geometry":{"type":"LineString","coordinates":[[115.20518664300005,1.5243646953000847],[115.20498484400002,1.5384852142843763]]}},{"type":"Feature","properties":{"name":null,"cls":"tertiary","km":1.61},"geometry":{"type":"LineString","coordinates":[[114.48911145000012,1.1500787277160207],[114.49894682200011,1.157821590707432]]}},{"type":"Feature","properties":{"name":null,"cls":"tertiary","km":1.61},"geometry":{"type":"LineString","coordinates":[[114.51044871900001,1.1985371876620927],[114.49888799700011,1.2045678516553922]]}},{"type":"Feature","properties":{"name":null,"cls":"tertiary","km":1.6},"geometry":{"type":"LineString","coordinates":[[116.29707342400002,0.5351038954019697],[116.29813020000005,0.5227992294156676]]}},{"type":"Feature","properties":{"name":null,"cls":"tertiary","km":1.6},"geometry":{"type":"LineString","coordinates":[[116.44489235000003,0.9061532629878251],[116.44697746100007,0.8983254869965331],[116.44125387200006,0.8984355529964212]]}},{"type":"Feature","properties":{"name":null,"cls":"tertiary","km":1.6},"geometry":{"type":"LineString","coordinates":[[116.72874892000004,0.8460231550548647],[116.7341598920001,0.8346875370674872]]}},{"type":"Feature","properties":{"name":null,"cls":"tertiary","km":1.6},"geometry":{"type":"LineString","coordinates":[[116.14399555700003,0.42079345852962086],[116.13705526700005,0.42111043152927113],[116.13393732800012,0.42726964752240526]]}},{"type":"Feature","properties":{"name":null,"cls":"tertiary","km":1.6},"geometry":{"type":"LineString","coordinates":[[115.15300855500004,1.5493188352723841],[115.16111970300004,1.5605565572598858]]}},{"type":"Feature","properties":{"name":null,"cls":"tertiary","km":1.6},"geometry":{"type":"LineString","coordinates":[[114.9150340100001,1.286622250564103],[114.92002898600003,1.2999377725493193]]}},{"type":"Feature","properties":{"name":null,"cls":"tertiary","km":1.59},"geometry":{"type":"LineString","coordinates":[[115.54517668600009,0.29991448566471884],[115.54109423900002,0.30371785266047113],[115.5339362850001,0.3012674136632445]]}},{"type":"Feature","properties":{"name":null,"cls":"tertiary","km":1.59},"geometry":{"type":"LineString","coordinates":[[116.30189578500006,1.6304759231824113],[116.30679484600013,1.6434920061679992]]}},{"type":"Feature","properties":{"name":null,"cls":"tertiary","km":1.59},"geometry":{"type":"LineString","coordinates":[[116.56954322300008,0.5683651633647917],[116.55567156600011,0.5693179403637345]]}},{"type":"Feature","properties":{"name":null,"cls":"tertiary","km":1.59},"geometry":{"type":"LineString","coordinates":[[115.7317609050001,0.7109607952055585],[115.7457642280001,0.7093636782073544]]}},{"type":"Feature","properties":{"name":null,"cls":"tertiary","km":1.59},"geometry":{"type":"LineString","coordinates":[[115.93868213900011,0.46486290548042436],[115.93840901300008,0.4607469224850015],[115.94668463900008,0.4581971604878564]]}},{"type":"Feature","properties":{"name":null,"cls":"tertiary","km":1.59},"geometry":{"type":"LineString","coordinates":[[115.74863812500008,0.04782840094659505],[115.75935413100001,0.04217869695289915]]}},{"type":"Feature","properties":{"name":null,"cls":"tertiary","km":1.59},"geometry":{"type":"LineString","coordinates":[[115.58395900000004,0.6206710253063414],[115.5888803700001,0.6337741682917523]]}},{"type":"Feature","properties":{"name":null,"cls":"tertiary","km":1.59},"geometry":{"type":"LineString","coordinates":[[116.21947522000005,0.9625681169248868],[116.23199171900002,0.958893722929022]]}},{"type":"Feature","properties":{"name":null,"cls":"tertiary","km":1.59},"geometry":{"type":"LineString","coordinates":[[115.93671232200006,0.013058916985423562],[115.93325592300006,4.7858192729443354e-14]]}},{"type":"Feature","properties":{"name":null,"cls":"tertiary","km":1.59},"geometry":{"type":"LineString","coordinates":[[116.77577307800004,0.6798705662402219],[116.7845124380001,0.6798807142402112],[116.78667011200002,0.6755527022450691]]}},{"type":"Feature","properties":{"name":null,"cls":"tertiary","km":1.59},"geometry":{"type":"LineString","coordinates":[[114.34461310300003,1.3611319244812814],[114.34372333400006,1.374352598466624]]}},{"type":"Feature","properties":{"name":null,"cls":"tertiary","km":1.59},"geometry":{"type":"LineString","coordinates":[[114.94273834300009,1.3895256384497505],[114.9476507820001,1.402704522435153]]}},{"type":"Feature","properties":{"name":null,"cls":"tertiary","km":1.59},"geometry":{"type":"LineString","coordinates":[[114.86983980800005,1.3616148484807398],[114.87224548900008,1.375452569465373]]}},{"type":"Feature","properties":{"name":null,"cls":"tertiary","km":1.59},"geometry":{"type":"LineString","coordinates":[[114.34109400600005,1.3205112285264367],[114.33616518700002,1.3314268445143116]]}},{"type":"Feature","properties":{"name":null,"cls":"tertiary","km":1.58},"geometry":{"type":"LineString","coordinates":[[116.10870968200004,0.9282487039631454],[116.10760201200004,0.9420967959477202]]}},{"type":"Feature","properties":{"name":null,"cls":"tertiary","km":1.58},"geometry":{"type":"LineString","coordinates":[[116.74296583400007,1.3651508384768345],[116.75431688400012,1.3706893544707184]]}},{"type":"Feature","properties":{"name":null,"cls":"tertiary","km":1.58},"geometry":{"type":"LineString","coordinates":[[116.27699248700003,0.39900547155401783],[116.28664214300011,0.389355236564794]]}},{"type":"Feature","properties":{"name":null,"cls":"tertiary","km":1.58},"geometry":{"type":"LineString","coordinates":[[115.83066581000003,0.15761320282380517],[115.83628751100002,0.16892569281119899]]}},{"type":"Feature","properties":{"name":null,"cls":"tertiary","km":1.58},"geometry":{"type":"LineString","coordinates":[[115.81292179600005,0.07734886091358364],[115.80651990300011,0.07427536891697438],[115.80397349800002,0.08034874191022731]]}},{"type":"Feature","properties":{"name":null,"cls":"tertiary","km":1.58},"geometry":{"type":"LineString","coordinates":[[115.54776835200005,0.14174064384157406],[115.5492922950001,0.1354993248485554],[115.55190946100004,0.14065707584277118]]}},{"type":"Feature","properties":{"name":null,"cls":"tertiary","km":1.57},"geometry":{"type":"LineString","coordinates":[[116.51016196400008,0.664125450257856],[116.51140371000008,0.6698483252514451],[116.50515961200007,0.6740916402467567]]}},{"type":"Feature","properties":{"name":null,"cls":"tertiary","km":1.57},"geometry":{"type":"LineString","coordinates":[[116.39221402700002,0.44378258350399036],[116.39761491400009,0.45635742748991437]]}},{"type":"Feature","properties":{"name":null,"cls":"tertiary","km":1.57},"geometry":{"type":"LineString","coordinates":[[116.90476130100001,0.46235929648319307],[116.90937308600009,0.45047455149647125]]}},{"type":"Feature","properties":{"name":null,"cls":"tertiary","km":1.57},"geometry":{"type":"LineString","coordinates":[[116.51973203500006,0.6807630332392893],[116.5072258660001,0.677439941242974]]}},{"type":"Feature","properties":{"name":null,"cls":"tertiary","km":1.57},"geometry":{"type":"LineString","coordinates":[[115.52115572900006,0.9656885149214229],[115.52273111600005,0.97846704690714]]}},{"type":"Feature","properties":{"name":null,"cls":"tertiary","km":1.57},"geometry":{"type":"LineString","coordinates":[[115.59023311400006,0.22383008874977933],[115.58507388200007,0.23633635573579787]]}},{"type":"Feature","properties":{"name":null,"cls":"tertiary","km":1.57},"geometry":{"type":"LineString","coordinates":[[116.79011005000007,0.6728878162480871],[116.77888372900007,0.6666967622550001]]}},{"type":"Feature","properties":{"name":null,"cls":"tertiary","km":1.57},"geometry":{"type":"LineString","coordinates":[[115.65931890500008,0.42535847052453585],[115.672289653,0.4279906635216107]]}},{"type":"Feature","properties":{"name":null,"cls":"tertiary","km":1.57},"geometry":{"type":"LineString","coordinates":[[116.28650756000003,0.7913934191157521],[116.29159906300002,0.7863571291214133],[116.28905782200002,0.7801939811283447]]}},{"type":"Feature","properties":{"name":null,"cls":"tertiary","km":1.57},"geometry":{"type":"LineString","coordinates":[[114.64744666600005,1.4643123953667214],[114.64076182500003,1.4753841903544083]]}},{"type":"Feature","properties":{"name":null,"cls":"tertiary","km":1.57},"geometry":{"type":"LineString","coordinates":[[114.92389386600009,1.2739145115782422],[114.92737797600012,1.2865419025641918]]}},{"type":"Feature","properties":{"name":null,"cls":"tertiary","km":1.57},"geometry":{"type":"LineString","coordinates":[[114.68397811000011,1.5876775242298493],[114.68390770900011,1.574689234244227]]}},{"type":"Feature","properties":{"name":null,"cls":"tertiary","km":1.56},"geometry":{"type":"LineString","coordinates":[[116.18705376700008,0.08858029490100289],[116.18132384700004,0.0859442239039544],[116.1759852350001,0.08970784089975378]]}},{"type":"Feature","properties":{"name":null,"cls":"tertiary","km":1.56},"geometry":{"type":"LineString","coordinates":[[115.75701499700006,0.7005968912170929],[115.76338060700004,0.7121661122042007]]}},{"type":"Feature","properties":{"name":null,"cls":"tertiary","km":1.56},"geometry":{"type":"LineString","coordinates":[[115.90815287700003,0.9672355469197029],[115.9139921000001,0.9548288729335146]]}},{"type":"Feature","properties":{"name":null,"cls":"tertiary","km":1.56},"geometry":{"type":"LineString","coordinates":[[115.9790185610001,0.01116850798751638],[115.97109633100001,0.0003546689996547732]]}},{"type":"Feature","properties":{"name":null,"cls":"tertiary","km":1.56},"geometry":{"type":"LineString","coordinates":[[115.64797328800013,0.10504709188258876],[115.65971109300007,0.11148312587539047]]}},{"type":"Feature","properties":{"name":null,"cls":"tertiary","km":1.56},"geometry":{"type":"LineString","coordinates":[[115.93971042700001,0.7766372941322573],[115.94164087900003,0.7684057391414394],[115.93807424900001,0.7645836271456888]]}},{"type":"Feature","properties":{"name":null,"cls":"tertiary","km":1.56},"geometry":{"type":"LineString","coordinates":[[116.33613178800012,0.3777246055778042],[116.32872317500005,0.37877533157660676],[116.32801156000005,0.3833844445714745]]}},{"type":"Feature","properties":{"name":null,"cls":"tertiary","km":1.56},"geometry":{"type":"LineString","coordinates":[[115.90419539200002,0.7008376652168617],[115.89231633600002,0.7039295072133975]]}},{"type":"Feature","properties":{"name":null,"cls":"tertiary","km":1.56},"geometry":{"type":"LineString","coordinates":[[115.35777765100012,1.755228975044279],[115.34913281100013,1.7648779900335694]]}},{"type":"Feature","properties":{"name":null,"cls":"tertiary","km":1.56},"geometry":{"type":"LineString","coordinates":[[114.6223235760001,1.4220437954136536],[114.62501377500008,1.43466896439963]]}},{"type":"Feature","properties":{"name":null,"cls":"tertiary","km":1.55},"geometry":{"type":"LineString","coordinates":[[116.78594591400008,0.6485534142752024],[116.78784214300003,0.6606065712617812]]}},{"type":"Feature","properties":{"name":null,"cls":"tertiary","km":1.55},"geometry":{"type":"LineString","coordinates":[[117.05041522400006,0.08954852089990886],[117.04201994000005,0.09914616288920607]]}},{"type":"Feature","properties":{"name":null,"cls":"tertiary","km":1.55},"geometry":{"type":"LineString","coordinates":[[115.91576249700006,0.6991101322187706],[115.9130767260001,0.7110239762054812]]}},{"type":"Feature","properties":{"name":null,"cls":"tertiary","km":1.55},"geometry":{"type":"LineString","coordinates":[[116.37222404600003,0.4674703094775342],[116.36890146800012,0.46078156648495494],[116.36264096500008,0.46014544348567044]]}},{"type":"Feature","properties":{"name":null,"cls":"tertiary","km":1.55},"geometry":{"type":"LineString","coordinates":[[116.41280140800006,0.4619267564837034],[116.42634525000005,0.4619563994835935]]}},{"type":"Feature","properties":{"name":null,"cls":"tertiary","km":1.55},"geometry":{"type":"LineString","coordinates":[[116.37467923800011,0.42951117851985854],[116.36491143400009,0.4204974595299826]]}},{"type":"Feature","properties":{"name":null,"cls":"tertiary","km":1.55},"geometry":{"type":"LineString","coordinates":[[115.72667742300007,0.3613961675960548],[115.72722948,0.35654159160145205],[115.71847599300008,0.358482223599273]]}},{"type":"Feature","properties":{"name":null,"cls":"tertiary","km":1.55},"geometry":{"type":"LineString","coordinates":[[115.76497508700002,0.39205051956179054],[115.7602796430001,0.3869676045674654],[115.76294794700006,0.38101212957410174]]}},{"type":"Feature","properties":{"name":null,"cls":"tertiary","km":1.55},"geometry":{"type":"LineString","coordinates":[[116.30272182000012,0.5221703874163821],[116.30866877400001,0.5327519004045257]]}},{"type":"Feature","properties":{"name":null,"cls":"tertiary","km":1.55},"geometry":{"type":"LineString","coordinates":[[116.82539402300006,0.6390841412858261],[116.83878257100002,0.6384600492865232]]}},{"type":"Feature","properties":{"name":null,"cls":"tertiary","km":1.55},"geometry":{"type":"LineString","coordinates":[[116.14391786600005,0.2081721017673015],[116.1349803920001,0.21716204275721768]]}},{"type":"Feature","properties":{"name":null,"cls":"tertiary","km":1.54},"geometry":{"type":"LineString","coordinates":[[115.55787849300009,0.2775527816897493],[115.55176137500007,0.2893912436765258]]}},{"type":"Feature","properties":{"name":null,"cls":"tertiary","km":1.54},"geometry":{"type":"LineString","coordinates":[[116.41321060500003,0.28128642968553874],[116.40065365000008,0.2849583346814622]]}},{"type":"Feature","properties":{"name":null,"cls":"tertiary","km":1.54},"geometry":{"type":"LineString","coordinates":[[115.94508754900005,0.32625672263527633],[115.937326588,0.31532264564751555]]}},{"type":"Feature","properties":{"name":null,"cls":"tertiary","km":1.54},"geometry":{"type":"LineString","coordinates":[[116.772592153,0.7040383582132814],[116.75932458900002,0.7035435182138411]]}},{"type":"Feature","properties":{"name":null,"cls":"tertiary","km":1.53},"geometry":{"type":"LineString","coordinates":[[116.13475640100012,1.0354439318436988],[116.12344994400009,1.0282936688516517]]}},{"type":"Feature","properties":{"name":null,"cls":"tertiary","km":1.53},"geometry":{"type":"LineString","coordinates":[[116.22319458600008,0.8248659730784386],[116.21174366500009,0.8308839850717453]]}},{"type":"Feature","properties":{"name":null,"cls":"tertiary","km":1.53},"geometry":{"type":"LineString","coordinates":[[116.12737878000009,0.6956429512227009],[116.12045550700007,0.7063559852107171]]}},{"type":"Feature","properties":{"name":null,"cls":"tertiary","km":1.53},"geometry":{"type":"LineString","coordinates":[[115.78334836000009,0.06502618992731375],[115.78920255700005,0.06653587692563977],[115.7907255360001,0.07359497891780203]]}},{"type":"Feature","properties":{"name":null,"cls":"tertiary","km":1.53},"geometry":{"type":"LineString","coordinates":[[115.67406826600008,0.5576888283766721],[115.66744431300005,0.5688086863642776]]}},{"type":"Feature","properties":{"name":null,"cls":"tertiary","km":1.53},"geometry":{"type":"LineString","coordinates":[[115.52247213300008,0.29996414366470336],[115.521311845,0.31262028465052416]]}},{"type":"Feature","properties":{"name":null,"cls":"tertiary","km":1.53},"geometry":{"type":"LineString","coordinates":[[115.05942059600011,1.257741168596218],[115.06798879000007,1.263347328590013]]}},{"type":"Feature","properties":{"name":null,"cls":"tertiary","km":1.53},"geometry":{"type":"LineString","coordinates":[[115.10498683500009,1.4731405043569108],[115.10151156500001,1.4861884223424096]]}},{"type":"Feature","properties":{"name":null,"cls":"tertiary","km":1.52},"geometry":{"type":"LineString","coordinates":[[116.01618574800011,0.7991835531070852],[116.0269053510001,0.8049612441006714]]}},{"type":"Feature","properties":{"name":null,"cls":"tertiary","km":1.52},"geometry":{"type":"LineString","coordinates":[[116.38903286000006,0.46376559048160854],[116.40029912600006,0.46922408247549174]]}},{"type":"Feature","properties":{"name":null,"cls":"tertiary","km":1.52},"geometry":{"type":"LineString","coordinates":[[116.22889751300009,0.4470894595002376],[116.2360709730001,0.45732308648877834]]}},{"type":"Feature","properties":{"name":null,"cls":"tertiary","km":1.52},"geometry":{"type":"LineString","coordinates":[[116.362071119,0.22035771475364757],[116.36956985500001,0.23011614074279008]]}},{"type":"Feature","properties":{"name":null,"cls":"tertiary","km":1.52},"geometry":{"type":"LineString","coordinates":[[115.93910377700003,0.786567765121218],[115.94840626200005,0.7770647161317662]]}},{"type":"Feature","properties":{"name":null,"cls":"tertiary","km":1.52},"geometry":{"type":"LineString","coordinates":[[116.90220851200003,0.44684655950052266],[116.89089595400003,0.44760975649969376]]}},{"type":"Feature","properties":{"name":null,"cls":"tertiary","km":1.52},"geometry":{"type":"LineString","coordinates":[[116.17966143000001,0.8269544980761528],[116.16693148200011,0.8300744350726698]]}},{"type":"Feature","properties":{"name":null,"cls":"tertiary","km":1.52},"geometry":{"type":"LineString","coordinates":[[116.79399614600004,0.7059168542112026],[116.79200178800012,0.7182792791973721]]}},{"type":"Feature","properties":{"name":null,"cls":"tertiary","km":1.52},"geometry":{"type":"LineString","coordinates":[[116.46570724500009,0.8162993270880473],[116.46162923600002,0.8045462531011333]]}},{"type":"Feature","properties":{"name":null,"cls":"tertiary","km":1.52},"geometry":{"type":"LineString","coordinates":[[115.96641160700005,0.24092569073066758],[115.96097603700004,0.23058625674222336]]}},{"type":"Feature","properties":{"name":null,"cls":"tertiary","km":1.52},"geometry":{"type":"LineString","coordinates":[[114.67175165800006,1.4773879983522133],[114.67305966800006,1.464014187367071]]}},{"type":"Feature","properties":{"name":null,"cls":"tertiary","km":1.52},"geometry":{"type":"LineString","coordinates":[[114.887474214,1.1694846196944244],[114.88981259100001,1.1824160256800464]]}},{"type":"Feature","properties":{"name":null,"cls":"tertiary","km":1.52},"geometry":{"type":"LineString","coordinates":[[114.83921831000008,1.437812436396103],[114.83363179300011,1.4495709963830963]]}},{"type":"Feature","properties":{"name":null,"cls":"tertiary","km":1.52},"geometry":{"type":"LineString","coordinates":[[114.66227171500009,1.5413695272812173],[114.65413153900009,1.5505354012710155]]}},{"type":"Feature","properties":{"name":null,"cls":"tertiary","km":1.51},"geometry":{"type":"LineString","coordinates":[[116.0517086750001,0.934093722956645],[116.0652091080001,0.93393097495682]]}},{"type":"Feature","properties":{"name":null,"cls":"tertiary","km":1.51},"geometry":{"type":"LineString","coordinates":[[116.45140522100007,0.4580179534880739],[116.44324608800001,0.4658548374792888]]}},{"type":"Feature","properties":{"name":null,"cls":"tertiary","km":1.51},"geometry":{"type":"LineString","coordinates":[[116.19227274300012,0.10407103488370548],[116.17950022700006,0.10259268288535156]]}},{"type":"Feature","properties":{"name":null,"cls":"tertiary","km":1.51},"geometry":{"type":"LineString","coordinates":[[116.89518645400007,0.7207673611946183],[116.88871642900006,0.7213613021939367],[116.88710831300011,0.7149944072010495]]}},{"type":"Feature","properties":{"name":null,"cls":"tertiary","km":1.51},"geometry":{"type":"LineString","coordinates":[[115.73919386700004,0.325973661635597],[115.73590844700004,0.3388100466212672]]}},{"type":"Feature","properties":{"name":null,"cls":"tertiary","km":1.51},"geometry":{"type":"LineString","coordinates":[[115.1191233500001,1.4075506674297218],[115.12447549100011,1.419187933416801]]}},{"type":"Feature","properties":{"name":null,"cls":"tertiary","km":1.5},"geometry":{"type":"LineString","coordinates":[[116.93893031000006,0.9360854059544436],[116.94160875400007,0.9239555339679645]]}},{"type":"Feature","properties":{"name":null,"cls":"tertiary","km":1.5},"geometry":{"type":"LineString","coordinates":[[116.02521498300008,1.2879912635626365],[116.03230908000012,1.2766253305752235]]}},{"type":"Feature","properties":{"name":null,"cls":"tertiary","km":1.5},"geometry":{"type":"LineString","coordinates":[[116.53257867700006,0.6976842952203601],[116.53892593400009,0.687213176232077]]}},{"type":"Feature","properties":{"name":null,"cls":"tertiary","km":1.5},"geometry":{"type":"LineString","coordinates":[[115.88220787800003,0.6606011662617595],[115.86908314000003,0.6634084292586472]]}},{"type":"Feature","properties":{"name":null,"cls":"tertiary","km":1.5},"geometry":{"type":"LineString","coordinates":[[116.25343767000005,0.6105028543177208],[116.26440239700004,0.6136526503142192]]}},{"type":"Feature","properties":{"name":null,"cls":"tertiary","km":1.49},"geometry":{"type":"LineString","coordinates":[[115.72816638100005,0.5931118323371138],[115.72886106700001,0.6064218603222988]]}},{"type":"Feature","properties":{"name":null,"cls":"tertiary","km":1.49},"geometry":{"type":"LineString","coordinates":[[116.17541535900011,1.4208384534149667],[116.17698506400008,1.4084371814287633]]}},{"type":"Feature","properties":{"name":null,"cls":"tertiary","km":1.49},"geometry":{"type":"LineString","coordinates":[[116.24457844400003,0.4574206724887451],[116.25256425600003,0.4582686914877585],[116.25297851700009,0.4632750344821502]]}},{"type":"Feature","properties":{"name":null,"cls":"tertiary","km":1.49},"geometry":{"type":"LineString","coordinates":[[116.25775547600006,0.3831069285717799],[116.25417064200008,0.3776025015779266],[116.24800853500007,0.37787041757762085]]}},{"type":"Feature","properties":{"name":null,"cls":"tertiary","km":1.49},"geometry":{"type":"LineString","coordinates":[[115.73141067900009,0.7092391982074548],[115.74402063500008,0.7052788712119024]]}},{"type":"Feature","properties":{"name":null,"cls":"tertiary","km":1.49},"geometry":{"type":"LineString","coordinates":[[115.78930679700011,0.24944555072117386],[115.77751075200001,0.2546619417153326]]}},{"type":"Feature","properties":{"name":null,"cls":"tertiary","km":1.49},"geometry":{"type":"LineString","coordinates":[[115.90455728800009,0.5508126913843369],[115.90433252600008,0.5458223833899899],[115.91150039000001,0.5428458033932455]]}},{"type":"Feature","properties":{"name":null,"cls":"tertiary","km":1.49},"geometry":{"type":"LineString","coordinates":[[116.75131887900011,0.6204676143065894],[116.74453617200004,0.6174091403100013],[116.74274274800007,0.6227412103040841]]}},{"type":"Feature","properties":{"name":null,"cls":"tertiary","km":1.49},"geometry":{"type":"LineString","coordinates":[[116.36517132499999,0.8466465370541693],[116.3680528000001,0.856098841043617]]}},{"type":"Feature","properties":{"name":null,"cls":"tertiary","km":1.49},"geometry":{"type":"LineString","coordinates":[[115.0035563790001,1.3741048804668738],[115.00984073300005,1.3826337964573958]]}},{"type":"Feature","properties":{"name":null,"cls":"tertiary","km":1.49},"geometry":{"type":"LineString","coordinates":[[114.73849542300002,1.5643839062556744],[114.75097176100009,1.5646683052553587]]}},{"type":"Feature","properties":{"name":null,"cls":"tertiary","km":1.48},"geometry":{"type":"LineString","coordinates":[[115.85456480600011,0.14269284984050623],[115.84616911400008,0.13510935684898212]]}},{"type":"Feature","properties":{"name":null,"cls":"tertiary","km":1.48},"geometry":{"type":"LineString","coordinates":[[115.95365726800001,0.6758805932447072],[115.94065066600002,0.6772252582432463]]}},{"type":"Feature","properties":{"name":null,"cls":"tertiary","km":1.48},"geometry":{"type":"LineString","coordinates":[[116.06608369900006,0.3234271246384532],[116.06338195,0.3122510196509797]]}},{"type":"Feature","properties":{"name":null,"cls":"tertiary","km":1.48},"geometry":{"type":"LineString","coordinates":[[115.77717192400007,0.14694345583574056],[115.76847335200011,0.13709838584675166]]}},{"type":"Feature","properties":{"name":null,"cls":"tertiary","km":1.48},"geometry":{"type":"LineString","coordinates":[[114.47936788400011,1.1268420477419143],[114.47273502100006,1.1164925647534272]]}},{"type":"Feature","properties":{"name":null,"cls":"tertiary","km":1.48},"geometry":{"type":"LineString","coordinates":[[116.29431751500012,1.3987919834394735],[116.28823742500003,1.3874184384520818]]}},{"type":"Feature","properties":{"name":null,"cls":"tertiary","km":1.48},"geometry":{"type":"LineString","coordinates":[[116.53763998900003,0.6762497892442938],[116.52767845500011,0.6707100922504894]]}},{"type":"Feature","properties":{"name":null,"cls":"tertiary","km":1.48},"geometry":{"type":"LineString","coordinates":[[116.44272065200005,0.19892660977764706],[116.45013077900002,0.20937896676592468]]}},{"type":"Feature","properties":{"name":null,"cls":"tertiary","km":1.48},"geometry":{"type":"LineString","coordinates":[[116.44300529800012,0.25494410971501436],[116.44147051900006,0.26685443470168624]]}},{"type":"Feature","properties":{"name":null,"cls":"tertiary","km":1.48},"geometry":{"type":"LineString","coordinates":[[116.37928742500003,0.28075512268615893],[116.39110819600012,0.2852621646811144]]}},{"type":"Feature","properties":{"name":null,"cls":"tertiary","km":1.48},"geometry":{"type":"LineString","coordinates":[[115.82281416700005,0.21105354176409996],[115.82223881800009,0.19856306577802402]]}},{"type":"Feature","properties":{"name":null,"cls":"tertiary","km":1.48},"geometry":{"type":"LineString","coordinates":[[116.27353113300002,0.6484705582753307],[116.26262737900004,0.6448064812794017]]}},{"type":"Feature","properties":{"name":null,"cls":"tertiary","km":1.48},"geometry":{"type":"LineString","coordinates":[[115.95358614500003,0.9333875749574136],[115.95098766200012,0.9460799719432927]]}},{"type":"Feature","properties":{"name":null,"cls":"tertiary","km":1.48},"geometry":{"type":"LineString","coordinates":[[115.9622557880001,0.3265013626349932],[115.95620899300002,0.31627399364642733]]}},{"type":"Feature","properties":{"name":null,"cls":"tertiary","km":1.48},"geometry":{"type":"LineString","coordinates":[[115.6652714390001,0.6116861653163985],[115.65499852500011,0.6039674153250321]]}},{"type":"Feature","properties":{"name":null,"cls":"tertiary","km":1.48},"geometry":{"type":"LineString","coordinates":[[114.82224081100003,1.5980099772184064],[114.8346231060001,1.5940511532227966]]}},{"type":"Feature","properties":{"name":null,"cls":"tertiary","km":1.48},"geometry":{"type":"LineString","coordinates":[[114.22825501000011,1.0707110648044187],[114.22806932700007,1.0591280758172654]]}},{"type":"Feature","properties":{"name":null,"cls":"tertiary","km":1.47},"geometry":{"type":"LineString","coordinates":[[116.161605097,0.6815065352383987],[116.17013372500003,0.6761031352444588]]}},{"type":"Feature","properties":{"name":null,"cls":"tertiary","km":1.47},"geometry":{"type":"LineString","coordinates":[[115.52211699500003,0.8614468760376569],[115.53388402900009,0.86476366403395]]}},{"type":"Feature","properties":{"name":null,"cls":"tertiary","km":1.47},"geometry":{"type":"LineString","coordinates":[[115.90293690700003,0.6187317553085185],[115.89030642300008,0.6153213213123309]]}},{"type":"Feature","properties":{"name":null,"cls":"tertiary","km":1.47},"geometry":{"type":"LineString","coordinates":[[117.04026008900007,0.10327696988456343],[117.05033989400009,0.09728954789128612]]}},{"type":"Feature","properties":{"name":null,"cls":"tertiary","km":1.47},"geometry":{"type":"LineString","coordinates":[[116.94252731200004,0.9607841359269035],[116.946956988,0.9726747159136722]]}},{"type":"Feature","properties":{"name":null,"cls":"tertiary","km":1.47},"geometry":{"type":"LineString","coordinates":[[116.59447107200005,0.970590579915986],[116.58325100700004,0.9761634659097628]]}},{"type":"Feature","properties":{"name":null,"cls":"tertiary","km":1.47},"geometry":{"type":"LineString","coordinates":[[116.36889214600001,0.41914736753147086],[116.37865974800003,0.4272598865224074]]}},{"type":"Feature","properties":{"name":null,"cls":"tertiary","km":1.47},"geometry":{"type":"LineString","coordinates":[[116.96298469900012,0.4537763194927457],[116.9669425300001,0.45500220549145204],[116.96288894900012,0.46118798148453183]]}},{"type":"Feature","properties":{"name":null,"cls":"tertiary","km":1.47},"geometry":{"type":"LineString","coordinates":[[115.51487446700003,0.5041615124365157],[115.52695273700012,0.49919316444206496]]}},{"type":"Feature","properties":{"name":null,"cls":"tertiary","km":1.47},"geometry":{"type":"LineString","coordinates":[[115.68731818200003,0.5582851033760311],[115.68986914000004,0.5456106433901741]]}},{"type":"Feature","properties":{"name":null,"cls":"tertiary","km":1.47},"geometry":{"type":"LineString","coordinates":[[115.79942456700006,0.049707219944485626],[115.79090566700006,0.051855842942076916],[115.79329220800003,0.05513212193840832]]}},{"type":"Feature","properties":{"name":null,"cls":"tertiary","km":1.47},"geometry":{"type":"LineString","coordinates":[[116.28686016000006,0.10538075888225301],[116.27416999600008,0.10328643988455535]]}},{"type":"Feature","properties":{"name":null,"cls":"tertiary","km":1.47},"geometry":{"type":"LineString","coordinates":[[114.80205379900008,1.4030939874346855],[114.79335833200001,1.4080521604292013]]}},{"type":"Feature","properties":{"name":null,"cls":"tertiary","km":1.46},"geometry":{"type":"LineString","coordinates":[[116.85576228900005,0.5949427113350721],[116.84539341400011,0.5925815523377533]]}},{"type":"Feature","properties":{"name":null,"cls":"tertiary","km":1.46},"geometry":{"type":"LineString","coordinates":[[115.60510346500008,0.23930959173247535],[115.606522142,0.25059645171986084]]}},{"type":"Feature","properties":{"name":null,"cls":"tertiary","km":1.46},"geometry":{"type":"LineString","coordinates":[[116.14935619500011,0.08995436789949354],[116.14914419700004,0.10203638788595916]]}},{"type":"Feature","properties":{"name":null,"cls":"tertiary","km":1.46},"geometry":{"type":"LineString","coordinates":[[116.26986553400002,1.7083244300961904],[116.26766355400002,1.6965428841092165]]}},{"type":"Feature","properties":{"name":null,"cls":"tertiary","km":1.46},"geometry":{"type":"LineString","coordinates":[[116.96962807700004,0.7085951472081915],[116.97883645200011,0.7168883861989525]]}},{"type":"Feature","properties":{"name":null,"cls":"tertiary","km":1.46},"geometry":{"type":"LineString","coordinates":[[116.37632763900002,0.44987017749715347],[116.37561961000004,0.4425547875053392],[116.37039922600003,0.44115539050688174]]}},{"type":"Feature","properties":{"name":null,"cls":"tertiary","km":1.46},"geometry":{"type":"LineString","coordinates":[[116.39029421800001,0.371533979584692],[116.4010611430001,0.3770769875785066]]}},{"type":"Feature","properties":{"name":null,"cls":"tertiary","km":1.46},"geometry":{"type":"LineString","coordinates":[[116.4115795130001,0.20422038477171872],[116.42176193600004,0.19619371178064463]]}},{"type":"Feature","properties":{"name":null,"cls":"tertiary","km":1.46},"geometry":{"type":"LineString","coordinates":[[116.42963477900004,0.2656347427030379],[116.43961214900003,0.2709429676971148]]}},{"type":"Feature","properties":{"name":null,"cls":"tertiary","km":1.46},"geometry":{"type":"LineString","coordinates":[[115.7396412500001,0.011374722987340439],[115.74015989300005,0.024264233972899014]]}},{"type":"Feature","properties":{"name":null,"cls":"tertiary","km":1.46},"geometry":{"type":"LineString","coordinates":[[115.69392277000009,0.5305005534070825],[115.70238514100004,0.5226126774158407]]}},{"type":"Feature","properties":{"name":null,"cls":"tertiary","km":1.46},"geometry":{"type":"LineString","coordinates":[[115.75276866100013,0.23772731173426326],[115.75914174100002,0.2403245057313402],[115.75991374400007,0.24590762872509825]]}},{"type":"Feature","properties":{"name":null,"cls":"tertiary","km":1.46},"geometry":{"type":"LineString","coordinates":[[114.70630902900007,1.5422613822801823],[114.71797848700011,1.5444242202778158]]}},{"type":"Feature","properties":{"name":null,"cls":"tertiary","km":1.45},"geometry":{"type":"LineString","coordinates":[[115.67958771500001,0.14809207383443249],[115.66866872800007,0.14369081383938473]]}},{"type":"Feature","properties":{"name":null,"cls":"tertiary","km":1.45},"geometry":{"type":"LineString","coordinates":[[116.14366049400009,0.7393554761738591],[116.15550054100002,0.7344592191793845]]}},{"type":"Feature","properties":{"name":null,"cls":"tertiary","km":1.45},"geometry":{"type":"LineString","coordinates":[[116.78666944800011,0.9331921289576662],[116.79356622100009,0.9438808289457449]]}},{"type":"Feature","properties":{"name":null,"cls":"tertiary","km":1.45},"geometry":{"type":"LineString","coordinates":[[116.45023703900007,0.43520031251355323],[116.4627901460001,0.43449596051434275]]}},{"type":"Feature","properties":{"name":null,"cls":"tertiary","km":1.45},"geometry":{"type":"LineString","coordinates":[[115.89252500900011,0.7916085871155294],[115.89878203500008,0.8026342921032692]]}},{"type":"Feature","properties":{"name":null,"cls":"tertiary","km":1.45},"geometry":{"type":"LineString","coordinates":[[115.79832055500005,0.5045788974359992],[115.79463211300003,0.5112883474285158],[115.79028503000006,0.5102668734296605]]}},{"type":"Feature","properties":{"name":null,"cls":"tertiary","km":1.45},"geometry":{"type":"LineString","coordinates":[[115.88239846700004,0.5897136833409322],[115.87159378500009,0.5827702413486843]]}},{"type":"Feature","properties":{"name":null,"cls":"tertiary","km":1.45},"geometry":{"type":"LineString","coordinates":[[116.7198516410001,0.6321667472935191],[116.72442905700007,0.633106541292499],[116.719008185,0.6378089132872515]]}},{"type":"Feature","properties":{"name":null,"cls":"tertiary","km":1.45},"geometry":{"type":"LineString","coordinates":[[115.85182265200002,0.5772731453548319],[115.864156363,0.5770450873550955]]}},{"type":"Feature","properties":{"name":null,"cls":"tertiary","km":1.45},"geometry":{"type":"LineString","coordinates":[[116.78861830700008,0.751477124160335],[116.78213329400012,0.7481299391640778],[116.78367894300004,0.7431505401696408]]}},{"type":"Feature","properties":{"name":null,"cls":"tertiary","km":1.44},"geometry":{"type":"LineString","coordinates":[[116.95299045200012,0.9437237269459192],[116.94359546400005,0.9357982359547415]]}},{"type":"Feature","properties":{"name":null,"cls":"tertiary","km":1.44},"geometry":{"type":"LineString","coordinates":[[116.51977213400005,0.924765797967029],[116.5260488670001,0.9155865239772577]]}},{"type":"Feature","properties":{"name":null,"cls":"tertiary","km":1.44},"geometry":{"type":"LineString","coordinates":[[116.41135258800013,0.45574836049060524],[116.4025279120001,0.4628012644826908]]}},{"type":"Feature","properties":{"name":null,"cls":"tertiary","km":1.44},"geometry":{"type":"LineString","coordinates":[[116.23863123100013,0.4623476974831988],[116.25004964900006,0.46536102047981265]]}},{"type":"Feature","properties":{"name":null,"cls":"tertiary","km":1.44},"geometry":{"type":"LineString","coordinates":[[116.11688301400011,0.06446321992798447],[116.12139117800008,0.0760749049149665]]}},{"type":"Feature","properties":{"name":null,"cls":"tertiary","km":1.44},"geometry":{"type":"LineString","coordinates":[[116.75380118200007,0.8595834840397123],[116.76384988000007,0.8552258780445633]]}},{"type":"Feature","properties":{"name":null,"cls":"tertiary","km":1.44},"geometry":{"type":"LineString","coordinates":[[115.60795764300009,0.2169887887574293],[115.61756158600008,0.22394246874966994]]}},{"type":"Feature","properties":{"name":null,"cls":"tertiary","km":1.44},"geometry":{"type":"LineString","coordinates":[[116.73443945200006,0.6422578712822802],[116.73259170200002,0.6363330992889021],[116.72940292000008,0.6408883142837793]]}},{"type":"Feature","properties":{"name":null,"cls":"tertiary","km":1.44},"geometry":{"type":"LineString","coordinates":[[116.5962232180001,0.973895486912267],[116.60577779200004,0.9664544439205994]]}},{"type":"Feature","properties":{"name":null,"cls":"tertiary","km":1.44},"geometry":{"type":"LineString","coordinates":[[115.75808229000008,0.20643212276925763],[115.76764071900004,0.21334807176151185]]}},{"type":"Feature","properties":{"name":null,"cls":"tertiary","km":1.44},"geometry":{"type":"LineString","coordinates":[[116.00264616100003,0.7715245161379808],[116.00753089200009,0.7604202451503602]]}},{"type":"Feature","properties":{"name":null,"cls":"tertiary","km":1.44},"geometry":{"type":"LineString","coordinates":[[116.72281696600011,0.6367693482884111],[116.7233654030001,0.6433796172810033]]}},{"type":"Feature","properties":{"name":null,"cls":"tertiary","km":1.44},"geometry":{"type":"LineString","coordinates":[[115.96621826,0.5313450054061214],[115.96663156600006,0.5434214413926555]]}},{"type":"Feature","properties":{"name":null,"cls":"tertiary","km":1.44},"geometry":{"type":"LineString","coordinates":[[115.7384193900001,0.3973337095558803],[115.74547798800006,0.38668263056774244]]}},{"type":"Feature","properties":{"name":null,"cls":"tertiary","km":1.44},"geometry":{"type":"LineString","coordinates":[[115.50101836800002,0.31624370264648777],[115.50970605500004,0.32465612663705185]]}},{"type":"Feature","properties":{"name":null,"cls":"tertiary","km":1.44},"geometry":{"type":"LineString","coordinates":[[114.69680125800005,1.573824824245191],[114.7005304920001,1.5862031132314998]]}},{"type":"Feature","properties":{"name":null,"cls":"tertiary","km":1.44},"geometry":{"type":"LineString","coordinates":[[114.85442498800002,1.4216291094141313],[114.8456952480001,1.4309283174037624]]}},{"type":"Feature","properties":{"name":null,"cls":"tertiary","km":1.43},"geometry":{"type":"LineString","coordinates":[[116.8830598610001,0.8726109520251978],[116.89242392700008,0.8646658870340792]]}},{"type":"Feature","properties":{"name":null,"cls":"tertiary","km":1.43},"geometry":{"type":"LineString","coordinates":[[114.11215323700003,1.0116727578701683],[114.11793757700002,1.0227260818579034]]}},{"type":"Feature","properties":{"name":null,"cls":"tertiary","km":1.43},"geometry":{"type":"LineString","coordinates":[[116.0794293140001,1.6031719312126722],[116.07534050600009,1.5913850902257303]]}},{"type":"Feature","properties":{"name":null,"cls":"tertiary","km":1.43},"geometry":{"type":"LineString","coordinates":[[116.60310121900012,0.7826393571255563],[116.61489620500005,0.7857937071220227]]}},{"type":"Feature","properties":{"name":null,"cls":"tertiary","km":1.43},"geometry":{"type":"LineString","coordinates":[[116.07659833500009,0.8235864980798848],[116.077592879,0.8127116380920133]]}},{"type":"Feature","properties":{"name":null,"cls":"tertiary","km":1.43},"geometry":{"type":"LineString","coordinates":[[116.06182381300005,0.5023408284385322],[116.05467768000005,0.4978619044435147],[116.05229498200005,0.500964653440038]]}},{"type":"Feature","properties":{"name":null,"cls":"tertiary","km":1.43},"geometry":{"type":"LineString","coordinates":[[116.81132348400001,0.6709127582502357],[116.81148729200005,0.6592654862632693]]}},{"type":"Feature","properties":{"name":null,"cls":"tertiary","km":1.43},"geometry":{"type":"LineString","coordinates":[[116.82436984500008,0.6307676722950888],[116.83448109000005,0.625021222301502]]}},{"type":"Feature","properties":{"name":null,"cls":"tertiary","km":1.43},"geometry":{"type":"LineString","coordinates":[[114.87396905600008,1.5169074183083324],[114.86381574700012,1.5231680583013818]]}},{"type":"Feature","properties":{"name":null,"cls":"tertiary","km":1.43},"geometry":{"type":"LineString","coordinates":[[114.43985774500004,1.4266455394085138],[114.43651689800005,1.4387949923950167]]}},{"type":"Feature","properties":{"name":null,"cls":"tertiary","km":1.42},"geometry":{"type":"LineString","coordinates":[[116.15956966400005,0.012851949985649395],[116.17128132300002,0.01259794798599302]]}},{"type":"Feature","properties":{"name":null,"cls":"tertiary","km":1.42},"geometry":{"type":"LineString","coordinates":[[116.94926980700006,0.9254997099662076],[116.93912544800004,0.9318695399590888]]}},{"type":"Feature","properties":{"name":null,"cls":"tertiary","km":1.42},"geometry":{"type":"LineString","coordinates":[[116.55328977400008,0.772108567137294],[116.5629458840001,0.7663416031437592]]}},{"type":"Feature","properties":{"name":null,"cls":"tertiary","km":1.42},"geometry":{"type":"LineString","coordinates":[[115.93864530500002,0.7575638221535607],[115.94519617800007,0.7469841061653629]]}},{"type":"Feature","properties":{"name":null,"cls":"tertiary","km":1.42},"geometry":{"type":"LineString","coordinates":[[116.29774996400012,0.8735835440240798],[116.30211695700007,0.8619899670370456]]}},{"type":"Feature","properties":{"name":null,"cls":"tertiary","km":1.42},"geometry":{"type":"LineString","coordinates":[[115.96565033800005,0.8988011919959997],[115.96634433500002,0.9096821409838795]]}},{"type":"Feature","properties":{"name":null,"cls":"tertiary","km":1.42},"geometry":{"type":"LineString","coordinates":[[116.77109814600011,0.7210930801942391],[116.7756734830001,0.7125409882038002]]}},{"type":"Feature","properties":{"name":null,"cls":"tertiary","km":1.42},"geometry":{"type":"LineString","coordinates":[[114.82091876000005,1.228080712629232],[114.81630556200003,1.2398054176161841]]}},{"type":"Feature","properties":{"name":null,"cls":"tertiary","km":1.42},"geometry":{"type":"LineString","coordinates":[[114.13119053000003,0.91654192097618],[114.13213000000007,0.9229019989690849],[114.12702549400001,0.926306629965335]]}},{"type":"Feature","properties":{"name":null,"cls":"tertiary","km":1.41},"geometry":{"type":"LineString","coordinates":[[116.41883528400001,1.3862725144533457],[116.4157211700001,1.3749005954659954]]}},{"type":"Feature","properties":{"name":null,"cls":"tertiary","km":1.41},"geometry":{"type":"LineString","coordinates":[[115.9529897770001,0.9277431249637274],[115.94335302300011,0.9356589199548624]]}},{"type":"Feature","properties":{"name":null,"cls":"tertiary","km":1.41},"geometry":{"type":"LineString","coordinates":[[116.9006022430001,0.4362385245123578],[116.90268800700004,0.4245072645254806]]}},{"type":"Feature","properties":{"name":null,"cls":"tertiary","km":1.41},"geometry":{"type":"LineString","coordinates":[[116.66079274000003,0.913802515979233],[116.66084083500003,0.9237223679682549]]}},{"type":"Feature","properties":{"name":null,"cls":"tertiary","km":1.41},"geometry":{"type":"LineString","coordinates":[[116.11559884500002,0.06575496192648975],[116.10648527000001,0.07373018491758662]]}},{"type":"Feature","properties":{"name":null,"cls":"tertiary","km":1.41},"geometry":{"type":"LineString","coordinates":[[115.83091244700006,0.19032984578726772],[115.81907513200007,0.18811050278974017]]}},{"type":"Feature","properties":{"name":null,"cls":"tertiary","km":1.41},"geometry":{"type":"LineString","coordinates":[[116.05070630000012,0.21357636976124852],[116.04965804700011,0.20155607677468276]]}},{"type":"Feature","properties":{"name":null,"cls":"tertiary","km":1.41},"geometry":{"type":"LineString","coordinates":[[116.53067939800007,0.6800452472400851],[116.52578550200008,0.6696508672517093]]}},{"type":"Feature","properties":{"name":null,"cls":"tertiary","km":1.4},"geometry":{"type":"LineString","coordinates":[[116.13297841400002,0.435246334513482],[116.12697621800011,0.43308231351588344],[116.12276253500012,0.43734770651117827]]}},{"type":"Feature","properties":{"name":null,"cls":"tertiary","km":1.4},"geometry":{"type":"LineString","coordinates":[[115.51506203300005,1.200437780659995],[115.51425516300004,1.1886482056730951]]}},{"type":"Feature","properties":{"name":null,"cls":"tertiary","km":1.4},"geometry":{"type":"LineString","coordinates":[[116.7145321150001,1.4593337433722213],[116.71838346800008,1.46786782536275]]}},{"type":"Feature","properties":{"name":null,"cls":"tertiary","km":1.4},"geometry":{"type":"LineString","coordinates":[[116.64831696300008,0.9693206219173655],[116.6454021510001,0.9573503939307328]]}},{"type":"Feature","properties":{"name":null,"cls":"tertiary","km":1.4},"geometry":{"type":"LineString","coordinates":[[116.56734634100007,0.9452883589441734],[116.55666945100008,0.9476487959415272]]}},{"type":"Feature","properties":{"name":null,"cls":"tertiary","km":1.4},"geometry":{"type":"LineString","coordinates":[[116.15868798500003,0.08307429390713034],[116.15631083100006,0.09341676189559117]]}},{"type":"Feature","properties":{"name":null,"cls":"tertiary","km":1.4},"geometry":{"type":"LineString","coordinates":[[115.79106280200007,0.3647684005922654],[115.79206302900003,0.3614953455959042],[115.78345950900008,0.3603092455972468]]}},{"type":"Feature","properties":{"name":null,"cls":"tertiary","km":1.4},"geometry":{"type":"LineString","coordinates":[[115.98189658100011,0.3458976606133216],[115.98336131300006,0.33356276762710296]]}},{"type":"Feature","properties":{"name":null,"cls":"tertiary","km":1.4},"geometry":{"type":"LineString","coordinates":[[116.2723528160001,0.6108536183173303],[116.27590543600002,0.6209202693060764]]}},{"type":"Feature","properties":{"name":null,"cls":"tertiary","km":1.4},"geometry":{"type":"LineString","coordinates":[[114.64863702700006,1.3347768595105614],[114.66062288600006,1.3365435615085985]]}},{"type":"Feature","properties":{"name":null,"cls":"tertiary","km":1.4},"geometry":{"type":"LineString","coordinates":[[114.77647319700007,1.3973303544410935],[114.77577276800002,1.40963761842742]]}},{"type":"Feature","properties":{"name":null,"cls":"tertiary","km":1.4},"geometry":{"type":"LineString","coordinates":[[114.38981045100002,1.3204702455265003],[114.39626891900002,1.3305757095152768]]}},{"type":"Feature","properties":{"name":null,"cls":"tertiary","km":1.39},"geometry":{"type":"LineString","coordinates":[[116.77578832100005,0.7065201082104964],[116.76752624000005,0.6981119132199175]]}},{"type":"Feature","properties":{"name":null,"cls":"tertiary","km":1.39},"geometry":{"type":"LineString","coordinates":[[115.64048724500003,0.11884443586719261],[115.65222393300009,0.11927745786669404]]}},{"type":"Feature","properties":{"name":null,"cls":"tertiary","km":1.39},"geometry":{"type":"LineString","coordinates":[[116.30714764100004,1.0384171718403703],[116.31409884000006,1.048433333829183]]}},{"type":"Feature","properties":{"name":null,"cls":"tertiary","km":1.39},"geometry":{"type":"LineString","coordinates":[[116.31839509500001,1.6065834742088547],[116.31382044100008,1.5955664632210975]]}},{"type":"Feature","properties":{"name":null,"cls":"tertiary","km":1.39},"geometry":{"type":"LineString","coordinates":[[116.32547287000013,0.6945926492238692],[116.33693560000007,0.693757400224738]]}},{"type":"Feature","properties":{"name":null,"cls":"tertiary","km":1.39},"geometry":{"type":"LineString","coordinates":[[116.27568652400011,0.6582085282644548],[116.27682831700008,0.6704163422508467]]}},{"type":"Feature","properties":{"name":null,"cls":"tertiary","km":1.39},"geometry":{"type":"LineString","coordinates":[[116.45766197300009,0.3636783655934772],[116.45957622300013,0.37475000258107416]]}},{"type":"Feature","properties":{"name":null,"cls":"tertiary","km":1.39},"geometry":{"type":"LineString","coordinates":[[116.44150393900009,0.18909591178861979],[116.43404724400013,0.19710434877964697]]}},{"type":"Feature","properties":{"name":null,"cls":"tertiary","km":1.39},"geometry":{"type":"LineString","coordinates":[[116.81547925100006,0.6276170182986355],[116.81027270700007,0.6370480032880902]]}},{"type":"Feature","properties":{"name":null,"cls":"tertiary","km":1.39},"geometry":{"type":"LineString","coordinates":[[116.33187428500004,0.933161616957688],[116.32288161400004,0.9258292399658206]]}},{"type":"Feature","properties":{"name":null,"cls":"tertiary","km":1.39},"geometry":{"type":"LineString","coordinates":[[116.20970675100011,0.07695194091403602],[116.21349511300002,0.07206469191944583],[116.21871373400006,0.07380964691754732]]}},{"type":"Feature","properties":{"name":null,"cls":"tertiary","km":1.38},"geometry":{"type":"LineString","coordinates":[[116.65054513599999,1.6031196482127177],[116.66186400700008,1.600889379215215]]}},{"type":"Feature","properties":{"name":null,"cls":"tertiary","km":1.38},"geometry":{"type":"LineString","coordinates":[[116.27064693600005,1.6495207301613046],[116.26923788300007,1.653720925156674],[116.2620267970001,1.6511887841594641]]}},{"type":"Feature","properties":{"name":null,"cls":"tertiary","km":1.38},"geometry":{"type":"LineString","coordinates":[[116.59078572700002,0.9484960269405708],[116.58338405900008,0.955926805932292]]}},{"type":"Feature","properties":{"name":null,"cls":"tertiary","km":1.38},"geometry":{"type":"LineString","coordinates":[[116.50340987400011,0.6368929132882392],[116.50660191700003,0.630572971295286],[116.51022028800003,0.6325033242931859]]}},{"type":"Feature","properties":{"name":null,"cls":"tertiary","km":1.38},"geometry":{"type":"LineString","coordinates":[[116.39407460400002,0.38344876757136853],[116.38407987500011,0.38638460156806587]]}},{"type":"Feature","properties":{"name":null,"cls":"tertiary","km":1.38},"geometry":{"type":"LineString","coordinates":[[116.44687341600002,0.49752620444392265],[116.44941990000005,0.492829280449189],[116.44308606300002,0.49487253144686066]]}},{"type":"Feature","properties":{"name":null,"cls":"tertiary","km":1.38},"geometry":{"type":"LineString","coordinates":[[116.82780621800009,0.6972490912208652],[116.82750430700003,0.7079007482089857]]}},{"type":"Feature","properties":{"name":null,"cls":"tertiary","km":1.38},"geometry":{"type":"LineString","coordinates":[[116.81370402700009,0.7028563112146005],[116.81919277200005,0.705107668212091],[116.81517263700005,0.7094538532072627]]}},{"type":"Feature","properties":{"name":null,"cls":"tertiary","km":1.38},"geometry":{"type":"LineString","coordinates":[[116.83917020400007,0.6806545202394254],[116.82764410900006,0.6789674902412864]]}},{"type":"Feature","properties":{"name":null,"cls":"tertiary","km":1.38},"geometry":{"type":"LineString","coordinates":[[116.2100970240001,0.4690289074757374],[116.19861677300003,0.4721761734722001]]}},{"type":"Feature","properties":{"name":null,"cls":"tertiary","km":1.38},"geometry":{"type":"LineString","coordinates":[[115.90965709900001,0.07987505091074878],[115.9197726430001,0.08340969090677257]]}},{"type":"Feature","properties":{"name":null,"cls":"tertiary","km":1.37},"geometry":{"type":"LineString","coordinates":[[116.07381301100008,0.9799863219054793],[116.07514538600002,0.974032018912103],[116.07043936200012,0.9702902909163127]]}},{"type":"Feature","properties":{"name":null,"cls":"tertiary","km":1.37},"geometry":{"type":"LineString","coordinates":[[116.0217585480001,0.04637349094821624],[116.02351836200013,0.04090433495431365],[116.02827999800002,0.045007579949726186]]}},{"type":"Feature","properties":{"name":null,"cls":"tertiary","km":1.37},"geometry":{"type":"LineString","coordinates":[[115.88130403800005,0.5954417273345267],[115.8692864080001,0.5941903733359287]]}},{"type":"Feature","properties":{"name":null,"cls":"tertiary","km":1.37},"geometry":{"type":"LineString","coordinates":[[116.23865921000002,0.9046401119894689],[116.24876557200004,0.911136604982268]]}},{"type":"Feature","properties":{"name":null,"cls":"tertiary","km":1.37},"geometry":{"type":"LineString","coordinates":[[114.18243478700003,1.0254605798548337],[114.17238444800012,1.0320109518475111]]}},{"type":"Feature","properties":{"name":null,"cls":"tertiary","km":1.37},"geometry":{"type":"LineString","coordinates":[[114.64744666600005,1.4643123953667214],[114.65787122300003,1.4649064823660418]]}},{"type":"Feature","properties":{"name":null,"cls":"tertiary","km":1.36},"geometry":{"type":"LineString","coordinates":[[116.40142298100012,1.0557131468211134],[116.38973988100008,1.0533748258237081]]}},{"type":"Feature","properties":{"name":null,"cls":"tertiary","km":1.36},"geometry":{"type":"LineString","coordinates":[[115.53949604400007,0.946094317943273],[115.54756347600005,0.9547437109335911]]}},{"type":"Feature","properties":{"name":null,"cls":"tertiary","km":1.36},"geometry":{"type":"LineString","coordinates":[[116.90266833300008,0.7663519551437318],[116.89775975400005,0.7664208811436443],[116.90204123800005,0.7612118031494616]]}},{"type":"Feature","properties":{"name":null,"cls":"tertiary","km":1.36},"geometry":{"type":"LineString","coordinates":[[115.77871251600003,0.4157860345352262],[115.76663103100009,0.41683074853405927]]}},{"type":"Feature","properties":{"name":null,"cls":"tertiary","km":1.36},"geometry":{"type":"LineString","coordinates":[[116.0790229170001,0.3336023076270621],[116.07057907500008,0.3412312436185575]]}},{"type":"Feature","properties":{"name":null,"cls":"tertiary","km":1.36},"geometry":{"type":"LineString","coordinates":[[115.60007960300003,0.23163409574104818],[115.59170097700007,0.23967485873208552]]}},{"type":"Feature","properties":{"name":null,"cls":"tertiary","km":1.36},"geometry":{"type":"LineString","coordinates":[[114.65063121700008,1.4699636363603874],[114.64372557600007,1.4776091533519642]]}},{"type":"Feature","properties":{"name":null,"cls":"tertiary","km":1.35},"geometry":{"type":"LineString","coordinates":[[116.91107191100004,0.8570420260425518],[116.91652212500004,0.8671029690313893]]}},{"type":"Feature","properties":{"name":null,"cls":"tertiary","km":1.35},"geometry":{"type":"LineString","coordinates":[[116.58921187900012,0.614567466313147],[116.57865783999999,0.6107365643174423]]}},{"type":"Feature","properties":{"name":null,"cls":"tertiary","km":1.35},"geometry":{"type":"LineString","coordinates":[[116.20443753200004,0.12590419085932095],[116.20109750400002,0.1148005458716902]]}},{"type":"Feature","properties":{"name":null,"cls":"tertiary","km":1.35},"geometry":{"type":"LineString","coordinates":[[116.862111689,0.7023129272151989],[116.85195191700006,0.6979428592200907]]}},{"type":"Feature","properties":{"name":null,"cls":"tertiary","km":1.35},"geometry":{"type":"LineString","coordinates":[[116.39656794500002,0.9417540259481205],[116.40193424000005,0.9397160539503456],[116.39985457800003,0.9337643089570439]]}},{"type":"Feature","properties":{"name":null,"cls":"tertiary","km":1.35},"geometry":{"type":"LineString","coordinates":[[115.50678884300011,0.2497171787208806],[115.5121736640001,0.2473483257235243],[115.51179828900001,0.2413070407302569]]}},{"type":"Feature","properties":{"name":null,"cls":"tertiary","km":1.35},"geometry":{"type":"LineString","coordinates":[[115.69322495900009,0.14855095383395187],[115.68146309200006,0.14961162783277362]]}},{"type":"Feature","properties":{"name":null,"cls":"tertiary","km":1.35},"geometry":{"type":"LineString","coordinates":[[114.80946507100009,1.3450641794991702],[114.81654491400002,1.3539027664893566]]}},{"type":"Feature","properties":{"name":null,"cls":"tertiary","km":1.35},"geometry":{"type":"LineString","coordinates":[[114.90653707200009,1.258728002595129],[114.89878131300009,1.2669453065860148]]}},{"type":"Feature","properties":{"name":null,"cls":"tertiary","km":1.34},"geometry":{"type":"LineString","coordinates":[[115.77663602500003,0.6980063252200002],[115.77252268800011,0.6875268022316782]]}},{"type":"Feature","properties":{"name":null,"cls":"tertiary","km":1.34},"geometry":{"type":"LineString","coordinates":[[116.21410308600002,0.12221943886339039],[116.2216797530001,0.11495272987148192]]}},{"type":"Feature","properties":{"name":null,"cls":"tertiary","km":1.34},"geometry":{"type":"LineString","coordinates":[[116.46405763600002,0.6131553383147605],[116.46171140600008,0.6154814623121418],[116.45915199800002,0.6104567623177997]]}},{"type":"Feature","properties":{"name":null,"cls":"tertiary","km":1.34},"geometry":{"type":"LineString","coordinates":[[114.63224605000005,1.504795068321798],[114.62766875100012,1.5155268413098342]]}},{"type":"Feature","properties":{"name":null,"cls":"tertiary","km":1.33},"geometry":{"type":"LineString","coordinates":[[115.93502526300006,1.1726668826908808],[115.94259395900008,1.1813720826811709]]}},{"type":"Feature","properties":{"name":null,"cls":"tertiary","km":1.33},"geometry":{"type":"LineString","coordinates":[[116.97579628200003,0.6201877073069192],[116.98260250900013,0.6287256142973913]]}},{"type":"Feature","properties":{"name":null,"cls":"tertiary","km":1.33},"geometry":{"type":"LineString","coordinates":[[115.59865456400009,0.20682927476882562],[115.59261232400002,0.21612708875841072]]}},{"type":"Feature","properties":{"name":null,"cls":"tertiary","km":1.33},"geometry":{"type":"LineString","coordinates":[[116.57037273000005,0.7127945882035389],[116.56452533700008,0.7036696362137345]]}},{"type":"Feature","properties":{"name":null,"cls":"tertiary","km":1.33},"geometry":{"type":"LineString","coordinates":[[116.56410866400006,0.8284348670744882],[116.56950186100006,0.8384175320633485]]}},{"type":"Feature","properties":{"name":null,"cls":"tertiary","km":1.33},"geometry":{"type":"LineString","coordinates":[[116.57069960900003,0.9980818698853203],[116.56375195400005,0.9899937048943326]]}},{"type":"Feature","properties":{"name":null,"cls":"tertiary","km":1.33},"geometry":{"type":"LineString","coordinates":[[114.06097646600006,1.021370738859379],[114.05701763000002,1.032010754847506]]}},{"type":"Feature","properties":{"name":null,"cls":"tertiary","km":1.33},"geometry":{"type":"LineString","coordinates":[[115.09899437400009,1.3650999374769044],[115.09163086900003,1.3739028624671052]]}},{"type":"Feature","properties":{"name":null,"cls":"tertiary","km":1.33},"geometry":{"type":"LineString","coordinates":[[114.2156585780001,1.0243951158559905],[114.21057616000007,1.0346415658445662]]}},{"type":"Feature","properties":{"name":null,"cls":"tertiary","km":1.32},"geometry":{"type":"LineString","coordinates":[[116.24314406000008,0.9779488399077556],[116.24308183800007,0.9663625689206612]]}},{"type":"Feature","properties":{"name":null,"cls":"tertiary","km":1.32},"geometry":{"type":"LineString","coordinates":[[115.97062197300009,0.564624225368947],[115.96925693900005,0.553682480381202]]}},{"type":"Feature","properties":{"name":null,"cls":"tertiary","km":1.32},"geometry":{"type":"LineString","coordinates":[[116.45164386400006,0.4549805324914323],[116.44097517700006,0.45499942649143443]]}},{"type":"Feature","properties":{"name":null,"cls":"tertiary","km":1.32},"geometry":{"type":"LineString","coordinates":[[115.67395347000001,0.7594597561514417],[115.6799029440001,0.7692227021405207]]}},{"type":"Feature","properties":{"name":null,"cls":"tertiary","km":1.32},"geometry":{"type":"LineString","coordinates":[[115.74584822600004,0.020565911977076096],[115.7396412500001,0.011374722987340439]]}},{"type":"Feature","properties":{"name":null,"cls":"tertiary","km":1.32},"geometry":{"type":"LineString","coordinates":[[115.93095677400005,0.4200390465304893],[115.92691240900001,0.4245531145254089],[115.93229051300013,0.42520462252473085]]}},{"type":"Feature","properties":{"name":null,"cls":"tertiary","km":1.32},"geometry":{"type":"LineString","coordinates":[[116.6736702190001,0.9653764689217681],[116.6793120530001,0.9750936129109721]]}},{"type":"Feature","properties":{"name":null,"cls":"tertiary","km":1.32},"geometry":{"type":"LineString","coordinates":[[116.10014221100003,0.9316508969593678],[116.100262046,0.9430542889466247]]}},{"type":"Feature","properties":{"name":null,"cls":"tertiary","km":1.32},"geometry":{"type":"LineString","coordinates":[[116.05002057800004,0.41688579353399624],[116.04219691800006,0.42330742052683484]]}},{"type":"Feature","properties":{"name":null,"cls":"tertiary","km":1.32},"geometry":{"type":"LineString","coordinates":[[115.85168165400013,0.5156080304237166],[115.84656677500004,0.5165513374226525],[115.84548835400005,0.522781450415724]]}},{"type":"Feature","properties":{"name":null,"cls":"tertiary","km":1.31},"geometry":{"type":"LineString","coordinates":[[114.11383580300003,1.0377961618410676],[114.11358129900009,1.0490230648285916]]}},{"type":"Feature","properties":{"name":null,"cls":"tertiary","km":1.31},"geometry":{"type":"LineString","coordinates":[[116.7213848130001,0.6190586453081414],[116.71192467800006,0.6241747573024627]]}},{"type":"Feature","properties":{"name":null,"cls":"tertiary","km":1.31},"geometry":{"type":"LineString","coordinates":[[116.54920216800008,0.7023133042152612],[116.55412628300009,0.7032624382141862],[116.55516034000004,0.7090688892076581]]}},{"type":"Feature","properties":{"name":null,"cls":"tertiary","km":1.31},"geometry":{"type":"LineString","coordinates":[[116.52055848400003,0.30817983165551094],[116.52253229900009,0.2993055636654508]]}},{"type":"Feature","properties":{"name":null,"cls":"tertiary","km":1.31},"geometry":{"type":"LineString","coordinates":[[115.51130029500007,0.06559883892675537],[115.50589085700005,0.057069787936226635]]}},{"type":"Feature","properties":{"name":null,"cls":"tertiary","km":1.31},"geometry":{"type":"LineString","coordinates":[[115.51091283100004,0.47792106546579904],[115.52172387100008,0.4813371654620092]]}},{"type":"Feature","properties":{"name":null,"cls":"tertiary","km":1.31},"geometry":{"type":"LineString","coordinates":[[115.7814338400001,0.39486550855862296],[115.77458166100007,0.40313495854936565]]}},{"type":"Feature","properties":{"name":null,"cls":"tertiary","km":1.31},"geometry":{"type":"LineString","coordinates":[[116.76659838,0.7170244271988017],[116.76377906900007,0.7201536591953089],[116.76770434000002,0.7257721651890534]]}},{"type":"Feature","properties":{"name":null,"cls":"tertiary","km":1.31},"geometry":{"type":"LineString","coordinates":[[115.52136702100006,0.07009708792170517],[115.5324094230001,0.06821668592376139]]}},{"type":"Feature","properties":{"name":null,"cls":"tertiary","km":1.3},"geometry":{"type":"LineString","coordinates":[[117.0035904890001,0.8423833430588972],[116.99919139500004,0.8519409950482358]]}},{"type":"Feature","properties":{"name":null,"cls":"tertiary","km":1.3},"geometry":{"type":"LineString","coordinates":[[116.54034336100007,0.696337837221879],[116.54830599800003,0.7022208972153271]]}},{"type":"Feature","properties":{"name":null,"cls":"tertiary","km":1.3},"geometry":{"type":"LineString","coordinates":[[116.19152305700004,0.557084820377356],[116.20049664900012,0.562114259371746]]}},{"type":"Feature","properties":{"name":null,"cls":"tertiary","km":1.3},"geometry":{"type":"LineString","coordinates":[[116.13821451900003,0.09884494488954954],[116.13906712100004,0.10995743887708662]]}},{"type":"Feature","properties":{"name":null,"cls":"tertiary","km":1.3},"geometry":{"type":"LineString","coordinates":[[116.24136983900009,0.13960959184394864],[116.23353320600008,0.1329744058513695]]}},{"type":"Feature","properties":{"name":null,"cls":"tertiary","km":1.3},"geometry":{"type":"LineString","coordinates":[[115.77572128200006,0.3284182726328885],[115.77111656100011,0.3285438016327678],[115.77428970800008,0.3250230626366816]]}},{"type":"Feature","properties":{"name":null,"cls":"tertiary","km":1.3},"geometry":{"type":"LineString","coordinates":[[116.05033716000004,0.8389843750627112],[116.04844752500004,0.8493433370511433]]}},{"type":"Feature","properties":{"name":null,"cls":"tertiary","km":1.3},"geometry":{"type":"LineString","coordinates":[[116.78941565200012,0.6625453942595965],[116.77824607800005,0.6634709612585492]]}},{"type":"Feature","properties":{"name":null,"cls":"tertiary","km":1.3},"geometry":{"type":"LineString","coordinates":[[115.70086613100013,0.1551219838266138],[115.695644118,0.1454544428374447]]}},{"type":"Feature","properties":{"name":null,"cls":"tertiary","km":1.3},"geometry":{"type":"LineString","coordinates":[[116.81464938200008,0.631255396294561],[116.8120014320001,0.6418501752827215]]}},{"type":"Feature","properties":{"name":null,"cls":"tertiary","km":1.3},"geometry":{"type":"LineString","coordinates":[[116.58272756200006,0.9919906808921124],[116.59190073100002,0.9972393158862504]]}},{"type":"Feature","properties":{"name":null,"cls":"tertiary","km":1.3},"geometry":{"type":"LineString","coordinates":[[114.70142221100002,1.5622613562580352],[114.70080311700008,1.573649973245384]]}},{"type":"Feature","properties":{"name":null,"cls":"tertiary","km":1.3},"geometry":{"type":"LineString","coordinates":[[114.53755160000004,1.1837859646785194],[114.53413680900007,1.1929310976682925]]}},{"type":"Feature","properties":{"name":null,"cls":"tertiary","km":1.3},"geometry":{"type":"LineString","coordinates":[[114.27753498200002,1.0663662768092397],[114.26878805000003,1.0712539678038182]]}},{"type":"Feature","properties":{"name":null,"cls":"tertiary","km":1.29},"geometry":{"type":"LineString","coordinates":[[116.55162047900001,0.8685167020297868],[116.55700712900011,0.8586687990407431]]}},{"type":"Feature","properties":{"name":null,"cls":"tertiary","km":1.29},"geometry":{"type":"LineString","coordinates":[[115.91825068400011,0.042946421952038204],[115.92453836200002,0.03342112396266654]]}},{"type":"Feature","properties":{"name":null,"cls":"tertiary","km":1.29},"geometry":{"type":"LineString","coordinates":[[116.55738380600008,0.21570406275884244],[116.54642364600011,0.21233330676266574]]}},{"type":"Feature","properties":{"name":null,"cls":"tertiary","km":1.29},"geometry":{"type":"LineString","coordinates":[[115.74983260900001,0.3285035396327997],[115.75512133100007,0.33194949262892226],[115.75356035000004,0.327288024634115]]}},{"type":"Feature","properties":{"name":null,"cls":"tertiary","km":1.29},"geometry":{"type":"LineString","coordinates":[[115.60167251200005,0.5890355593417312],[115.60143535100008,0.5826818353487967],[115.6058940900001,0.5808578303508385]]}},{"type":"Feature","properties":{"name":null,"cls":"tertiary","km":1.29},"geometry":{"type":"LineString","coordinates":[[115.557501462,0.25976574070960406],[115.56415075800011,0.25063436671980377]]}},{"type":"Feature","properties":{"name":null,"cls":"tertiary","km":1.29},"geometry":{"type":"LineString","coordinates":[[116.51054173300008,0.4602658314855292],[116.50175504000003,0.46753258347738963]]}},{"type":"Feature","properties":{"name":null,"cls":"tertiary","km":1.29},"geometry":{"type":"LineString","coordinates":[[114.90477608300012,1.2679128235849288],[114.90753644300003,1.2785941915730792]]}},{"type":"Feature","properties":{"name":null,"cls":"tertiary","km":1.28},"geometry":{"type":"LineString","coordinates":[[116.05542783200006,0.22345668975021593],[116.0526427120001,0.2337551377386902]]}},{"type":"Feature","properties":{"name":null,"cls":"tertiary","km":1.28},"geometry":{"type":"LineString","coordinates":[[115.60716480700012,0.2022183837739571],[115.60933225900008,0.21251321576243257]]}},{"type":"Feature","properties":{"name":null,"cls":"tertiary","km":1.28},"geometry":{"type":"LineString","coordinates":[[116.56161562800004,0.5890821753416167],[116.56574987900001,0.5992673643302755]]}},{"type":"Feature","properties":{"name":null,"cls":"tertiary","km":1.28},"geometry":{"type":"LineString","coordinates":[[116.02042848400004,0.10296819788492585],[116.0208863900001,0.11439975587216891]]}},{"type":"Feature","properties":{"name":null,"cls":"tertiary","km":1.28},"geometry":{"type":"LineString","coordinates":[[116.03440815600003,0.09709124189147574],[116.023224303,0.09747825689106972]]}},{"type":"Feature","properties":{"name":null,"cls":"tertiary","km":1.28},"geometry":{"type":"LineString","coordinates":[[116.20369770600007,0.11441181187213581],[116.214485404,0.11580272287058985]]}},{"type":"Feature","properties":{"name":null,"cls":"tertiary","km":1.28},"geometry":{"type":"LineString","coordinates":[[115.596277955,0.6913695782274203],[115.60723592700003,0.6936944312248057]]}},{"type":"Feature","properties":{"name":null,"cls":"tertiary","km":1.28},"geometry":{"type":"LineString","coordinates":[[116.26622427600012,0.7818523631264167],[116.26879179400011,0.7762772261326474],[116.26690365700007,0.7790169181296517]]}},{"type":"Feature","properties":{"name":null,"cls":"tertiary","km":1.28},"geometry":{"type":"LineString","coordinates":[[116.71622526400006,0.9031393689911097],[116.70650940000007,0.9084437819852565]]}},{"type":"Feature","properties":{"name":null,"cls":"tertiary","km":1.28},"geometry":{"type":"LineString","coordinates":[[115.66903752600003,0.14709304383555805],[115.67560341800005,0.155649377826009]]}},{"type":"Feature","properties":{"name":null,"cls":"tertiary","km":1.28},"geometry":{"type":"LineString","coordinates":[[115.11100705200012,1.5401623742825827],[115.1064894880001,1.5503755072711984]]}},{"type":"Feature","properties":{"name":null,"cls":"tertiary","km":1.28},"geometry":{"type":"LineString","coordinates":[[114.194076257,0.8921352790034267],[114.18616396800007,0.9001590649944778]]}},{"type":"Feature","properties":{"name":null,"cls":"tertiary","km":1.27},"geometry":{"type":"LineString","coordinates":[[115.86255038000003,0.8111737240937587],[115.87302615600005,0.811691516093164]]}},{"type":"Feature","properties":{"name":null,"cls":"tertiary","km":1.27},"geometry":{"type":"LineString","coordinates":[[116.16864072900012,0.007273046991955055],[116.17831824400004,0.008718627990303726]]}},{"type":"Feature","properties":{"name":null,"cls":"tertiary","km":1.27},"geometry":{"type":"LineString","coordinates":[[115.79206302900003,0.3614953455959042],[115.7867979010001,0.3524586346060399]]}},{"type":"Feature","properties":{"name":null,"cls":"tertiary","km":1.27},"geometry":{"type":"LineString","coordinates":[[116.25362308800004,1.6437365451677146],[116.24236403100008,1.6427492891687863]]}},{"type":"Feature","properties":{"name":null,"cls":"tertiary","km":1.27},"geometry":{"type":"LineString","coordinates":[[115.52667974200006,0.9615482169260717],[115.532225443,0.9707669379157392]]}},{"type":"Feature","properties":{"name":null,"cls":"tertiary","km":1.27},"geometry":{"type":"LineString","coordinates":[[116.41976314200008,0.728981076185458],[116.43094549300008,0.730468706183786]]}},{"type":"Feature","properties":{"name":null,"cls":"tertiary","km":1.27},"geometry":{"type":"LineString","coordinates":[[115.69751353600009,0.14180491884146484],[115.70721227600006,0.1472667578353885]]}},{"type":"Feature","properties":{"name":null,"cls":"tertiary","km":1.27},"geometry":{"type":"LineString","coordinates":[[115.65463679900006,0.4527324934939353],[115.65406237500008,0.44687226950048275],[115.65893314000004,0.4446995955028792]]}},{"type":"Feature","properties":{"name":null,"cls":"tertiary","km":1.27},"geometry":{"type":"LineString","coordinates":[[116.31928880700002,0.36146764359597244],[116.3096007480001,0.35786674659997914]]}},{"type":"Feature","properties":{"name":null,"cls":"tertiary","km":1.27},"geometry":{"type":"LineString","coordinates":[[116.00731131300006,0.22883908074421214],[116.00797735500011,0.22012643675390645]]}},{"type":"Feature","properties":{"name":null,"cls":"tertiary","km":1.27},"geometry":{"type":"LineString","coordinates":[[114.05388202500001,1.0987686887731627],[114.06269206600007,1.0964231417757397]]}},{"type":"Feature","properties":{"name":null,"cls":"tertiary","km":1.27},"geometry":{"type":"LineString","coordinates":[[114.13943254200001,1.0583728448181604],[114.1302487580001,1.0639907248118954]]}},{"type":"Feature","properties":{"name":null,"cls":"tertiary","km":1.26},"geometry":{"type":"LineString","coordinates":[[116.8969293250001,0.8514750920487493],[116.8901293890001,0.8601278380390883]]}},{"type":"Feature","properties":{"name":null,"cls":"tertiary","km":1.26},"geometry":{"type":"LineString","coordinates":[[114.12471912700005,1.0464946898313745],[114.12517156700005,1.0574479968191648]]}},{"type":"Feature","properties":{"name":null,"cls":"tertiary","km":1.26},"geometry":{"type":"LineString","coordinates":[[116.32706203900011,0.6565561322662818],[116.33730256400008,0.6567897672660439]]}},{"type":"Feature","properties":{"name":null,"cls":"tertiary","km":1.26},"geometry":{"type":"LineString","coordinates":[[116.55855044000009,0.7286730191857789],[116.5610421870001,0.738747486174552]]}},{"type":"Feature","properties":{"name":null,"cls":"tertiary","km":1.26},"geometry":{"type":"LineString","coordinates":[[116.8684322360001,0.7127387062035588],[116.87052671600009,0.7025696532149444]]}},{"type":"Feature","properties":{"name":null,"cls":"tertiary","km":1.26},"geometry":{"type":"LineString","coordinates":[[116.78496082200002,0.7537710031577517],[116.79113102100007,0.7612162491494937]]}},{"type":"Feature","properties":{"name":null,"cls":"tertiary","km":1.26},"geometry":{"type":"LineString","coordinates":[[116.41199149600004,0.2879067196781167],[116.40435844900004,0.29363214067174415]]}},{"type":"Feature","properties":{"name":null,"cls":"tertiary","km":1.26},"geometry":{"type":"LineString","coordinates":[[115.74872314200003,0.2759405646915262],[115.74214505100008,0.28446659468198005]]}},{"type":"Feature","properties":{"name":null,"cls":"tertiary","km":1.26},"geometry":{"type":"LineString","coordinates":[[116.10812662800004,0.7489987041630737],[116.09952253900008,0.7423992821704729]]}},{"type":"Feature","properties":{"name":null,"cls":"tertiary","km":1.26},"geometry":{"type":"LineString","coordinates":[[114.28695109500006,1.0714799318035506],[114.27871601200002,1.079160918795007]]}},{"type":"Feature","properties":{"name":null,"cls":"tertiary","km":1.25},"geometry":{"type":"LineString","coordinates":[[116.3891690920001,0.2962463266688744],[116.38134958400008,0.30045127166413266]]}},{"type":"Feature","properties":{"name":null,"cls":"tertiary","km":1.25},"geometry":{"type":"LineString","coordinates":[[115.54999408100001,0.3040997816600402],[115.54260642700001,0.29607725566902365]]}},{"type":"Feature","properties":{"name":null,"cls":"tertiary","km":1.25},"geometry":{"type":"LineString","coordinates":[[114.02314985300006,1.1179961277517874],[114.01649736500008,1.1265133787423007]]}},{"type":"Feature","properties":{"name":null,"cls":"tertiary","km":1.25},"geometry":{"type":"LineString","coordinates":[[116.25930541800007,1.0214517478592986],[116.25355847200001,1.030884115848733]]}},{"type":"Feature","properties":{"name":null,"cls":"tertiary","km":1.25},"geometry":{"type":"LineString","coordinates":[[116.63187028100003,0.9614611039261404],[116.63430037500007,0.9698402869168208]]}},{"type":"Feature","properties":{"name":null,"cls":"tertiary","km":1.25},"geometry":{"type":"LineString","coordinates":[[116.99293412600001,0.7855903241222851],[116.98623477300009,0.7896398661177634]]}},{"type":"Feature","properties":{"name":null,"cls":"tertiary","km":1.25},"geometry":{"type":"LineString","coordinates":[[115.84936142900004,0.4695152894752255],[115.84641318400008,0.47424548646994547],[115.84180416100004,0.47235244047205294]]}},{"type":"Feature","properties":{"name":null,"cls":"tertiary","km":1.25},"geometry":{"type":"LineString","coordinates":[[116.14247961400008,0.8263837830767602],[116.152987542,0.8229195530806407]]}},{"type":"Feature","properties":{"name":null,"cls":"tertiary","km":1.25},"geometry":{"type":"LineString","coordinates":[[116.31955053700005,0.3690693735874476],[116.31112151900004,0.3629229155943288]]}},{"type":"Feature","properties":{"name":null,"cls":"tertiary","km":1.25},"geometry":{"type":"LineString","coordinates":[[116.74541195500001,0.9048483699892573],[116.739911688,0.9050007869891002],[116.74349725200011,0.9084239439852625]]}},{"type":"Feature","properties":{"name":null,"cls":"tertiary","km":1.25},"geometry":{"type":"LineString","coordinates":[[115.97910111200007,0.22708331974612117],[115.97884229400006,0.21628753675819315]]}},{"type":"Feature","properties":{"name":null,"cls":"tertiary","km":1.25},"geometry":{"type":"LineString","coordinates":[[115.99408756100001,0.2737731736939766],[115.98342637500001,0.27418264769345696]]}},{"type":"Feature","properties":{"name":null,"cls":"tertiary","km":1.25},"geometry":{"type":"LineString","coordinates":[[116.2797894800001,0.7935027091134473],[116.28297216000011,0.7856232111222581]]}},{"type":"Feature","properties":{"name":null,"cls":"tertiary","km":1.25},"geometry":{"type":"LineString","coordinates":[[116.04914851300009,0.2789044836882602],[116.0526438290001,0.2888894876770622]]}},{"type":"Feature","properties":{"name":null,"cls":"tertiary","km":1.25},"geometry":{"type":"LineString","coordinates":[[116.80138017000002,0.7577679391533395],[116.79852122400007,0.7683335621415406]]}},{"type":"Feature","properties":{"name":null,"cls":"tertiary","km":1.25},"geometry":{"type":"LineString","coordinates":[[116.09875122000007,0.03471929096120885],[116.09041941900013,0.040079602955231386]]}},{"type":"Feature","properties":{"name":null,"cls":"tertiary","km":1.25},"geometry":{"type":"LineString","coordinates":[[114.65645342800008,1.5724401572467566],[114.65296957400005,1.582973158235071]]}},{"type":"Feature","properties":{"name":null,"cls":"tertiary","km":1.25},"geometry":{"type":"LineString","coordinates":[[114.53870519000009,1.1127249257576013],[114.53123098000003,1.1206783757487715]]}},{"type":"Feature","properties":{"name":null,"cls":"tertiary","km":1.24},"geometry":{"type":"LineString","coordinates":[[116.61683066600007,1.5300210322937988],[116.61236336500008,1.5203353273045463]]}},{"type":"Feature","properties":{"name":null,"cls":"tertiary","km":1.24},"geometry":{"type":"LineString","coordinates":[[116.2704799910001,1.4147400964217296],[116.26562625600002,1.4180120724181307],[116.26682040900006,1.422730967412849]]}},{"type":"Feature","properties":{"name":null,"cls":"tertiary","km":1.24},"geometry":{"type":"LineString","coordinates":[[116.53969945900008,0.9327269129581861],[116.54957669600002,0.9357998889547497]]}},{"type":"Feature","properties":{"name":null,"cls":"tertiary","km":1.24},"geometry":{"type":"LineString","coordinates":[[115.96059283000011,0.0036949659959176337],[115.96159385200006,0.014472801983853076]]}},{"type":"Feature","properties":{"name":null,"cls":"tertiary","km":1.24},"geometry":{"type":"LineString","coordinates":[[116.55818991100011,0.6878850842313424],[116.56287940900006,0.6782612852420805]]}},{"type":"Feature","properties":{"name":null,"cls":"tertiary","km":1.24},"geometry":{"type":"LineString","coordinates":[[115.80407981400005,0.05102099494302018],[115.79942456700006,0.049707219944485626],[115.801335901,0.05439938593923415]]}},{"type":"Feature","properties":{"name":null,"cls":"tertiary","km":1.24},"geometry":{"type":"LineString","coordinates":[[116.05955864200007,0.20505972377076084],[116.06845460600005,0.20020641077623472]]}},{"type":"Feature","properties":{"name":null,"cls":"tertiary","km":1.24},"geometry":{"type":"LineString","coordinates":[[115.55124440900012,0.11766452786847728],[115.55244178700003,0.10662386488087895]]}},{"type":"Feature","properties":{"name":null,"cls":"tertiary","km":1.24},"geometry":{"type":"LineString","coordinates":[[115.67533753500005,0.6325242372930953],[115.66467501700004,0.6352710592900506]]}},{"type":"Feature","properties":{"name":null,"cls":"tertiary","km":1.24},"geometry":{"type":"LineString","coordinates":[[116.45248290400002,0.8918629120037443],[116.44697746100007,0.8983254869965331]]}},{"type":"Feature","properties":{"name":null,"cls":"tertiary","km":1.24},"geometry":{"type":"LineString","coordinates":[[114.68390770900011,1.574689234244227],[114.68809130000012,1.5849092132329101]]}},{"type":"Feature","properties":{"name":null,"cls":"tertiary","km":1.24},"geometry":{"type":"LineString","coordinates":[[114.90086976000008,1.2708283645817042],[114.89504567200004,1.2799611815715681]]}},{"type":"Feature","properties":{"name":null,"cls":"tertiary","km":1.23},"geometry":{"type":"LineString","coordinates":[[116.80775153500008,0.5956878923342659],[116.79928095600008,0.5942855353357891]]}},{"type":"Feature","properties":{"name":null,"cls":"tertiary","km":1.23},"geometry":{"type":"LineString","coordinates":[[116.37105103700003,1.453016158379272],[116.37884037300012,1.449233326383434]]}},{"type":"Feature","properties":{"name":null,"cls":"tertiary","km":1.23},"geometry":{"type":"LineString","coordinates":[[116.96756756600006,0.7452873111672877],[116.9766097690001,0.7500399741619436]]}},{"type":"Feature","properties":{"name":null,"cls":"tertiary","km":1.23},"geometry":{"type":"LineString","coordinates":[[116.40965351400007,0.9475249459416453],[116.40193424000005,0.9397160539503456]]}},{"type":"Feature","properties":{"name":null,"cls":"tertiary","km":1.23},"geometry":{"type":"LineString","coordinates":[[116.89418305900006,1.4572858723744844],[116.88381680100008,1.4611427863702369]]}},{"type":"Feature","properties":{"name":null,"cls":"tertiary","km":1.23},"geometry":{"type":"LineString","coordinates":[[116.21977838300006,1.4251410164101588],[116.22730328900002,1.4174262054187936]]}},{"type":"Feature","properties":{"name":null,"cls":"tertiary","km":1.23},"geometry":{"type":"LineString","coordinates":[[115.80305609100004,0.03812832995743727],[115.8003318640001,0.04871861094555382]]}},{"type":"Feature","properties":{"name":null,"cls":"tertiary","km":1.23},"geometry":{"type":"LineString","coordinates":[[116.89898499600007,0.4362385025123637],[116.90735238100001,0.44260754350529463]]}},{"type":"Feature","properties":{"name":null,"cls":"tertiary","km":1.23},"geometry":{"type":"LineString","coordinates":[[116.65035284400004,0.9140393279790088],[116.64872752800012,0.9246056339672054]]}},{"type":"Feature","properties":{"name":null,"cls":"tertiary","km":1.23},"geometry":{"type":"LineString","coordinates":[[116.53742305800006,0.7047189212125159],[116.54514859800008,0.7071552292098401]]}},{"type":"Feature","properties":{"name":null,"cls":"tertiary","km":1.23},"geometry":{"type":"LineString","coordinates":[[116.7941450400001,0.8312786140712646],[116.78695886100002,0.8237133090797745]]}},{"type":"Feature","properties":{"name":null,"cls":"tertiary","km":1.23},"geometry":{"type":"LineString","coordinates":[[116.31251514900009,0.19915565177739888],[116.30213650300006,0.19608770278079243]]}},{"type":"Feature","properties":{"name":null,"cls":"tertiary","km":1.23},"geometry":{"type":"LineString","coordinates":[[116.50109322700008,0.6653022892565505],[116.49060776400006,0.6645537722573479]]}},{"type":"Feature","properties":{"name":null,"cls":"tertiary","km":1.23},"geometry":{"type":"LineString","coordinates":[[115.84227380100003,0.6697678102515577],[115.83129146100009,0.6688861092525539]]}},{"type":"Feature","properties":{"name":null,"cls":"tertiary","km":1.23},"geometry":{"type":"LineString","coordinates":[[116.11716385500004,0.7219070361933538],[116.12452943300002,0.7294090231849717]]}},{"type":"Feature","properties":{"name":null,"cls":"tertiary","km":1.23},"geometry":{"type":"LineString","coordinates":[[116.2653106140001,0.07326769691815738],[116.26080519800009,0.07090029592075643],[116.26144395800009,0.07546586591568726]]}},{"type":"Feature","properties":{"name":null,"cls":"tertiary","km":1.23},"geometry":{"type":"LineString","coordinates":[[115.9113809270001,0.45586887249042424],[115.90832463800007,0.45262293349408567],[115.91437480900005,0.4535571884930412]]}},{"type":"Feature","properties":{"name":null,"cls":"tertiary","km":1.22},"geometry":{"type":"LineString","coordinates":[[116.33754186800003,1.4959882173315167],[116.34759624600008,1.4965244073309825]]}},{"type":"Feature","properties":{"name":null,"cls":"tertiary","km":1.22},"geometry":{"type":"LineString","coordinates":[[116.92359039400004,0.4244060565256288],[116.91730624600007,0.4324464875166147]]}},{"type":"Feature","properties":{"name":null,"cls":"tertiary","km":1.22},"geometry":{"type":"LineString","coordinates":[[116.29323069300005,0.7225118051926788],[116.28856750400008,0.7130293282032754]]}},{"type":"Feature","properties":{"name":null,"cls":"tertiary","km":1.22},"geometry":{"type":"LineString","coordinates":[[116.54905224500011,0.7723365231370579],[116.54458251300001,0.7817214741265723]]}},{"type":"Feature","properties":{"name":null,"cls":"tertiary","km":1.22},"geometry":{"type":"LineString","coordinates":[[116.40784135400008,0.46889497447590883],[116.41270466000002,0.46045222248537016]]}},{"type":"Feature","properties":{"name":null,"cls":"tertiary","km":1.22},"geometry":{"type":"LineString","coordinates":[[116.58430680800008,0.7800193461284887],[116.58137834800004,0.7706734191388935]]}},{"type":"Feature","properties":{"name":null,"cls":"tertiary","km":1.22},"geometry":{"type":"LineString","coordinates":[[116.8292307270001,0.6717223292493558],[116.83723279400012,0.6760652212444961]]}},{"type":"Feature","properties":{"name":null,"cls":"tertiary","km":1.22},"geometry":{"type":"LineString","coordinates":[[116.79028569300011,0.7914571531157147],[116.78119012400009,0.7928108251142025]]}},{"type":"Feature","properties":{"name":null,"cls":"tertiary","km":1.22},"geometry":{"type":"LineString","coordinates":[[115.51571648800005,0.2698449136983313],[115.50912535100008,0.26149220470765777]]}},{"type":"Feature","properties":{"name":null,"cls":"tertiary","km":1.22},"geometry":{"type":"LineString","coordinates":[[116.40976512200007,0.25581723371404674],[116.400094308,0.2566274957131]]}},{"type":"Feature","properties":{"name":null,"cls":"tertiary","km":1.22},"geometry":{"type":"LineString","coordinates":[[115.73294636300011,0.27311396569467833],[115.723928709,0.27129825269673846]]}},{"type":"Feature","properties":{"name":null,"cls":"tertiary","km":1.21},"geometry":{"type":"LineString","coordinates":[[116.96970616400007,0.8220025200816439],[116.97749918100011,0.828727079074108]]}},{"type":"Feature","properties":{"name":null,"cls":"tertiary","km":1.21},"geometry":{"type":"LineString","coordinates":[[116.58336196800006,0.9465910679426888],[116.57706614100005,0.9547211039336281]]}},{"type":"Feature","properties":{"name":null,"cls":"tertiary","km":1.21},"geometry":{"type":"LineString","coordinates":[[116.38317503100008,0.5960530433338316],[116.38808465800001,0.6021217983270727]]}},{"type":"Feature","properties":{"name":null,"cls":"tertiary","km":1.21},"geometry":{"type":"LineString","coordinates":[[116.34866544200008,0.7005178622172396],[116.34521481100002,0.6905059882283643]]}},{"type":"Feature","properties":{"name":null,"cls":"tertiary","km":1.21},"geometry":{"type":"LineString","coordinates":[[116.39616529700002,0.2938083736715736],[116.39139752500013,0.2849295336815154]]}},{"type":"Feature","properties":{"name":null,"cls":"tertiary","km":1.21},"geometry":{"type":"LineString","coordinates":[[115.66333300400005,0.778987965129624],[115.6583369210001,0.7702400141394024]]}},{"type":"Feature","properties":{"name":null,"cls":"tertiary","km":1.21},"geometry":{"type":"LineString","coordinates":[[116.30667465300009,0.8530591830470257],[116.3114960910001,0.8490197970515145],[116.31467929100006,0.8514589290487695]]}},{"type":"Feature","properties":{"name":null,"cls":"tertiary","km":1.21},"geometry":{"type":"LineString","coordinates":[[116.813638232,0.7722382171371693],[116.80389349300003,0.7757655611332711]]}},{"type":"Feature","properties":{"name":null,"cls":"tertiary","km":1.21},"geometry":{"type":"LineString","coordinates":[[115.86907705500005,0.6342170442912712],[115.85828687700008,0.6354082642898924]]}},{"type":"Feature","properties":{"name":null,"cls":"tertiary","km":1.21},"geometry":{"type":"LineString","coordinates":[[115.74775044800005,0.27199625869594896],[115.74151556500011,0.28052202268641185]]}},{"type":"Feature","properties":{"name":null,"cls":"tertiary","km":1.21},"geometry":{"type":"LineString","coordinates":[[114.65063121700008,1.4699636363603874],[114.64230018900004,1.4757738763539914]]}},{"type":"Feature","properties":{"name":null,"cls":"tertiary","km":1.21},"geometry":{"type":"LineString","coordinates":[[115.133720487,1.5514324142700662],[115.13317456100005,1.561626303258769]]}},{"type":"Feature","properties":{"name":null,"cls":"tertiary","km":1.2},"geometry":{"type":"LineString","coordinates":[[115.83895126900006,0.14991042183243716],[115.83030073000008,0.14593579483689684]]}},{"type":"Feature","properties":{"name":null,"cls":"tertiary","km":1.2},"geometry":{"type":"LineString","coordinates":[[115.5759339350001,0.30844336265521355],[115.56840769100006,0.3155129896473321]]}},{"type":"Feature","properties":{"name":null,"cls":"tertiary","km":1.2},"geometry":{"type":"LineString","coordinates":[[116.44859660100009,0.24457739772659667],[116.4566727890001,0.2388787867329319]]}},{"type":"Feature","properties":{"name":null,"cls":"tertiary","km":1.2},"geometry":{"type":"LineString","coordinates":[[116.75661652100007,0.8825077400141734],[116.75614504000009,0.8875287490085643],[116.76100798700008,0.8874176070086718]]}},{"type":"Feature","properties":{"name":null,"cls":"tertiary","km":1.2},"geometry":{"type":"LineString","coordinates":[[116.7301204380001,0.6506266012729287],[116.73026254500006,0.6458288632782999],[116.73567563400003,0.6483490692754775]]}},{"type":"Feature","properties":{"name":null,"cls":"tertiary","km":1.2},"geometry":{"type":"LineString","coordinates":[[115.74150811100002,0.030692309965742702],[115.74726927100005,0.037293197958336605]]}},{"type":"Feature","properties":{"name":null,"cls":"tertiary","km":1.2},"geometry":{"type":"LineString","coordinates":[[116.52508405000003,0.6799126662402217],[116.51921335000009,0.6712334302499507]]}},{"type":"Feature","properties":{"name":null,"cls":"tertiary","km":1.2},"geometry":{"type":"LineString","coordinates":[[115.87313821200009,0.5090425704310724],[115.86812549800004,0.517852916421171]]}},{"type":"Feature","properties":{"name":null,"cls":"tertiary","km":1.2},"geometry":{"type":"LineString","coordinates":[[116.97578142800013,0.7201338091953187],[116.98071735700013,0.7217579121935092],[116.98085682100009,0.7271590751874404]]}},{"type":"Feature","properties":{"name":null,"cls":"tertiary","km":1.2},"geometry":{"type":"LineString","coordinates":[[116.10497173800002,0.4182599045324831],[116.11141297800009,0.4246870365252979]]}},{"type":"Feature","properties":{"name":null,"cls":"tertiary","km":1.2},"geometry":{"type":"LineString","coordinates":[[115.15205697200008,1.5494814572721913],[115.15135445300007,1.559729447260833]]}},{"type":"Feature","properties":{"name":null,"cls":"tertiary","km":1.2},"geometry":{"type":"LineString","coordinates":[[114.79838648200007,1.4501899313823827],[114.80672405600001,1.4564424183754072]]}},{"type":"Feature","properties":{"name":null,"cls":"tertiary","km":1.19},"geometry":{"type":"LineString","coordinates":[[115.65301706000002,0.3888782865653491],[115.65856053400013,0.39723467655595657]]}},{"type":"Feature","properties":{"name":null,"cls":"tertiary","km":1.19},"geometry":{"type":"LineString","coordinates":[[115.60907109600011,0.3839348665708347],[115.59847129700006,0.3841810615705505]]}},{"type":"Feature","properties":{"name":null,"cls":"tertiary","km":1.19},"geometry":{"type":"LineString","coordinates":[[116.97522792900008,0.4319401375172096],[116.97763558600002,0.43492417351384727],[116.98063439100008,0.4300536785192667]]}},{"type":"Feature","properties":{"name":null,"cls":"tertiary","km":1.19},"geometry":{"type":"LineString","coordinates":[[116.45116962200007,1.095777870776475],[116.4501715980001,1.105653560765464]]}},{"type":"Feature","properties":{"name":null,"cls":"tertiary","km":1.19},"geometry":{"type":"LineString","coordinates":[[116.56059435800012,0.5720156433606994],[116.55868240100007,0.5813849263502301]]}},{"type":"Feature","properties":{"name":null,"cls":"tertiary","km":1.19},"geometry":{"type":"LineString","coordinates":[[116.37375639600008,0.43091530751836365],[116.37556598800006,0.43891060950941085]]}},{"type":"Feature","properties":{"name":null,"cls":"tertiary","km":1.19},"geometry":{"type":"LineString","coordinates":[[115.99997194400011,0.09481170989401112],[115.99679967400004,0.10412972188361515]]}},{"type":"Feature","properties":{"name":null,"cls":"tertiary","km":1.19},"geometry":{"type":"LineString","coordinates":[[116.44565982600012,0.4856785854571603],[116.45034220800004,0.4848829144580665],[116.44868588200008,0.47934688346420445]]}},{"type":"Feature","properties":{"name":null,"cls":"tertiary","km":1.19},"geometry":{"type":"LineString","coordinates":[[116.25082192100002,0.05041230294367369],[116.24666417700007,0.05877604193430432]]}},{"type":"Feature","properties":{"name":null,"cls":"tertiary","km":1.19},"geometry":{"type":"LineString","coordinates":[[115.64191318300004,0.464070369481299],[115.65207676700004,0.46694050247808955]]}},{"type":"Feature","properties":{"name":null,"cls":"tertiary","km":1.19},"geometry":{"type":"LineString","coordinates":[[115.84721067400005,0.6529462542703621],[115.8568929070001,0.649351681274343]]}},{"type":"Feature","properties":{"name":null,"cls":"tertiary","km":1.19},"geometry":{"type":"LineString","coordinates":[[115.65047709500004,0.432865777516168],[115.6598537000001,0.43674742851178516]]}},{"type":"Feature","properties":{"name":null,"cls":"tertiary","km":1.19},"geometry":{"type":"LineString","coordinates":[[115.90107095900011,0.01600996798215488],[115.90513287700001,0.018972856978823973],[115.90390841100007,0.01491147198338516]]}},{"type":"Feature","properties":{"name":null,"cls":"tertiary","km":1.19},"geometry":{"type":"LineString","coordinates":[[115.8216679640001,0.05322742694051338],[115.821420815,0.04824210794614088],[115.82577149500003,0.05118474794281001]]}},{"type":"Feature","properties":{"name":null,"cls":"tertiary","km":1.19},"geometry":{"type":"LineString","coordinates":[[116.98965274600005,0.37262207558346233],[116.99404002200005,0.36393495259319897]]}},{"type":"Feature","properties":{"name":null,"cls":"tertiary","km":1.19},"geometry":{"type":"LineString","coordinates":[[116.54816337400007,0.6614618962607901],[116.550216481,0.6512400942722383]]}},{"type":"Feature","properties":{"name":null,"cls":"tertiary","km":1.18},"geometry":{"type":"LineString","coordinates":[[116.38730159300007,1.0232590488572606],[116.3965699140001,1.0196282218612924]]}},{"type":"Feature","properties":{"name":null,"cls":"tertiary","km":1.18},"geometry":{"type":"LineString","coordinates":[[116.0397538960001,0.053772301939907875],[116.03618701700009,0.06356585392898402]]}},{"type":"Feature","properties":{"name":null,"cls":"tertiary","km":1.18},"geometry":{"type":"LineString","coordinates":[[116.19267244500008,0.1641255558165394],[116.20192282300002,0.16743212781283764]]}},{"type":"Feature","properties":{"name":null,"cls":"tertiary","km":1.18},"geometry":{"type":"LineString","coordinates":[[116.91542464800011,0.7740271691351773],[116.92065909700011,0.7656709751444812]]}},{"type":"Feature","properties":{"name":null,"cls":"tertiary","km":1.18},"geometry":{"type":"LineString","coordinates":[[116.395957468,0.6983954312195914],[116.38809761100005,0.6929323102256758]]}},{"type":"Feature","properties":{"name":null,"cls":"tertiary","km":1.18},"geometry":{"type":"LineString","coordinates":[[116.83158508200006,0.647909703275927],[116.8410918190001,0.6503658422732082]]}},{"type":"Feature","properties":{"name":null,"cls":"tertiary","km":1.18},"geometry":{"type":"LineString","coordinates":[[116.58773414100007,0.9861125238986772],[116.59291366800007,0.9947420318890139]]}},{"type":"Feature","properties":{"name":null,"cls":"tertiary","km":1.18},"geometry":{"type":"LineString","coordinates":[[115.71396089600013,0.14992080883239245],[115.72263382400003,0.1444670228385228]]}},{"type":"Feature","properties":{"name":null,"cls":"tertiary","km":1.18},"geometry":{"type":"LineString","coordinates":[[115.65900513200006,0.3948518355586351],[115.66604747699999,0.38858585056568096]]}},{"type":"Feature","properties":{"name":null,"cls":"tertiary","km":1.18},"geometry":{"type":"LineString","coordinates":[[116.7088933320001,0.8482818060522969],[116.71421498000008,0.8571732350424327]]}},{"type":"Feature","properties":{"name":null,"cls":"tertiary","km":1.18},"geometry":{"type":"LineString","coordinates":[[114.90086976000008,1.2708283645817042],[114.89406455400002,1.277720825574047]]}},{"type":"Feature","properties":{"name":null,"cls":"tertiary","km":1.18},"geometry":{"type":"LineString","coordinates":[[115.34310372900006,1.6170789821972826],[115.3403388280001,1.6264869061868659]]}},{"type":"Feature","properties":{"name":null,"cls":"tertiary","km":1.18},"geometry":{"type":"LineString","coordinates":[[114.38615414700007,1.12275126474645],[114.37865616700003,1.129059596739431]]}},{"type":"Feature","properties":{"name":null,"cls":"tertiary","km":1.17},"geometry":{"type":"LineString","coordinates":[[116.30038087300012,0.37466468358117594],[116.29464957600011,0.3829679915718892]]}},{"type":"Feature","properties":{"name":null,"cls":"tertiary","km":1.17},"geometry":{"type":"LineString","coordinates":[[116.25196692600004,1.4325071944020555],[116.25728956800003,1.4238513144116158]]}},{"type":"Feature","properties":{"name":null,"cls":"tertiary","km":1.17},"geometry":{"type":"LineString","coordinates":[[116.98131114500006,0.6301964632957169],[116.97273141900007,0.6344544822910114]]}},{"type":"Feature","properties":{"name":null,"cls":"tertiary","km":1.17},"geometry":{"type":"LineString","coordinates":[[116.65191031400002,0.9694620579171986],[116.65771440500009,0.9610180109266484]]}},{"type":"Feature","properties":{"name":null,"cls":"tertiary","km":1.17},"geometry":{"type":"LineString","coordinates":[[116.30571899000007,0.7317905151823185],[116.30936138300001,0.7412880331717]]}},{"type":"Feature","properties":{"name":null,"cls":"tertiary","km":1.17},"geometry":{"type":"LineString","coordinates":[[116.64018503600005,0.7920754381150367],[116.63772214100004,0.80076769310535]]}},{"type":"Feature","properties":{"name":null,"cls":"tertiary","km":1.17},"geometry":{"type":"LineString","coordinates":[[116.36555388300008,0.4418164675061948],[116.37140992700006,0.44977463349728575]]}},{"type":"Feature","properties":{"name":null,"cls":"tertiary","km":1.17},"geometry":{"type":"LineString","coordinates":[[116.02985391400011,0.10858690887866],[116.0230536150001,0.11629449487002107]]}},{"type":"Feature","properties":{"name":null,"cls":"tertiary","km":1.17},"geometry":{"type":"LineString","coordinates":[[115.9194787260001,0.7685939751412089],[115.91108140500012,0.7748896981341713]]}},{"type":"Feature","properties":{"name":null,"cls":"tertiary","km":1.17},"geometry":{"type":"LineString","coordinates":[[116.30493380000007,0.8625420990364321],[116.30382836600005,0.8728040500249776]]}},{"type":"Feature","properties":{"name":null,"cls":"tertiary","km":1.17},"geometry":{"type":"LineString","coordinates":[[115.67282510200003,0.05437812093924721],[115.67300422700008,0.04911141494511124],[115.67604738500006,0.05316279494060661]]}},{"type":"Feature","properties":{"name":null,"cls":"tertiary","km":1.17},"geometry":{"type":"LineString","coordinates":[[116.2830923570001,0.8073580230980076],[116.27408123200006,0.8063671040991054]]}},{"type":"Feature","properties":{"name":null,"cls":"tertiary","km":1.17},"geometry":{"type":"LineString","coordinates":[[116.74453617200004,0.6174091403100013],[116.7427590190001,0.6134388093144523],[116.74818004800011,0.6134177083144484]]}},{"type":"Feature","properties":{"name":null,"cls":"tertiary","km":1.17},"geometry":{"type":"LineString","coordinates":[[116.77250936200006,0.6919136492268408],[116.76731519700003,0.6937056102247977],[116.76502866500005,0.6899873482289721]]}},{"type":"Feature","properties":{"name":null,"cls":"tertiary","km":1.17},"geometry":{"type":"LineString","coordinates":[[115.84113153000008,0.01577234198239191],[115.8506234350001,0.012828284985721123]]}},{"type":"Feature","properties":{"name":null,"cls":"tertiary","km":1.17},"geometry":{"type":"LineString","coordinates":[[114.9155138000001,1.3901319504490892],[114.92040922200012,1.3993269804388835]]}},{"type":"Feature","properties":{"name":null,"cls":"tertiary","km":1.17},"geometry":{"type":"LineString","coordinates":[[114.85698064400003,1.3640544304780557],[114.8491000670001,1.369120656472424]]}},{"type":"Feature","properties":{"name":null,"cls":"tertiary","km":1.17},"geometry":{"type":"LineString","coordinates":[[114.17271975200005,1.0945361037778327],[114.17787784500001,1.0857190147876958]]}},{"type":"Feature","properties":{"name":null,"cls":"tertiary","km":1.16},"geometry":{"type":"LineString","coordinates":[[115.98331071100007,0.2792193856878694],[115.99318299800007,0.2817160496850874]]}},{"type":"Feature","properties":{"name":null,"cls":"tertiary","km":1.16},"geometry":{"type":"LineString","coordinates":[[116.97870772800002,0.7072254102097123],[116.9862272270001,0.7140971592020579]]}},{"type":"Feature","properties":{"name":null,"cls":"tertiary","km":1.16},"geometry":{"type":"LineString","coordinates":[[116.43881802300005,0.43937901350887143],[116.44532957700007,0.4470707065002719]]}},{"type":"Feature","properties":{"name":null,"cls":"tertiary","km":1.16},"geometry":{"type":"LineString","coordinates":[[116.20359378900002,0.16640488981397045],[116.204815144,0.16160559081938886],[116.20003343900011,0.16003797182112103]]}},{"type":"Feature","properties":{"name":null,"cls":"tertiary","km":1.16},"geometry":{"type":"LineString","coordinates":[[115.89334249600007,0.504006141436655],[115.89505444300005,0.5141308604253851]]}},{"type":"Feature","properties":{"name":null,"cls":"tertiary","km":1.16},"geometry":{"type":"LineString","coordinates":[[115.95788762200004,0.9375703889527794],[115.95476843300004,0.9474284649417608]]}},{"type":"Feature","properties":{"name":null,"cls":"tertiary","km":1.16},"geometry":{"type":"LineString","coordinates":[[116.9816912120001,0.6609902842613121],[116.97482504400013,0.6677477002537973]]}},{"type":"Feature","properties":{"name":null,"cls":"tertiary","km":1.16},"geometry":{"type":"LineString","coordinates":[[115.82174621500008,0.49379505044807437],[115.81829216800008,0.4841680124588355]]}},{"type":"Feature","properties":{"name":null,"cls":"tertiary","km":1.16},"geometry":{"type":"LineString","coordinates":[[115.05105952200007,1.3036734315451366],[115.04733123000005,1.3130557315347582]]}},{"type":"Feature","properties":{"name":null,"cls":"tertiary","km":1.16},"geometry":{"type":"LineString","coordinates":[[114.88483899900007,1.3808364834594105],[114.87851309100007,1.3888609504505198]]}},{"type":"Feature","properties":{"name":null,"cls":"tertiary","km":1.15},"geometry":{"type":"LineString","coordinates":[[115.7715690560001,0.15234110682969115],[115.76211824600011,0.14881834283367806]]}},{"type":"Feature","properties":{"name":null,"cls":"tertiary","km":1.15},"geometry":{"type":"LineString","coordinates":[[116.90167081100005,0.8538931590460788],[116.9040288980001,0.8622953220367153]]}},{"type":"Feature","properties":{"name":null,"cls":"tertiary","km":1.15},"geometry":{"type":"LineString","coordinates":[[115.815876504,0.03975969295561594],[115.821420815,0.04824210794614088]]}},{"type":"Feature","properties":{"name":null,"cls":"tertiary","km":1.15},"geometry":{"type":"LineString","coordinates":[[116.37368415400012,0.4295110965199173],[116.36835885200003,0.43771516151076795]]}},{"type":"Feature","properties":{"name":null,"cls":"tertiary","km":1.15},"geometry":{"type":"LineString","coordinates":[[116.4528613990001,0.25091105371947997],[116.44434447800005,0.2558891837139658]]}},{"type":"Feature","properties":{"name":null,"cls":"tertiary","km":1.15},"geometry":{"type":"LineString","coordinates":[[116.39928402300008,0.24655589472434059],[116.39157822300001,0.25290024071727824]]}},{"type":"Feature","properties":{"name":null,"cls":"tertiary","km":1.15},"geometry":{"type":"LineString","coordinates":[[116.55425691100002,0.7756892711332846],[116.54627662500002,0.7814977981268187]]}},{"type":"Feature","properties":{"name":null,"cls":"tertiary","km":1.15},"geometry":{"type":"LineString","coordinates":[[115.92543969500002,0.4343435965145305],[115.92353176400003,0.4301841945191464],[115.92907550500001,0.43055062051876464]]}},{"type":"Feature","properties":{"name":null,"cls":"tertiary","km":1.15},"geometry":{"type":"LineString","coordinates":[[116.51807570200005,0.6846509832348981],[116.50809157500011,0.6852443522342551]]}},{"type":"Feature","properties":{"name":null,"cls":"tertiary","km":1.15},"geometry":{"type":"LineString","coordinates":[[115.57560385700003,0.2304217367423869],[115.56831807100004,0.23443972873793462]]}},{"type":"Feature","properties":{"name":null,"cls":"tertiary","km":1.15},"geometry":{"type":"LineString","coordinates":[[116.34582361700006,0.917895063974698],[116.33647378900004,0.9159468039768753]]}},{"type":"Feature","properties":{"name":null,"cls":"tertiary","km":1.15},"geometry":{"type":"LineString","coordinates":[[116.76295356800006,0.7538220701577277],[116.76101471200002,0.7443381911682863]]}},{"type":"Feature","properties":{"name":null,"cls":"tertiary","km":1.15},"geometry":{"type":"LineString","coordinates":[[115.75660147300005,0.135337135848695],[115.76134756700003,0.12669030385837474]]}},{"type":"Feature","properties":{"name":null,"cls":"tertiary","km":1.15},"geometry":{"type":"LineString","coordinates":[[115.1024063220001,1.3780811444624865],[115.09583226300003,1.3857614814539476]]}},{"type":"Feature","properties":{"name":null,"cls":"tertiary","km":1.15},"geometry":{"type":"LineString","coordinates":[[115.11100705200012,1.5401623742825827],[115.11190905100013,1.550060988271536]]}},{"type":"Feature","properties":{"name":null,"cls":"tertiary","km":1.14},"geometry":{"type":"LineString","coordinates":[[114.13090381400004,1.0167318298645702],[114.13687999800004,1.0244053278559717]]}},{"type":"Feature","properties":{"name":null,"cls":"tertiary","km":1.14},"geometry":{"type":"LineString","coordinates":[[116.33176788400009,0.66670050625494],[116.32222507200004,0.6638372212581669]]}},{"type":"Feature","properties":{"name":null,"cls":"tertiary","km":1.14},"geometry":{"type":"LineString","coordinates":[[116.48708825600012,0.42684393752286715],[116.49086974600004,0.4351948025135357]]}},{"type":"Feature","properties":{"name":null,"cls":"tertiary","km":1.14},"geometry":{"type":"LineString","coordinates":[[116.33737742900009,0.3945362395589665],[116.33433833400012,0.4040400135483442]]}},{"type":"Feature","properties":{"name":null,"cls":"tertiary","km":1.14},"geometry":{"type":"LineString","coordinates":[[116.1975206410001,0.08992218289949797],[116.20616252900004,0.0943653648945214]]}},{"type":"Feature","properties":{"name":null,"cls":"tertiary","km":1.14},"geometry":{"type":"LineString","coordinates":[[116.78175941000006,0.7574489731536908],[116.78512738000006,0.7655243931446669]]}},{"type":"Feature","properties":{"name":null,"cls":"tertiary","km":1.14},"geometry":{"type":"LineString","coordinates":[[116.79013203400008,0.7505684391613775],[116.78466542900001,0.7420736871708385]]}},{"type":"Feature","properties":{"name":null,"cls":"tertiary","km":1.14},"geometry":{"type":"LineString","coordinates":[[116.86833709700012,0.669916814251366],[116.86623331500004,0.6641446202578107],[116.86359529600007,0.6663555202553897]]}},{"type":"Feature","properties":{"name":null,"cls":"tertiary","km":1.14},"geometry":{"type":"LineString","coordinates":[[115.73622121200005,0.35165834560688536],[115.72722948,0.35654159160145205]]}},{"type":"Feature","properties":{"name":null,"cls":"tertiary","km":1.14},"geometry":{"type":"LineString","coordinates":[[115.96232545900011,0.4392592375090052],[115.95699869300007,0.4365794635119978],[115.95570236200001,0.44048921150761855]]}},{"type":"Feature","properties":{"name":null,"cls":"tertiary","km":1.14},"geometry":{"type":"LineString","coordinates":[[114.94782056700001,1.2712139925812578],[114.95334531100002,1.2795941325719207]]}},{"type":"Feature","properties":{"name":null,"cls":"tertiary","km":1.14},"geometry":{"type":"LineString","coordinates":[[114.65712981000001,1.2825327575686527],[114.66018360600005,1.292262267557856]]}},{"type":"Feature","properties":{"name":null,"cls":"tertiary","km":1.13},"geometry":{"type":"LineString","coordinates":[[115.79647194900008,0.19108280978642997],[115.79484889000003,0.18141783279722992]]}},{"type":"Feature","properties":{"name":null,"cls":"tertiary","km":1.13},"geometry":{"type":"LineString","coordinates":[[115.564292646,0.304502184659602],[115.57050292900011,0.29710391266789343]]}},{"type":"Feature","properties":{"name":null,"cls":"tertiary","km":1.13},"geometry":{"type":"LineString","coordinates":[[116.29841865000003,0.7094533122072195],[116.2995625100001,0.7191265411964107]]}},{"type":"Feature","properties":{"name":null,"cls":"tertiary","km":1.13},"geometry":{"type":"LineString","coordinates":[[115.75957779500003,0.023545634973724132],[115.7506615310001,0.028126574968619335]]}},{"type":"Feature","properties":{"name":null,"cls":"tertiary","km":1.13},"geometry":{"type":"LineString","coordinates":[[116.05440462400009,0.43364085951528025],[116.06133810200004,0.44063834550749614]]}},{"type":"Feature","properties":{"name":null,"cls":"tertiary","km":1.13},"geometry":{"type":"LineString","coordinates":[[114.46949332100007,1.082406275791419],[114.46825330900003,1.0909464567818934]]}},{"type":"Feature","properties":{"name":null,"cls":"tertiary","km":1.12},"geometry":{"type":"LineString","coordinates":[[114.01666420800007,1.0675588658079347],[114.00869306100003,1.0729015848019878]]}},{"type":"Feature","properties":{"name":null,"cls":"tertiary","km":1.12},"geometry":{"type":"LineString","coordinates":[[116.51616189100002,0.9227053479693447],[116.51727074700011,0.9131309549799909]]}},{"type":"Feature","properties":{"name":null,"cls":"tertiary","km":1.12},"geometry":{"type":"LineString","coordinates":[[116.56913027500002,0.9457384329436221],[116.56893674800007,0.9548819259334513]]}},{"type":"Feature","properties":{"name":null,"cls":"tertiary","km":1.12},"geometry":{"type":"LineString","coordinates":[[116.6517126330001,0.935630167954918],[116.6460701530001,0.943256245946403]]}},{"type":"Feature","properties":{"name":null,"cls":"tertiary","km":1.12},"geometry":{"type":"LineString","coordinates":[[116.16627786800008,0.4699496854747436],[116.17328006600006,0.46299338948252383]]}},{"type":"Feature","properties":{"name":null,"cls":"tertiary","km":1.12},"geometry":{"type":"LineString","coordinates":[[116.98182398800009,0.6721725312488783],[116.98700160500005,0.6642374122576856]]}},{"type":"Feature","properties":{"name":null,"cls":"tertiary","km":1.12},"geometry":{"type":"LineString","coordinates":[[115.77595824500008,0.05756011093565788],[115.76677354800007,0.06107605693174756]]}},{"type":"Feature","properties":{"name":null,"cls":"tertiary","km":1.12},"geometry":{"type":"LineString","coordinates":[[115.66088733800007,0.6123740133156365],[115.65280582300011,0.6069982183216485]]}},{"type":"Feature","properties":{"name":null,"cls":"tertiary","km":1.12},"geometry":{"type":"LineString","coordinates":[[115.73379937600009,0.866359474032147],[115.7252117610001,0.8714856230264563]]}},{"type":"Feature","properties":{"name":null,"cls":"tertiary","km":1.12},"geometry":{"type":"LineString","coordinates":[[116.10395176300005,0.44091765150714674],[116.09461892400009,0.44376042050397674]]}},{"type":"Feature","properties":{"name":null,"cls":"tertiary","km":1.12},"geometry":{"type":"LineString","coordinates":[[116.07386017700003,0.310022499653439],[116.06511812400005,0.3064110886575047]]}},{"type":"Feature","properties":{"name":null,"cls":"tertiary","km":1.12},"geometry":{"type":"LineString","coordinates":[[116.77564626000004,0.6583912812642418],[116.77110993500003,0.6509735322725625]]}},{"type":"Feature","properties":{"name":null,"cls":"tertiary","km":1.12},"geometry":{"type":"LineString","coordinates":[[115.1491513950001,1.5694317712500911],[115.14815217600005,1.5792582312392376]]}},{"type":"Feature","properties":{"name":null,"cls":"tertiary","km":1.12},"geometry":{"type":"LineString","coordinates":[[115.14554951100003,1.561138336259275],[115.14083701600009,1.5698173612496167]]}},{"type":"Feature","properties":{"name":null,"cls":"tertiary","km":1.11},"geometry":{"type":"LineString","coordinates":[[115.75697022300007,0.34172707161799104],[115.75512133100007,0.33194949262892226]]}},{"type":"Feature","properties":{"name":null,"cls":"tertiary","km":1.11},"geometry":{"type":"LineString","coordinates":[[116.94286768000006,0.599757661329742],[116.93300233100001,0.5992842063302328]]}},{"type":"Feature","properties":{"name":null,"cls":"tertiary","km":1.11},"geometry":{"type":"LineString","coordinates":[[116.49673041600012,0.4117562985397644],[116.50295969700007,0.41937053653119605]]}},{"type":"Feature","properties":{"name":null,"cls":"tertiary","km":1.11},"geometry":{"type":"LineString","coordinates":[[116.37171408000006,0.2854672456808915],[116.36424892200013,0.2916747646739379]]}},{"type":"Feature","properties":{"name":null,"cls":"tertiary","km":1.11},"geometry":{"type":"LineString","coordinates":[[116.9767899960001,0.7293626181849995],[116.96761124200007,0.7294896071848815]]}},{"type":"Feature","properties":{"name":null,"cls":"tertiary","km":1.11},"geometry":{"type":"LineString","coordinates":[[116.78317484900003,0.7528462241588106],[116.77531138500001,0.7473583051649233]]}},{"type":"Feature","properties":{"name":null,"cls":"tertiary","km":1.11},"geometry":{"type":"LineString","coordinates":[[116.58764170500001,0.6780802652422896],[116.58346589200006,0.6865535362328324]]}},{"type":"Feature","properties":{"name":null,"cls":"tertiary","km":1.11},"geometry":{"type":"LineString","coordinates":[[115.97917816100005,0.5727326783599067],[115.9776716570001,0.5821035453494297]]}},{"type":"Feature","properties":{"name":null,"cls":"tertiary","km":1.11},"geometry":{"type":"LineString","coordinates":[[116.154447816,0.19896415277757634],[116.15078155800006,0.18988038278774103]]}},{"type":"Feature","properties":{"name":null,"cls":"tertiary","km":1.11},"geometry":{"type":"LineString","coordinates":[[116.96524641500002,0.8130604310916042],[116.97276662400009,0.8107656420941538]]}},{"type":"Feature","properties":{"name":null,"cls":"tertiary","km":1.11},"geometry":{"type":"LineString","coordinates":[[115.58198926800004,0.18732409579059453],[115.5889429350001,0.19390599178324355]]}},{"type":"Feature","properties":{"name":null,"cls":"tertiary","km":1.11},"geometry":{"type":"LineString","coordinates":[[115.58849051000006,0.31092927565242295],[115.59263945400005,0.30294395466136403]]}},{"type":"Feature","properties":{"name":null,"cls":"tertiary","km":1.11},"geometry":{"type":"LineString","coordinates":[[115.93296999500002,0.01754691398040237],[115.93718637100005,0.026196215970800393]]}},{"type":"Feature","properties":{"name":null,"cls":"tertiary","km":1.11},"geometry":{"type":"LineString","coordinates":[[114.83259668100003,1.3822669974577861],[114.82832687000008,1.37395095646704]]}},{"type":"Feature","properties":{"name":null,"cls":"tertiary","km":1.11},"geometry":{"type":"LineString","coordinates":[[114.65787122300003,1.4649064823660418],[114.65063121700008,1.4699636363603874]]}},{"type":"Feature","properties":{"name":null,"cls":"tertiary","km":1.1},"geometry":{"type":"LineString","coordinates":[[116.41333074800002,0.6010738123282456],[116.40938063600005,0.5927100673375482]]}},{"type":"Feature","properties":{"name":null,"cls":"tertiary","km":1.1},"geometry":{"type":"LineString","coordinates":[[116.38941686200008,0.2894371496764316],[116.38036780900008,0.29276263167274924]]}},{"type":"Feature","properties":{"name":null,"cls":"tertiary","km":1.1},"geometry":{"type":"LineString","coordinates":[[116.26008671000011,0.1658738158145939],[116.25168931700011,0.17075527180914507]]}},{"type":"Feature","properties":{"name":null,"cls":"tertiary","km":1.1},"geometry":{"type":"LineString","coordinates":[[116.99535650400004,0.3828269295720426],[116.99502726200001,0.37419149658170303]]}},{"type":"Feature","properties":{"name":null,"cls":"tertiary","km":1.1},"geometry":{"type":"LineString","coordinates":[[115.7817536550001,0.17573404980357224],[115.78408901800005,0.16780375881242113]]}},{"type":"Feature","properties":{"name":null,"cls":"tertiary","km":1.1},"geometry":{"type":"LineString","coordinates":[[115.915034977,0.4337263645151711],[115.91623867500003,0.4433443705044067]]}},{"type":"Feature","properties":{"name":null,"cls":"tertiary","km":1.1},"geometry":{"type":"LineString","coordinates":[[116.97568388000002,0.23949774573227914],[116.98440491300006,0.23606808173608784]]}},{"type":"Feature","properties":{"name":null,"cls":"tertiary","km":1.1},"geometry":{"type":"LineString","coordinates":[[115.51072678700008,0.05903675193403895],[115.5195036770001,0.0626889469299257]]}},{"type":"Feature","properties":{"name":null,"cls":"tertiary","km":1.1},"geometry":{"type":"LineString","coordinates":[[115.78882923600008,0.2558022347140224],[115.77942153900005,0.25756158671207774]]}},{"type":"Feature","properties":{"name":null,"cls":"tertiary","km":1.1},"geometry":{"type":"LineString","coordinates":[[115.1043795700001,1.5010664283258812],[115.10494068100002,1.5106494813153168]]}},{"type":"Feature","properties":{"name":null,"cls":"tertiary","km":1.09},"geometry":{"type":"LineString","coordinates":[[115.9255876840001,0.08939827490009816],[115.92236526000012,0.08026523391029709]]}},{"type":"Feature","properties":{"name":null,"cls":"tertiary","km":1.09},"geometry":{"type":"LineString","coordinates":[[116.63825125300002,1.4323729724021663],[116.62922585100011,1.4358118363983903]]}},{"type":"Feature","properties":{"name":null,"cls":"tertiary","km":1.09},"geometry":{"type":"LineString","coordinates":[[116.79368052000007,0.9179517799746497],[116.7983648840001,0.9259054289657654]]}},{"type":"Feature","properties":{"name":null,"cls":"tertiary","km":1.09},"geometry":{"type":"LineString","coordinates":[[116.3362675950001,0.6927966462258014],[116.33770430100003,0.6836127032360839]]}},{"type":"Feature","properties":{"name":null,"cls":"tertiary","km":1.09},"geometry":{"type":"LineString","coordinates":[[116.43683285300006,0.3721463535840001],[116.43631773300002,0.380633912574522]]}},{"type":"Feature","properties":{"name":null,"cls":"tertiary","km":1.09},"geometry":{"type":"LineString","coordinates":[[116.02058067100006,0.05919999993382892],[116.02339358200005,0.05025588594384599]]}},{"type":"Feature","properties":{"name":null,"cls":"tertiary","km":1.09},"geometry":{"type":"LineString","coordinates":[[116.19662438000012,0.6652614152565431],[116.18805571200006,0.6679157722536138]]}},{"type":"Feature","properties":{"name":null,"cls":"tertiary","km":1.09},"geometry":{"type":"LineString","coordinates":[[115.63114978400006,0.35828770459952763],[115.62280009300001,0.36034073259721455]]}},{"type":"Feature","properties":{"name":null,"cls":"tertiary","km":1.09},"geometry":{"type":"LineString","coordinates":[[115.93510863000006,0.9128043399803539],[115.92696341200009,0.9170943769755979]]}},{"type":"Feature","properties":{"name":null,"cls":"tertiary","km":1.09},"geometry":{"type":"LineString","coordinates":[[116.17113095700006,0.6773154212431252],[116.17724864600008,0.6845779892350263]]}},{"type":"Feature","properties":{"name":null,"cls":"tertiary","km":1.09},"geometry":{"type":"LineString","coordinates":[[115.75786242000005,0.12480252786049487],[115.74944649100006,0.12458046686073497]]}},{"type":"Feature","properties":{"name":null,"cls":"tertiary","km":1.09},"geometry":{"type":"LineString","coordinates":[[114.47936788400011,1.1268420477419143],[114.47044971300011,1.1304033467379748]]}},{"type":"Feature","properties":{"name":null,"cls":"tertiary","km":1.09},"geometry":{"type":"LineString","coordinates":[[114.29797023700007,1.0809824797929635],[114.30463156000008,1.0744100298003108]]}},{"type":"Feature","properties":{"name":null,"cls":"tertiary","km":1.08},"geometry":{"type":"LineString","coordinates":[[115.82285988600007,0.17861334580029284],[115.81519301800006,0.18300905279542465]]}},{"type":"Feature","properties":{"name":null,"cls":"tertiary","km":1.08},"geometry":{"type":"LineString","coordinates":[[116.14271153000003,0.10191441888607684],[116.14133483,0.09331620789568844]]}},{"type":"Feature","properties":{"name":null,"cls":"tertiary","km":1.08},"geometry":{"type":"LineString","coordinates":[[116.55399777200012,0.7323853061816621],[116.55551227600006,0.7418231891710975]]}},{"type":"Feature","properties":{"name":null,"cls":"tertiary","km":1.08},"geometry":{"type":"LineString","coordinates":[[116.47165972400002,0.7214623921938204],[116.47166506600003,0.7310132051831787]]}},{"type":"Feature","properties":{"name":null,"cls":"tertiary","km":1.08},"geometry":{"type":"LineString","coordinates":[[116.3138600730001,0.8825063200141675],[116.3088897140001,0.8744833450230808]]}},{"type":"Feature","properties":{"name":null,"cls":"tertiary","km":1.08},"geometry":{"type":"LineString","coordinates":[[115.91650036300008,0.7030791862143926],[115.92331378900009,0.7089972122077371]]}},{"type":"Feature","properties":{"name":null,"cls":"tertiary","km":1.08},"geometry":{"type":"LineString","coordinates":[[115.83142984500012,0.17973006679908432],[115.83847060700009,0.18386992179448364]]}},{"type":"Feature","properties":{"name":null,"cls":"tertiary","km":1.08},"geometry":{"type":"LineString","coordinates":[[115.98276878400007,0.5844635123468279],[115.98386796500007,0.5935074593367237]]}},{"type":"Feature","properties":{"name":null,"cls":"tertiary","km":1.08},"geometry":{"type":"LineString","coordinates":[[114.2798269760001,1.0469048028309553],[114.28058978000001,1.0373483078415644]]}},{"type":"Feature","properties":{"name":null,"cls":"tertiary","km":1.07},"geometry":{"type":"LineString","coordinates":[[116.25372344100005,0.633281660292319],[116.25168808400008,0.6254050333010582]]}},{"type":"Feature","properties":{"name":null,"cls":"tertiary","km":1.07},"geometry":{"type":"LineString","coordinates":[[116.425665728,1.3785699904619269],[116.420977418,1.3704145214709702]]}},{"type":"Feature","properties":{"name":null,"cls":"tertiary","km":1.07},"geometry":{"type":"LineString","coordinates":[[116.90066712300006,0.43374596051518965],[116.90922271500006,0.4343719235145034]]}},{"type":"Feature","properties":{"name":null,"cls":"tertiary","km":1.07},"geometry":{"type":"LineString","coordinates":[[116.23681297700013,0.40091496355185824],[116.22842078400005,0.4052010525470558]]}},{"type":"Feature","properties":{"name":null,"cls":"tertiary","km":1.07},"geometry":{"type":"LineString","coordinates":[[116.24675482700003,0.17482922680454716],[116.25607252800013,0.17652252580265343]]}},{"type":"Feature","properties":{"name":null,"cls":"tertiary","km":1.07},"geometry":{"type":"LineString","coordinates":[[116.18068886700007,0.1376680968461293],[116.17161930700003,0.14051261584289457]]}},{"type":"Feature","properties":{"name":null,"cls":"tertiary","km":1.07},"geometry":{"type":"LineString","coordinates":[[116.79485728000009,0.8263139050768252],[116.7955134860001,0.8184167440856288]]}},{"type":"Feature","properties":{"name":null,"cls":"tertiary","km":1.07},"geometry":{"type":"LineString","coordinates":[[116.29214836400001,0.7785735161300976],[116.28905782200002,0.7801939811283447],[116.28768987100011,0.7744243991347257]]}},{"type":"Feature","properties":{"name":null,"cls":"tertiary","km":1.07},"geometry":{"type":"LineString","coordinates":[[115.96004923200007,0.22345973475022216],[115.96884319700007,0.22099483875296752]]}},{"type":"Feature","properties":{"name":null,"cls":"tertiary","km":1.07},"geometry":{"type":"LineString","coordinates":[[116.73138432900011,0.6249749873015312],[116.72619992000013,0.6232934303034244],[116.72857058700002,0.6201316723069781]]}},{"type":"Feature","properties":{"name":null,"cls":"tertiary","km":1.07},"geometry":{"type":"LineString","coordinates":[[115.75611744000004,0.38676966356765113],[115.75073773400005,0.39342357456020277]]}},{"type":"Feature","properties":{"name":null,"cls":"tertiary","km":1.07},"geometry":{"type":"LineString","coordinates":[[115.96436455600008,0.8051486961004656],[115.95496328600008,0.8058923560996204]]}},{"type":"Feature","properties":{"name":null,"cls":"tertiary","km":1.07},"geometry":{"type":"LineString","coordinates":[[116.25250907600004,0.060447889932447096],[116.24357093100002,0.06337598492919119]]}},{"type":"Feature","properties":{"name":null,"cls":"tertiary","km":1.07},"geometry":{"type":"LineString","coordinates":[[114.06454690400005,1.0207996548600207],[114.06525875700004,1.030110900849644]]}},{"type":"Feature","properties":{"name":null,"cls":"tertiary","km":1.07},"geometry":{"type":"LineString","coordinates":[[114.14495769000007,1.0903674547825102],[114.13801575700006,1.096893286775249]]}},{"type":"Feature","properties":{"name":null,"cls":"tertiary","km":1.07},"geometry":{"type":"LineString","coordinates":[[114.75542416300006,1.4586669613729775],[114.75218038200002,1.467557130363096]]}},{"type":"Feature","properties":{"name":null,"cls":"tertiary","km":1.06},"geometry":{"type":"LineString","coordinates":[[115.68601871800003,0.5364952984003505],[115.68202006000003,0.5280656564098208]]}},{"type":"Feature","properties":{"name":null,"cls":"tertiary","km":1.06},"geometry":{"type":"LineString","coordinates":[[115.57172103500012,0.32330764463859635],[115.57898054500002,0.3189911176434322]]}},{"type":"Feature","properties":{"name":null,"cls":"tertiary","km":1.06},"geometry":{"type":"LineString","coordinates":[[115.55132926700003,0.10327599688454811],[115.54421796600002,0.09771992689081255]]}},{"type":"Feature","properties":{"name":null,"cls":"tertiary","km":1.06},"geometry":{"type":"LineString","coordinates":[[114.12261807200002,1.0095846908724742],[114.12532615000009,1.0175897548636077]]}},{"type":"Feature","properties":{"name":null,"cls":"tertiary","km":1.06},"geometry":{"type":"LineString","coordinates":[[116.90412730600009,0.48114772746220497],[116.90248406,0.48881101245364106]]}},{"type":"Feature","properties":{"name":null,"cls":"tertiary","km":1.06},"geometry":{"type":"LineString","coordinates":[[116.54089040400005,0.7130232352032322],[116.5485825290001,0.7096261132070459]]}},{"type":"Feature","properties":{"name":null,"cls":"tertiary","km":1.06},"geometry":{"type":"LineString","coordinates":[[116.96822441500002,0.7997905751063952],[116.97569197500002,0.8033305911025139]]}},{"type":"Feature","properties":{"name":null,"cls":"tertiary","km":1.06},"geometry":{"type":"LineString","coordinates":[[116.45726806200003,0.18099817379764546],[116.46279234000008,0.18605767679202187]]}},{"type":"Feature","properties":{"name":null,"cls":"tertiary","km":1.06},"geometry":{"type":"LineString","coordinates":[[115.72550448600009,0.8677762170306115],[115.73021435300008,0.8600865320391955]]}},{"type":"Feature","properties":{"name":null,"cls":"tertiary","km":1.06},"geometry":{"type":"LineString","coordinates":[[115.86328678200003,0.03541042496046301],[115.87193327000011,0.03588494095995515]]}},{"type":"Feature","properties":{"name":null,"cls":"tertiary","km":1.06},"geometry":{"type":"LineString","coordinates":[[115.96335402300008,0.30084284566369024],[115.95578283800013,0.30611930665783477]]}},{"type":"Feature","properties":{"name":null,"cls":"tertiary","km":1.06},"geometry":{"type":"LineString","coordinates":[[116.0774372400001,0.3454002956138825],[116.06884760900004,0.3426958276169385]]}},{"type":"Feature","properties":{"name":null,"cls":"tertiary","km":1.06},"geometry":{"type":"LineString","coordinates":[[116.47479705000002,0.32758599363383306],[116.4728222760001,0.3187711626436733]]}},{"type":"Feature","properties":{"name":null,"cls":"tertiary","km":1.06},"geometry":{"type":"LineString","coordinates":[[114.23810795600002,1.4275075064075757],[114.23470644700001,1.4363923843976794]]}},{"type":"Feature","properties":{"name":null,"cls":"tertiary","km":1.06},"geometry":{"type":"LineString","coordinates":[[114.33956160900004,1.2857257115651202],[114.34249923300001,1.294181920555738]]}},{"type":"Feature","properties":{"name":null,"cls":"tertiary","km":1.06},"geometry":{"type":"LineString","coordinates":[[114.3701583940001,0.6885520592305833],[114.36544959400011,0.6965297082216602]]}},{"type":"Feature","properties":{"name":null,"cls":"tertiary","km":1.05},"geometry":{"type":"LineString","coordinates":[[116.01659283700008,0.26852731469982705],[116.01618000000008,0.26064978570862235]]}},{"type":"Feature","properties":{"name":null,"cls":"tertiary","km":1.05},"geometry":{"type":"LineString","coordinates":[[116.9947121040001,0.8647329400339888],[116.99604943600004,0.8740914980235258]]}},{"type":"Feature","properties":{"name":null,"cls":"tertiary","km":1.05},"geometry":{"type":"LineString","coordinates":[[116.42277765700011,0.29102923467467956],[116.43107292600007,0.28753249167855666]]}},{"type":"Feature","properties":{"name":null,"cls":"tertiary","km":1.05},"geometry":{"type":"LineString","coordinates":[[115.91303031900009,0.9813940529038706],[115.91306382900007,0.9726034269137148]]}},{"type":"Feature","properties":{"name":null,"cls":"tertiary","km":1.05},"geometry":{"type":"LineString","coordinates":[[116.89660920500012,0.5094566594305889],[116.89999188300008,0.5170494174221029]]}},{"type":"Feature","properties":{"name":null,"cls":"tertiary","km":1.05},"geometry":{"type":"LineString","coordinates":[[115.67375303500013,0.04290235795208603],[115.66448814500005,0.04287761995210825]]}},{"type":"Feature","properties":{"name":null,"cls":"tertiary","km":1.05},"geometry":{"type":"LineString","coordinates":[[115.88209835000009,0.5935440723366457],[115.89146899200011,0.5929616113373228]]}},{"type":"Feature","properties":{"name":null,"cls":"tertiary","km":1.05},"geometry":{"type":"LineString","coordinates":[[116.7596228540001,0.7159748751999947],[116.75425836900003,0.7091857222075542]]}},{"type":"Feature","properties":{"name":null,"cls":"tertiary","km":1.05},"geometry":{"type":"LineString","coordinates":[[115.97180466100006,0.5524245493825917],[115.96553648300005,0.557097801377359]]}},{"type":"Feature","properties":{"name":null,"cls":"tertiary","km":1.05},"geometry":{"type":"LineString","coordinates":[[116.72619992000013,0.6232934303034244],[116.72123231700003,0.6173268703101024]]}},{"type":"Feature","properties":{"name":null,"cls":"tertiary","km":1.05},"geometry":{"type":"LineString","coordinates":[[114.3969556620001,1.4415429853919761],[114.39325492800003,1.4501436043824505]]}},{"type":"Feature","properties":{"name":null,"cls":"tertiary","km":1.05},"geometry":{"type":"LineString","coordinates":[[114.28739077000012,1.0383713488404158],[114.28010759600012,1.0442728388338953]]}},{"type":"Feature","properties":{"name":null,"cls":"tertiary","km":1.05},"geometry":{"type":"LineString","coordinates":[[114.96316683100008,1.0568444438198052],[114.95476280800004,1.059895349816431]]}},{"type":"Feature","properties":{"name":null,"cls":"tertiary","km":1.05},"geometry":{"type":"LineString","coordinates":[[114.30751277200011,1.0566650368200854],[114.30112542500001,1.0632210348127786]]}},{"type":"Feature","properties":{"name":null,"cls":"tertiary","km":1.04},"geometry":{"type":"LineString","coordinates":[[116.02289663600004,0.8238913910795569],[116.03105050900001,0.8228498430807363]]}},{"type":"Feature","properties":{"name":null,"cls":"tertiary","km":1.04},"geometry":{"type":"LineString","coordinates":[[115.67408919900005,0.13988342584364027],[115.66492641900004,0.13961543784393105]]}},{"type":"Feature","properties":{"name":null,"cls":"tertiary","km":1.04},"geometry":{"type":"LineString","coordinates":[[115.76926269600006,0.02882475896778645],[115.76353905200006,0.03583166195997032]]}},{"type":"Feature","properties":{"name":null,"cls":"tertiary","km":1.04},"geometry":{"type":"LineString","coordinates":[[116.5393504880001,0.9275823389639235],[116.53218797400007,0.9318545709591225]]}},{"type":"Feature","properties":{"name":null,"cls":"tertiary","km":1.04},"geometry":{"type":"LineString","coordinates":[[116.22731010600012,0.4329589145160421],[116.22374223500003,0.42479146052517125]]}},{"type":"Feature","properties":{"name":null,"cls":"tertiary","km":1.04},"geometry":{"type":"LineString","coordinates":[[116.41707042000009,0.24549452872557184],[116.4242386190001,0.24030149273141144]]}},{"type":"Feature","properties":{"name":null,"cls":"tertiary","km":1.04},"geometry":{"type":"LineString","coordinates":[[116.18112971700009,0.14032558884315857],[116.18880671900001,0.14554854183728738]]}},{"type":"Feature","properties":{"name":null,"cls":"tertiary","km":1.04},"geometry":{"type":"LineString","coordinates":[[116.99112876800007,0.3826616105722745],[116.99121309000009,0.37375554358222346]]}},{"type":"Feature","properties":{"name":null,"cls":"tertiary","km":1.04},"geometry":{"type":"LineString","coordinates":[[116.75715740000008,0.8266731480764204],[116.75715795000008,0.817558821086581]]}},{"type":"Feature","properties":{"name":null,"cls":"tertiary","km":1.04},"geometry":{"type":"LineString","coordinates":[[116.57666220100009,0.5750130223573731],[116.5775193940001,0.5842688863470249]]}},{"type":"Feature","properties":{"name":null,"cls":"tertiary","km":1.04},"geometry":{"type":"LineString","coordinates":[[115.87705432500002,0.43942251750883277],[115.869701629,0.4348602605139259]]}},{"type":"Feature","properties":{"name":null,"cls":"tertiary","km":1.04},"geometry":{"type":"LineString","coordinates":[[115.59480399500002,0.6053932803234002],[115.5973175900001,0.613922618313918]]}},{"type":"Feature","properties":{"name":null,"cls":"tertiary","km":1.03},"geometry":{"type":"LineString","coordinates":[[116.13871840000002,0.6906263262282912],[116.14377749500011,0.6834903332362197]]}},{"type":"Feature","properties":{"name":null,"cls":"tertiary","km":1.03},"geometry":{"type":"LineString","coordinates":[[115.7760699050001,0.08404908390609193],[115.78338603200007,0.08384591890630536]]}},{"type":"Feature","properties":{"name":null,"cls":"tertiary","km":1.03},"geometry":{"type":"LineString","coordinates":[[116.89358504200004,0.577481688354578],[116.88928572900011,0.5697435443632328]]}},{"type":"Feature","properties":{"name":null,"cls":"tertiary","km":1.03},"geometry":{"type":"LineString","coordinates":[[116.415314651,0.5993095403301822],[116.41737979000004,0.6082282943202724]]}},{"type":"Feature","properties":{"name":null,"cls":"tertiary","km":1.03},"geometry":{"type":"LineString","coordinates":[[116.38733745900004,0.456162448490127],[116.39429723800005,0.4606684654850977]]}},{"type":"Feature","properties":{"name":null,"cls":"tertiary","km":1.03},"geometry":{"type":"LineString","coordinates":[[116.43116072400007,0.21195029876306304],[116.43576442400003,0.2131255647617556],[116.43444677700008,0.21716308875725895]]}},{"type":"Feature","properties":{"name":null,"cls":"tertiary","km":1.03},"geometry":{"type":"LineString","coordinates":[[116.41232589100002,0.7102681552063346],[116.42130116800001,0.7093399332073846]]}},{"type":"Feature","properties":{"name":null,"cls":"tertiary","km":1.03},"geometry":{"type":"LineString","coordinates":[[115.5756544090001,0.6241452983024615],[115.57085015600002,0.616322935311245]]}},{"type":"Feature","properties":{"name":null,"cls":"tertiary","km":1.03},"geometry":{"type":"LineString","coordinates":[[115.72907550500008,0.32584914763573974],[115.72316781800009,0.32930525663188065]]}},{"type":"Feature","properties":{"name":null,"cls":"tertiary","km":1.03},"geometry":{"type":"LineString","coordinates":[[115.66494914400005,0.4536027934929877],[115.66501202900007,0.4451480125024413]]}},{"type":"Feature","properties":{"name":null,"cls":"tertiary","km":1.03},"geometry":{"type":"LineString","coordinates":[[115.90424306500006,0.4450111305025784],[115.90832463800007,0.45262293349408567]]}},{"type":"Feature","properties":{"name":null,"cls":"tertiary","km":1.03},"geometry":{"type":"LineString","coordinates":[[116.55173617900003,0.8416135690597732],[116.54986582300013,0.8498789170505718]]}},{"type":"Feature","properties":{"name":null,"cls":"tertiary","km":1.03},"geometry":{"type":"LineString","coordinates":[[116.01871124700004,0.4204972385299753],[116.02425282800004,0.4275030275221427]]}},{"type":"Feature","properties":{"name":null,"cls":"tertiary","km":1.03},"geometry":{"type":"LineString","coordinates":[[115.84424541500006,0.16830087681185005],[115.84913512800006,0.17421673480527844]]}},{"type":"Feature","properties":{"name":null,"cls":"tertiary","km":1.03},"geometry":{"type":"LineString","coordinates":[[114.24031383600004,1.4274294084076788],[114.23795198000005,1.436434821397701]]}},{"type":"Feature","properties":{"name":null,"cls":"tertiary","km":1.03},"geometry":{"type":"LineString","coordinates":[[114.79833173600002,1.2233461086344966],[114.80100918000007,1.2319495776249176]]}},{"type":"Feature","properties":{"name":null,"cls":"tertiary","km":1.02},"geometry":{"type":"LineString","coordinates":[[115.94543711800009,0.991468827892699],[115.95254267200005,0.9868037468979082]]}},{"type":"Feature","properties":{"name":null,"cls":"tertiary","km":1.02},"geometry":{"type":"LineString","coordinates":[[115.58203965599999,0.29569423166949504],[115.58484039000007,0.30355886466071613]]}},{"type":"Feature","properties":{"name":null,"cls":"tertiary","km":1.02},"geometry":{"type":"LineString","coordinates":[[115.66829969300012,0.5571064143773163],[115.66511475100002,0.5487005053867441]]}},{"type":"Feature","properties":{"name":null,"cls":"tertiary","km":1.02},"geometry":{"type":"LineString","coordinates":[[116.38713780100012,1.405523068432015],[116.38696456600007,1.4135461654230679]]}},{"type":"Feature","properties":{"name":null,"cls":"tertiary","km":1.02},"geometry":{"type":"LineString","coordinates":[[115.52311276700006,0.052764715941051685],[115.53117470100005,0.05675095293662676]]}},{"type":"Feature","properties":{"name":null,"cls":"tertiary","km":1.02},"geometry":{"type":"LineString","coordinates":[[116.52016371600007,0.6639480292580439],[116.51755087800007,0.6722062652488158]]}},{"type":"Feature","properties":{"name":null,"cls":"tertiary","km":1.02},"geometry":{"type":"LineString","coordinates":[[116.40775597100003,0.2665799387020171],[116.39864420900007,0.2667961897017476]]}},{"type":"Feature","properties":{"name":null,"cls":"tertiary","km":1.02},"geometry":{"type":"LineString","coordinates":[[115.92806389200005,0.09239107089675999],[115.93681103500002,0.09049717589887839]]}},{"type":"Feature","properties":{"name":null,"cls":"tertiary","km":1.02},"geometry":{"type":"LineString","coordinates":[[116.72817465300011,0.8301873600725529],[116.73011415800012,0.8263062050768236],[116.72592633300007,0.824265751079105]]}},{"type":"Feature","properties":{"name":null,"cls":"tertiary","km":1.02},"geometry":{"type":"LineString","coordinates":[[116.41083951200007,0.623695999302994],[116.40655592500003,0.631565116294208]]}},{"type":"Feature","properties":{"name":null,"cls":"tertiary","km":1.02},"geometry":{"type":"LineString","coordinates":[[116.2758736420001,0.6141908293135974],[116.27131732900013,0.615604437312027],[116.27020425800005,0.6118535513162391]]}},{"type":"Feature","properties":{"name":null,"cls":"tertiary","km":1.02},"geometry":{"type":"LineString","coordinates":[[115.95311771900003,0.008043126991077629],[115.94934058800003,4.785819272944335e-14]]}},{"type":"Feature","properties":{"name":null,"cls":"tertiary","km":1.02},"geometry":{"type":"LineString","coordinates":[[116.10296616800008,0.6643530342575679],[116.09418912300009,0.6646916762572546]]}},{"type":"Feature","properties":{"name":null,"cls":"tertiary","km":1.02},"geometry":{"type":"LineString","coordinates":[[115.64459420600008,0.3395903806203886],[115.65176945900009,0.33448146762609804]]}},{"type":"Feature","properties":{"name":null,"cls":"tertiary","km":1.02},"geometry":{"type":"LineString","coordinates":[[115.8010359000001,0.09788019189059684],[115.80573624700003,0.09259189989655078]]}},{"type":"Feature","properties":{"name":null,"cls":"tertiary","km":1.02},"geometry":{"type":"LineString","coordinates":[[114.46825330900003,1.0909464567818934],[114.46433515600006,1.0984379147734953]]}},{"type":"Feature","properties":{"name":null,"cls":"tertiary","km":1.01},"geometry":{"type":"LineString","coordinates":[[116.93649724700003,0.9223681089697021],[116.93843688900007,0.9288520479624888]]}},{"type":"Feature","properties":{"name":null,"cls":"tertiary","km":1.01},"geometry":{"type":"LineString","coordinates":[[116.81616885100004,0.7326962151812559],[116.81857897500004,0.7401090171730409]]}},{"type":"Feature","properties":{"name":null,"cls":"tertiary","km":1.01},"geometry":{"type":"LineString","coordinates":[[115.99389033800004,0.7522247541595263],[116.00060875500004,0.7571017831540637]]}},{"type":"Feature","properties":{"name":null,"cls":"tertiary","km":1.01},"geometry":{"type":"LineString","coordinates":[[114.10515120700006,1.0677638048077072],[114.11250855000003,1.0691455078061762]]}},{"type":"Feature","properties":{"name":null,"cls":"tertiary","km":1.01},"geometry":{"type":"LineString","coordinates":[[116.23672827300004,0.46681593047819336],[116.23996127700002,0.47427179446990614]]}},{"type":"Feature","properties":{"name":null,"cls":"tertiary","km":1.01},"geometry":{"type":"LineString","coordinates":[[116.1811921330001,0.07114512692048844],[116.18538983100007,0.07793829891291268]]}},{"type":"Feature","properties":{"name":null,"cls":"tertiary","km":1.01},"geometry":{"type":"LineString","coordinates":[[115.76622184100007,0.36926175858722965],[115.76419587600002,0.36071652059677417]]}},{"type":"Feature","properties":{"name":null,"cls":"tertiary","km":1.01},"geometry":{"type":"LineString","coordinates":[[116.8992713350001,0.7441740221684666],[116.89926893300003,0.7352354091784463]]}},{"type":"Feature","properties":{"name":null,"cls":"tertiary","km":1.01},"geometry":{"type":"LineString","coordinates":[[116.8134574520001,0.7711210131384527],[116.80599859600011,0.770441493139203]]}},{"type":"Feature","properties":{"name":null,"cls":"tertiary","km":1.01},"geometry":{"type":"LineString","coordinates":[[116.51828716600005,0.45463408149183304],[116.51590727600001,0.4631687164822848]]}},{"type":"Feature","properties":{"name":null,"cls":"tertiary","km":1.01},"geometry":{"type":"LineString","coordinates":[[115.59038989500004,0.2035379187724684],[115.58554472700007,0.1976595447790405]]}},{"type":"Feature","properties":{"name":null,"cls":"tertiary","km":1.01},"geometry":{"type":"LineString","coordinates":[[114.044788315,1.092831590779738],[114.04023648300006,1.0999123907718682]]}},{"type":"Feature","properties":{"name":null,"cls":"tertiary","km":1.01},"geometry":{"type":"LineString","coordinates":[[114.68280552700004,1.56584839325407],[114.68390770900011,1.574689234244227]]}},{"type":"Feature","properties":{"name":null,"cls":"tertiary","km":1.0},"geometry":{"type":"LineString","coordinates":[[116.06561870900009,1.0529753178241732],[116.07337031700001,1.0568962838198042]]}},{"type":"Feature","properties":{"name":null,"cls":"tertiary","km":1.0},"geometry":{"type":"LineString","coordinates":[[116.26997098600009,0.37177668858443325],[116.263479845,0.3776465475778339]]}},{"type":"Feature","properties":{"name":null,"cls":"tertiary","km":1.0},"geometry":{"type":"LineString","coordinates":[[116.14547418300002,0.01593294298223001],[116.13821249100009,0.011076770987638306]]}},{"type":"Feature","properties":{"name":null,"cls":"tertiary","km":1.0},"geometry":{"type":"LineString","coordinates":[[116.54658541300013,0.76006901615075],[116.55222539200008,0.7666552191434194]]}},{"type":"Feature","properties":{"name":null,"cls":"tertiary","km":1.0},"geometry":{"type":"LineString","coordinates":[[116.4070553890001,0.3032014156610542],[116.40409487500006,0.31154216165173115]]}},{"type":"Feature","properties":{"name":null,"cls":"tertiary","km":1.0},"geometry":{"type":"LineString","coordinates":[[116.38941670400004,0.29237516467320035],[116.39710015700007,0.29581261366932904]]}},{"type":"Feature","properties":{"name":null,"cls":"tertiary","km":1.0},"geometry":{"type":"LineString","coordinates":[[116.24177646600003,0.06224916893044172],[116.2407378060001,0.05597970993745044]]}},{"type":"Feature","properties":{"name":null,"cls":"tertiary","km":1.0},"geometry":{"type":"LineString","coordinates":[[115.84680647800008,0.5037908624369147],[115.84160947000011,0.5095166774305312]]}},{"type":"Feature","properties":{"name":null,"cls":"tertiary","km":1.0},"geometry":{"type":"LineString","coordinates":[[116.76551501900009,0.79030975711699],[116.77274342600003,0.7924429421145992]]}},{"type":"Feature","properties":{"name":null,"cls":"tertiary","km":1.0},"geometry":{"type":"LineString","coordinates":[[115.85202657700006,0.03794428895764179],[115.85617479700011,0.045428885949235796]]}},{"type":"Feature","properties":{"name":null,"cls":"tertiary","km":1.0},"geometry":{"type":"LineString","coordinates":[[116.34008686100005,0.9562194019319603],[116.34409584800005,0.9632637269241591]]}},{"type":"Feature","properties":{"name":null,"cls":"tertiary","km":1.0},"geometry":{"type":"LineString","coordinates":[[116.59368440300011,0.7099189972067217],[116.59020771400003,0.7029439352145229]]}},{"type":"Feature","properties":{"name":null,"cls":"tertiary","km":1.0},"geometry":{"type":"LineString","coordinates":[[116.8522383720001,0.7090246192077144],[116.85587636500009,0.7013015362163735]]}},{"type":"Feature","properties":{"name":null,"cls":"tertiary","km":1.0},"geometry":{"type":"LineString","coordinates":[[116.21408263000001,0.06348461892908228],[116.21349511300002,0.07206469191944583]]}},{"type":"Feature","properties":{"name":null,"cls":"tertiary","km":1.0},"geometry":{"type":"LineString","coordinates":[[114.12922271000002,1.078549779795657],[114.12638951200006,1.0866201207866897]]}},{"type":"Feature","properties":{"name":null,"cls":"tertiary","km":1.0},"geometry":{"type":"LineString","coordinates":[[115.12246291900011,0.5803859253513162],[115.11447950700006,0.5846214703466018]]}},{"type":"Feature","properties":{"name":null,"cls":"tertiary","km":0.99},"geometry":{"type":"LineString","coordinates":[[115.97646147600004,0.5548788863798175],[115.9815224250001,0.5621876513716804]]}},{"type":"Feature","properties":{"name":null,"cls":"tertiary","km":0.99},"geometry":{"type":"LineString","coordinates":[[116.42379518700011,0.2414428317301081],[116.42434887600008,0.25025902772028047]]}},{"type":"Feature","properties":{"name":null,"cls":"tertiary","km":0.99},"geometry":{"type":"LineString","coordinates":[[115.82298016400011,0.13774614384603],[115.82151800200005,0.14503059283790248]]}},{"type":"Feature","properties":{"name":null,"cls":"tertiary","km":0.99},"geometry":{"type":"LineString","coordinates":[[116.22976002700013,0.06779299892427568],[116.22569131100012,0.06680972092534014],[116.22425279800007,0.0712746509203539]]}},{"type":"Feature","properties":{"name":null,"cls":"tertiary","km":0.99},"geometry":{"type":"LineString","coordinates":[[116.2800080940001,0.11741274286877046],[116.2870070240001,0.12192493686376915]]}},{"type":"Feature","properties":{"name":null,"cls":"tertiary","km":0.99},"geometry":{"type":"LineString","coordinates":[[115.80248928400012,0.3453984856138566],[115.80073307300006,0.33875914662135104]]}},{"type":"Feature","properties":{"name":null,"cls":"tertiary","km":0.99},"geometry":{"type":"LineString","coordinates":[[116.57308397600002,0.9944524118893514],[116.56999450000002,0.9862355558985004]]}},{"type":"Feature","properties":{"name":null,"cls":"tertiary","km":0.99},"geometry":{"type":"LineString","coordinates":[[115.56521243300007,0.25661891571313605],[115.570810842,0.24993775072064184]]}},{"type":"Feature","properties":{"name":null,"cls":"tertiary","km":0.99},"geometry":{"type":"LineString","coordinates":[[116.07450006900001,0.31603457964674814],[116.06686734000006,0.31267056565048457]]}},{"type":"Feature","properties":{"name":null,"cls":"tertiary","km":0.99},"geometry":{"type":"LineString","coordinates":[[115.91869727700008,0.1112075828757339],[115.92403201100002,0.1182668048678561]]}},{"type":"Feature","properties":{"name":null,"cls":"tertiary","km":0.99},"geometry":{"type":"LineString","coordinates":[[114.62620447400002,1.3181019195291384],[114.62893753000004,1.3262714885200613]]}},{"type":"Feature","properties":{"name":null,"cls":"tertiary","km":0.98},"geometry":{"type":"LineString","coordinates":[[116.9958162060001,0.36305975559416687],[116.9881195910001,0.35928346959837787]]}},{"type":"Feature","properties":{"name":null,"cls":"tertiary","km":0.98},"geometry":{"type":"LineString","coordinates":[[116.06110462500011,0.2793198586877653],[116.05395098600002,0.2744237306932691]]}},{"type":"Feature","properties":{"name":null,"cls":"tertiary","km":0.98},"geometry":{"type":"LineString","coordinates":[[115.99107762800008,0.342685812616923],[115.98354896000002,0.33830385662179985]]}},{"type":"Feature","properties":{"name":null,"cls":"tertiary","km":0.98},"geometry":{"type":"LineString","coordinates":[[115.81142079000006,0.4991055244421454],[115.81482405000008,0.5070364274332755]]}},{"type":"Feature","properties":{"name":null,"cls":"tertiary","km":0.98},"geometry":{"type":"LineString","coordinates":[[116.92583220900009,0.6503332682732287],[116.92323313600002,0.6569891712658436]]}},{"type":"Feature","properties":{"name":null,"cls":"tertiary","km":0.98},"geometry":{"type":"LineString","coordinates":[[116.5341455020001,0.6427377352817523],[116.53194021,0.6504694262731106]]}},{"type":"Feature","properties":{"name":null,"cls":"tertiary","km":0.98},"geometry":{"type":"LineString","coordinates":[[116.3759943010001,0.21526791875935367],[116.36950442000013,0.2097040877655625]]}},{"type":"Feature","properties":{"name":null,"cls":"tertiary","km":0.98},"geometry":{"type":"LineString","coordinates":[[116.2101647930001,0.16669313781366696],[116.21753475700007,0.16273657781805012]]}},{"type":"Feature","properties":{"name":null,"cls":"tertiary","km":0.98},"geometry":{"type":"LineString","coordinates":[[116.57508974200005,0.812682945092068],[116.581073962,0.8187778950852441]]}},{"type":"Feature","properties":{"name":null,"cls":"tertiary","km":0.98},"geometry":{"type":"LineString","coordinates":[[116.28882094000005,0.492645036449377],[116.29224845800003,0.5003916694407108]]}},{"type":"Feature","properties":{"name":null,"cls":"tertiary","km":0.98},"geometry":{"type":"LineString","coordinates":[[115.9181923630001,0.4284020705211632],[115.91798705100007,0.43676486651178453]]}},{"type":"Feature","properties":{"name":null,"cls":"tertiary","km":0.98},"geometry":{"type":"LineString","coordinates":[[115.50969051200003,0.10729895988007072],[115.50174062100007,0.10406025888370893]]}},{"type":"Feature","properties":{"name":null,"cls":"tertiary","km":0.98},"geometry":{"type":"LineString","coordinates":[[115.95594318000009,0.2916170016740174],[115.95518047400003,0.30036808666422843]]}},{"type":"Feature","properties":{"name":null,"cls":"tertiary","km":0.98},"geometry":{"type":"LineString","coordinates":[[116.80933248100006,0.6949876232233475],[116.80944178400013,0.6873030312319753]]}},{"type":"Feature","properties":{"name":null,"cls":"tertiary","km":0.98},"geometry":{"type":"LineString","coordinates":[[115.58137458400006,0.21096633276415033],[115.58383818600011,0.20536097677043358]]}},{"type":"Feature","properties":{"name":null,"cls":"tertiary","km":0.98},"geometry":{"type":"LineString","coordinates":[[114.63706618600008,1.5466617232753277],[114.63499360300011,1.5549642182661325]]}},{"type":"Feature","properties":{"name":null,"cls":"tertiary","km":0.97},"geometry":{"type":"LineString","coordinates":[[115.83385683400002,0.5432719423927836],[115.84090182000013,0.5385307563980876]]}},{"type":"Feature","properties":{"name":null,"cls":"tertiary","km":0.97},"geometry":{"type":"LineString","coordinates":[[115.68482207000011,0.15450973982730973],[115.69256498000006,0.152864107829183]]}},{"type":"Feature","properties":{"name":null,"cls":"tertiary","km":0.97},"geometry":{"type":"LineString","coordinates":[[115.58073952200004,0.10087372988724352],[115.57341018900001,0.09686869889173141]]}},{"type":"Feature","properties":{"name":null,"cls":"tertiary","km":0.97},"geometry":{"type":"LineString","coordinates":[[114.00934602400002,1.0528339058243015],[114.00096460600003,1.0534459398236293]]}},{"type":"Feature","properties":{"name":null,"cls":"tertiary","km":0.97},"geometry":{"type":"LineString","coordinates":[[114.12435757100002,1.0333472018460323],[114.11998135800002,1.0404866608380667]]}},{"type":"Feature","properties":{"name":null,"cls":"tertiary","km":0.97},"geometry":{"type":"LineString","coordinates":[[116.36298892100001,0.2873356656787839],[116.3701488590001,0.2826133936841121]]}},{"type":"Feature","properties":{"name":null,"cls":"tertiary","km":0.97},"geometry":{"type":"LineString","coordinates":[[116.03746712700003,0.05037303094374081],[116.03150671900005,0.05530092593818418]]}},{"type":"Feature","properties":{"name":null,"cls":"tertiary","km":0.97},"geometry":{"type":"LineString","coordinates":[[116.23521919600013,0.16096878682008126],[116.24327730700008,0.16071604382033816]]}},{"type":"Feature","properties":{"name":null,"cls":"tertiary","km":0.97},"geometry":{"type":"LineString","coordinates":[[116.74248978500009,0.8755361200219349],[116.73608346500009,0.8803552370165745]]}},{"type":"Feature","properties":{"name":null,"cls":"tertiary","km":0.97},"geometry":{"type":"LineString","coordinates":[[115.79905525800005,0.10045678588773035],[115.80303125900002,0.10143065988665124]]}},{"type":"Feature","properties":{"name":null,"cls":"tertiary","km":0.97},"geometry":{"type":"LineString","coordinates":[[116.66147615600005,0.9832097139018919],[116.66665651100006,0.9899521038943542]]}},{"type":"Feature","properties":{"name":null,"cls":"tertiary","km":0.97},"geometry":{"type":"LineString","coordinates":[[115.97548086000006,0.32058299364167153],[115.96730550600012,0.3226682066393012]]}},{"type":"Feature","properties":{"name":null,"cls":"tertiary","km":0.97},"geometry":{"type":"LineString","coordinates":[[116.42887926400012,0.596639519333216],[116.42178058100002,0.6007954003285609]]}},{"type":"Feature","properties":{"name":null,"cls":"tertiary","km":0.97},"geometry":{"type":"LineString","coordinates":[[116.29691775900005,0.8969139069980886],[116.304443461,0.9010180589935358]]}},{"type":"Feature","properties":{"name":null,"cls":"tertiary","km":0.97},"geometry":{"type":"LineString","coordinates":[[116.09803675500007,0.43424667351465596],[116.10468980300006,0.4384024555099869]]}},{"type":"Feature","properties":{"name":null,"cls":"tertiary","km":0.97},"geometry":{"type":"LineString","coordinates":[[116.93722971000012,0.5498221883855013],[116.94354997000006,0.54875873538666]]}},{"type":"Feature","properties":{"name":null,"cls":"tertiary","km":0.97},"geometry":{"type":"LineString","coordinates":[[115.78904094100005,0.38620213056832636],[115.78112591400009,0.38366811457113875]]}},{"type":"Feature","properties":{"name":null,"cls":"tertiary","km":0.97},"geometry":{"type":"LineString","coordinates":[[114.2872483880001,1.2979144885515825],[114.28226215300003,1.3039033875448791]]}},{"type":"Feature","properties":{"name":null,"cls":"tertiary","km":0.97},"geometry":{"type":"LineString","coordinates":[[114.37562316100002,1.431539830403093],[114.3752312470001,1.4387409023951123]]}},{"type":"Feature","properties":{"name":null,"cls":"tertiary","km":0.97},"geometry":{"type":"LineString","coordinates":[[114.03940358000011,1.0513741118259567],[114.03628794600002,1.0589606648175254]]}},{"type":"Feature","properties":{"name":null,"cls":"tertiary","km":0.96},"geometry":{"type":"LineString","coordinates":[[116.51077051000006,0.6526197492706681],[116.50560269900006,0.6588489522637532]]}},{"type":"Feature","properties":{"name":null,"cls":"tertiary","km":0.96},"geometry":{"type":"LineString","coordinates":[[115.70486892500003,0.15286374382913162],[115.69823068200003,0.14770810683485128]]}},{"type":"Feature","properties":{"name":null,"cls":"tertiary","km":0.96},"geometry":{"type":"LineString","coordinates":[[115.88918318600008,0.5471354643884855],[115.88671529900012,0.5552063723794408]]}},{"type":"Feature","properties":{"name":null,"cls":"tertiary","km":0.96},"geometry":{"type":"LineString","coordinates":[[115.808460995,0.2895317886763192],[115.800026955,0.2898069416760331]]}},{"type":"Feature","properties":{"name":null,"cls":"tertiary","km":0.96},"geometry":{"type":"LineString","coordinates":[[116.65816486000007,0.9363066039541521],[116.65192392300004,0.9309224159601741]]}},{"type":"Feature","properties":{"name":null,"cls":"tertiary","km":0.96},"geometry":{"type":"LineString","coordinates":[[116.40634210100006,0.5968736203329456],[116.40072729200007,0.6029961603260656]]}},{"type":"Feature","properties":{"name":null,"cls":"tertiary","km":0.96},"geometry":{"type":"LineString","coordinates":[[116.57400370100002,0.6246359333019199],[116.56794685300008,0.619453320307711]]}},{"type":"Feature","properties":{"name":null,"cls":"tertiary","km":0.96},"geometry":{"type":"LineString","coordinates":[[116.41165699800001,0.46875148447604303],[116.40596047000007,0.4750313094690087]]}},{"type":"Feature","properties":{"name":null,"cls":"tertiary","km":0.96},"geometry":{"type":"LineString","coordinates":[[116.21890329400003,0.4196705925308875],[116.2111027300001,0.41780539753296303]]}},{"type":"Feature","properties":{"name":null,"cls":"tertiary","km":0.96},"geometry":{"type":"LineString","coordinates":[[116.44887645900009,0.26069763770858667],[116.44256801000006,0.26630272770228985]]}},{"type":"Feature","properties":{"name":null,"cls":"tertiary","km":0.96},"geometry":{"type":"LineString","coordinates":[[116.24478639200005,0.15373361982812123],[116.25228115500012,0.15717924182430854]]}},{"type":"Feature","properties":{"name":null,"cls":"tertiary","km":0.96},"geometry":{"type":"LineString","coordinates":[[115.95617981100008,0.006865503992407125],[115.95622659000001,0.0155166279827159]]}},{"type":"Feature","properties":{"name":null,"cls":"tertiary","km":0.96},"geometry":{"type":"LineString","coordinates":[[115.51180468100006,0.24129579373027635],[115.50397696300001,0.23774520073425925]]}},{"type":"Feature","properties":{"name":null,"cls":"tertiary","km":0.96},"geometry":{"type":"LineString","coordinates":[[115.78695388000006,0.16543449981507877],[115.78837305100002,0.1737113328057891]]}},{"type":"Feature","properties":{"name":null,"cls":"tertiary","km":0.96},"geometry":{"type":"LineString","coordinates":[[116.98485676100006,0.4354282895133121],[116.98180414400008,0.4372214055112773],[116.9855394240001,0.43847373550988233]]}},{"type":"Feature","properties":{"name":null,"cls":"tertiary","km":0.96},"geometry":{"type":"LineString","coordinates":[[115.74937887300008,0.3315434366293794],[115.74912614500012,0.3383326336218017]]}},{"type":"Feature","properties":{"name":null,"cls":"tertiary","km":0.96},"geometry":{"type":"LineString","coordinates":[[115.59251380900004,0.5805786193511213],[115.59839144300008,0.575056182357315]]}},{"type":"Feature","properties":{"name":null,"cls":"tertiary","km":0.96},"geometry":{"type":"LineString","coordinates":[[115.92740852100006,0.10918424987795854],[115.91992024800004,0.10553639788202812]]}},{"type":"Feature","properties":{"name":null,"cls":"tertiary","km":0.96},"geometry":{"type":"LineString","coordinates":[[115.51986400200008,0.28960910867624373],[115.5186235330001,0.2968743526681189]]}},{"type":"Feature","properties":{"name":null,"cls":"tertiary","km":0.96},"geometry":{"type":"LineString","coordinates":[[116.31922474500006,0.37863128857676004],[116.32212156800006,0.381146812573931],[116.31806177000011,0.3827758385720988]]}},{"type":"Feature","properties":{"name":null,"cls":"tertiary","km":0.96},"geometry":{"type":"LineString","coordinates":[[115.73308223600009,0.37816173057729396],[115.7416052760001,0.3786266595767891]]}},{"type":"Feature","properties":{"name":null,"cls":"tertiary","km":0.96},"geometry":{"type":"LineString","coordinates":[[116.08608459700008,0.7331970191807088],[116.08306650700003,0.7413056931717054]]}},{"type":"Feature","properties":{"name":null,"cls":"tertiary","km":0.96},"geometry":{"type":"LineString","coordinates":[[115.80584643500005,0.06425689292821808],[115.81075999400002,0.063226305929355]]}},{"type":"Feature","properties":{"name":null,"cls":"tertiary","km":0.95},"geometry":{"type":"LineString","coordinates":[[116.50936727800001,1.341693625502898],[116.50497570000005,1.3487446864950856]]}},{"type":"Feature","properties":{"name":null,"cls":"tertiary","km":0.95},"geometry":{"type":"LineString","coordinates":[[116.28384217400003,0.3690762185874198],[116.28640654700007,0.36114964959630913]]}},{"type":"Feature","properties":{"name":null,"cls":"tertiary","km":0.95},"geometry":{"type":"LineString","coordinates":[[116.64890695700002,0.9185505219739305],[116.64292792300012,0.9145509589784167]]}},{"type":"Feature","properties":{"name":null,"cls":"tertiary","km":0.95},"geometry":{"type":"LineString","coordinates":[[116.23249190300011,0.4313389915178964],[116.23801951500002,0.43767517551078644]]}},{"type":"Feature","properties":{"name":null,"cls":"tertiary","km":0.95},"geometry":{"type":"LineString","coordinates":[[116.0082659320001,0.11660195686969238],[116.01476706900007,0.11884636986715572]]}},{"type":"Feature","properties":{"name":null,"cls":"tertiary","km":0.95},"geometry":{"type":"LineString","coordinates":[[115.95127390300001,0.08482083090521163],[115.94713855500004,0.0909324508984084]]}},{"type":"Feature","properties":{"name":null,"cls":"tertiary","km":0.95},"geometry":{"type":"LineString","coordinates":[[116.78227774100004,0.7990750541072611],[116.77917139500005,0.7942634121126355]]}},{"type":"Feature","properties":{"name":null,"cls":"tertiary","km":0.95},"geometry":{"type":"LineString","coordinates":[[115.75954446300011,0.19256548578471966],[115.75284114000009,0.19733858877938376]]}},{"type":"Feature","properties":{"name":null,"cls":"tertiary","km":0.95},"geometry":{"type":"LineString","coordinates":[[116.21823238800005,0.9699007349167489],[116.20990990100007,0.970633284915909]]}},{"type":"Feature","properties":{"name":null,"cls":"tertiary","km":0.95},"geometry":{"type":"LineString","coordinates":[[115.6468383990001,0.1254864968597494],[115.63947574000008,0.12312739386238652]]}},{"type":"Feature","properties":{"name":null,"cls":"tertiary","km":0.95},"geometry":{"type":"LineString","coordinates":[[115.64499941200008,0.12799654485691273],[115.63698181900008,0.1299829668547231]]}},{"type":"Feature","properties":{"name":null,"cls":"tertiary","km":0.95},"geometry":{"type":"LineString","coordinates":[[116.80513650400007,0.6028818053262193],[116.79908345900004,0.5981456323315157]]}},{"type":"Feature","properties":{"name":null,"cls":"tertiary","km":0.95},"geometry":{"type":"LineString","coordinates":[[116.35695694100002,0.24710932572377903],[116.36359077900012,0.2525461797176635]]}},{"type":"Feature","properties":{"name":null,"cls":"tertiary","km":0.95},"geometry":{"type":"LineString","coordinates":[[115.87410412400004,0.43867309150965655],[115.86736012300003,0.44050906950765023]]}},{"type":"Feature","properties":{"name":null,"cls":"tertiary","km":0.95},"geometry":{"type":"LineString","coordinates":[[116.89002859500009,0.9106776859827128],[116.8956472430001,0.9158170559769971]]}},{"type":"Feature","properties":{"name":null,"cls":"tertiary","km":0.95},"geometry":{"type":"LineString","coordinates":[[116.98443469000007,0.40145825055128437],[116.98451742100008,0.40909433254272964]]}},{"type":"Feature","properties":{"name":null,"cls":"tertiary","km":0.95},"geometry":{"type":"LineString","coordinates":[[115.77543166500004,0.047557524946873965],[115.76932893700007,0.05285816194097385]]}},{"type":"Feature","properties":{"name":null,"cls":"tertiary","km":0.95},"geometry":{"type":"LineString","coordinates":[[115.9186334220001,0.42681167652292423],[115.92353176400003,0.4301841945191464]]}},{"type":"Feature","properties":{"name":null,"cls":"tertiary","km":0.94},"geometry":{"type":"LineString","coordinates":[[116.923449268,0.42293913952723095],[116.93149342700008,0.42443194952555474]]}},{"type":"Feature","properties":{"name":null,"cls":"tertiary","km":0.94},"geometry":{"type":"LineString","coordinates":[[116.5684446250001,0.9778337519078626],[116.56177377200005,0.980880387904481]]}},{"type":"Feature","properties":{"name":null,"cls":"tertiary","km":0.94},"geometry":{"type":"LineString","coordinates":[[116.55848179500002,0.8670153930313943],[116.55996965600002,0.8593619900399824]]}},{"type":"Feature","properties":{"name":null,"cls":"tertiary","km":0.94},"geometry":{"type":"LineString","coordinates":[[116.34113253600003,0.6593754752631522],[116.334848597,0.6612429932610345]]}},{"type":"Feature","properties":{"name":null,"cls":"tertiary","km":0.94},"geometry":{"type":"LineString","coordinates":[[116.18506851700012,0.11201934187478647],[116.17800076700009,0.10806069387924451]]}},{"type":"Feature","properties":{"name":null,"cls":"tertiary","km":0.94},"geometry":{"type":"LineString","coordinates":[[116.77713341900007,0.792900139114097],[116.77675766200002,0.7892135451182278],[116.78098722800007,0.790824061116467]]}},{"type":"Feature","properties":{"name":null,"cls":"tertiary","km":0.94},"geometry":{"type":"LineString","coordinates":[[115.78255671900001,0.07178000591979782],[115.77759776500011,0.07656200991441164]]}},{"type":"Feature","properties":{"name":null,"cls":"tertiary","km":0.94},"geometry":{"type":"LineString","coordinates":[[115.76792514800003,0.36899498258754787],[115.7715331380001,0.3761589555795093]]}},{"type":"Feature","properties":{"name":null,"cls":"tertiary","km":0.94},"geometry":{"type":"LineString","coordinates":[[115.95364102100007,0.9757947769101393],[115.94522991100007,0.9756800679102545]]}},{"type":"Feature","properties":{"name":null,"cls":"tertiary","km":0.94},"geometry":{"type":"LineString","coordinates":[[116.07802061700012,0.6391882272856729],[116.08485522600006,0.6392994432855954]]}},{"type":"Feature","properties":{"name":null,"cls":"tertiary","km":0.94},"geometry":{"type":"LineString","coordinates":[[115.78962489800006,0.06800367892404086],[115.79534623100007,0.06881497392306943]]}},{"type":"Feature","properties":{"name":null,"cls":"tertiary","km":0.94},"geometry":{"type":"LineString","coordinates":[[114.27338433500006,1.0472779338305231],[114.26963732400009,1.039894792838678]]}},{"type":"Feature","properties":{"name":null,"cls":"tertiary","km":0.94},"geometry":{"type":"LineString","coordinates":[[114.38311352800008,1.1111056937594002],[114.37871815000005,1.117800191751966]]}},{"type":"Feature","properties":{"name":null,"cls":"tertiary","km":0.94},"geometry":{"type":"LineString","coordinates":[[114.024556372,1.056833306819827],[114.02466612200011,1.049979815827531]]}},{"type":"Feature","properties":{"name":null,"cls":"tertiary","km":0.93},"geometry":{"type":"LineString","coordinates":[[116.16124862000005,0.977501343908284],[116.16807970500008,0.9728362699134568]]}},{"type":"Feature","properties":{"name":null,"cls":"tertiary","km":0.93},"geometry":{"type":"LineString","coordinates":[[115.56662806800011,0.08448486490557612],[115.57463310100003,0.08546103090448616]]}},{"type":"Feature","properties":{"name":null,"cls":"tertiary","km":0.93},"geometry":{"type":"LineString","coordinates":[[116.3994779300001,0.6283983562977068],[116.39160744500009,0.6283860492977797]]}},{"type":"Feature","properties":{"name":null,"cls":"tertiary","km":0.93},"geometry":{"type":"LineString","coordinates":[[116.51001406100009,0.9189423029735105],[116.51400776500009,0.9123596879808638]]}},{"type":"Feature","properties":{"name":null,"cls":"tertiary","km":0.93},"geometry":{"type":"LineString","coordinates":[[116.46417421400008,0.44263728250527284],[116.469387976,0.44878617449838404]]}},{"type":"Feature","properties":{"name":null,"cls":"tertiary","km":0.93},"geometry":{"type":"LineString","coordinates":[[116.42057239600001,0.19142993778601508],[116.41453127400007,0.1961786247807467]]}},{"type":"Feature","properties":{"name":null,"cls":"tertiary","km":0.93},"geometry":{"type":"LineString","coordinates":[[116.21962768000004,0.12641637585870386],[116.2272074550001,0.12418589086117625]]}},{"type":"Feature","properties":{"name":null,"cls":"tertiary","km":0.93},"geometry":{"type":"LineString","coordinates":[[116.98550307200003,0.6763186732442593],[116.99318157100002,0.6749054592457955]]}},{"type":"Feature","properties":{"name":null,"cls":"tertiary","km":0.93},"geometry":{"type":"LineString","coordinates":[[116.76418184900002,0.8542244710457308],[116.75955000800003,0.847501575053218]]}},{"type":"Feature","properties":{"name":null,"cls":"tertiary","km":0.93},"geometry":{"type":"LineString","coordinates":[[115.72897864500011,0.8917756370038471],[115.72491085000001,0.8989890009958048]]}},{"type":"Feature","properties":{"name":null,"cls":"tertiary","km":0.93},"geometry":{"type":"LineString","coordinates":[[115.6799448360001,0.4276145625219777],[115.67809629700002,0.43525798651350733]]}},{"type":"Feature","properties":{"name":null,"cls":"tertiary","km":0.93},"geometry":{"type":"LineString","coordinates":[[116.40764999000008,0.6373404952877584],[116.4136708850001,0.6419722202825667]]}},{"type":"Feature","properties":{"name":null,"cls":"tertiary","km":0.93},"geometry":{"type":"LineString","coordinates":[[116.79764307000005,0.7472372161650306],[116.8003852500001,0.7535715041579671]]}},{"type":"Feature","properties":{"name":null,"cls":"tertiary","km":0.93},"geometry":{"type":"LineString","coordinates":[[116.10210526500008,0.21467362676003043],[116.1094018550001,0.21201897476299783]]}},{"type":"Feature","properties":{"name":null,"cls":"tertiary","km":0.93},"geometry":{"type":"LineString","coordinates":[[115.57469428200011,0.0908948208984214],[115.56643014500003,0.09063693289870983]]}},{"type":"Feature","properties":{"name":null,"cls":"tertiary","km":0.93},"geometry":{"type":"LineString","coordinates":[[115.86086309700009,0.5115203904282482],[115.86346863000007,0.5190115654199485]]}},{"type":"Feature","properties":{"name":null,"cls":"tertiary","km":0.93},"geometry":{"type":"LineString","coordinates":[[116.25025682700006,0.8124808410922739],[116.24604502800003,0.8064893170989519]]}},{"type":"Feature","properties":{"name":null,"cls":"tertiary","km":0.93},"geometry":{"type":"LineString","coordinates":[[116.27468090600009,0.12925740385551462],[116.27581587600004,0.124829946860465],[116.27904841200007,0.12662870385846173]]}},{"type":"Feature","properties":{"name":null,"cls":"tertiary","km":0.93},"geometry":{"type":"LineString","coordinates":[[116.96528427600005,0.8175835630865832],[116.96505362100005,0.809408069095721]]}},{"type":"Feature","properties":{"name":null,"cls":"tertiary","km":0.93},"geometry":{"type":"LineString","coordinates":[[115.67765795000004,0.08774923790194722],[115.6774960140001,0.09526795489352656]]}},{"type":"Feature","properties":{"name":null,"cls":"tertiary","km":0.93},"geometry":{"type":"LineString","coordinates":[[114.04333042500002,1.0557552008210636],[114.03755894500011,1.0596251918167485]]}},{"type":"Feature","properties":{"name":null,"cls":"tertiary","km":0.93},"geometry":{"type":"LineString","coordinates":[[114.9118784640001,1.4302651674045168],[114.91127252700004,1.4382989493955762]]}},{"type":"Feature","properties":{"name":null,"cls":"tertiary","km":0.92},"geometry":{"type":"LineString","coordinates":[[116.815320314,0.6450370182791557],[116.81700735800007,0.6514140682720374]]}},{"type":"Feature","properties":{"name":null,"cls":"tertiary","km":0.92},"geometry":{"type":"LineString","coordinates":[[116.7221044690001,0.889970515005856],[116.71953697800006,0.8824370750142039]]}},{"type":"Feature","properties":{"name":null,"cls":"tertiary","km":0.92},"geometry":{"type":"LineString","coordinates":[[116.06628340600004,0.2873254276787843],[116.07437942900003,0.28850450367748676]]}},{"type":"Feature","properties":{"name":null,"cls":"tertiary","km":0.92},"geometry":{"type":"LineString","coordinates":[[115.56839832500009,0.31552428964729323],[115.56058512900005,0.31629430964643296]]}},{"type":"Feature","properties":{"name":null,"cls":"tertiary","km":0.92},"geometry":{"type":"LineString","coordinates":[[115.74995733300011,0.13011682085457418],[115.75754520000008,0.1324503738519496]]}},{"type":"Feature","properties":{"name":null,"cls":"tertiary","km":0.92},"geometry":{"type":"LineString","coordinates":[[116.90899611900011,0.49397267344784573],[116.91455782300011,0.49437124644743236]]}},{"type":"Feature","properties":{"name":null,"cls":"tertiary","km":0.92},"geometry":{"type":"LineString","coordinates":[[116.32107122300012,0.6699520072513371],[116.32872122600008,0.6719331962491337]]}},{"type":"Feature","properties":{"name":null,"cls":"tertiary","km":0.92},"geometry":{"type":"LineString","coordinates":[[116.34238059800009,0.4104642305411829],[116.34515472200007,0.41793520553282476]]}},{"type":"Feature","properties":{"name":null,"cls":"tertiary","km":0.92},"geometry":{"type":"LineString","coordinates":[[116.80333076500007,0.6188701503083951],[116.80381035100005,0.6267262522996485]]}},{"type":"Feature","properties":{"name":null,"cls":"tertiary","km":0.92},"geometry":{"type":"LineString","coordinates":[[116.04183912100005,0.8214862860821917],[116.04068494800003,0.813584396091058]]}},{"type":"Feature","properties":{"name":null,"cls":"tertiary","km":0.92},"geometry":{"type":"LineString","coordinates":[[116.42437532200005,0.6401907302845916],[116.41938179600005,0.6342226652912191]]}},{"type":"Feature","properties":{"name":null,"cls":"tertiary","km":0.92},"geometry":{"type":"LineString","coordinates":[[115.86765797300006,0.4367318705118284],[115.86736012300003,0.44050906950765023],[115.86411460000012,0.4376458365108294]]}},{"type":"Feature","properties":{"name":null,"cls":"tertiary","km":0.92},"geometry":{"type":"LineString","coordinates":[[116.94688433300007,0.5468574993887918],[116.94354997000006,0.54875873538666],[116.94732234100002,0.5499806353853297]]}},{"type":"Feature","properties":{"name":null,"cls":"tertiary","km":0.92},"geometry":{"type":"LineString","coordinates":[[115.75022106300003,0.24938833072121966],[115.74256832100004,0.2521470897181149]]}},{"type":"Feature","properties":{"name":null,"cls":"tertiary","km":0.92},"geometry":{"type":"LineString","coordinates":[[116.10288521900009,0.2062731037694224],[116.11089098000002,0.20606160876970192]]}},{"type":"Feature","properties":{"name":null,"cls":"tertiary","km":0.92},"geometry":{"type":"LineString","coordinates":[[116.20407494500012,0.6707218272504819],[116.19843460000006,0.6674786042540937]]}},{"type":"Feature","properties":{"name":null,"cls":"tertiary","km":0.92},"geometry":{"type":"LineString","coordinates":[[116.02819622900006,0.4146075925365466],[116.03039845400009,0.4216236065287242]]}},{"type":"Feature","properties":{"name":null,"cls":"tertiary","km":0.92},"geometry":{"type":"LineString","coordinates":[[115.54936643800012,0.2878060146782755],[115.55414070600011,0.2817721886850202]]}},{"type":"Feature","properties":{"name":null,"cls":"tertiary","km":0.92},"geometry":{"type":"LineString","coordinates":[[114.24614727900007,1.0422115648361612],[114.240975778,1.048439742829232]]}},{"type":"Feature","properties":{"name":null,"cls":"tertiary","km":0.91},"geometry":{"type":"LineString","coordinates":[[114.11940837600002,0.9237795409681241],[114.12702549400001,0.926306629965335]]}},{"type":"Feature","properties":{"name":null,"cls":"tertiary","km":0.91},"geometry":{"type":"LineString","coordinates":[[115.66914432900002,0.9008280669937491],[115.66526223900009,0.8941071210012198]]}},{"type":"Feature","properties":{"name":null,"cls":"tertiary","km":0.91},"geometry":{"type":"LineString","coordinates":[[116.38002223700005,0.39240202256138074],[116.37427981500002,0.38960808856449636]]}},{"type":"Feature","properties":{"name":null,"cls":"tertiary","km":0.91},"geometry":{"type":"LineString","coordinates":[[116.20988100400008,0.4199197685306135],[116.2160844220001,0.42468357152528663]]}},{"type":"Feature","properties":{"name":null,"cls":"tertiary","km":0.91},"geometry":{"type":"LineString","coordinates":[[116.48710919500002,0.7571733091539627],[116.47917681800004,0.7585304141524608]]}},{"type":"Feature","properties":{"name":null,"cls":"tertiary","km":0.91},"geometry":{"type":"LineString","coordinates":[[116.97789169500004,0.6780976652422498],[116.980453677,0.6708037162503971]]}},{"type":"Feature","properties":{"name":null,"cls":"tertiary","km":0.91},"geometry":{"type":"LineString","coordinates":[[116.41508372800001,0.6415338932830346],[116.41444346300011,0.6346517592907698]]}},{"type":"Feature","properties":{"name":null,"cls":"tertiary","km":0.91},"geometry":{"type":"LineString","coordinates":[[115.55156400400006,0.2992299746655357],[115.55868697100004,0.29646909866857274]]}},{"type":"Feature","properties":{"name":null,"cls":"tertiary","km":0.91},"geometry":{"type":"LineString","coordinates":[[115.79509444000009,0.04236644295266654],[115.79161941600013,0.04311324395182046],[115.79378752200013,0.04690731294757316]]}},{"type":"Feature","properties":{"name":null,"cls":"tertiary","km":0.91},"geometry":{"type":"LineString","coordinates":[[116.41248098200005,0.29557430866960066],[116.40546997200012,0.2956912716694743]]}},{"type":"Feature","properties":{"name":null,"cls":"tertiary","km":0.91},"geometry":{"type":"LineString","coordinates":[[116.74613765200003,0.6085875323198526],[116.74985353400007,0.6079554913205485]]}},{"type":"Feature","properties":{"name":null,"cls":"tertiary","km":0.91},"geometry":{"type":"LineString","coordinates":[[116.01325971000006,0.02211033897530991],[116.01016708400003,0.02922061696734027]]}},{"type":"Feature","properties":{"name":null,"cls":"tertiary","km":0.91},"geometry":{"type":"LineString","coordinates":[[114.04280417600012,1.0587836858177084],[114.03975672900003,1.0646736758111137]]}},{"type":"Feature","properties":{"name":null,"cls":"tertiary","km":0.91},"geometry":{"type":"LineString","coordinates":[[114.14953334000006,1.0443938408337115],[114.15128579600002,1.0523739708248538]]}},{"type":"Feature","properties":{"name":null,"cls":"tertiary","km":0.91},"geometry":{"type":"LineString","coordinates":[[114.59822781700005,1.224050087633736],[114.5997533540001,1.2165798446420375]]}},{"type":"Feature","properties":{"name":null,"cls":"tertiary","km":0.9},"geometry":{"type":"LineString","coordinates":[[115.81203935000009,0.10101319088709697],[115.81113644200002,0.09430785689460187]]}},{"type":"Feature","properties":{"name":null,"cls":"tertiary","km":0.9},"geometry":{"type":"LineString","coordinates":[[116.08339637300003,0.29149515267413806],[116.08922220900001,0.2947583726704804]]}},{"type":"Feature","properties":{"name":null,"cls":"tertiary","km":0.9},"geometry":{"type":"LineString","coordinates":[[116.97585481500006,0.7007020002169756],[116.9758703350001,0.7080244392088162]]}},{"type":"Feature","properties":{"name":null,"cls":"tertiary","km":0.9},"geometry":{"type":"LineString","coordinates":[[116.70143954600007,0.8774337240198348],[116.69467754700008,0.8812721010155306]]}},{"type":"Feature","properties":{"name":null,"cls":"tertiary","km":0.9},"geometry":{"type":"LineString","coordinates":[[115.80987959400011,0.27335709669439967],[115.80334935900011,0.2738484186938639]]}},{"type":"Feature","properties":{"name":null,"cls":"tertiary","km":0.9},"geometry":{"type":"LineString","coordinates":[[115.7320599430001,0.8533176540467529],[115.72709719800004,0.8488950850516388]]}},{"type":"Feature","properties":{"name":null,"cls":"tertiary","km":0.9},"geometry":{"type":"LineString","coordinates":[[115.84387475200003,0.1804445587982612],[115.8410463130001,0.18696883679100706]]}},{"type":"Feature","properties":{"name":null,"cls":"tertiary","km":0.9},"geometry":{"type":"LineString","coordinates":[[115.80856479900001,0.18020345179858838],[115.80804055400006,0.18824998778957575]]}},{"type":"Feature","properties":{"name":null,"cls":"tertiary","km":0.9},"geometry":{"type":"LineString","coordinates":[[115.63497403300005,0.4648791234804115],[115.63750628700006,0.47167970247280383]]}},{"type":"Feature","properties":{"name":null,"cls":"tertiary","km":0.9},"geometry":{"type":"LineString","coordinates":[[115.58526316900007,0.1889033627888566],[115.5923648700001,0.1920588777853168]]}},{"type":"Feature","properties":{"name":null,"cls":"tertiary","km":0.9},"geometry":{"type":"LineString","coordinates":[[115.5027712750001,0.9490712149399323],[115.50617602100009,0.949453173939493],[115.5034001460001,0.9529396769356379]]}},{"type":"Feature","properties":{"name":null,"cls":"tertiary","km":0.9},"geometry":{"type":"LineString","coordinates":[[116.0894841290001,0.4498639444971636],[116.09539298000004,0.4543149874921579]]}},{"type":"Feature","properties":{"name":null,"cls":"tertiary","km":0.9},"geometry":{"type":"LineString","coordinates":[[116.87926798600004,0.647950518275943],[116.88150289900011,0.6401696042845961]]}},{"type":"Feature","properties":{"name":null,"cls":"tertiary","km":0.9},"geometry":{"type":"LineString","coordinates":[[115.1763036110001,1.5382592782846476],[115.1722387000001,1.5445872012776276]]}},{"type":"Feature","properties":{"name":null,"cls":"tertiary","km":0.89},"geometry":{"type":"LineString","coordinates":[[116.55571857000007,0.7299343491843995],[116.5494363790001,0.7309748631832661]]}},{"type":"Feature","properties":{"name":null,"cls":"tertiary","km":0.89},"geometry":{"type":"LineString","coordinates":[[116.55046254500007,0.5797692913520208],[116.55046523000009,0.5873139923436465]]}},{"type":"Feature","properties":{"name":null,"cls":"tertiary","km":0.89},"geometry":{"type":"LineString","coordinates":[[116.41568954300011,0.4719161974724829],[116.42117046800003,0.47742983346631096]]}},{"type":"Feature","properties":{"name":null,"cls":"tertiary","km":0.89},"geometry":{"type":"LineString","coordinates":[[116.23458235800003,0.4274851565221581],[116.24154925700007,0.4276610375219741]]}},{"type":"Feature","properties":{"name":null,"cls":"tertiary","km":0.89},"geometry":{"type":"LineString","coordinates":[[116.40508339200007,0.27073389669738],[116.39723206600003,0.2704964706976385]]}},{"type":"Feature","properties":{"name":null,"cls":"tertiary","km":0.89},"geometry":{"type":"LineString","coordinates":[[116.37054014400009,0.2836958776828747],[116.37830639900005,0.283272282683332]]}},{"type":"Feature","properties":{"name":null,"cls":"tertiary","km":0.89},"geometry":{"type":"LineString","coordinates":[[116.21265989300001,0.09258816589651758],[116.20598849400005,0.09687389389175582]]}},{"type":"Feature","properties":{"name":null,"cls":"tertiary","km":0.89},"geometry":{"type":"LineString","coordinates":[[115.94685231300002,0.026931209969926474],[115.94732746900002,0.01983761097787547]]}},{"type":"Feature","properties":{"name":null,"cls":"tertiary","km":0.89},"geometry":{"type":"LineString","coordinates":[[115.78245537500005,0.36874628358782063],[115.77881073200001,0.3745708865813209]]}},{"type":"Feature","properties":{"name":null,"cls":"tertiary","km":0.89},"geometry":{"type":"LineString","coordinates":[[116.22362260000011,0.6198608463072622],[116.22282435400008,0.6167455983107496],[116.22413324700005,0.6196473443075061]]}},{"type":"Feature","properties":{"name":null,"cls":"tertiary","km":0.89},"geometry":{"type":"LineString","coordinates":[[116.07723507800006,0.22699337674625947],[116.07245270600005,0.2208451437531457]]}},{"type":"Feature","properties":{"name":null,"cls":"tertiary","km":0.89},"geometry":{"type":"LineString","coordinates":[[115.53817504000006,0.188735230789062],[115.54057612100009,0.18269738979577435]]}},{"type":"Feature","properties":{"name":null,"cls":"tertiary","km":0.89},"geometry":{"type":"LineString","coordinates":[[116.55636381800004,0.8573746280421985],[116.55085318600005,0.8620923730369103]]}},{"type":"Feature","properties":{"name":null,"cls":"tertiary","km":0.89},"geometry":{"type":"LineString","coordinates":[[114.05421545100002,0.7351264511785658],[114.0536606280001,0.7273841781872489]]}},{"type":"Feature","properties":{"name":null,"cls":"tertiary","km":0.88},"geometry":{"type":"LineString","coordinates":[[116.1521719430001,0.6824949822373211],[116.159472918,0.6807456802393268]]}},{"type":"Feature","properties":{"name":null,"cls":"tertiary","km":0.88},"geometry":{"type":"LineString","coordinates":[[116.94045362700001,0.9359896839545284],[116.93876971500003,0.9434549179461762]]}},{"type":"Feature","properties":{"name":null,"cls":"tertiary","km":0.88},"geometry":{"type":"LineString","coordinates":[[116.38196667900003,0.5921185613382643],[116.37828901300009,0.5990662773305018]]}},{"type":"Feature","properties":{"name":null,"cls":"tertiary","km":0.88},"geometry":{"type":"LineString","coordinates":[[116.41569134300005,0.6082188943202844],[116.40810929200008,0.6100629273182023]]}},{"type":"Feature","properties":{"name":null,"cls":"tertiary","km":0.88},"geometry":{"type":"LineString","coordinates":[[116.55546486200002,0.5748413653575477],[116.54855722000003,0.5714245743613423]]}},{"type":"Feature","properties":{"name":null,"cls":"tertiary","km":0.88},"geometry":{"type":"LineString","coordinates":[[116.46997090700006,0.4221993045280777],[116.47487322400002,0.4283672525211876]]}},{"type":"Feature","properties":{"name":null,"cls":"tertiary","km":0.88},"geometry":{"type":"LineString","coordinates":[[116.24834602400006,0.385267522569335],[116.24261008000008,0.3903297305636982]]}},{"type":"Feature","properties":{"name":null,"cls":"tertiary","km":0.88},"geometry":{"type":"LineString","coordinates":[[116.36763484900007,0.27779813368943007],[116.36226209400002,0.2830453526835822]]}},{"type":"Feature","properties":{"name":null,"cls":"tertiary","km":0.88},"geometry":{"type":"LineString","coordinates":[[116.89195957800008,0.5412619323950738],[116.89721131900001,0.5461665933896013]]}},{"type":"Feature","properties":{"name":null,"cls":"tertiary","km":0.88},"geometry":{"type":"LineString","coordinates":[[115.61882438900012,0.21366685276115469],[115.61999980200005,0.20670948976892226]]}},{"type":"Feature","properties":{"name":null,"cls":"tertiary","km":0.88},"geometry":{"type":"LineString","coordinates":[[116.50707998000007,0.6486473462751369],[116.50073893400008,0.6526845212706329]]}},{"type":"Feature","properties":{"name":null,"cls":"tertiary","km":0.88},"geometry":{"type":"LineString","coordinates":[[116.35009719300002,0.8227349960808454],[116.34293761000004,0.8216643890820057]]}},{"type":"Feature","properties":{"name":null,"cls":"tertiary","km":0.88},"geometry":{"type":"LineString","coordinates":[[115.52113255200004,0.8920101130035712],[115.51455186400007,0.8882364160077706]]}},{"type":"Feature","properties":{"name":null,"cls":"tertiary","km":0.87},"geometry":{"type":"LineString","coordinates":[[116.08712138300008,0.6585228632640865],[116.08624662000013,0.6513358282721234]]}},{"type":"Feature","properties":{"name":null,"cls":"tertiary","km":0.87},"geometry":{"type":"LineString","coordinates":[[116.98814278800012,0.8042223881015143],[116.98165561000009,0.7999089391062542]]}},{"type":"Feature","properties":{"name":null,"cls":"tertiary","km":0.87},"geometry":{"type":"LineString","coordinates":[[116.07761190800012,0.34062784561923937],[116.08319769600007,0.33526755462520086]]}},{"type":"Feature","properties":{"name":null,"cls":"tertiary","km":0.87},"geometry":{"type":"LineString","coordinates":[[116.9889773650001,0.8360932580659438],[116.98961666400011,0.8435837300575754]]}},{"type":"Feature","properties":{"name":null,"cls":"tertiary","km":0.87},"geometry":{"type":"LineString","coordinates":[[116.54465181700004,0.7563057911549406],[116.53819779900005,0.7540208611575148]]}},{"type":"Feature","properties":{"name":null,"cls":"tertiary","km":0.87},"geometry":{"type":"LineString","coordinates":[[116.57462116200008,0.6273284322989342],[116.57956937000006,0.6215017523054449]]}},{"type":"Feature","properties":{"name":null,"cls":"tertiary","km":0.87},"geometry":{"type":"LineString","coordinates":[[116.56777022100005,0.6272102942990446],[116.56186322100007,0.6225624323042601]]}},{"type":"Feature","properties":{"name":null,"cls":"tertiary","km":0.87},"geometry":{"type":"LineString","coordinates":[[116.23429255200007,0.4137033785375413],[116.22928726900012,0.4100515335416454]]}},{"type":"Feature","properties":{"name":null,"cls":"tertiary","km":0.87},"geometry":{"type":"LineString","coordinates":[[116.43004055000006,0.2685743076997716],[116.42833016900012,0.27484372769277743]]}},{"type":"Feature","properties":{"name":null,"cls":"tertiary","km":0.87},"geometry":{"type":"LineString","coordinates":[[116.10571882700003,0.07542291291573334],[116.10050711800011,0.07097129292070316]]}},{"type":"Feature","properties":{"name":null,"cls":"tertiary","km":0.87},"geometry":{"type":"LineString","coordinates":[[116.23773537200009,0.1223719508632136],[116.24201393400006,0.12842066885644854]]}},{"type":"Feature","properties":{"name":null,"cls":"tertiary","km":0.87},"geometry":{"type":"LineString","coordinates":[[115.9144942150001,0.009466816989429068],[115.90748862100008,0.012513846986036211]]}},{"type":"Feature","properties":{"name":null,"cls":"tertiary","km":0.87},"geometry":{"type":"LineString","coordinates":[[116.96894986400001,0.6716846112493964],[116.96371923700008,0.6761407042444207]]}},{"type":"Feature","properties":{"name":null,"cls":"tertiary","km":0.87},"geometry":{"type":"LineString","coordinates":[[116.1051168580001,0.03412876996188965],[116.1087552450001,0.02760963096920574]]}},{"type":"Feature","properties":{"name":null,"cls":"tertiary","km":0.87},"geometry":{"type":"LineString","coordinates":[[116.70658168500006,0.8744714060231091],[116.70304107800008,0.8813536780154348]]}},{"type":"Feature","properties":{"name":null,"cls":"tertiary","km":0.87},"geometry":{"type":"LineString","coordinates":[[115.80301258200005,0.07934957691134889],[115.80282252100005,0.0854075409045609]]}},{"type":"Feature","properties":{"name":null,"cls":"tertiary","km":0.87},"geometry":{"type":"LineString","coordinates":[[116.78278344900002,0.7717659941377253],[116.78104712000004,0.7755167081334914]]}},{"type":"Feature","properties":{"name":null,"cls":"tertiary","km":0.87},"geometry":{"type":"LineString","coordinates":[[116.53630903100009,0.5098777644301128],[116.53143001300008,0.5077872044324486]]}},{"type":"Feature","properties":{"name":null,"cls":"tertiary","km":0.87},"geometry":{"type":"LineString","coordinates":[[116.72103719000008,0.8391593320625413],[116.71431517700012,0.8378215850640256]]}},{"type":"Feature","properties":{"name":null,"cls":"tertiary","km":0.87},"geometry":{"type":"LineString","coordinates":[[115.7574830090001,0.1625707518182653],[115.76405887200008,0.15926415182199355]]}},{"type":"Feature","properties":{"name":null,"cls":"tertiary","km":0.87},"geometry":{"type":"LineString","coordinates":[[114.2740557410001,1.0363044098427494],[114.27464886200005,1.0438056278344172]]}},{"type":"Feature","properties":{"name":null,"cls":"tertiary","km":0.86},"geometry":{"type":"LineString","coordinates":[[115.78174457700004,0.18360786179471872],[115.78778567800008,0.1879440707899108]]}},{"type":"Feature","properties":{"name":null,"cls":"tertiary","km":0.86},"geometry":{"type":"LineString","coordinates":[[116.10735339600002,0.767721246142196],[116.10550290600008,0.7610158121496599]]}},{"type":"Feature","properties":{"name":null,"cls":"tertiary","km":0.86},"geometry":{"type":"LineString","coordinates":[[116.93253337800002,0.9169972389757061],[116.93102718500006,0.9242658399675769]]}},{"type":"Feature","properties":{"name":null,"cls":"tertiary","km":0.86},"geometry":{"type":"LineString","coordinates":[[116.94740370400007,0.9386707859515254],[116.94709943300006,0.9459203829434241]]}},{"type":"Feature","properties":{"name":null,"cls":"tertiary","km":0.86},"geometry":{"type":"LineString","coordinates":[[116.60095540900011,0.7853335241225867],[116.60335072100008,0.7924239341146548]]}},{"type":"Feature","properties":{"name":null,"cls":"tertiary","km":0.86},"geometry":{"type":"LineString","coordinates":[[116.4894595180001,0.6445930352796532],[116.49680154500003,0.6451853962789962]]}},{"type":"Feature","properties":{"name":null,"cls":"tertiary","km":0.86},"geometry":{"type":"LineString","coordinates":[[116.55991700000006,0.5901308883404239],[116.55552544500004,0.5845909123466679]]}},{"type":"Feature","properties":{"name":null,"cls":"tertiary","km":0.86},"geometry":{"type":"LineString","coordinates":[[116.56571305500006,0.5679585113652457],[116.55983059300002,0.5630273463707576]]}},{"type":"Feature","properties":{"name":null,"cls":"tertiary","km":0.86},"geometry":{"type":"LineString","coordinates":[[116.17477049100012,0.4603324524854384],[116.16920372400013,0.4564892374897909]]}},{"type":"Feature","properties":{"name":null,"cls":"tertiary","km":0.86},"geometry":{"type":"LineString","coordinates":[[116.98248965900007,0.44101171350706553],[116.97855217500012,0.4408511495072626]]}},{"type":"Feature","properties":{"name":null,"cls":"tertiary","km":0.86},"geometry":{"type":"LineString","coordinates":[[115.60356345000002,0.2302111367426552],[115.61005852200002,0.22710996974613248]]}},{"type":"Feature","properties":{"name":null,"cls":"tertiary","km":0.86},"geometry":{"type":"LineString","coordinates":[[115.89032777600003,0.42378358752630113],[115.88800799100011,0.41659607253434244]]}},{"type":"Feature","properties":{"name":null,"cls":"tertiary","km":0.86},"geometry":{"type":"LineString","coordinates":[[115.99721417900003,0.22934806474365022],[115.99544772600008,0.22356313675009584]]}},{"type":"Feature","properties":{"name":null,"cls":"tertiary","km":0.86},"geometry":{"type":"LineString","coordinates":[[116.27768914700003,0.6227895463039963],[116.27140028500003,0.6261884453002349]]}},{"type":"Feature","properties":{"name":null,"cls":"tertiary","km":0.86},"geometry":{"type":"LineString","coordinates":[[116.49360885400004,0.6394228652854558],[116.48852514500004,0.6387146362862067]]}},{"type":"Feature","properties":{"name":null,"cls":"tertiary","km":0.86},"geometry":{"type":"LineString","coordinates":[[116.25423041400006,0.7491436071629697],[116.25611200300011,0.7445531271680695]]}},{"type":"Feature","properties":{"name":null,"cls":"tertiary","km":0.86},"geometry":{"type":"LineString","coordinates":[[115.79835525200009,0.1953435267816158],[115.80235386600009,0.18972374378792195]]}},{"type":"Feature","properties":{"name":null,"cls":"tertiary","km":0.86},"geometry":{"type":"LineString","coordinates":[[116.02745240100002,0.5309640824065823],[116.02721544600001,0.5364696204003919]]}},{"type":"Feature","properties":{"name":null,"cls":"tertiary","km":0.86},"geometry":{"type":"LineString","coordinates":[[115.86437384300007,0.03418335396182487],[115.8678100200001,0.02785596496894535]]}},{"type":"Feature","properties":{"name":null,"cls":"tertiary","km":0.86},"geometry":{"type":"LineString","coordinates":[[115.7595461950001,0.0311708699651894],[115.75345890700008,0.03248167096368339]]}},{"type":"Feature","properties":{"name":null,"cls":"tertiary","km":0.86},"geometry":{"type":"LineString","coordinates":[[115.16709092000008,1.5291523992947251],[115.17108045200008,1.5228291263018006]]}},{"type":"Feature","properties":{"name":null,"cls":"tertiary","km":0.86},"geometry":{"type":"LineString","coordinates":[[114.198341733,1.0435093308347019],[114.20046335900008,1.036202874842841]]}},{"type":"Feature","properties":{"name":null,"cls":"tertiary","km":0.85},"geometry":{"type":"LineString","coordinates":[[115.77667687700013,0.17595832980334222],[115.78326355600007,0.17931125979952123]]}},{"type":"Feature","properties":{"name":null,"cls":"tertiary","km":0.85},"geometry":{"type":"LineString","coordinates":[[116.14764420100006,0.018779942979033373],[116.14287619600007,0.024400151972767983]]}},{"type":"Feature","properties":{"name":null,"cls":"tertiary","km":0.85},"geometry":{"type":"LineString","coordinates":[[116.90779507200011,0.8630611350358776],[116.91037746600011,0.8567382950429312]]}},{"type":"Feature","properties":{"name":null,"cls":"tertiary","km":0.85},"geometry":{"type":"LineString","coordinates":[[115.52034054900004,0.05484293493876053],[115.51307275300009,0.05471939793883874]]}},{"type":"Feature","properties":{"name":null,"cls":"tertiary","km":0.85},"geometry":{"type":"LineString","coordinates":[[116.5632525850001,0.7139202812022575],[116.56318217000013,0.7063262622107437]]}},{"type":"Feature","properties":{"name":null,"cls":"tertiary","km":0.85},"geometry":{"type":"LineString","coordinates":[[116.35522157700007,0.47941627046414287],[116.35716962800008,0.4722658674721039]]}},{"type":"Feature","properties":{"name":null,"cls":"tertiary","km":0.85},"geometry":{"type":"LineString","coordinates":[[116.22367049200011,0.40301437154950764],[116.22432906600011,0.4105247545411095]]}},{"type":"Feature","properties":{"name":null,"cls":"tertiary","km":0.85},"geometry":{"type":"LineString","coordinates":[[115.72016582500011,0.031206911965201378],[115.72721272600008,0.03106318196529925]]}},{"type":"Feature","properties":{"name":null,"cls":"tertiary","km":0.85},"geometry":{"type":"LineString","coordinates":[[115.7568566430001,0.020055113977655595],[115.74989179800002,0.02280835297456617]]}},{"type":"Feature","properties":{"name":null,"cls":"tertiary","km":0.85},"geometry":{"type":"LineString","coordinates":[[115.57410797900002,0.07326923791810984],[115.56751178400008,0.06999098592178432]]}},{"type":"Feature","properties":{"name":null,"cls":"tertiary","km":0.85},"geometry":{"type":"LineString","coordinates":[[115.54175845400005,0.30338392266087194],[115.54616274600005,0.30918662765434385]]}},{"type":"Feature","properties":{"name":null,"cls":"tertiary","km":0.85},"geometry":{"type":"LineString","coordinates":[[115.90849987700005,0.27702657569029737],[115.91544104700006,0.2747049076929233]]}},{"type":"Feature","properties":{"name":null,"cls":"tertiary","km":0.85},"geometry":{"type":"LineString","coordinates":[[116.77874817000009,0.6725164782484436],[116.77297769600013,0.675016993245677]]}},{"type":"Feature","properties":{"name":null,"cls":"tertiary","km":0.85},"geometry":{"type":"LineString","coordinates":[[116.57928087200004,0.8295168170732926],[116.58538848800005,0.8271011710759268]]}},{"type":"Feature","properties":{"name":null,"cls":"tertiary","km":0.85},"geometry":{"type":"LineString","coordinates":[[115.78413075700007,0.043619117951252215],[115.78612525400001,0.050672395943396696]]}},{"type":"Feature","properties":{"name":null,"cls":"tertiary","km":0.84},"geometry":{"type":"LineString","coordinates":[[116.83613684900001,0.63257063929307],[116.82979181300006,0.63036607929553]]}},{"type":"Feature","properties":{"name":null,"cls":"tertiary","km":0.84},"geometry":{"type":"LineString","coordinates":[[116.273022577,0.6076633263209051],[116.2763101490001,0.614307968313446]]}},{"type":"Feature","properties":{"name":null,"cls":"tertiary","km":0.84},"geometry":{"type":"LineString","coordinates":[[115.78590227100005,0.4852737344575699],[115.79137665400002,0.48063784446276947]]}},{"type":"Feature","properties":{"name":null,"cls":"tertiary","km":0.84},"geometry":{"type":"LineString","coordinates":[[115.62997479800003,0.3922051415615502],[115.63434241900006,0.3979149415552142]]}},{"type":"Feature","properties":{"name":null,"cls":"tertiary","km":0.84},"geometry":{"type":"LineString","coordinates":[[115.54012013700003,0.1739515198055536],[115.53483640500008,0.1766980518025124]]}},{"type":"Feature","properties":{"name":null,"cls":"tertiary","km":0.84},"geometry":{"type":"LineString","coordinates":[[116.92704839800003,0.9187109119737735],[116.92954295100002,0.9117211529815452]]}},{"type":"Feature","properties":{"name":null,"cls":"tertiary","km":0.84},"geometry":{"type":"LineString","coordinates":[[116.9013153520001,0.49124205945092775],[116.90698095500011,0.48766578445491593]]}},{"type":"Feature","properties":{"name":null,"cls":"tertiary","km":0.84},"geometry":{"type":"LineString","coordinates":[[116.63377453600003,0.9702579329163487],[116.62774805900006,0.972897580913375]]}},{"type":"Feature","properties":{"name":null,"cls":"tertiary","km":0.84},"geometry":{"type":"LineString","coordinates":[[116.2712502940001,0.7116563752047904],[116.26946994500008,0.7046644542126138]]}},{"type":"Feature","properties":{"name":null,"cls":"tertiary","km":0.84},"geometry":{"type":"LineString","coordinates":[[116.4738389590001,0.336472863623882],[116.48007283200002,0.33925150962079714]]}},{"type":"Feature","properties":{"name":null,"cls":"tertiary","km":0.84},"geometry":{"type":"LineString","coordinates":[[116.24797832100002,0.46689703947811634],[116.24079287100007,0.4691726904755868]]}},{"type":"Feature","properties":{"name":null,"cls":"tertiary","km":0.84},"geometry":{"type":"LineString","coordinates":[[116.01483415900009,0.07976905791088024],[116.01267151700007,0.0867230499030867]]}},{"type":"Feature","properties":{"name":null,"cls":"tertiary","km":0.84},"geometry":{"type":"LineString","coordinates":[[116.10203291400002,0.054738272938859724],[116.10014199700004,0.04757807994686739]]}},{"type":"Feature","properties":{"name":null,"cls":"tertiary","km":0.84},"geometry":{"type":"LineString","coordinates":[[116.31577235400005,0.8523662360477801],[116.31809408200003,0.859294786040084]]}},{"type":"Feature","properties":{"name":null,"cls":"tertiary","km":0.84},"geometry":{"type":"LineString","coordinates":[[116.34007962400007,0.2624270087066414],[116.34405992400002,0.268137478700285]]}},{"type":"Feature","properties":{"name":null,"cls":"tertiary","km":0.84},"geometry":{"type":"LineString","coordinates":[[116.74495574600009,0.8931803770022714],[116.74482016300011,0.8897107790061236],[116.74367901300003,0.8932076080022305]]}},{"type":"Feature","properties":{"name":null,"cls":"tertiary","km":0.84},"geometry":{"type":"LineString","coordinates":[[115.62007916100002,0.2144961557602086],[115.62432001100001,0.2089699987663722]]}},{"type":"Feature","properties":{"name":null,"cls":"tertiary","km":0.84},"geometry":{"type":"LineString","coordinates":[[115.54078626600005,0.6663631372553868],[115.54801765000002,0.667311432254309]]}},{"type":"Feature","properties":{"name":null,"cls":"tertiary","km":0.84},"geometry":{"type":"LineString","coordinates":[[116.40046377400006,0.6263841432999878],[116.39388796700008,0.6239231233027388]]}},{"type":"Feature","properties":{"name":null,"cls":"tertiary","km":0.84},"geometry":{"type":"LineString","coordinates":[[116.41615885800003,0.625283742301235],[116.41489658900004,0.632465618293221]]}},{"type":"Feature","properties":{"name":null,"cls":"tertiary","km":0.84},"geometry":{"type":"LineString","coordinates":[[115.9161661940001,0.08318363090704843],[115.909033754,0.0845067939055739]]}},{"type":"Feature","properties":{"name":null,"cls":"tertiary","km":0.84},"geometry":{"type":"LineString","coordinates":[[116.46487035800011,0.7273375381873207],[116.46565053900008,0.734204106179597]]}},{"type":"Feature","properties":{"name":null,"cls":"tertiary","km":0.84},"geometry":{"type":"LineString","coordinates":[[116.19717523300005,0.6664491262552065],[116.19636674800006,0.6735461332473075]]}},{"type":"Feature","properties":{"name":null,"cls":"tertiary","km":0.84},"geometry":{"type":"LineString","coordinates":[[116.03375273900008,0.6250174253015189],[116.0389347910001,0.6205471553064962]]}},{"type":"Feature","properties":{"name":null,"cls":"tertiary","km":0.84},"geometry":{"type":"LineString","coordinates":[[115.8420172310001,0.0453550629493439],[115.84683792800001,0.05108240794293318]]}},{"type":"Feature","properties":{"name":null,"cls":"tertiary","km":0.84},"geometry":{"type":"LineString","coordinates":[[114.17656057700003,1.05622837382056],[114.17147452400002,1.061150694815038]]}},{"type":"Feature","properties":{"name":null,"cls":"tertiary","km":0.84},"geometry":{"type":"LineString","coordinates":[[114.17715900900009,1.0890146287840625],[114.17581328100005,1.0964117977757937]]}},{"type":"Feature","properties":{"name":null,"cls":"tertiary","km":0.84},"geometry":{"type":"LineString","coordinates":[[114.05931295100004,0.7395546491736648],[114.0639690480001,0.7345857791791885]]}},{"type":"Feature","properties":{"name":null,"cls":"tertiary","km":0.83},"geometry":{"type":"LineString","coordinates":[[116.93133116600006,0.9099986649834989],[116.93162809600005,0.9171578869754966]]}},{"type":"Feature","properties":{"name":null,"cls":"tertiary","km":0.83},"geometry":{"type":"LineString","coordinates":[[116.0013852300001,0.2505629977198919],[116.00850195300006,0.25109362371929655]]}},{"type":"Feature","properties":{"name":null,"cls":"tertiary","km":0.83},"geometry":{"type":"LineString","coordinates":[[114.13802269300004,1.001424902881584],[114.13171546100011,1.002951680879925]]}},{"type":"Feature","properties":{"name":null,"cls":"tertiary","km":0.83},"geometry":{"type":"LineString","coordinates":[[116.91610023800001,0.42362844852647247],[116.9227435790001,0.4218034555284937]]}},{"type":"Feature","properties":{"name":null,"cls":"tertiary","km":0.83},"geometry":{"type":"LineString","coordinates":[[116.45469942200008,0.3714083695848217],[116.45205111000007,0.3646774105923696]]}},{"type":"Feature","properties":{"name":null,"cls":"tertiary","km":0.83},"geometry":{"type":"LineString","coordinates":[[116.38259345100005,0.38515617556948456],[116.37818809900011,0.3904886145635049]]}},{"type":"Feature","properties":{"name":null,"cls":"tertiary","km":0.83},"geometry":{"type":"LineString","coordinates":[[116.25757979900003,0.45421107749231954],[116.25150849600006,0.45773760848834527]]}},{"type":"Feature","properties":{"name":null,"cls":"tertiary","km":0.83},"geometry":{"type":"LineString","coordinates":[[116.42627922600002,0.20602510876970923],[116.42454508200001,0.21305479276182213]]}},{"type":"Feature","properties":{"name":null,"cls":"tertiary","km":0.83},"geometry":{"type":"LineString","coordinates":[[116.43626185800008,0.2549060607150252],[116.43497746200002,0.24769771772311674]]}},{"type":"Feature","properties":{"name":null,"cls":"tertiary","km":0.83},"geometry":{"type":"LineString","coordinates":[[116.39090940200005,0.3003977066642082],[116.38941654400003,0.29531317966986487]]}},{"type":"Feature","properties":{"name":null,"cls":"tertiary","km":0.83},"geometry":{"type":"LineString","coordinates":[[116.18181239500007,0.09323010989579163],[116.18299780200003,0.10056556288758743]]}},{"type":"Feature","properties":{"name":null,"cls":"tertiary","km":0.83},"geometry":{"type":"LineString","coordinates":[[115.56942260200003,0.24604626672497992],[115.56259041100007,0.24600655872497246]]}},{"type":"Feature","properties":{"name":null,"cls":"tertiary","km":0.83},"geometry":{"type":"LineString","coordinates":[[116.90265678200001,0.5220996404164877],[116.90152351600011,0.5190286984198786],[116.89963762900005,0.5223643464161724]]}},{"type":"Feature","properties":{"name":null,"cls":"tertiary","km":0.83},"geometry":{"type":"LineString","coordinates":[[116.76917643500008,0.7843830781236174],[116.77481674400008,0.789133061118355]]}},{"type":"Feature","properties":{"name":null,"cls":"tertiary","km":0.83},"geometry":{"type":"LineString","coordinates":[[116.87924085900012,0.6395415942852615],[116.88356649700007,0.6361946982890272]]}},{"type":"Feature","properties":{"name":null,"cls":"tertiary","km":0.83},"geometry":{"type":"LineString","coordinates":[[116.77625693400013,0.7831477661250199],[116.78010789100006,0.7887155341187997]]}},{"type":"Feature","properties":{"name":null,"cls":"tertiary","km":0.83},"geometry":{"type":"LineString","coordinates":[[116.61281151600008,0.9260317059656417],[116.60849331400006,0.9283411059630791]]}},{"type":"Feature","properties":{"name":null,"cls":"tertiary","km":0.83},"geometry":{"type":"LineString","coordinates":[[116.22359610300009,0.05719370593606675],[116.2227643530001,0.0635164139290386]]}},{"type":"Feature","properties":{"name":null,"cls":"tertiary","km":0.83},"geometry":{"type":"LineString","coordinates":[[116.32415816900004,0.8619767710370466],[116.31812884700003,0.8648724240338087]]}},{"type":"Feature","properties":{"name":null,"cls":"tertiary","km":0.83},"geometry":{"type":"LineString","coordinates":[[116.08353782500001,0.6391149042857601],[116.08535082200002,0.6359571792892753]]}},{"type":"Feature","properties":{"name":null,"cls":"tertiary","km":0.83},"geometry":{"type":"LineString","coordinates":[[116.10323687100004,0.4192460285313602],[116.09648747200005,0.42228924652795835]]}},{"type":"Feature","properties":{"name":null,"cls":"tertiary","km":0.83},"geometry":{"type":"LineString","coordinates":[[116.90378885400003,0.6844253562351906],[116.90103886500003,0.6784879062417906]]}},{"type":"Feature","properties":{"name":null,"cls":"tertiary","km":0.83},"geometry":{"type":"LineString","coordinates":[[116.7497574570001,0.8408290050606134],[116.74353083100004,0.8433920390577404]]}},{"type":"Feature","properties":{"name":null,"cls":"tertiary","km":0.83},"geometry":{"type":"LineString","coordinates":[[114.35559583800011,1.3063779915421765],[114.35125376500004,1.3119685985359482]]}},{"type":"Feature","properties":{"name":null,"cls":"tertiary","km":0.83},"geometry":{"type":"LineString","coordinates":[[115.16254801000004,1.5275201962965694],[115.15995944200006,1.533621301289826]]}},{"type":"Feature","properties":{"name":null,"cls":"tertiary","km":0.83},"geometry":{"type":"LineString","coordinates":[[114.61256027900002,1.4422400523911854],[114.61330326500003,1.4490792823836145]]}},{"type":"Feature","properties":{"name":null,"cls":"tertiary","km":0.82},"geometry":{"type":"LineString","coordinates":[[116.11755930400011,0.43387377751502293],[116.11691048000013,0.440666613507449]]}},{"type":"Feature","properties":{"name":null,"cls":"tertiary","km":0.82},"geometry":{"type":"LineString","coordinates":[[116.6878872410001,1.5031774493235757],[116.68814524800007,1.5098711883161637]]}},{"type":"Feature","properties":{"name":null,"cls":"tertiary","km":0.82},"geometry":{"type":"LineString","coordinates":[[116.99629104700011,0.8486297590519716],[116.99269492400003,0.8421604160591544]]}},{"type":"Feature","properties":{"name":null,"cls":"tertiary","km":0.82},"geometry":{"type":"LineString","coordinates":[[116.38858121900012,0.3797974955754281],[116.38650601300003,0.3732727055827202]]}},{"type":"Feature","properties":{"name":null,"cls":"tertiary","km":0.82},"geometry":{"type":"LineString","coordinates":[[116.1577618440001,0.4407744525073266],[116.16388570000002,0.44396640550377153]]}},{"type":"Feature","properties":{"name":null,"cls":"tertiary","km":0.82},"geometry":{"type":"LineString","coordinates":[[116.39373754000007,0.26335330470564483],[116.39476698300007,0.27033195369779406]]}},{"type":"Feature","properties":{"name":null,"cls":"tertiary","km":0.82},"geometry":{"type":"LineString","coordinates":[[115.57911355300008,0.31647274164619016],[115.58346629000005,0.3208631016413072]]}},{"type":"Feature","properties":{"name":null,"cls":"tertiary","km":0.82},"geometry":{"type":"LineString","coordinates":[[115.55159242000003,0.4095319245422505],[115.55008615100009,0.41655836053441037]]}},{"type":"Feature","properties":{"name":null,"cls":"tertiary","km":0.82},"geometry":{"type":"LineString","coordinates":[[116.56945474700001,0.5826948633487791],[116.56270383400012,0.5819472803496244]]}},{"type":"Feature","properties":{"name":null,"cls":"tertiary","km":0.82},"geometry":{"type":"LineString","coordinates":[[115.82737899900008,0.9337523269570234],[115.82804062100003,0.9279386389634837]]}},{"type":"Feature","properties":{"name":null,"cls":"tertiary","km":0.82},"geometry":{"type":"LineString","coordinates":[[116.97392471800003,0.7798668461286776],[116.98104730400009,0.7790381061295764]]}},{"type":"Feature","properties":{"name":null,"cls":"tertiary","km":0.82},"geometry":{"type":"LineString","coordinates":[[115.92095288500002,0.10171590388633034],[115.91374637300011,0.10093029688720206]]}},{"type":"Feature","properties":{"name":null,"cls":"tertiary","km":0.82},"geometry":{"type":"LineString","coordinates":[[115.53000641500012,0.3163568346463213],[115.53042817300002,0.30942326165413125]]}},{"type":"Feature","properties":{"name":null,"cls":"tertiary","km":0.82},"geometry":{"type":"LineString","coordinates":[[116.21883512500007,0.559822376374327],[116.22188487400001,0.5650582383685004]]}},{"type":"Feature","properties":{"name":null,"cls":"tertiary","km":0.82},"geometry":{"type":"LineString","coordinates":[[116.38348348000012,0.9329403419579139],[116.38702986800001,0.938774738951429]]}},{"type":"Feature","properties":{"name":null,"cls":"tertiary","km":0.82},"geometry":{"type":"LineString","coordinates":[[115.19856447900008,1.5336772192897679],[115.20161193000001,1.5401992642825217]]}},{"type":"Feature","properties":{"name":null,"cls":"tertiary","km":0.82},"geometry":{"type":"LineString","coordinates":[[115.12948050800001,1.5281885352958562],[115.1364307450001,1.525716491298567]]}},{"type":"Feature","properties":{"name":null,"cls":"tertiary","km":0.81},"geometry":{"type":"LineString","coordinates":[[116.34168190000003,1.0408749328376417],[116.33613819200002,1.0454260908326]]}},{"type":"Feature","properties":{"name":null,"cls":"tertiary","km":0.81},"geometry":{"type":"LineString","coordinates":[[115.69280057500009,1.1332531017348015],[115.6857526460001,1.1327469937353245]]}},{"type":"Feature","properties":{"name":null,"cls":"tertiary","km":0.81},"geometry":{"type":"LineString","coordinates":[[116.57075557700011,0.9725292559138362],[116.5692847580001,0.9783653669072806]]}},{"type":"Feature","properties":{"name":null,"cls":"tertiary","km":0.81},"geometry":{"type":"LineString","coordinates":[[116.53944241500005,0.6905635372283454],[116.53530869200004,0.6963000782218929]]}},{"type":"Feature","properties":{"name":null,"cls":"tertiary","km":0.81},"geometry":{"type":"LineString","coordinates":[[116.5558070080001,0.5666655673667084],[116.56229826400012,0.5685023323646202]]}},{"type":"Feature","properties":{"name":null,"cls":"tertiary","km":0.81},"geometry":{"type":"LineString","coordinates":[[116.48342483400008,0.43368582851525656],[116.47627294500002,0.43382692551507546]]}},{"type":"Feature","properties":{"name":null,"cls":"tertiary","km":0.81},"geometry":{"type":"LineString","coordinates":[[116.3432467900001,0.4114865645400624],[116.34742111400011,0.4168256555341159]]}},{"type":"Feature","properties":{"name":null,"cls":"tertiary","km":0.81},"geometry":{"type":"LineString","coordinates":[[116.41140388400005,0.30057745666398783],[116.4118819990001,0.3076024626561093]]}},{"type":"Feature","properties":{"name":null,"cls":"tertiary","km":0.81},"geometry":{"type":"LineString","coordinates":[[116.11864261900007,0.10242754588555374],[116.11365886200008,0.1065089588809698]]}},{"type":"Feature","properties":{"name":null,"cls":"tertiary","km":0.81},"geometry":{"type":"LineString","coordinates":[[115.76430768900003,0.16362340281708757],[115.76499756600002,0.15648289382506853]]}},{"type":"Feature","properties":{"name":null,"cls":"tertiary","km":0.81},"geometry":{"type":"LineString","coordinates":[[116.58678331200008,0.713432864202819],[116.58484862800002,0.719988208195502]]}},{"type":"Feature","properties":{"name":null,"cls":"tertiary","km":0.81},"geometry":{"type":"LineString","coordinates":[[116.27737455600003,0.8136769100909639],[116.27265049300001,0.8132921510913451]]}},{"type":"Feature","properties":{"name":null,"cls":"tertiary","km":0.81},"geometry":{"type":"LineString","coordinates":[[116.66970152700003,0.9713787739151067],[116.66850749700006,0.9781932339074897]]}},{"type":"Feature","properties":{"name":null,"cls":"tertiary","km":0.81},"geometry":{"type":"LineString","coordinates":[[116.80736712100008,0.6965024842217284],[116.8055399640001,0.6901797952287595]]}},{"type":"Feature","properties":{"name":null,"cls":"tertiary","km":0.81},"geometry":{"type":"LineString","coordinates":[[116.29582122500005,0.37495872458089735],[116.29166588800001,0.3803195855748582]]}},{"type":"Feature","properties":{"name":null,"cls":"tertiary","km":0.81},"geometry":{"type":"LineString","coordinates":[[115.90516162800009,0.7187226431968712],[115.91195870400007,0.7210587801943221]]}},{"type":"Feature","properties":{"name":null,"cls":"tertiary","km":0.81},"geometry":{"type":"LineString","coordinates":[[116.72395747100006,0.6434930632808924],[116.73026254500006,0.6458288632782999]]}},{"type":"Feature","properties":{"name":null,"cls":"tertiary","km":0.81},"geometry":{"type":"LineString","coordinates":[[116.05412638400003,0.5216328484170267],[116.06038479900006,0.5226106474158951]]}},{"type":"Feature","properties":{"name":null,"cls":"tertiary","km":0.81},"geometry":{"type":"LineString","coordinates":[[115.9606382820001,0.23876440873308996],[115.95640213000001,0.23469820673764996]]}},{"type":"Feature","properties":{"name":null,"cls":"tertiary","km":0.81},"geometry":{"type":"LineString","coordinates":[[116.4155332470001,0.6270679822992304],[116.41088163600011,0.6311057392947345]]}},{"type":"Feature","properties":{"name":null,"cls":"tertiary","km":0.81},"geometry":{"type":"LineString","coordinates":[[116.52454713800012,0.9266676899648969],[116.5264046960001,0.9333247139574637]]}},{"type":"Feature","properties":{"name":null,"cls":"tertiary","km":0.81},"geometry":{"type":"LineString","coordinates":[[115.36707111400005,1.747692096052637],[115.36361369400005,1.7540336070455522]]}},{"type":"Feature","properties":{"name":null,"cls":"tertiary","km":0.81},"geometry":{"type":"LineString","coordinates":[[114.23741448400006,1.4291898284056894],[114.23282145300004,1.4343069344000066]]}},{"type":"Feature","properties":{"name":null,"cls":"tertiary","km":0.81},"geometry":{"type":"LineString","coordinates":[[114.82664277200001,1.3548347934882978],[114.82131882300008,1.3593538404833165]]}},{"type":"Feature","properties":{"name":null,"cls":"tertiary","km":0.8},"geometry":{"type":"LineString","coordinates":[[116.05253195500006,0.34694151861217304],[116.05235136900001,0.35389593160440785]]}},{"type":"Feature","properties":{"name":null,"cls":"tertiary","km":0.8},"geometry":{"type":"LineString","coordinates":[[116.27848954900001,1.6872295841195786],[116.27152132700009,1.6871996941195768]]}},{"type":"Feature","properties":{"name":null,"cls":"tertiary","km":0.8},"geometry":{"type":"LineString","coordinates":[[116.58444647100009,0.9842777479007296],[116.5812552750001,0.9785085849071329]]}},{"type":"Feature","properties":{"name":null,"cls":"tertiary","km":0.8},"geometry":{"type":"LineString","coordinates":[[116.65579612500007,0.9245415309672798],[116.64905631400006,0.9255939799660899]]}},{"type":"Feature","properties":{"name":null,"cls":"tertiary","km":0.8},"geometry":{"type":"LineString","coordinates":[[116.52570268600006,0.43419087251464783],[116.5214423970001,0.42857780352094993]]}},{"type":"Feature","properties":{"name":null,"cls":"tertiary","km":0.8},"geometry":{"type":"LineString","coordinates":[[115.95967564900002,0.09844354988999354],[115.95386627500011,0.09624764689241065]]}},{"type":"Feature","properties":{"name":null,"cls":"tertiary","km":0.8},"geometry":{"type":"LineString","coordinates":[[116.46196199800009,0.32295802563897796],[116.46576729000003,0.3277383826336636]]}},{"type":"Feature","properties":{"name":null,"cls":"tertiary","km":0.8},"geometry":{"type":"LineString","coordinates":[[116.58427931900006,0.8143372830902054],[116.58824857900005,0.8084267330967729]]}},{"type":"Feature","properties":{"name":null,"cls":"tertiary","km":0.8},"geometry":{"type":"LineString","coordinates":[[116.5802462910001,0.8203036110835289],[116.57707429000003,0.8190086560849716],[116.57780947800005,0.822615176080942]]}},{"type":"Feature","properties":{"name":null,"cls":"tertiary","km":0.8},"geometry":{"type":"LineString","coordinates":[[115.89613445100008,0.44087567350720097],[115.89638434500013,0.4339167455149771]]}},{"type":"Feature","properties":{"name":null,"cls":"tertiary","km":0.8},"geometry":{"type":"LineString","coordinates":[[116.59295878500006,0.7117181192047309],[116.59069896200005,0.7184138651972292]]}},{"type":"Feature","properties":{"name":null,"cls":"tertiary","km":0.8},"geometry":{"type":"LineString","coordinates":[[116.67056710400004,0.9546935469336444],[116.67418670700012,0.9553769299328986],[116.67299122500003,0.952156796936506]]}},{"type":"Feature","properties":{"name":null,"cls":"tertiary","km":0.8},"geometry":{"type":"LineString","coordinates":[[116.98949622400005,0.3575212086003216],[116.99639696000007,0.35803909859977423]]}},{"type":"Feature","properties":{"name":null,"cls":"tertiary","km":0.8},"geometry":{"type":"LineString","coordinates":[[115.62541381000007,0.36413248859295705],[115.62075519100006,0.35889420259879445]]}},{"type":"Feature","properties":{"name":null,"cls":"tertiary","km":0.8},"geometry":{"type":"LineString","coordinates":[[115.78350088300012,0.6765641942439077],[115.78239604100008,0.6832685042364738]]}},{"type":"Feature","properties":{"name":null,"cls":"tertiary","km":0.8},"geometry":{"type":"LineString","coordinates":[[114.78114571000003,1.5936445202232308],[114.77730772900007,1.5993391322169372]]}},{"type":"Feature","properties":{"name":null,"cls":"tertiary","km":0.79},"geometry":{"type":"LineString","coordinates":[[115.84862888300006,0.16437814181624055],[115.84206573100006,0.16523892981531513]]}},{"type":"Feature","properties":{"name":null,"cls":"tertiary","km":0.79},"geometry":{"type":"LineString","coordinates":[[116.67056266600004,0.7789335321297052],[116.66377691200013,0.777356429131459]]}},{"type":"Feature","properties":{"name":null,"cls":"tertiary","km":0.79},"geometry":{"type":"LineString","coordinates":[[116.97178449400008,0.7085951612082177],[116.96981922200007,0.7021168572154438]]}},{"type":"Feature","properties":{"name":null,"cls":"tertiary","km":0.79},"geometry":{"type":"LineString","coordinates":[[116.42767484300009,0.6555948312673422],[116.43071518900003,0.6497316322739296]]}},{"type":"Feature","properties":{"name":null,"cls":"tertiary","km":0.79},"geometry":{"type":"LineString","coordinates":[[116.35987912900009,0.4793191154642746],[116.36139686400008,0.4725435504718096]]}},{"type":"Feature","properties":{"name":null,"cls":"tertiary","km":0.79},"geometry":{"type":"LineString","coordinates":[[116.39051924700004,0.38154184757348525],[116.38419420500009,0.38444840357027327]]}},{"type":"Feature","properties":{"name":null,"cls":"tertiary","km":0.79},"geometry":{"type":"LineString","coordinates":[[116.35436429200003,0.4090765005427626],[116.34842064100009,0.4117170605397886]]}},{"type":"Feature","properties":{"name":null,"cls":"tertiary","km":0.79},"geometry":{"type":"LineString","coordinates":[[116.22354793600005,0.45090546749597443],[116.2205455280001,0.45667459148955597]]}},{"type":"Feature","properties":{"name":null,"cls":"tertiary","km":0.79},"geometry":{"type":"LineString","coordinates":[[116.02902750900013,0.12900381585578807],[116.02933367800006,0.13555565884845913]]}},{"type":"Feature","properties":{"name":null,"cls":"tertiary","km":0.79},"geometry":{"type":"LineString","coordinates":[[116.79050654600007,0.6279225202982834],[116.7969448030001,0.6285594292975591]]}},{"type":"Feature","properties":{"name":null,"cls":"tertiary","km":0.79},"geometry":{"type":"LineString","coordinates":[[116.73350370200002,0.8156767360887073],[116.72688991100004,0.8136907520909343]]}},{"type":"Feature","properties":{"name":null,"cls":"tertiary","km":0.79},"geometry":{"type":"LineString","coordinates":[[116.98627300100009,0.7435694231691542],[116.98012615700009,0.7442963531683401]]}},{"type":"Feature","properties":{"name":null,"cls":"tertiary","km":0.79},"geometry":{"type":"LineString","coordinates":[[116.80015490300002,0.7408903001721477],[116.79998194600013,0.7339196261799158]]}},{"type":"Feature","properties":{"name":null,"cls":"tertiary","km":0.79},"geometry":{"type":"LineString","coordinates":[[116.37444447100005,0.3387225716213663],[116.37790695900003,0.33918473762084866]]}},{"type":"Feature","properties":{"name":null,"cls":"tertiary","km":0.79},"geometry":{"type":"LineString","coordinates":[[116.47845722700004,0.35132910560726555],[116.47206116900009,0.3523025686061964]]}},{"type":"Feature","properties":{"name":null,"cls":"tertiary","km":0.79},"geometry":{"type":"LineString","coordinates":[[116.38674958500006,0.46151237448413135],[116.38049559900003,0.4640044614813581]]}},{"type":"Feature","properties":{"name":null,"cls":"tertiary","km":0.79},"geometry":{"type":"LineString","coordinates":[[116.57166777100007,0.8148238730896806],[116.57707429000003,0.8190086560849716]]}},{"type":"Feature","properties":{"name":null,"cls":"tertiary","km":0.78},"geometry":{"type":"LineString","coordinates":[[116.7356872680001,0.7860563971217271],[116.7422239880001,0.7873179471203499]]}},{"type":"Feature","properties":{"name":null,"cls":"tertiary","km":0.78},"geometry":{"type":"LineString","coordinates":[[116.43071491300009,0.6382649462867285],[116.42734909400008,0.6436133612807498]]}},{"type":"Feature","properties":{"name":null,"cls":"tertiary","km":0.78},"geometry":{"type":"LineString","coordinates":[[116.06089461400006,0.3258938276357392],[116.05835156800005,0.3200312176422622]]}},{"type":"Feature","properties":{"name":null,"cls":"tertiary","km":0.78},"geometry":{"type":"LineString","coordinates":[[115.45346305500006,1.541612036280935],[115.45102417000011,1.548095715273726]]}},{"type":"Feature","properties":{"name":null,"cls":"tertiary","km":0.78},"geometry":{"type":"LineString","coordinates":[[116.32139083600009,0.6669841352546575],[116.315154203,0.6693235242520359]]}},{"type":"Feature","properties":{"name":null,"cls":"tertiary","km":0.78},"geometry":{"type":"LineString","coordinates":[[116.44379929000002,0.7182423851974229],[116.44193050000003,0.7116985592047552]]}},{"type":"Feature","properties":{"name":null,"cls":"tertiary","km":0.78},"geometry":{"type":"LineString","coordinates":[[116.4978711650001,0.6464584642775566],[116.49481742500006,0.6406884382840106]]}},{"type":"Feature","properties":{"name":null,"cls":"tertiary","km":0.78},"geometry":{"type":"LineString","coordinates":[[116.2217440190001,0.4022821535503388],[116.22142129300005,0.4090792745427529]]}},{"type":"Feature","properties":{"name":null,"cls":"tertiary","km":0.78},"geometry":{"type":"LineString","coordinates":[[116.03523601800008,0.10670134888076756],[116.02851087600004,0.1075061378798117]]}},{"type":"Feature","properties":{"name":null,"cls":"tertiary","km":0.78},"geometry":{"type":"LineString","coordinates":[[116.2166989650001,0.0896103058998445],[116.21071115100005,0.08784276590181521]]}},{"type":"Feature","properties":{"name":null,"cls":"tertiary","km":0.78},"geometry":{"type":"LineString","coordinates":[[116.96560214899999,0.8059104320996233],[116.96822866800007,0.7997978481064264]]}},{"type":"Feature","properties":{"name":null,"cls":"tertiary","km":0.78},"geometry":{"type":"LineString","coordinates":[[116.76016762300004,0.8546958970451848],[116.75565311800005,0.8497349090507149]]}},{"type":"Feature","properties":{"name":null,"cls":"tertiary","km":0.78},"geometry":{"type":"LineString","coordinates":[[115.96158351200006,0.002336159997435809],[115.96671114000004,0.007144349992032062]]}},{"type":"Feature","properties":{"name":null,"cls":"tertiary","km":0.78},"geometry":{"type":"LineString","coordinates":[[115.6077384240001,0.20812915076735766],[115.61313229100007,0.20536567177039397]]}},{"type":"Feature","properties":{"name":null,"cls":"tertiary","km":0.78},"geometry":{"type":"LineString","coordinates":[[115.51113943200005,0.5938254043363652],[115.51805081700002,0.5929376913373071]]}},{"type":"Feature","properties":{"name":null,"cls":"tertiary","km":0.78},"geometry":{"type":"LineString","coordinates":[[115.82406651800011,0.17065068080922977],[115.81951324800002,0.17573307080353337]]}},{"type":"Feature","properties":{"name":null,"cls":"tertiary","km":0.78},"geometry":{"type":"LineString","coordinates":[[115.69124511900009,0.1596103038216094],[115.68464564900012,0.1616011568193735]]}},{"type":"Feature","properties":{"name":null,"cls":"tertiary","km":0.78},"geometry":{"type":"LineString","coordinates":[[116.11502452700007,0.4166398715343222],[116.12073598100007,0.4131440175381774]]}},{"type":"Feature","properties":{"name":null,"cls":"tertiary","km":0.78},"geometry":{"type":"LineString","coordinates":[[116.82478846000005,0.7008522532168319],[116.81919277200005,0.705107668212091]]}},{"type":"Feature","properties":{"name":null,"cls":"tertiary","km":0.78},"geometry":{"type":"LineString","coordinates":[[116.45515135500013,0.4889071194535224],[116.44941990000005,0.492829280449189]]}},{"type":"Feature","properties":{"name":null,"cls":"tertiary","km":0.78},"geometry":{"type":"LineString","coordinates":[[115.81975051000006,0.3013017946631665],[115.81952355300005,0.30746979665633417]]}},{"type":"Feature","properties":{"name":null,"cls":"tertiary","km":0.78},"geometry":{"type":"LineString","coordinates":[[114.04135410200001,1.0828454197908943],[114.03545559700001,1.0853647667880488]]}},{"type":"Feature","properties":{"name":null,"cls":"tertiary","km":0.78},"geometry":{"type":"LineString","coordinates":[[115.31509480800004,1.5925986472243683],[115.31888687200001,1.588417580228997]]}},{"type":"Feature","properties":{"name":null,"cls":"tertiary","km":0.77},"geometry":{"type":"LineString","coordinates":[[116.75665162900009,0.7621378161484421],[116.75514630800001,0.7683992381414937]]}},{"type":"Feature","properties":{"name":null,"cls":"tertiary","km":0.77},"geometry":{"type":"LineString","coordinates":[[116.39866004500004,1.4261488904091115],[116.39565509600004,1.420037771415878]]}},{"type":"Feature","properties":{"name":null,"cls":"tertiary","km":0.77},"geometry":{"type":"LineString","coordinates":[[116.33384619600008,0.26876477369954876],[116.33983460300011,0.26543171170331037]]}},{"type":"Feature","properties":{"name":null,"cls":"tertiary","km":0.77},"geometry":{"type":"LineString","coordinates":[[115.60301831900006,0.21335473276151373],[115.60779025400007,0.21001183876526563]]}},{"type":"Feature","properties":{"name":null,"cls":"tertiary","km":0.77},"geometry":{"type":"LineString","coordinates":[[117.08048436600006,0.28990136267594946],[117.08607959300004,0.2932595556721934]]}},{"type":"Feature","properties":{"name":null,"cls":"tertiary","km":0.77},"geometry":{"type":"LineString","coordinates":[[114.02883555000005,1.0911266107816644],[114.02364468900011,1.0949871057773786]]}},{"type":"Feature","properties":{"name":null,"cls":"tertiary","km":0.77},"geometry":{"type":"LineString","coordinates":[[115.18569727900001,1.816955172975956],[115.1865697930001,1.8237328689684877]]}},{"type":"Feature","properties":{"name":null,"cls":"tertiary","km":0.77},"geometry":{"type":"LineString","coordinates":[[116.41264054900012,0.4655199924796724],[116.41926145700008,0.46735312347761304]]}},{"type":"Feature","properties":{"name":null,"cls":"tertiary","km":0.77},"geometry":{"type":"LineString","coordinates":[[116.45647557000007,0.46071429148501847],[116.45242451400009,0.46568114147948503]]}},{"type":"Feature","properties":{"name":null,"cls":"tertiary","km":0.77},"geometry":{"type":"LineString","coordinates":[[116.01038825800005,0.10285831988502825],[116.01630147800006,0.10578002788176774]]}},{"type":"Feature","properties":{"name":null,"cls":"tertiary","km":0.77},"geometry":{"type":"LineString","coordinates":[[115.93791986800012,0.08487994490517639],[115.94399874300007,0.08450906890552398]]}},{"type":"Feature","properties":{"name":null,"cls":"tertiary","km":0.77},"geometry":{"type":"LineString","coordinates":[[115.74015989300005,0.024264233972899014],[115.7338143400001,0.026460133970454]]}},{"type":"Feature","properties":{"name":null,"cls":"tertiary","km":0.77},"geometry":{"type":"LineString","coordinates":[[116.53684800700013,0.502640267438187],[116.53941514200007,0.5080313654321815]]}},{"type":"Feature","properties":{"name":null,"cls":"tertiary","km":0.77},"geometry":{"type":"LineString","coordinates":[[116.82153557000002,0.6656000942562326],[116.81827408300002,0.6608624902614788]]}},{"type":"Feature","properties":{"name":null,"cls":"tertiary","km":0.77},"geometry":{"type":"LineString","coordinates":[[115.95088944300007,0.2973987476675505],[115.95297922100009,0.3037833586604064]]}},{"type":"Feature","properties":{"name":null,"cls":"tertiary","km":0.77},"geometry":{"type":"LineString","coordinates":[[115.99902758500001,0.43020231851911833],[116.00061449200008,0.4334137565155362]]}},{"type":"Feature","properties":{"name":null,"cls":"tertiary","km":0.77},"geometry":{"type":"LineString","coordinates":[[116.04616569900008,0.28282218968386263],[116.05025957100008,0.2881898916778532]]}},{"type":"Feature","properties":{"name":null,"cls":"tertiary","km":0.77},"geometry":{"type":"LineString","coordinates":[[116.97447171400007,0.44992336549712114],[116.967671859,0.450899264495993]]}},{"type":"Feature","properties":{"name":null,"cls":"tertiary","km":0.77},"geometry":{"type":"LineString","coordinates":[[116.80200189800009,0.7181072731975846],[116.80877695000004,0.7182327141974425]]}},{"type":"Feature","properties":{"name":null,"cls":"tertiary","km":0.77},"geometry":{"type":"LineString","coordinates":[[116.32810808700005,0.37932010657602594],[116.32212156800006,0.381146812573931]]}},{"type":"Feature","properties":{"name":null,"cls":"tertiary","km":0.77},"geometry":{"type":"LineString","coordinates":[[116.61583255800008,0.9533761879351194],[116.61702047000006,0.9598607919279432]]}},{"type":"Feature","properties":{"name":null,"cls":"tertiary","km":0.77},"geometry":{"type":"LineString","coordinates":[[115.19824926100011,1.5367318542863597],[115.19915821900008,1.5433923842789585]]}},{"type":"Feature","properties":{"name":null,"cls":"tertiary","km":0.77},"geometry":{"type":"LineString","coordinates":[[115.14327701400008,1.574627327244341],[115.14424597200004,1.5814567412367442]]}},{"type":"Feature","properties":{"name":null,"cls":"tertiary","km":0.77},"geometry":{"type":"LineString","coordinates":[[114.25499576100003,1.429649798405184],[114.259065469,1.4246741664106728]]}},{"type":"Feature","properties":{"name":null,"cls":"tertiary","km":0.77},"geometry":{"type":"LineString","coordinates":[[114.30647738700009,1.0640181658118322],[114.30813212500004,1.0573588068193094]]}},{"type":"Feature","properties":{"name":null,"cls":"tertiary","km":0.76},"geometry":{"type":"LineString","coordinates":[[115.5142548340001,0.29911443566563234],[115.50809890000006,0.29665521566836706]]}},{"type":"Feature","properties":{"name":null,"cls":"tertiary","km":0.76},"geometry":{"type":"LineString","coordinates":[[115.90084267700001,0.45022931349674744],[115.90142007700001,0.4564412324898003]]}},{"type":"Feature","properties":{"name":null,"cls":"tertiary","km":0.76},"geometry":{"type":"LineString","coordinates":[[114.05492787500009,1.0905577037823064],[114.0513072660001,1.0963340037759057]]}},{"type":"Feature","properties":{"name":null,"cls":"tertiary","km":0.76},"geometry":{"type":"LineString","coordinates":[[116.32140762600011,1.5455547632765338],[116.31471804000013,1.5444157932777844]]}},{"type":"Feature","properties":{"name":null,"cls":"tertiary","km":0.76},"geometry":{"type":"LineString","coordinates":[[116.6830041070001,0.7487802991633352],[116.68780200800006,0.7530283191586129]]}},{"type":"Feature","properties":{"name":null,"cls":"tertiary","km":0.76},"geometry":{"type":"LineString","coordinates":[[116.89328346900005,0.590514472340043],[116.88885543100002,0.5858057613453154]]}},{"type":"Feature","properties":{"name":null,"cls":"tertiary","km":0.76},"geometry":{"type":"LineString","coordinates":[[116.54498957200008,0.9298411989613813],[116.54959983600008,0.9254096609663467]]}},{"type":"Feature","properties":{"name":null,"cls":"tertiary","km":0.76},"geometry":{"type":"LineString","coordinates":[[116.51784424600011,0.6367071862884874],[116.51589375600008,0.6422646712822629]]}},{"type":"Feature","properties":{"name":null,"cls":"tertiary","km":0.76},"geometry":{"type":"LineString","coordinates":[[116.43812746100004,0.4377910995106502],[116.43212960800008,0.4403789495077479]]}},{"type":"Feature","properties":{"name":null,"cls":"tertiary","km":0.76},"geometry":{"type":"LineString","coordinates":[[116.17469607800003,0.48289498346024406],[116.1737044050001,0.4763560994675283]]}},{"type":"Feature","properties":{"name":null,"cls":"tertiary","km":0.76},"geometry":{"type":"LineString","coordinates":[[116.02733387900003,0.12310130586237938],[116.03028832600012,0.12900386385578366]]}},{"type":"Feature","properties":{"name":null,"cls":"tertiary","km":0.76},"geometry":{"type":"LineString","coordinates":[[116.24429320600008,0.1276557378573127],[116.24700439200001,0.1219316348637399]]}},{"type":"Feature","properties":{"name":null,"cls":"tertiary","km":0.76},"geometry":{"type":"LineString","coordinates":[[115.51615262400004,0.25219405271808243],[115.51865430900011,0.25845102671109843]]}},{"type":"Feature","properties":{"name":null,"cls":"tertiary","km":0.76},"geometry":{"type":"LineString","coordinates":[[116.96183441100003,0.6407507252839083],[116.96329279800011,0.6465255672775264]]}},{"type":"Feature","properties":{"name":null,"cls":"tertiary","km":0.76},"geometry":{"type":"LineString","coordinates":[[116.96502851800005,0.4658497164792628],[116.96888560200011,0.46267564648282555]]}},{"type":"Feature","properties":{"name":null,"cls":"tertiary","km":0.76},"geometry":{"type":"LineString","coordinates":[[116.42171312900008,0.6443668482798974],[116.42026211700012,0.6500097902736092]]}},{"type":"Feature","properties":{"name":null,"cls":"tertiary","km":0.76},"geometry":{"type":"LineString","coordinates":[[115.98771985800012,0.6243447483022554],[115.99361814200006,0.6217543033051552]]}},{"type":"Feature","properties":{"name":null,"cls":"tertiary","km":0.76},"geometry":{"type":"LineString","coordinates":[[115.75462883200011,0.2054947607703021],[115.74843980300012,0.20357029277242847]]}},{"type":"Feature","properties":{"name":null,"cls":"tertiary","km":0.76},"geometry":{"type":"LineString","coordinates":[[116.00980737300007,0.43550375151319487],[116.0078438270001,0.437294502511215]]}},{"type":"Feature","properties":{"name":null,"cls":"tertiary","km":0.76},"geometry":{"type":"LineString","coordinates":[[115.80402428600006,0.06831305192368142],[115.80651990300011,0.07427536891697438]]}},{"type":"Feature","properties":{"name":null,"cls":"tertiary","km":0.76},"geometry":{"type":"LineString","coordinates":[[114.67188381000007,1.5696631992497847],[114.671740579,1.576353395242402]]}},{"type":"Feature","properties":{"name":null,"cls":"tertiary","km":0.75},"geometry":{"type":"LineString","coordinates":[[116.16523967600006,0.18893777778878046],[116.17187845900004,0.1889380977887967]]}},{"type":"Feature","properties":{"name":null,"cls":"tertiary","km":0.75},"geometry":{"type":"LineString","coordinates":[[115.92699425600006,0.11480600987168539],[115.92118974600011,0.11390294587270934]]}},{"type":"Feature","properties":{"name":null,"cls":"tertiary","km":0.75},"geometry":{"type":"LineString","coordinates":[[116.0777305030001,0.299772013664896],[116.07719434900002,0.2931740996722875]]}},{"type":"Feature","properties":{"name":null,"cls":"tertiary","km":0.75},"geometry":{"type":"LineString","coordinates":[[115.6100101620001,0.23769152973431848],[115.60705678500005,0.23183591674087625]]}},{"type":"Feature","properties":{"name":null,"cls":"tertiary","km":0.75},"geometry":{"type":"LineString","coordinates":[[116.15146708100008,0.08917584090032735],[116.15508038400003,0.09414388289479786]]}},{"type":"Feature","properties":{"name":null,"cls":"tertiary","km":0.75},"geometry":{"type":"LineString","coordinates":[[116.9889888030001,0.7052164992119722],[116.99362716100008,0.7019469822155937]]}},{"type":"Feature","properties":{"name":null,"cls":"tertiary","km":0.75},"geometry":{"type":"LineString","coordinates":[[116.56512654500013,0.7651960801450421],[116.56745483700003,0.7707688541387899]]}},{"type":"Feature","properties":{"name":null,"cls":"tertiary","km":0.75},"geometry":{"type":"LineString","coordinates":[[116.39077980200011,0.37714498657842327],[116.39210030800008,0.3824140685725434]]}},{"type":"Feature","properties":{"name":null,"cls":"tertiary","km":0.75},"geometry":{"type":"LineString","coordinates":[[116.03150673500012,0.05433730593929234],[116.02492748100006,0.053239376940539825]]}},{"type":"Feature","properties":{"name":null,"cls":"tertiary","km":0.75},"geometry":{"type":"LineString","coordinates":[[116.03323025400005,0.1284755708563715],[116.03151304800008,0.13356301785074762]]}},{"type":"Feature","properties":{"name":null,"cls":"tertiary","km":0.75},"geometry":{"type":"LineString","coordinates":[[116.12310213600007,0.06844625492348318],[116.12464022700011,0.07387841691746581]]}},{"type":"Feature","properties":{"name":null,"cls":"tertiary","km":0.75},"geometry":{"type":"LineString","coordinates":[[115.57395421700006,0.31692534364569025],[115.57766292700002,0.3115497986517346]]}},{"type":"Feature","properties":{"name":null,"cls":"tertiary","km":0.75},"geometry":{"type":"LineString","coordinates":[[116.90957979900008,0.4644578354808789],[116.91281892500001,0.45879333248721577]]}},{"type":"Feature","properties":{"name":null,"cls":"tertiary","km":0.75},"geometry":{"type":"LineString","coordinates":[[115.50909692500011,0.13275118585161494],[115.50773666200006,0.12625005785886764]]}},{"type":"Feature","properties":{"name":null,"cls":"tertiary","km":0.75},"geometry":{"type":"LineString","coordinates":[[116.75914962000002,0.8923350140032196],[116.75482334000003,0.8938930370014505]]}},{"type":"Feature","properties":{"name":null,"cls":"tertiary","km":0.75},"geometry":{"type":"LineString","coordinates":[[116.76664813800006,0.7752507461337984],[116.76359695400004,0.7809727881274171]]}},{"type":"Feature","properties":{"name":null,"cls":"tertiary","km":0.75},"geometry":{"type":"LineString","coordinates":[[115.52388998300012,0.30642774265742645],[115.52881429200012,0.30290292166141647]]}},{"type":"Feature","properties":{"name":null,"cls":"tertiary","km":0.75},"geometry":{"type":"LineString","coordinates":[[115.79793454800006,0.06180907193098544],[115.79440929100006,0.06436103792811848]]}},{"type":"Feature","properties":{"name":null,"cls":"tertiary","km":0.75},"geometry":{"type":"LineString","coordinates":[[115.56612096300012,0.3209804466412023],[115.56840769100006,0.3155129896473321]]}},{"type":"Feature","properties":{"name":null,"cls":"tertiary","km":0.75},"geometry":{"type":"LineString","coordinates":[[115.79139748800004,0.48248435246075083],[115.79570569100007,0.47915965646440956]]}},{"type":"Feature","properties":{"name":null,"cls":"tertiary","km":0.75},"geometry":{"type":"LineString","coordinates":[[116.73242622900011,0.6219048613049891],[116.73443683000005,0.6260472723003656]]}},{"type":"Feature","properties":{"name":null,"cls":"tertiary","km":0.75},"geometry":{"type":"LineString","coordinates":[[116.02405973300004,0.04148885195366488],[116.0302951750001,0.03911764795629659]]}},{"type":"Feature","properties":{"name":null,"cls":"tertiary","km":0.75},"geometry":{"type":"LineString","coordinates":[[115.64999083200007,0.12337285286209837],[115.65188704900005,0.12974124885500324]]}},{"type":"Feature","properties":{"name":null,"cls":"tertiary","km":0.75},"geometry":{"type":"LineString","coordinates":[[116.5770655550001,0.8284362800744811],[116.58236973100009,0.8245906340787451]]}},{"type":"Feature","properties":{"name":null,"cls":"tertiary","km":0.75},"geometry":{"type":"LineString","coordinates":[[116.46616261800011,0.7270723901875581],[116.47108709100007,0.7315225851825946]]}},{"type":"Feature","properties":{"name":null,"cls":"tertiary","km":0.75},"geometry":{"type":"LineString","coordinates":[[116.27986866800008,0.22310172475062426],[116.28099385400003,0.21819496475611583]]}},{"type":"Feature","properties":{"name":null,"cls":"tertiary","km":0.75},"geometry":{"type":"LineString","coordinates":[[115.74108739400003,0.033372429962719705],[115.73613454000008,0.03674219095893214]]}},{"type":"Feature","properties":{"name":null,"cls":"tertiary","km":0.75},"geometry":{"type":"LineString","coordinates":[[115.35990377400005,1.7442048720564765],[115.36241243200006,1.7504081910496287]]}},{"type":"Feature","properties":{"name":null,"cls":"tertiary","km":0.75},"geometry":{"type":"LineString","coordinates":[[115.19493999300006,1.5376320192853399],[115.19495373400001,1.5442483202780122]]}},{"type":"Feature","properties":{"name":null,"cls":"tertiary","km":0.75},"geometry":{"type":"LineString","coordinates":[[115.13503459300011,1.4065563004308623],[115.13752620100001,1.412643778424097]]}},{"type":"Feature","properties":{"name":null,"cls":"tertiary","km":0.74},"geometry":{"type":"LineString","coordinates":[[115.77110756700006,0.2503713757200998],[115.77610691300005,0.24762069672319384]]}},{"type":"Feature","properties":{"name":null,"cls":"tertiary","km":0.74},"geometry":{"type":"LineString","coordinates":[[115.52605793000009,0.3106860286527155],[115.52745488700009,0.317077159645587]]}},{"type":"Feature","properties":{"name":null,"cls":"tertiary","km":0.74},"geometry":{"type":"LineString","coordinates":[[116.5762916330001,0.6179738383093767],[116.57666109200012,0.6113874203167794]]}},{"type":"Feature","properties":{"name":null,"cls":"tertiary","km":0.74},"geometry":{"type":"LineString","coordinates":[[116.24629120100008,0.3922974455614684],[116.25054367000008,0.38756336256674473]]}},{"type":"Feature","properties":{"name":null,"cls":"tertiary","km":0.74},"geometry":{"type":"LineString","coordinates":[[116.41987250200009,0.28455532468192707],[116.41646821500001,0.279200901687927]]}},{"type":"Feature","properties":{"name":null,"cls":"tertiary","km":0.74},"geometry":{"type":"LineString","coordinates":[[115.82012924100002,0.18721866879074933],[115.82500305400002,0.18304330279536954]]}},{"type":"Feature","properties":{"name":null,"cls":"tertiary","km":0.74},"geometry":{"type":"LineString","coordinates":[[116.22733485600007,0.05987926893307721],[116.23067024600005,0.06429975492814266]]}},{"type":"Feature","properties":{"name":null,"cls":"tertiary","km":0.74},"geometry":{"type":"LineString","coordinates":[[116.28851212400002,0.3936079545600162],[116.294464477,0.39556035055781075]]}},{"type":"Feature","properties":{"name":null,"cls":"tertiary","km":0.74},"geometry":{"type":"LineString","coordinates":[[116.53601799500008,0.7684355591414475],[116.53775597800006,0.7649638721452977]]}},{"type":"Feature","properties":{"name":null,"cls":"tertiary","km":0.74},"geometry":{"type":"LineString","coordinates":[[116.52153719700004,0.4717416704727576],[116.52163407500008,0.4652788224799673]]}},{"type":"Feature","properties":{"name":null,"cls":"tertiary","km":0.74},"geometry":{"type":"LineString","coordinates":[[115.84705527000007,0.16875328981136106],[115.85360795300006,0.16897053581113025]]}},{"type":"Feature","properties":{"name":null,"cls":"tertiary","km":0.74},"geometry":{"type":"LineString","coordinates":[[116.36696638100013,0.6922757072264355],[116.36307108200003,0.691144683227705]]}},{"type":"Feature","properties":{"name":null,"cls":"tertiary","km":0.74},"geometry":{"type":"LineString","coordinates":[[116.54320698300012,0.9003246189942754],[116.5482394720001,0.9011404359933944]]}},{"type":"Feature","properties":{"name":null,"cls":"tertiary","km":0.74},"geometry":{"type":"LineString","coordinates":[[116.82336776300008,0.6598096242626558],[116.81814346400004,0.6565920162662453]]}},{"type":"Feature","properties":{"name":null,"cls":"tertiary","km":0.74},"geometry":{"type":"LineString","coordinates":[[116.76105144200005,0.716029844199893],[116.76126118900005,0.7096251452070781]]}},{"type":"Feature","properties":{"name":null,"cls":"tertiary","km":0.74},"geometry":{"type":"LineString","coordinates":[[116.71626648600011,0.908964376984667],[116.71901917500008,0.9149009069780559]]}},{"type":"Feature","properties":{"name":null,"cls":"tertiary","km":0.74},"geometry":{"type":"LineString","coordinates":[[115.69637184700004,0.5329049434043807],[115.696180905,0.5392163273973687]]}},{"type":"Feature","properties":{"name":null,"cls":"tertiary","km":0.74},"geometry":{"type":"LineString","coordinates":[[115.92682323600003,0.09820693089023648],[115.92133465400003,0.09918209688915096]]}},{"type":"Feature","properties":{"name":null,"cls":"tertiary","km":0.74},"geometry":{"type":"LineString","coordinates":[[115.74243354200009,0.03568582596010882],[115.74338289700007,0.04220643395285498]]}},{"type":"Feature","properties":{"name":null,"cls":"tertiary","km":0.74},"geometry":{"type":"LineString","coordinates":[[115.404162733,1.7072120580974668],[115.40634511600001,1.7012655241040058]]}},{"type":"Feature","properties":{"name":null,"cls":"tertiary","km":0.74},"geometry":{"type":"LineString","coordinates":[[114.81842332500003,1.5955241562211526],[114.82237588600003,1.5902568782269695]]}},{"type":"Feature","properties":{"name":null,"cls":"tertiary","km":0.73},"geometry":{"type":"LineString","coordinates":[[116.74501708200013,0.7689825901408096],[116.74663774200008,0.7630256941474775]]}},{"type":"Feature","properties":{"name":null,"cls":"tertiary","km":0.73},"geometry":{"type":"LineString","coordinates":[[115.97836118800001,0.34308002861645664],[115.9769027410001,0.3368099926235036]]}},{"type":"Feature","properties":{"name":null,"cls":"tertiary","km":0.73},"geometry":{"type":"LineString","coordinates":[[115.81674954400013,0.20211074977406485],[115.82175018800001,0.19789796177879423]]}},{"type":"Feature","properties":{"name":null,"cls":"tertiary","km":0.73},"geometry":{"type":"LineString","coordinates":[[115.76122545600003,0.15128739983089423],[115.76499605700008,0.15648099782510547]]}},{"type":"Feature","properties":{"name":null,"cls":"tertiary","km":0.73},"geometry":{"type":"LineString","coordinates":[[116.1674814910001,0.00025628499974253926],[116.16683269800002,0.005879582993432814]]}},{"type":"Feature","properties":{"name":null,"cls":"tertiary","km":0.73},"geometry":{"type":"LineString","coordinates":[[116.14237073900006,0.02194278197552603],[116.1456628740001,0.01707174198095045]]}},{"type":"Feature","properties":{"name":null,"cls":"tertiary","km":0.73},"geometry":{"type":"LineString","coordinates":[[116.15106850000006,0.012625798985924221],[116.15207861600004,0.018732513979086197]]}},{"type":"Feature","properties":{"name":null,"cls":"tertiary","km":0.73},"geometry":{"type":"LineString","coordinates":[[116.04196650100005,0.5372224273995655],[116.03581373600001,0.5377533513989702]]}},{"type":"Feature","properties":{"name":null,"cls":"tertiary","km":0.73},"geometry":{"type":"LineString","coordinates":[[116.27607362100004,0.660961273261357],[116.2809438480001,0.6646040252573326]]}},{"type":"Feature","properties":{"name":null,"cls":"tertiary","km":0.73},"geometry":{"type":"LineString","coordinates":[[116.54356284400002,0.7597990941510911],[116.53737540600002,0.7577792031532808]]}},{"type":"Feature","properties":{"name":null,"cls":"tertiary","km":0.73},"geometry":{"type":"LineString","coordinates":[[116.60210721500006,0.7864921591212451],[116.60740573200007,0.7896901991176923]]}},{"type":"Feature","properties":{"name":null,"cls":"tertiary","km":0.73},"geometry":{"type":"LineString","coordinates":[[116.55951378600002,0.5983805743312227],[116.56314065300002,0.5932676573369781]]}},{"type":"Feature","properties":{"name":null,"cls":"tertiary","km":0.73},"geometry":{"type":"LineString","coordinates":[[116.446867256,0.2802280366867267],[116.4509460470001,0.2851941166811861]]}},{"type":"Feature","properties":{"name":null,"cls":"tertiary","km":0.73},"geometry":{"type":"LineString","coordinates":[[115.51865345600005,0.25845124271109343],[115.51717336400009,0.2646869167041177]]}},{"type":"Feature","properties":{"name":null,"cls":"tertiary","km":0.73},"geometry":{"type":"LineString","coordinates":[[115.96646524600011,0.06300203992963888],[115.96051602000011,0.06051081093239334]]}},{"type":"Feature","properties":{"name":null,"cls":"tertiary","km":0.73},"geometry":{"type":"LineString","coordinates":[[116.77037746400003,0.8540099000459578],[116.76843605400005,0.848802865051718]]}},{"type":"Feature","properties":{"name":null,"cls":"tertiary","km":0.73},"geometry":{"type":"LineString","coordinates":[[116.46194625400005,0.7334122181805207],[116.45642465600008,0.7322068171818507]]}},{"type":"Feature","properties":{"name":null,"cls":"tertiary","km":0.73},"geometry":{"type":"LineString","coordinates":[[116.51242614700006,0.46199282648363127],[116.5087081920001,0.45841901248756517]]}},{"type":"Feature","properties":{"name":null,"cls":"tertiary","km":0.73},"geometry":{"type":"LineString","coordinates":[[116.04955705700003,0.35855008859920945],[116.04394676200003,0.3613642575960491]]}},{"type":"Feature","properties":{"name":null,"cls":"tertiary","km":0.73},"geometry":{"type":"LineString","coordinates":[[115.56085883700008,0.1966585677801414],[115.56174489700004,0.20313853177289207]]}},{"type":"Feature","properties":{"name":null,"cls":"tertiary","km":0.73},"geometry":{"type":"LineString","coordinates":[[116.52860397800008,0.5317500574056865],[116.52306965900004,0.5324139824049194]]}},{"type":"Feature","properties":{"name":null,"cls":"tertiary","km":0.73},"geometry":{"type":"LineString","coordinates":[[116.79829576000009,0.7038881812134826],[116.79800146800004,0.7096203932070789]]}},{"type":"Feature","properties":{"name":null,"cls":"tertiary","km":0.73},"geometry":{"type":"LineString","coordinates":[[116.11233475100005,0.4146831975364456],[116.1152736690001,0.4090641685427234]]}},{"type":"Feature","properties":{"name":null,"cls":"tertiary","km":0.73},"geometry":{"type":"LineString","coordinates":[[116.73879032000002,0.637688737287369],[116.7337419700001,0.6375468452875059]]}},{"type":"Feature","properties":{"name":null,"cls":"tertiary","km":0.73},"geometry":{"type":"LineString","coordinates":[[114.02556977600013,1.0435680848346602],[114.02466612200011,1.049979815827531]]}},{"type":"Feature","properties":{"name":null,"cls":"tertiary","km":0.73},"geometry":{"type":"LineString","coordinates":[[114.04280417600012,1.0587836858177084],[114.04164507600001,1.0650965428106518]]}},{"type":"Feature","properties":{"name":null,"cls":"tertiary","km":0.73},"geometry":{"type":"LineString","coordinates":[[114.54829673500001,1.1178314587519365],[114.54300645400008,1.119672271749864]]}},{"type":"Feature","properties":{"name":null,"cls":"tertiary","km":0.72},"geometry":{"type":"LineString","coordinates":[[116.93652831400004,0.42058788952987924],[116.93060672100013,0.4205371845299321]]}},{"type":"Feature","properties":{"name":null,"cls":"tertiary","km":0.72},"geometry":{"type":"LineString","coordinates":[[116.7882723770001,0.9292777769619998],[116.79435707600011,0.9309573659601732]]}},{"type":"Feature","properties":{"name":null,"cls":"tertiary","km":0.72},"geometry":{"type":"LineString","coordinates":[[116.56183443700002,0.8601541010390831],[116.56301847600004,0.8663031650321849]]}},{"type":"Feature","properties":{"name":null,"cls":"tertiary","km":0.72},"geometry":{"type":"LineString","coordinates":[[116.33244703600009,0.6852170242342924],[116.33380204300012,0.6913674322274413]]}},{"type":"Feature","properties":{"name":null,"cls":"tertiary","km":0.72},"geometry":{"type":"LineString","coordinates":[[116.48237808500006,0.43640506951219077],[116.47644881800012,0.43791457451049487]]}},{"type":"Feature","properties":{"name":null,"cls":"tertiary","km":0.72},"geometry":{"type":"LineString","coordinates":[[116.40181041500011,0.45285918549382836],[116.39572444800001,0.4516354874951783]]}},{"type":"Feature","properties":{"name":null,"cls":"tertiary","km":0.72},"geometry":{"type":"LineString","coordinates":[[116.43180245500004,0.4360727655125663],[116.43802888300002,0.43660019751201484]]}},{"type":"Feature","properties":{"name":null,"cls":"tertiary","km":0.72},"geometry":{"type":"LineString","coordinates":[[116.17347434300007,0.46913465947566635],[116.17823163900005,0.47024085847441666]]}},{"type":"Feature","properties":{"name":null,"cls":"tertiary","km":0.72},"geometry":{"type":"LineString","coordinates":[[116.22929958200008,0.46068270748505824],[116.22890039300012,0.45464832149178536]]}},{"type":"Feature","properties":{"name":null,"cls":"tertiary","km":0.72},"geometry":{"type":"LineString","coordinates":[[116.01273738400003,0.11458236087192178],[116.01017757500006,0.1088595918783185]]}},{"type":"Feature","properties":{"name":null,"cls":"tertiary","km":0.72},"geometry":{"type":"LineString","coordinates":[[116.0136389150001,0.1069850678804044],[116.01484120400006,0.11331273387333085]]}},{"type":"Feature","properties":{"name":null,"cls":"tertiary","km":0.72},"geometry":{"type":"LineString","coordinates":[[116.79400683600012,0.8173622330868148],[116.79333172400004,0.8236029940798778]]}},{"type":"Feature","properties":{"name":null,"cls":"tertiary","km":0.72},"geometry":{"type":"LineString","coordinates":[[115.89546969800007,0.946638008942673],[115.89287572600007,0.9407027559492713]]}},{"type":"Feature","properties":{"name":null,"cls":"tertiary","km":0.72},"geometry":{"type":"LineString","coordinates":[[116.8283517860001,0.718761999196834],[116.83118135800011,0.721651807193639]]}},{"type":"Feature","properties":{"name":null,"cls":"tertiary","km":0.72},"geometry":{"type":"LineString","coordinates":[[116.55529785000012,0.5938464363363006],[116.54920295300009,0.5927112343375771]]}},{"type":"Feature","properties":{"name":null,"cls":"tertiary","km":0.72},"geometry":{"type":"LineString","coordinates":[[116.77823956700003,0.6956275932226685],[116.7723244130001,0.6980948792199029]]}},{"type":"Feature","properties":{"name":null,"cls":"tertiary","km":0.72},"geometry":{"type":"LineString","coordinates":[[115.80256346700004,0.38254811657237203],[115.80180371100005,0.38884492556533506]]}},{"type":"Feature","properties":{"name":null,"cls":"tertiary","km":0.72},"geometry":{"type":"LineString","coordinates":[[116.24427496300008,0.8947102720005325],[116.24091794300013,0.8892303920066705]]}},{"type":"Feature","properties":{"name":null,"cls":"tertiary","km":0.72},"geometry":{"type":"LineString","coordinates":[[116.7661008120001,0.7183608261972859],[116.76949945000001,0.7236968151913354]]}},{"type":"Feature","properties":{"name":null,"cls":"tertiary","km":0.72},"geometry":{"type":"LineString","coordinates":[[114.96838307000009,1.1733691896901155],[114.97331928400001,1.175015260688272]]}},{"type":"Feature","properties":{"name":null,"cls":"tertiary","km":0.72},"geometry":{"type":"LineString","coordinates":[[114.910126493,1.394965627443721],[114.905646896,1.3994545064387736]]}},{"type":"Feature","properties":{"name":null,"cls":"tertiary","km":0.71},"geometry":{"type":"LineString","coordinates":[[116.14870697900005,0.21444327876027144],[116.15171652000005,0.20909589076627963]]}},{"type":"Feature","properties":{"name":null,"cls":"tertiary","km":0.71},"geometry":{"type":"LineString","coordinates":[[115.53484200100002,0.3211039366410365],[115.53102611600002,0.31603393964673476]]}},{"type":"Feature","properties":{"name":null,"cls":"tertiary","km":0.71},"geometry":{"type":"LineString","coordinates":[[115.64578978200008,0.10783010287946679],[115.65140569800006,0.10784660987944097]]}},{"type":"Feature","properties":{"name":null,"cls":"tertiary","km":0.71},"geometry":{"type":"LineString","coordinates":[[116.92504877900002,0.4309362145182851],[116.9259190910001,0.43642225651218175]]}},{"type":"Feature","properties":{"name":null,"cls":"tertiary","km":0.71},"geometry":{"type":"LineString","coordinates":[[116.94577387500011,0.6061649963225895],[116.9419192570001,0.6066893763219962]]}},{"type":"Feature","properties":{"name":null,"cls":"tertiary","km":0.71},"geometry":{"type":"LineString","coordinates":[[116.6566452510001,0.9235334049684221],[116.65272411100011,0.9192837819731364]]}},{"type":"Feature","properties":{"name":null,"cls":"tertiary","km":0.71},"geometry":{"type":"LineString","coordinates":[[116.5707872390001,0.6595238912629748],[116.57487709000007,0.6629880652590933]]}},{"type":"Feature","properties":{"name":null,"cls":"tertiary","km":0.71},"geometry":{"type":"LineString","coordinates":[[116.36484310200001,0.47148092047299317],[116.36197176100006,0.46613718047896513]]}},{"type":"Feature","properties":{"name":null,"cls":"tertiary","km":0.71},"geometry":{"type":"LineString","coordinates":[[116.25287277400002,0.3919066105619281],[116.24771345900001,0.3952012305582335]]}},{"type":"Feature","properties":{"name":null,"cls":"tertiary","km":0.71},"geometry":{"type":"LineString","coordinates":[[116.44936357499999,0.23922960273258262],[116.44504671100003,0.23497267073732292]]}},{"type":"Feature","properties":{"name":null,"cls":"tertiary","km":0.71},"geometry":{"type":"LineString","coordinates":[[116.42617128600011,0.3071218386567021],[116.42065254000012,0.3053687336586463]]}},{"type":"Feature","properties":{"name":null,"cls":"tertiary","km":0.71},"geometry":{"type":"LineString","coordinates":[[116.00604803500005,0.0819420589084198],[116.00409048300003,0.08786740390181347]]}},{"type":"Feature","properties":{"name":null,"cls":"tertiary","km":0.71},"geometry":{"type":"LineString","coordinates":[[116.17298668900003,0.10056530888758415],[116.17461321300004,0.09442158089449423]]}},{"type":"Feature","properties":{"name":null,"cls":"tertiary","km":0.71},"geometry":{"type":"LineString","coordinates":[[115.99521160500001,0.015234131983002237],[115.99389873100007,0.009297088989651554]]}},{"type":"Feature","properties":{"name":null,"cls":"tertiary","km":0.71},"geometry":{"type":"LineString","coordinates":[[116.96849076100011,0.651115491272367],[116.97060813500003,0.6467791142772139]]}},{"type":"Feature","properties":{"name":null,"cls":"tertiary","km":0.71},"geometry":{"type":"LineString","coordinates":[[116.50650371400002,0.6633209442587773],[116.50096204300007,0.6618964832603488]]}},{"type":"Feature","properties":{"name":null,"cls":"tertiary","km":0.71},"geometry":{"type":"LineString","coordinates":[[116.7822524720001,0.6571138332656372],[116.78210888100011,0.6633542582587106]]}},{"type":"Feature","properties":{"name":null,"cls":"tertiary","km":0.71},"geometry":{"type":"LineString","coordinates":[[116.06912286300008,0.3457763466134544],[116.06600410800002,0.35120380560743675]]}},{"type":"Feature","properties":{"name":null,"cls":"tertiary","km":0.71},"geometry":{"type":"LineString","coordinates":[[115.56226315100002,0.07509152591610822],[115.5608908160001,0.0777263819131132]]}},{"type":"Feature","properties":{"name":null,"cls":"tertiary","km":0.71},"geometry":{"type":"LineString","coordinates":[[115.51131647900002,0.3376202376226106],[115.50643607100005,0.3414853956182851]]}},{"type":"Feature","properties":{"name":null,"cls":"tertiary","km":0.71},"geometry":{"type":"LineString","coordinates":[[116.24211872,0.06658814592561021],[116.24081482800013,0.06282833792979906]]}},{"type":"Feature","properties":{"name":null,"cls":"tertiary","km":0.71},"geometry":{"type":"LineString","coordinates":[[116.57068774900006,0.8289757390738316],[116.57591279800009,0.832101795070399]]}},{"type":"Feature","properties":{"name":null,"cls":"tertiary","km":0.71},"geometry":{"type":"LineString","coordinates":[[115.82126732600011,0.3601874255973663],[115.8167504910001,0.3557493806023635]]}},{"type":"Feature","properties":{"name":null,"cls":"tertiary","km":0.71},"geometry":{"type":"LineString","coordinates":[[115.96423299000004,0.5475913323879859],[115.95886626900005,0.5509133813842686]]}},{"type":"Feature","properties":{"name":null,"cls":"tertiary","km":0.71},"geometry":{"type":"LineString","coordinates":[[116.29828241100007,0.3797539485755352],[116.30427487500003,0.38110789357395536]]}},{"type":"Feature","properties":{"name":null,"cls":"tertiary","km":0.71},"geometry":{"type":"LineString","coordinates":[[115.51150820100008,0.9523931959362255],[115.50617602100009,0.949453173939493]]}},{"type":"Feature","properties":{"name":null,"cls":"tertiary","km":0.7},"geometry":{"type":"LineString","coordinates":[[116.12474301100006,0.6757743882448076],[116.12518841600003,0.6695818862517555]]}},{"type":"Feature","properties":{"name":null,"cls":"tertiary","km":0.7},"geometry":{"type":"LineString","coordinates":[[115.69811387900008,0.171106628808728],[115.69303484400007,0.16745707781281616]]}},{"type":"Feature","properties":{"name":null,"cls":"tertiary","km":0.7},"geometry":{"type":"LineString","coordinates":[[116.93386467300002,0.917211485975438],[116.93352860300003,0.9116237429817002]]}},{"type":"Feature","properties":{"name":null,"cls":"tertiary","km":0.7},"geometry":{"type":"LineString","coordinates":[[116.54541742700007,0.9204511229718529],[116.544701862,0.9266221499649718]]}},{"type":"Feature","properties":{"name":null,"cls":"tertiary","km":0.7},"geometry":{"type":"LineString","coordinates":[[116.56474967700002,0.7370679121763926],[116.55941306000011,0.7339943301798234]]}},{"type":"Feature","properties":{"name":null,"cls":"tertiary","km":0.7},"geometry":{"type":"LineString","coordinates":[[116.58555306800008,0.6127796683151268],[116.57961202700005,0.6128296483151074]]}},{"type":"Feature","properties":{"name":null,"cls":"tertiary","km":0.7},"geometry":{"type":"LineString","coordinates":[[116.42501006900012,0.47471160146941926],[116.42081564700004,0.4709970334735564]]}},{"type":"Feature","properties":{"name":null,"cls":"tertiary","km":0.7},"geometry":{"type":"LineString","coordinates":[[116.26009793700008,0.3933928195602308],[116.25405027500005,0.3940848645594828]]}},{"type":"Feature","properties":{"name":null,"cls":"tertiary","km":0.7},"geometry":{"type":"LineString","coordinates":[[116.90416749600001,0.7356824581779569],[116.904490881,0.7395502881736229]]}},{"type":"Feature","properties":{"name":null,"cls":"tertiary","km":0.7},"geometry":{"type":"LineString","coordinates":[[116.06866513600005,0.8000384041061731],[116.06616418800002,0.8056297860999108]]}},{"type":"Feature","properties":{"name":null,"cls":"tertiary","km":0.7},"geometry":{"type":"LineString","coordinates":[[116.26845897600002,0.632814930292784],[116.26790377100009,0.6266550762996951]]}},{"type":"Feature","properties":{"name":null,"cls":"tertiary","km":0.7},"geometry":{"type":"LineString","coordinates":[[116.04800065900008,0.8401920470613916],[116.0434405860001,0.8440051330571033]]}},{"type":"Feature","properties":{"name":null,"cls":"tertiary","km":0.7},"geometry":{"type":"LineString","coordinates":[[116.81549288600002,0.6710458132500768],[116.81561835000004,0.6647730512571105]]}},{"type":"Feature","properties":{"name":null,"cls":"tertiary","km":0.7},"geometry":{"type":"LineString","coordinates":[[115.95329912900002,0.29285777367262167],[115.94931017900002,0.28840821867764826]]}},{"type":"Feature","properties":{"name":null,"cls":"tertiary","km":0.7},"geometry":{"type":"LineString","coordinates":[[115.79591264700002,0.08108493290938323],[115.79840382600001,0.07620679091487996]]}},{"type":"Feature","properties":{"name":null,"cls":"tertiary","km":0.7},"geometry":{"type":"LineString","coordinates":[[116.37728872700008,0.3285835026327052],[116.37715495300006,0.32683286463462774]]}},{"type":"Feature","properties":{"name":null,"cls":"tertiary","km":0.7},"geometry":{"type":"LineString","coordinates":[[116.97838592700009,0.44435716650328605],[116.98122404000003,0.44831765849891503]]}},{"type":"Feature","properties":{"name":null,"cls":"tertiary","km":0.7},"geometry":{"type":"LineString","coordinates":[[116.45783979700002,0.3239669966378905],[116.45578085000012,0.31813505764438255]]}},{"type":"Feature","properties":{"name":null,"cls":"tertiary","km":0.7},"geometry":{"type":"LineString","coordinates":[[115.79526600900012,0.10847282787879474],[115.79283908500007,0.11405026687251042]]}},{"type":"Feature","properties":{"name":null,"cls":"tertiary","km":0.7},"geometry":{"type":"LineString","coordinates":[[116.26271986600011,0.9469932429422698],[116.26396074700007,0.9414414899484548]]}},{"type":"Feature","properties":{"name":null,"cls":"tertiary","km":0.7},"geometry":{"type":"LineString","coordinates":[[116.28872449600011,0.4999527994412177],[116.28334603400005,0.502585101438275]]}},{"type":"Feature","properties":{"name":null,"cls":"tertiary","km":0.7},"geometry":{"type":"LineString","coordinates":[[114.92046934000007,1.4338952974004657],[114.92368808700009,1.438802942394998]]}},{"type":"Feature","properties":{"name":null,"cls":"tertiary","km":0.7},"geometry":{"type":"LineString","coordinates":[[114.6750763770001,1.310346550537764],[114.68088348500011,1.3098412205383154]]}},{"type":"Feature","properties":{"name":null,"cls":"tertiary","km":0.69},"geometry":{"type":"LineString","coordinates":[[116.18310221200011,0.1729204608067218],[116.18842034800002,0.17050499480941758]]}},{"type":"Feature","properties":{"name":null,"cls":"tertiary","km":0.69},"geometry":{"type":"LineString","coordinates":[[116.01702746000002,0.206743220768913],[116.01218039500009,0.21036793076485852]]}},{"type":"Feature","properties":{"name":null,"cls":"tertiary","km":0.69},"geometry":{"type":"LineString","coordinates":[[115.60652243900005,0.24602011672500274],[115.60777799700007,0.24065511273100712]]}},{"type":"Feature","properties":{"name":null,"cls":"tertiary","km":0.69},"geometry":{"type":"LineString","coordinates":[[115.6405063970001,0.13643479184750482],[115.6450716810001,0.13277330585161082]]}},{"type":"Feature","properties":{"name":null,"cls":"tertiary","km":0.69},"geometry":{"type":"LineString","coordinates":[[116.0010915810001,0.26588547370280313],[115.99635164000006,0.26188580270721895]]}},{"type":"Feature","properties":{"name":null,"cls":"tertiary","km":0.69},"geometry":{"type":"LineString","coordinates":[[116.68398344900004,0.7308368161833942],[116.67927355600011,0.7278633671867097]]}},{"type":"Feature","properties":{"name":null,"cls":"tertiary","km":0.69},"geometry":{"type":"LineString","coordinates":[[116.19110162500012,0.1695795018104129],[116.18533249400002,0.16964211481037206]]}},{"type":"Feature","properties":{"name":null,"cls":"tertiary","km":0.69},"geometry":{"type":"LineString","coordinates":[[116.9259075430001,0.6599148702625706],[116.92666238600009,0.6540628522690439]]}},{"type":"Feature","properties":{"name":null,"cls":"tertiary","km":0.69},"geometry":{"type":"LineString","coordinates":[[116.54409202800002,0.7092269502075172],[116.53886943300006,0.7090489742076747]]}},{"type":"Feature","properties":{"name":null,"cls":"tertiary","km":0.69},"geometry":{"type":"LineString","coordinates":[[116.14659636500005,0.4399715425082218],[116.15240239000003,0.4403202145078117]]}},{"type":"Feature","properties":{"name":null,"cls":"tertiary","km":0.69},"geometry":{"type":"LineString","coordinates":[[116.44747216300006,0.19818858677849366],[116.44193753200013,0.19645313578040874]]}},{"type":"Feature","properties":{"name":null,"cls":"tertiary","km":0.69},"geometry":{"type":"LineString","coordinates":[[116.44880573000012,0.2734741386942886],[116.45461279600012,0.27433849469334265]]}},{"type":"Feature","properties":{"name":null,"cls":"tertiary","km":0.69},"geometry":{"type":"LineString","coordinates":[[116.41054383200002,0.3170714266455497],[116.40449800800002,0.31601974464676086]]}},{"type":"Feature","properties":{"name":null,"cls":"tertiary","km":0.69},"geometry":{"type":"LineString","coordinates":[[116.37942859700003,0.28752231467857997],[116.38472380300004,0.29014273867565443]]}},{"type":"Feature","properties":{"name":null,"cls":"tertiary","km":0.69},"geometry":{"type":"LineString","coordinates":[[116.09768376400008,0.056429846936963554],[116.09590671100013,0.05055415494350901]]}},{"type":"Feature","properties":{"name":null,"cls":"tertiary","km":0.69},"geometry":{"type":"LineString","coordinates":[[116.8971086130001,0.444886946502722],[116.90063395600009,0.4488763954982792]]}},{"type":"Feature","properties":{"name":null,"cls":"tertiary","km":0.69},"geometry":{"type":"LineString","coordinates":[[115.74618556000006,0.02302606897429832],[115.74015989300005,0.024264233972899014]]}},{"type":"Feature","properties":{"name":null,"cls":"tertiary","km":0.69},"geometry":{"type":"LineString","coordinates":[[116.89722124600006,0.7345427261792611],[116.89879299000008,0.7294648091848898]]}},{"type":"Feature","properties":{"name":null,"cls":"tertiary","km":0.69},"geometry":{"type":"LineString","coordinates":[[115.89198932300008,0.8682895030300546],[115.88831491600003,0.8725768970252015]]}},{"type":"Feature","properties":{"name":null,"cls":"tertiary","km":0.69},"geometry":{"type":"LineString","coordinates":[[116.06603552,0.32141242964073063],[116.0647410470001,0.3155190696472982]]}},{"type":"Feature","properties":{"name":null,"cls":"tertiary","km":0.69},"geometry":{"type":"LineString","coordinates":[[115.6520746880001,0.4290438125203772],[115.65808731100003,0.42944078151994614]]}},{"type":"Feature","properties":{"name":null,"cls":"tertiary","km":0.69},"geometry":{"type":"LineString","coordinates":[[115.91206640900009,0.2810587586858417],[115.90622606400007,0.28046816068647124]]}},{"type":"Feature","properties":{"name":null,"cls":"tertiary","km":0.69},"geometry":{"type":"LineString","coordinates":[[116.35043672600011,0.8238169550795794],[116.34732927200002,0.8288621870740005]]}},{"type":"Feature","properties":{"name":null,"cls":"tertiary","km":0.69},"geometry":{"type":"LineString","coordinates":[[116.06646264500012,0.3357952826246089],[116.06965568700004,0.3404350076194469]]}},{"type":"Feature","properties":{"name":null,"cls":"tertiary","km":0.69},"geometry":{"type":"LineString","coordinates":[[116.03363608800011,0.4899841744523518],[116.02766648500005,0.48946103845291383]]}},{"type":"Feature","properties":{"name":null,"cls":"tertiary","km":0.69},"geometry":{"type":"LineString","coordinates":[[116.88750790200004,0.726989245187694],[116.88871642900006,0.7213613021939367]]}},{"type":"Feature","properties":{"name":null,"cls":"tertiary","km":0.69},"geometry":{"type":"LineString","coordinates":[[115.9218056000001,0.4259791215238793],[115.92691240900001,0.4245531145254089]]}},{"type":"Feature","properties":{"name":null,"cls":"tertiary","km":0.69},"geometry":{"type":"LineString","coordinates":[[114.23811411100007,1.4275079554075707],[114.23760465100008,1.4213473964143777]]}},{"type":"Feature","properties":{"name":null,"cls":"tertiary","km":0.69},"geometry":{"type":"LineString","coordinates":[[114.60549180400005,1.242668357613023],[114.6068554090001,1.248477220606525]]}},{"type":"Feature","properties":{"name":null,"cls":"tertiary","km":0.69},"geometry":{"type":"LineString","coordinates":[[115.18325132200006,1.5365243462865783],[115.18703229200004,1.5317396512918906]]}},{"type":"Feature","properties":{"name":null,"cls":"tertiary","km":0.69},"geometry":{"type":"LineString","coordinates":[[115.37924616900011,1.502458760324394],[115.3826245040001,1.5071358973191944]]}},{"type":"Feature","properties":{"name":null,"cls":"tertiary","km":0.69},"geometry":{"type":"LineString","coordinates":[[114.86602097300012,1.3656900524762294],[114.86271755800011,1.370566394470868]]}},{"type":"Feature","properties":{"name":null,"cls":"tertiary","km":0.69},"geometry":{"type":"LineString","coordinates":[[115.1274309710001,1.2159638826427488],[115.12150295600009,1.214464216644391]]}},{"type":"Feature","properties":{"name":null,"cls":"tertiary","km":0.69},"geometry":{"type":"LineString","coordinates":[[114.46038629500003,1.3270591995191756],[114.46320320300003,1.3219192525248527]]}},{"type":"Feature","properties":{"name":null,"cls":"tertiary","km":0.68},"geometry":{"type":"LineString","coordinates":[[116.97589977300004,0.7310035541831675],[116.97034708500007,0.7293617021850033]]}},{"type":"Feature","properties":{"name":null,"cls":"tertiary","km":0.68},"geometry":{"type":"LineString","coordinates":[[116.69957741300004,0.8944804960008128],[116.70073112500006,0.8886397750073245]]}},{"type":"Feature","properties":{"name":null,"cls":"tertiary","km":0.68},"geometry":{"type":"LineString","coordinates":[[116.97028730800002,0.6869389992323857],[116.97594635000007,0.6882623282309129]]}},{"type":"Feature","properties":{"name":null,"cls":"tertiary","km":0.68},"geometry":{"type":"LineString","coordinates":[[116.6324846460001,0.973589601912609],[116.63589786200009,0.9783471279072957]]}},{"type":"Feature","properties":{"name":null,"cls":"tertiary","km":0.68},"geometry":{"type":"LineString","coordinates":[[116.43476878800004,0.6584196252642256],[116.43853326900013,0.6544553932686228]]}},{"type":"Feature","properties":{"name":null,"cls":"tertiary","km":0.68},"geometry":{"type":"LineString","coordinates":[[116.30796302500005,0.6846384942349442],[116.30401456200003,0.6892256642298143]]}},{"type":"Feature","properties":{"name":null,"cls":"tertiary","km":0.68},"geometry":{"type":"LineString","coordinates":[[116.38960191400008,0.4562204094900937],[116.39245018500002,0.46124229548441964]]}},{"type":"Feature","properties":{"name":null,"cls":"tertiary","km":0.68},"geometry":{"type":"LineString","coordinates":[[116.41264225400003,0.4703618904742454],[116.41147001800006,0.47607036546790465]]}},{"type":"Feature","properties":{"name":null,"cls":"tertiary","km":0.68},"geometry":{"type":"LineString","coordinates":[[116.23003616300002,0.4908596564513625],[116.23041516,0.49687047944463597]]}},{"type":"Feature","properties":{"name":null,"cls":"tertiary","km":0.68},"geometry":{"type":"LineString","coordinates":[[116.39876658900005,0.2763538126911114],[116.39461364300007,0.272179568695764]]}},{"type":"Feature","properties":{"name":null,"cls":"tertiary","km":0.68},"geometry":{"type":"LineString","coordinates":[[116.39880553100011,0.2516725297186984],[116.3932311850001,0.25370450071643685]]}},{"type":"Feature","properties":{"name":null,"cls":"tertiary","km":0.68},"geometry":{"type":"LineString","coordinates":[[115.99545349700009,0.09430315189460924],[115.99580252400006,0.0884330919011627]]}},{"type":"Feature","properties":{"name":null,"cls":"tertiary","km":0.68},"geometry":{"type":"LineString","coordinates":[[115.76499605700008,0.15648099782510547],[115.77078425700006,0.15490530782682835]]}},{"type":"Feature","properties":{"name":null,"cls":"tertiary","km":0.68},"geometry":{"type":"LineString","coordinates":[[116.21877133200009,0.07603600191501367],[116.21739769300008,0.07979664691080082]]}},{"type":"Feature","properties":{"name":null,"cls":"tertiary","km":0.68},"geometry":{"type":"LineString","coordinates":[[115.50595826200004,0.040628504954584],[115.502195099,0.0438231929510338]]}},{"type":"Feature","properties":{"name":null,"cls":"tertiary","km":0.68},"geometry":{"type":"LineString","coordinates":[[116.90265278900006,0.7909169321163488],[116.90719436900007,0.7868662611208368]]}},{"type":"Feature","properties":{"name":null,"cls":"tertiary","km":0.68},"geometry":{"type":"LineString","coordinates":[[115.58056954800007,0.23580088573641558],[115.58011055800011,0.2416464727298857]]}},{"type":"Feature","properties":{"name":null,"cls":"tertiary","km":0.68},"geometry":{"type":"LineString","coordinates":[[116.70318707700005,0.8727555760250086],[116.70297582800004,0.8667304300317844]]}},{"type":"Feature","properties":{"name":null,"cls":"tertiary","km":0.68},"geometry":{"type":"LineString","coordinates":[[115.63536629700002,0.3944123645591194],[115.63117681900009,0.39034730756368097]]}},{"type":"Feature","properties":{"name":null,"cls":"tertiary","km":0.68},"geometry":{"type":"LineString","coordinates":[[116.45728523200013,0.35391716360438485],[116.4569904220001,0.34868117261024345]]}},{"type":"Feature","properties":{"name":null,"cls":"tertiary","km":0.68},"geometry":{"type":"LineString","coordinates":[[116.03704887100002,0.5084474774317248],[116.04290089200005,0.5091275024309523]]}},{"type":"Feature","properties":{"name":null,"cls":"tertiary","km":0.68},"geometry":{"type":"LineString","coordinates":[[116.85651078000002,0.6554149892675823],[116.85576954300006,0.6493500192743255]]}},{"type":"Feature","properties":{"name":null,"cls":"tertiary","km":0.68},"geometry":{"type":"LineString","coordinates":[[115.80485615900011,0.09749949989103346],[115.80979327600005,0.09952738888877358]]}},{"type":"Feature","properties":{"name":null,"cls":"tertiary","km":0.68},"geometry":{"type":"LineString","coordinates":[[116.51999960300009,0.8263992130767399],[116.51603568700011,0.8219532080817177]]}},{"type":"Feature","properties":{"name":null,"cls":"tertiary","km":0.68},"geometry":{"type":"LineString","coordinates":[[115.36901566100005,1.7463621830540885],[115.37337756200009,1.7505873180493647]]}},{"type":"Feature","properties":{"name":null,"cls":"tertiary","km":0.67},"geometry":{"type":"LineString","coordinates":[[116.7604379920001,0.6998073812180499],[116.76436601000012,0.7042141612130628]]}},{"type":"Feature","properties":{"name":null,"cls":"tertiary","km":0.67},"geometry":{"type":"LineString","coordinates":[[115.99792027300009,0.2806845786861997],[116.00050486200008,0.2758010246916918]]}},{"type":"Feature","properties":{"name":null,"cls":"tertiary","km":0.67},"geometry":{"type":"LineString","coordinates":[[115.75320792000004,0.21439680176037923],[115.75232444000005,0.20850773576692933]]}},{"type":"Feature","properties":{"name":null,"cls":"tertiary","km":0.67},"geometry":{"type":"LineString","coordinates":[[116.29809619700006,0.39303611456064413],[116.29903731600007,0.38729368356706084]]}},{"type":"Feature","properties":{"name":null,"cls":"tertiary","km":0.67},"geometry":{"type":"LineString","coordinates":[[116.58454442700008,0.9239463019679454],[116.58806262100006,0.9283634229630506]]}},{"type":"Feature","properties":{"name":null,"cls":"tertiary","km":0.67},"geometry":{"type":"LineString","coordinates":[[116.59565424800007,0.7269330971877507],[116.59402449900006,0.7324808201815253]]}},{"type":"Feature","properties":{"name":null,"cls":"tertiary","km":0.67},"geometry":{"type":"LineString","coordinates":[[116.56640223300008,0.5871981183437655],[116.56664158100011,0.5926992273376354]]}},{"type":"Feature","properties":{"name":null,"cls":"tertiary","km":0.67},"geometry":{"type":"LineString","coordinates":[[116.41157634700005,0.22793545874520127],[116.41122406800002,0.23384395673859704]]}},{"type":"Feature","properties":{"name":null,"cls":"tertiary","km":0.67},"geometry":{"type":"LineString","coordinates":[[116.41633297500005,0.2295266067433919],[116.41673808300004,0.2243666057491938]]}},{"type":"Feature","properties":{"name":null,"cls":"tertiary","km":0.67},"geometry":{"type":"LineString","coordinates":[[115.99006418000012,0.08994646389946746],[115.99177845700001,0.09539354289338561]]}},{"type":"Feature","properties":{"name":null,"cls":"tertiary","km":0.67},"geometry":{"type":"LineString","coordinates":[[115.99868806000006,0.07993310791063724],[115.99702720900007,0.07436416091694222]]}},{"type":"Feature","properties":{"name":null,"cls":"tertiary","km":0.67},"geometry":{"type":"LineString","coordinates":[[116.01966701000003,0.12736997385763227],[116.01437108200004,0.12964740385506693]]}},{"type":"Feature","properties":{"name":null,"cls":"tertiary","km":0.67},"geometry":{"type":"LineString","coordinates":[[115.96129187200006,0.07892422991178905],[115.95974621800008,0.08413725790598646]]}},{"type":"Feature","properties":{"name":null,"cls":"tertiary","km":0.67},"geometry":{"type":"LineString","coordinates":[[116.89919079100001,0.7379660901753837],[116.90262188700002,0.7419721561709166]]}},{"type":"Feature","properties":{"name":null,"cls":"tertiary","km":0.67},"geometry":{"type":"LineString","coordinates":[[116.10130269700005,0.03503691996086528],[116.10063937300005,0.02921469396742022]]}},{"type":"Feature","properties":{"name":null,"cls":"tertiary","km":0.67},"geometry":{"type":"LineString","coordinates":[[116.45415140600005,0.5043004594363216],[116.4555902520001,0.5099925164299878]]}},{"type":"Feature","properties":{"name":null,"cls":"tertiary","km":0.67},"geometry":{"type":"LineString","coordinates":[[116.51142247200005,0.6935657262249513],[116.51090001500006,0.6994536422183851]]}},{"type":"Feature","properties":{"name":null,"cls":"tertiary","km":0.67},"geometry":{"type":"LineString","coordinates":[[116.81367863100002,0.9223583939697308],[116.80843500500009,0.9197658469726325]]}},{"type":"Feature","properties":{"name":null,"cls":"tertiary","km":0.67},"geometry":{"type":"LineString","coordinates":[[115.94772595100005,0.08144297290898851],[115.94649747100006,0.07591131991518134]]}},{"type":"Feature","properties":{"name":null,"cls":"tertiary","km":0.67},"geometry":{"type":"LineString","coordinates":[[115.55778012400005,0.30129386966320615],[115.55271320400004,0.30429867765988566]]}},{"type":"Feature","properties":{"name":null,"cls":"tertiary","km":0.67},"geometry":{"type":"LineString","coordinates":[[116.46892976100001,0.3583018065994747],[116.46619278600008,0.35350615360484144]]}},{"type":"Feature","properties":{"name":null,"cls":"tertiary","km":0.67},"geometry":{"type":"LineString","coordinates":[[115.76726658300002,0.3215928856405271],[115.769807279,0.319942329642394]]}},{"type":"Feature","properties":{"name":null,"cls":"tertiary","km":0.67},"geometry":{"type":"LineString","coordinates":[[116.00682662400006,0.2649109087038437],[116.0104087320001,0.2696118476986243]]}},{"type":"Feature","properties":{"name":null,"cls":"tertiary","km":0.67},"geometry":{"type":"LineString","coordinates":[[116.78050674400004,0.7663030121437637],[116.77708676600002,0.7709008861386629]]}},{"type":"Feature","properties":{"name":null,"cls":"tertiary","km":0.67},"geometry":{"type":"LineString","coordinates":[[115.9089356400001,0.5200596724187141],[115.9098657190001,0.5258665544122337]]}},{"type":"Feature","properties":{"name":null,"cls":"tertiary","km":0.67},"geometry":{"type":"LineString","coordinates":[[116.36500754200007,0.6996232522182048],[116.36455241300006,0.6939591012245517]]}},{"type":"Feature","properties":{"name":null,"cls":"tertiary","km":0.67},"geometry":{"type":"LineString","coordinates":[[115.67407508600002,0.13324653085105076],[115.68001479400004,0.13263614385178196]]}},{"type":"Feature","properties":{"name":null,"cls":"tertiary","km":0.67},"geometry":{"type":"LineString","coordinates":[[114.78204000500013,1.5992253512170922],[114.78114571000003,1.5936445202232308]]}},{"type":"Feature","properties":{"name":null,"cls":"tertiary","km":0.66},"geometry":{"type":"LineString","coordinates":[[116.84766315800003,0.6151733843125252],[116.84389670600001,0.6106005743176147]]}},{"type":"Feature","properties":{"name":null,"cls":"tertiary","km":0.66},"geometry":{"type":"LineString","coordinates":[[115.75770587200009,0.21734096475706607],[115.76126922300011,0.21265185876227993]]}},{"type":"Feature","properties":{"name":null,"cls":"tertiary","km":0.66},"geometry":{"type":"LineString","coordinates":[[115.59749378200003,0.2389936337328481],[115.59613860000002,0.2333529587391661]]}},{"type":"Feature","properties":{"name":null,"cls":"tertiary","km":0.66},"geometry":{"type":"LineString","coordinates":[[115.68639877900011,0.13245837885198805],[115.6911280820001,0.13579348084824444]]}},{"type":"Feature","properties":{"name":null,"cls":"tertiary","km":0.66},"geometry":{"type":"LineString","coordinates":[[115.9999407050001,0.030117060966392006],[116.00240217400005,0.025038820972078466]]}},{"type":"Feature","properties":{"name":null,"cls":"tertiary","km":0.66},"geometry":{"type":"LineString","coordinates":[[116.98002138000004,0.6952809902230964],[116.98168501200007,0.7005732832171122]]}},{"type":"Feature","properties":{"name":null,"cls":"tertiary","km":0.66},"geometry":{"type":"LineString","coordinates":[[116.43239925500006,0.6052142323235953],[116.43348464400003,0.6109005093172409]]}},{"type":"Feature","properties":{"name":null,"cls":"tertiary","km":0.66},"geometry":{"type":"LineString","coordinates":[[116.52165485100011,0.640965321283707],[116.51891111900012,0.6359227982893799]]}},{"type":"Feature","properties":{"name":null,"cls":"tertiary","km":0.66},"geometry":{"type":"LineString","coordinates":[[116.24229011900002,0.4487236544984143],[116.23825362000004,0.4512425684956316]]}},{"type":"Feature","properties":{"name":null,"cls":"tertiary","km":0.66},"geometry":{"type":"LineString","coordinates":[[116.41962045600008,0.20674668876891458],[116.41448664900008,0.20947748376583206]]}},{"type":"Feature","properties":{"name":null,"cls":"tertiary","km":0.66},"geometry":{"type":"LineString","coordinates":[[116.01152709600002,0.08616718390368351],[116.00786411300011,0.08185907390848852]]}},{"type":"Feature","properties":{"name":null,"cls":"tertiary","km":0.66},"geometry":{"type":"LineString","coordinates":[[115.99307320600008,0.08227969290803672],[115.99057733600011,0.07701411291398359]]}},{"type":"Feature","properties":{"name":null,"cls":"tertiary","km":0.66},"geometry":{"type":"LineString","coordinates":[[115.94738271900007,0.07056327492114683],[115.94584490700004,0.07598065591512063]]}},{"type":"Feature","properties":{"name":null,"cls":"tertiary","km":0.66},"geometry":{"type":"LineString","coordinates":[[116.47586261600009,0.7536626091578875],[116.47771328300007,0.7550897151563126]]}},{"type":"Feature","properties":{"name":null,"cls":"tertiary","km":0.66},"geometry":{"type":"LineString","coordinates":[[116.84598913700005,0.6578382152648747],[116.84363824000002,0.6526922772706291]]}},{"type":"Feature","properties":{"name":null,"cls":"tertiary","km":0.66},"geometry":{"type":"LineString","coordinates":[[116.81208455000002,0.9294190689618486],[116.81217159100002,0.9352691439553391]]}},{"type":"Feature","properties":{"name":null,"cls":"tertiary","km":0.66},"geometry":{"type":"LineString","coordinates":[[116.49501066500011,0.627767696298426],[116.48999579000008,0.6261080123002394]]}},{"type":"Feature","properties":{"name":null,"cls":"tertiary","km":0.66},"geometry":{"type":"LineString","coordinates":[[116.58060133200003,0.711848876204542],[116.57855678000011,0.7068117582102241]]}},{"type":"Feature","properties":{"name":null,"cls":"tertiary","km":0.66},"geometry":{"type":"LineString","coordinates":[[116.02462499600006,0.480479758462947],[116.02255894200005,0.4779299614658244]]}},{"type":"Feature","properties":{"name":null,"cls":"tertiary","km":0.66},"geometry":{"type":"LineString","coordinates":[[116.02149014300005,0.5113757374284175],[116.01649461300008,0.5091660254309229]]}},{"type":"Feature","properties":{"name":null,"cls":"tertiary","km":0.66},"geometry":{"type":"LineString","coordinates":[[116.76944401500009,0.7671228801428477],[116.77416006400006,0.7704996831391453]]}},{"type":"Feature","properties":{"name":null,"cls":"tertiary","km":0.66},"geometry":{"type":"LineString","coordinates":[[115.18004613100004,1.5336449952897713],[115.18386701800011,1.5301643192936074]]}},{"type":"Feature","properties":{"name":null,"cls":"tertiary","km":0.66},"geometry":{"type":"LineString","coordinates":[[114.45248750500004,0.712513951203811],[114.45759022100003,0.7152447932007905]]}},{"type":"Feature","properties":{"name":null,"cls":"tertiary","km":0.65},"geometry":{"type":"LineString","coordinates":[[116.96724024000002,0.8075792530977804],[116.96765673200002,0.8133513490913294]]}},{"type":"Feature","properties":{"name":null,"cls":"tertiary","km":0.65},"geometry":{"type":"LineString","coordinates":[[116.797878114,0.7183319691973555],[116.80294722000008,0.7161609971997283]]}},{"type":"Feature","properties":{"name":null,"cls":"tertiary","km":0.65},"geometry":{"type":"LineString","coordinates":[[116.50243258000013,0.6551558582678393],[116.50805732700009,0.6542290232689341]]}},{"type":"Feature","properties":{"name":null,"cls":"tertiary","km":0.65},"geometry":{"type":"LineString","coordinates":[[116.07916847700005,0.96991971891672],[116.07465630600007,0.9735764039126615]]}},{"type":"Feature","properties":{"name":null,"cls":"tertiary","km":0.65},"geometry":{"type":"LineString","coordinates":[[116.23553711600005,0.9781470489075703],[116.23006952800006,0.9792324859063026]]}},{"type":"Feature","properties":{"name":null,"cls":"tertiary","km":0.65},"geometry":{"type":"LineString","coordinates":[[116.93349110300004,0.6394905882853477],[116.93920330200001,0.6387232362861841]]}},{"type":"Feature","properties":{"name":null,"cls":"tertiary","km":0.65},"geometry":{"type":"LineString","coordinates":[[116.54264128800003,0.7596996881511664],[116.53776990400002,0.7621156201484366]]}},{"type":"Feature","properties":{"name":null,"cls":"tertiary","km":0.65},"geometry":{"type":"LineString","coordinates":[[116.55887417600002,0.7615866101490337],[116.56439530800003,0.7632854311471526]]}},{"type":"Feature","properties":{"name":null,"cls":"tertiary","km":0.65},"geometry":{"type":"LineString","coordinates":[[116.36963776700007,0.42952423751991214],[116.36430874900009,0.42754571352214205]]}},{"type":"Feature","properties":{"name":null,"cls":"tertiary","km":0.65},"geometry":{"type":"LineString","coordinates":[[116.23732403200007,0.4543450074921652],[116.23530055500008,0.4493125394977634]]}},{"type":"Feature","properties":{"name":null,"cls":"tertiary","km":0.65},"geometry":{"type":"LineString","coordinates":[[116.25856975200008,0.3799363285752768],[116.25440642000002,0.3787413055766536]]}},{"type":"Feature","properties":{"name":null,"cls":"tertiary","km":0.65},"geometry":{"type":"LineString","coordinates":[[116.41917221200005,0.28949266267638585],[116.42346173900013,0.28571633768061716]]}},{"type":"Feature","properties":{"name":null,"cls":"tertiary","km":0.65},"geometry":{"type":"LineString","coordinates":[[116.38395304300002,0.27601445269146446],[116.38472230100002,0.28157781468522824]]}},{"type":"Feature","properties":{"name":null,"cls":"tertiary","km":0.65},"geometry":{"type":"LineString","coordinates":[[116.17421343100011,0.13325045085105205],[116.17439831200011,0.12790709285699578]]}},{"type":"Feature","properties":{"name":null,"cls":"tertiary","km":0.65},"geometry":{"type":"LineString","coordinates":[[115.7691774340001,0.16040256882068077],[115.76499756600002,0.15648289382506853]]}},{"type":"Feature","properties":{"name":null,"cls":"tertiary","km":0.65},"geometry":{"type":"LineString","coordinates":[[116.58333389600011,0.7130362442032477],[116.58056983100005,0.7179819651977121]]}},{"type":"Feature","properties":{"name":null,"cls":"tertiary","km":0.65},"geometry":{"type":"LineString","coordinates":[[116.51275701100008,0.4567156164895117],[116.51356228700001,0.46163970348400846]]}},{"type":"Feature","properties":{"name":null,"cls":"tertiary","km":0.65},"geometry":{"type":"LineString","coordinates":[[116.77241964200003,0.7365193641770381],[116.76890492200006,0.7334112921805465]]}},{"type":"Feature","properties":{"name":null,"cls":"tertiary","km":0.65},"geometry":{"type":"LineString","coordinates":[[116.06715787500002,0.3572702016006206],[116.06190650500004,0.35916462759849277]]}},{"type":"Feature","properties":{"name":null,"cls":"tertiary","km":0.65},"geometry":{"type":"LineString","coordinates":[[116.1466277720001,0.1992869867772185],[116.1425679800001,0.20332161177271726]]}},{"type":"Feature","properties":{"name":null,"cls":"tertiary","km":0.65},"geometry":{"type":"LineString","coordinates":[[115.50598069700003,0.33375315962695684],[115.5047884700001,0.3390962636209376]]}},{"type":"Feature","properties":{"name":null,"cls":"tertiary","km":0.65},"geometry":{"type":"LineString","coordinates":[[116.1281029170001,0.41224560353916806],[116.1303679980001,0.4156184585354064]]}},{"type":"Feature","properties":{"name":null,"cls":"tertiary","km":0.65},"geometry":{"type":"LineString","coordinates":[[116.38007160400002,0.9347557139558942],[116.38075507000009,0.9403188259496945]]}},{"type":"Feature","properties":{"name":null,"cls":"tertiary","km":0.65},"geometry":{"type":"LineString","coordinates":[[115.78477172700003,0.3267419726347516],[115.7797199270001,0.32905971163215625]]}},{"type":"Feature","properties":{"name":null,"cls":"tertiary","km":0.65},"geometry":{"type":"LineString","coordinates":[[116.24435157100004,0.05200642994191476],[116.24352013800001,0.0575097909357279]]}},{"type":"Feature","properties":{"name":null,"cls":"tertiary","km":0.64},"geometry":{"type":"LineString","coordinates":[[116.84651402500005,0.6442312072800587],[116.84086242600007,0.6444111782798493]]}},{"type":"Feature","properties":{"name":null,"cls":"tertiary","km":0.64},"geometry":{"type":"LineString","coordinates":[[116.8068647990001,0.6529682392703079],[116.81207575500002,0.6515584322718656]]}},{"type":"Feature","properties":{"name":null,"cls":"tertiary","km":0.64},"geometry":{"type":"LineString","coordinates":[[116.77775803000009,0.738805382174472],[116.77217518500002,0.739388693173853]]}},{"type":"Feature","properties":{"name":null,"cls":"tertiary","km":0.64},"geometry":{"type":"LineString","coordinates":[[115.8487057230001,0.1762528508029986],[115.84347532500009,0.17750697680158203]]}},{"type":"Feature","properties":{"name":null,"cls":"tertiary","km":0.64},"geometry":{"type":"LineString","coordinates":[[116.91053774000011,0.5055734404348813],[116.91053682000006,0.5010963414399043]]}},{"type":"Feature","properties":{"name":null,"cls":"tertiary","km":0.64},"geometry":{"type":"LineString","coordinates":[[116.42677745800006,0.6075587753210566],[116.43236708200004,0.6074308683211257]]}},{"type":"Feature","properties":{"name":null,"cls":"tertiary","km":0.64},"geometry":{"type":"LineString","coordinates":[[116.27307067299999,0.6593674872631656],[116.27224425700003,0.66497902125693]]}},{"type":"Feature","properties":{"name":null,"cls":"tertiary","km":0.64},"geometry":{"type":"LineString","coordinates":[[116.43723437000004,0.7167408211990625],[116.43363511900007,0.7206900331946754]]}},{"type":"Feature","properties":{"name":null,"cls":"tertiary","km":0.64},"geometry":{"type":"LineString","coordinates":[[116.57634908700004,0.6651269352567009],[116.57857895600011,0.6599226182625227]]}},{"type":"Feature","properties":{"name":null,"cls":"tertiary","km":0.64},"geometry":{"type":"LineString","coordinates":[[116.57073572700006,0.6147155523130163],[116.56541316900008,0.6165907533109262]]}},{"type":"Feature","properties":{"name":null,"cls":"tertiary","km":0.64},"geometry":{"type":"LineString","coordinates":[[116.42447695200009,0.4656861874795057],[116.41926145700008,0.46735312347761304]]}},{"type":"Feature","properties":{"name":null,"cls":"tertiary","km":0.64},"geometry":{"type":"LineString","coordinates":[[116.45582581800011,0.4559819984903683],[116.46058718300002,0.4590467494868898]]}},{"type":"Feature","properties":{"name":null,"cls":"tertiary","km":0.64},"geometry":{"type":"LineString","coordinates":[[116.00842300700003,0.07519959291594508],[116.01157887500005,0.07970036891089469]]}},{"type":"Feature","properties":{"name":null,"cls":"tertiary","km":0.64},"geometry":{"type":"LineString","coordinates":[[116.18183082300003,0.13268574785168785],[116.18663737200008,0.13531521884876874]]}},{"type":"Feature","properties":{"name":null,"cls":"tertiary","km":0.64},"geometry":{"type":"LineString","coordinates":[[116.54229101500006,0.7695354441401627],[116.54166700800012,0.7742813891349013]]}},{"type":"Feature","properties":{"name":null,"cls":"tertiary","km":0.64},"geometry":{"type":"LineString","coordinates":[[116.77624651600001,0.7700983371395471],[116.77728359800007,0.7715383701379381]]}},{"type":"Feature","properties":{"name":null,"cls":"tertiary","km":0.64},"geometry":{"type":"LineString","coordinates":[[116.87750556000002,0.6661903692555488],[116.87758506200011,0.671901577249195]]}},{"type":"Feature","properties":{"name":null,"cls":"tertiary","km":0.64},"geometry":{"type":"LineString","coordinates":[[115.94842994400007,0.48743427545519014],[115.94428952000011,0.48732830945533095]]}},{"type":"Feature","properties":{"name":null,"cls":"tertiary","km":0.64},"geometry":{"type":"LineString","coordinates":[[116.6999187230001,0.8849931070113887],[116.69511469400004,0.8878084220082156]]}},{"type":"Feature","properties":{"name":null,"cls":"tertiary","km":0.64},"geometry":{"type":"LineString","coordinates":[[115.58928954400007,0.3110024466523407],[115.59025038700008,0.3164643786462253]]}},{"type":"Feature","properties":{"name":null,"cls":"tertiary","km":0.64},"geometry":{"type":"LineString","coordinates":[[116.74701854400007,0.7630257161474818],[116.74649312400004,0.7574930351536044]]}},{"type":"Feature","properties":{"name":null,"cls":"tertiary","km":0.64},"geometry":{"type":"LineString","coordinates":[[116.84039800200004,0.6572561362655266],[116.83981190000009,0.6518654242715164]]}},{"type":"Feature","properties":{"name":null,"cls":"tertiary","km":0.64},"geometry":{"type":"LineString","coordinates":[[116.5088705730001,0.4509726384959169],[116.5065872900001,0.4458756785016173]]}},{"type":"Feature","properties":{"name":null,"cls":"tertiary","km":0.64},"geometry":{"type":"LineString","coordinates":[[116.11175061600011,0.19417576978295048],[116.11735579500011,0.1945246517825358]]}},{"type":"Feature","properties":{"name":null,"cls":"tertiary","km":0.64},"geometry":{"type":"LineString","coordinates":[[116.58497116000001,0.7104466782061214],[116.58212208500004,0.705700505211386]]}},{"type":"Feature","properties":{"name":null,"cls":"tertiary","km":0.64},"geometry":{"type":"LineString","coordinates":[[115.88420383000003,0.5111108064287235],[115.87898259600001,0.5126402304270005]]}},{"type":"Feature","properties":{"name":null,"cls":"tertiary","km":0.64},"geometry":{"type":"LineString","coordinates":[[115.75083792600003,0.034256709961699425],[115.75242397000011,0.03021629196624976]]}},{"type":"Feature","properties":{"name":null,"cls":"tertiary","km":0.64},"geometry":{"type":"LineString","coordinates":[[116.48266457900002,0.749313258162777],[116.47893051900009,0.7529212921587253]]}},{"type":"Feature","properties":{"name":null,"cls":"tertiary","km":0.64},"geometry":{"type":"LineString","coordinates":[[116.89531778600008,0.7423886441704821],[116.89902939900003,0.7387775801744706]]}},{"type":"Feature","properties":{"name":null,"cls":"tertiary","km":0.64},"geometry":{"type":"LineString","coordinates":[[115.34580083600008,1.6528918501575796],[115.34970906400008,1.6489668691619153]]}},{"type":"Feature","properties":{"name":null,"cls":"tertiary","km":0.64},"geometry":{"type":"LineString","coordinates":[[114.49776822700005,1.1259540417428677],[114.5002219490001,1.120998423748402]]}},{"type":"Feature","properties":{"name":null,"cls":"tertiary","km":0.64},"geometry":{"type":"LineString","coordinates":[[114.23527921800007,1.4269343374082506],[114.23620771900005,1.4213558444144057]]}},{"type":"Feature","properties":{"name":null,"cls":"tertiary","km":0.63},"geometry":{"type":"LineString","coordinates":[[116.81062950600004,0.6070125453215887],[116.81458120200011,0.6109453053172659]]}},{"type":"Feature","properties":{"name":null,"cls":"tertiary","km":0.63},"geometry":{"type":"LineString","coordinates":[[115.55287586300007,0.861853860037171],[115.55728461400008,0.8651592220334975]]}},{"type":"Feature","properties":{"name":null,"cls":"tertiary","km":0.63},"geometry":{"type":"LineString","coordinates":[[115.72337457100004,0.6020118603272168],[115.72786406400007,0.5989596113305958]]}},{"type":"Feature","properties":{"name":null,"cls":"tertiary","km":0.63},"geometry":{"type":"LineString","coordinates":[[115.58851366900002,0.09852204488988023],[115.58731368800011,0.09324561989582053]]}},{"type":"Feature","properties":{"name":null,"cls":"tertiary","km":0.63},"geometry":{"type":"LineString","coordinates":[[116.9085107620001,0.8654446850332054],[116.91299684500007,0.8626266460363681]]}},{"type":"Feature","properties":{"name":null,"cls":"tertiary","km":0.63},"geometry":{"type":"LineString","coordinates":[[115.27241682000012,1.6621443491473304],[115.27288648100011,1.667409158141452]]}},{"type":"Feature","properties":{"name":null,"cls":"tertiary","km":0.63},"geometry":{"type":"LineString","coordinates":[[116.63114635500006,0.9653969069217423],[116.62619814800007,0.9673299799196063]]}},{"type":"Feature","properties":{"name":null,"cls":"tertiary","km":0.63},"geometry":{"type":"LineString","coordinates":[[116.59184917700009,0.965863956921227],[116.58895539400011,0.9679836629188567]]}},{"type":"Feature","properties":{"name":null,"cls":"tertiary","km":0.63},"geometry":{"type":"LineString","coordinates":[[116.62204695600008,0.9042280029899316],[116.61946939200004,0.9060774449878596]]}},{"type":"Feature","properties":{"name":null,"cls":"tertiary","km":0.63},"geometry":{"type":"LineString","coordinates":[[116.504028532,0.6359023102893511],[116.50681217500004,0.6397814192850119]]}},{"type":"Feature","properties":{"name":null,"cls":"tertiary","km":0.63},"geometry":{"type":"LineString","coordinates":[[116.4586099910001,0.33320019262752026],[116.46362113900011,0.33078301163024026]]}},{"type":"Feature","properties":{"name":null,"cls":"tertiary","km":0.63},"geometry":{"type":"LineString","coordinates":[[116.45603066000001,0.2573594587122852],[116.45513307900002,0.25197910371831306]]}},{"type":"Feature","properties":{"name":null,"cls":"tertiary","km":0.63},"geometry":{"type":"LineString","coordinates":[[116.09164830500004,0.0527728999410439],[116.09511293900006,0.05707146293624329]]}},{"type":"Feature","properties":{"name":null,"cls":"tertiary","km":0.63},"geometry":{"type":"LineString","coordinates":[[116.16945458200006,0.11716951986903727],[116.16566950900007,0.12140803886434033]]}},{"type":"Feature","properties":{"name":null,"cls":"tertiary","km":0.63},"geometry":{"type":"LineString","coordinates":[[116.11045077000006,0.04031079395496925],[116.1145070010001,0.036789694958928004]]}},{"type":"Feature","properties":{"name":null,"cls":"tertiary","km":0.63},"geometry":{"type":"LineString","coordinates":[[116.52176385200005,0.5207662724179545],[116.517758984,0.5239542934143616]]}},{"type":"Feature","properties":{"name":null,"cls":"tertiary","km":0.63},"geometry":{"type":"LineString","coordinates":[[115.79829635200008,0.29204244467355506],[115.79784077400008,0.2883587476776784]]}},{"type":"Feature","properties":{"name":null,"cls":"tertiary","km":0.63},"geometry":{"type":"LineString","coordinates":[[116.75807645500004,0.8554605240443462],[116.75462594400007,0.8514607650487891]]}},{"type":"Feature","properties":{"name":null,"cls":"tertiary","km":0.63},"geometry":{"type":"LineString","coordinates":[[116.79861243800008,0.7303752501838873],[116.7937866850001,0.728019991186537]]}},{"type":"Feature","properties":{"name":null,"cls":"tertiary","km":0.63},"geometry":{"type":"LineString","coordinates":[[116.32163630700006,0.872722538025066],[116.31603793300009,0.8719410020259616]]}},{"type":"Feature","properties":{"name":null,"cls":"tertiary","km":0.63},"geometry":{"type":"LineString","coordinates":[[116.77119192300006,0.7420603191708466],[116.76616215800004,0.7416130081713521]]}},{"type":"Feature","properties":{"name":null,"cls":"tertiary","km":0.63},"geometry":{"type":"LineString","coordinates":[[116.14303942400011,0.4238910125261752],[116.14693928500003,0.4279005925216955]]}},{"type":"Feature","properties":{"name":null,"cls":"tertiary","km":0.63},"geometry":{"type":"LineString","coordinates":[[115.67897243200002,0.045979513948661434],[115.68394835400011,0.044399278950408023]]}},{"type":"Feature","properties":{"name":null,"cls":"tertiary","km":0.62},"geometry":{"type":"LineString","coordinates":[[116.9782613550001,0.7653964131448254],[116.97519309900008,0.768069010141803]]}},{"type":"Feature","properties":{"name":null,"cls":"tertiary","km":0.62},"geometry":{"type":"LineString","coordinates":[[116.96677132000002,0.7549817701564516],[116.96941178300006,0.7503424821616117]]}},{"type":"Feature","properties":{"name":null,"cls":"tertiary","km":0.62},"geometry":{"type":"LineString","coordinates":[[116.66928890300007,0.7646247141456566],[116.66536059700003,0.7668780601431568]]}},{"type":"Feature","properties":{"name":null,"cls":"tertiary","km":0.62},"geometry":{"type":"LineString","coordinates":[[116.4007319100001,0.6151100613125635],[116.39534873900004,0.614214906313591]]}},{"type":"Feature","properties":{"name":null,"cls":"tertiary","km":0.62},"geometry":{"type":"LineString","coordinates":[[116.31479278900008,0.7294969501848684],[116.31030915200004,0.7290392971853656]]}},{"type":"Feature","properties":{"name":null,"cls":"tertiary","km":0.62},"geometry":{"type":"LineString","coordinates":[[116.370050041,0.4631750914822568],[116.36471697200011,0.4640018504813574]]}},{"type":"Feature","properties":{"name":null,"cls":"tertiary","km":0.62},"geometry":{"type":"LineString","coordinates":[[116.37132452500009,0.4341363045147282],[116.37096822600006,0.4395645865086862]]}},{"type":"Feature","properties":{"name":null,"cls":"tertiary","km":0.62},"geometry":{"type":"LineString","coordinates":[[116.23709239200004,0.3908299805631313],[116.2341930230001,0.3951661695582698]]}},{"type":"Feature","properties":{"name":null,"cls":"tertiary","km":0.62},"geometry":{"type":"LineString","coordinates":[[116.17769944000008,0.09414535189478701],[116.177793488,0.09969289488855095]]}},{"type":"Feature","properties":{"name":null,"cls":"tertiary","km":0.62},"geometry":{"type":"LineString","coordinates":[[116.1505720770001,0.09905057188930913],[116.15411710700003,0.10322494488461904]]}},{"type":"Feature","properties":{"name":null,"cls":"tertiary","km":0.62},"geometry":{"type":"LineString","coordinates":[[115.57287515800012,0.3156969096470868],[115.57191696100004,0.31044231665293526]]}},{"type":"Feature","properties":{"name":null,"cls":"tertiary","km":0.62},"geometry":{"type":"LineString","coordinates":[[115.70921513100005,0.036712331958971105],[115.71400911600004,0.03531114296056997]]}},{"type":"Feature","properties":{"name":null,"cls":"tertiary","km":0.62},"geometry":{"type":"LineString","coordinates":[[115.98864321700013,0.43975679950846286],[115.99293042700005,0.44289168650492644]]}},{"type":"Feature","properties":{"name":null,"cls":"tertiary","km":0.62},"geometry":{"type":"LineString","coordinates":[[115.95861147400001,0.005144356994292732],[115.95723666200001,4.785819272944335e-14]]}},{"type":"Feature","properties":{"name":null,"cls":"tertiary","km":0.62},"geometry":{"type":"LineString","coordinates":[[115.85387659600008,0.035490711960404424],[115.85889323600007,0.037066230958590594]]}},{"type":"Feature","properties":{"name":null,"cls":"tertiary","km":0.62},"geometry":{"type":"LineString","coordinates":[[115.52559893300008,0.04561385594902125],[115.53091527500008,0.047206425947281146]]}},{"type":"Feature","properties":{"name":null,"cls":"tertiary","km":0.62},"geometry":{"type":"LineString","coordinates":[[115.56971173300009,0.24519053072592195],[115.56685328700009,0.24148870373004963]]}},{"type":"Feature","properties":{"name":null,"cls":"tertiary","km":0.62},"geometry":{"type":"LineString","coordinates":[[115.58706244400004,0.21084380476429432],[115.58529140400003,0.2059282897698008]]}},{"type":"Feature","properties":{"name":null,"cls":"tertiary","km":0.62},"geometry":{"type":"LineString","coordinates":[[115.81364068000006,0.18428124979398866],[115.81019714900005,0.18861301778918899]]}},{"type":"Feature","properties":{"name":null,"cls":"tertiary","km":0.62},"geometry":{"type":"LineString","coordinates":[[116.80632704300002,0.7061950332108996],[116.80345339700011,0.7108742792056687]]}},{"type":"Feature","properties":{"name":null,"cls":"tertiary","km":0.62},"geometry":{"type":"LineString","coordinates":[[116.87005747,0.6603669802620177],[116.86623331500004,0.6641446202578107]]}},{"type":"Feature","properties":{"name":null,"cls":"tertiary","km":0.62},"geometry":{"type":"LineString","coordinates":[[116.88789523000004,0.71950284719602],[116.89155149800001,0.7160751271998647]]}},{"type":"Feature","properties":{"name":null,"cls":"tertiary","km":0.61},"geometry":{"type":"LineString","coordinates":[[116.79962232500009,0.5939280983362295],[116.80224691900001,0.5973048103324688]]}},{"type":"Feature","properties":{"name":null,"cls":"tertiary","km":0.61},"geometry":{"type":"LineString","coordinates":[[116.13668463400006,0.2116001757634666],[116.14113377900003,0.21432572976038627]]}},{"type":"Feature","properties":{"name":null,"cls":"tertiary","km":0.61},"geometry":{"type":"LineString","coordinates":[[115.76474059100008,0.20020128077617733],[115.75946794900007,0.20043456777595708]]}},{"type":"Feature","properties":{"name":null,"cls":"tertiary","km":0.61},"geometry":{"type":"LineString","coordinates":[[115.71386482800006,0.14560987783727875],[115.71925837700007,0.14546487383739146]]}},{"type":"Feature","properties":{"name":null,"cls":"tertiary","km":0.61},"geometry":{"type":"LineString","coordinates":[[116.17272655700002,0.005224722994163667],[116.17353142500009,0.0005804049994071496]]}},{"type":"Feature","properties":{"name":null,"cls":"tertiary","km":0.61},"geometry":{"type":"LineString","coordinates":[[114.01560476400005,1.083812064789827],[114.01125018800008,1.0869743977862756]]}},{"type":"Feature","properties":{"name":null,"cls":"tertiary","km":0.61},"geometry":{"type":"LineString","coordinates":[[116.93002066500003,0.4161454105348631],[116.93403538700011,0.4198592925306985]]}},{"type":"Feature","properties":{"name":null,"cls":"tertiary","km":0.61},"geometry":{"type":"LineString","coordinates":[[116.54812004300005,0.735697010177976],[116.55194491400005,0.7357737091778596]]}},{"type":"Feature","properties":{"name":null,"cls":"tertiary","km":0.61},"geometry":{"type":"LineString","coordinates":[[116.48420992500006,0.4311420105180655],[116.47898200300006,0.43029903851900736]]}},{"type":"Feature","properties":{"name":null,"cls":"tertiary","km":0.61},"geometry":{"type":"LineString","coordinates":[[116.44383507600003,0.368015677588654],[116.44883322000008,0.36593391659096086]]}},{"type":"Feature","properties":{"name":null,"cls":"tertiary","km":0.61},"geometry":{"type":"LineString","coordinates":[[116.241922541,0.39794048255520986],[116.23945714600006,0.40271293054987695]]}},{"type":"Feature","properties":{"name":null,"cls":"tertiary","km":0.61},"geometry":{"type":"LineString","coordinates":[[116.24851546800005,0.380931321574163],[116.2529235400001,0.38368309557111957]]}},{"type":"Feature","properties":{"name":null,"cls":"tertiary","km":0.61},"geometry":{"type":"LineString","coordinates":[[116.4379570000001,0.1841998537941079],[116.44290384300008,0.18237944079611423]]}},{"type":"Feature","properties":{"name":null,"cls":"tertiary","km":0.61},"geometry":{"type":"LineString","coordinates":[[116.45135610500006,0.2593227007100927],[116.4531418680001,0.2644674987043499]]}},{"type":"Feature","properties":{"name":null,"cls":"tertiary","km":0.61},"geometry":{"type":"LineString","coordinates":[[115.9967734180001,0.08696731190280882],[115.99440817000004,0.0822797269080672]]}},{"type":"Feature","properties":{"name":null,"cls":"tertiary","km":0.61},"geometry":{"type":"LineString","coordinates":[[116.0104231790001,0.08011549391047207],[116.00639300200011,0.07671781791423773]]}},{"type":"Feature","properties":{"name":null,"cls":"tertiary","km":0.61},"geometry":{"type":"LineString","coordinates":[[115.93360673700012,0.10548727688210925],[115.93021002400009,0.10965514087749048]]}},{"type":"Feature","properties":{"name":null,"cls":"tertiary","km":0.61},"geometry":{"type":"LineString","coordinates":[[116.27224164700011,0.3886293665655596],[116.27280032300008,0.39404658155951405]]}},{"type":"Feature","properties":{"name":null,"cls":"tertiary","km":0.61},"geometry":{"type":"LineString","coordinates":[[115.56999762900011,0.31378746964921284],[115.57172835900008,0.3188959436435373]]}},{"type":"Feature","properties":{"name":null,"cls":"tertiary","km":0.61},"geometry":{"type":"LineString","coordinates":[[116.94294936100005,0.4390292445092458],[116.9387829740001,0.4376750855108237]]}},{"type":"Feature","properties":{"name":null,"cls":"tertiary","km":0.61},"geometry":{"type":"LineString","coordinates":[[116.87615079000011,0.6603671372620047],[116.87981481100007,0.656753227266075]]}},{"type":"Feature","properties":{"name":null,"cls":"tertiary","km":0.61},"geometry":{"type":"LineString","coordinates":[[116.6260185960001,0.9293637039619539],[116.62166433000004,0.926751876964838]]}},{"type":"Feature","properties":{"name":null,"cls":"tertiary","km":0.61},"geometry":{"type":"LineString","coordinates":[[116.10297695200006,0.21083879876433212],[116.10827012400011,0.2104467797647681]]}},{"type":"Feature","properties":{"name":null,"cls":"tertiary","km":0.61},"geometry":{"type":"LineString","coordinates":[[116.01222585800008,0.21312221476177587],[116.0069222100001,0.21335160676148804]]}},{"type":"Feature","properties":{"name":null,"cls":"tertiary","km":0.61},"geometry":{"type":"LineString","coordinates":[[116.47242354700006,0.3494203156093792],[116.4677431140001,0.35199811460653974]]}},{"type":"Feature","properties":{"name":null,"cls":"tertiary","km":0.61},"geometry":{"type":"LineString","coordinates":[[115.75958276100005,0.19403343978310308],[115.76426359100002,0.19672914878005415]]}},{"type":"Feature","properties":{"name":null,"cls":"tertiary","km":0.61},"geometry":{"type":"LineString","coordinates":[[116.224705695,0.06161733393118712],[116.22569131100012,0.06680972092534014]]}},{"type":"Feature","properties":{"name":null,"cls":"tertiary","km":0.61},"geometry":{"type":"LineString","coordinates":[[115.67491698200003,0.043960595950870616],[115.67300422700008,0.04911141494511124]]}},{"type":"Feature","properties":{"name":null,"cls":"tertiary","km":0.61},"geometry":{"type":"LineString","coordinates":[[115.62264481600006,0.22081891375319113],[115.61884793900005,0.22352429775010618]]}},{"type":"Feature","properties":{"name":null,"cls":"tertiary","km":0.6},"geometry":{"type":"LineString","coordinates":[[116.20551487900002,0.6656561082561621],[116.20053316800009,0.6666016832550952]]}},{"type":"Feature","properties":{"name":null,"cls":"tertiary","km":0.6},"geometry":{"type":"LineString","coordinates":[[115.7254596150001,0.859335592039976],[115.72652931700007,0.8643768650343834]]}},{"type":"Feature","properties":{"name":null,"cls":"tertiary","km":0.6},"geometry":{"type":"LineString","coordinates":[[116.3919144890001,0.4663515984787664],[116.39607049500013,0.4697326344749907]]}},{"type":"Feature","properties":{"name":null,"cls":"tertiary","km":0.6},"geometry":{"type":"LineString","coordinates":[[116.16975827800003,0.47982026546369017],[116.16442546100006,0.47901512546459946]]}},{"type":"Feature","properties":{"name":null,"cls":"tertiary","km":0.6},"geometry":{"type":"LineString","coordinates":[[116.22896253300007,0.4061820855459836],[116.23425472800011,0.40654026654555214]]}},{"type":"Feature","properties":{"name":null,"cls":"tertiary","km":0.6},"geometry":{"type":"LineString","coordinates":[[116.3962921010001,0.25755446371211166],[116.39907789499999,0.2621610647069242]]}},{"type":"Feature","properties":{"name":null,"cls":"tertiary","km":0.6},"geometry":{"type":"LineString","coordinates":[[116.24897124000007,0.1784629098005162],[116.25406107200001,0.17974313379905602]]}},{"type":"Feature","properties":{"name":null,"cls":"tertiary","km":0.6},"geometry":{"type":"LineString","coordinates":[[116.19867071900002,0.09799202889049279],[116.2023441220001,0.1000999348881239]]}},{"type":"Feature","properties":{"name":null,"cls":"tertiary","km":0.6},"geometry":{"type":"LineString","coordinates":[[115.94323700400004,0.09323748389579527],[115.94400825700008,0.09834825989006847]]}},{"type":"Feature","properties":{"name":null,"cls":"tertiary","km":0.6},"geometry":{"type":"LineString","coordinates":[[115.95728868000002,0.0658440949264405],[115.96200927000008,0.0682182869237507]]}},{"type":"Feature","properties":{"name":null,"cls":"tertiary","km":0.6},"geometry":{"type":"LineString","coordinates":[[116.79009566200013,0.7626405001478759],[116.78875428900005,0.7655473111446265]]}},{"type":"Feature","properties":{"name":null,"cls":"tertiary","km":0.6},"geometry":{"type":"LineString","coordinates":[[115.78466604200004,0.47350212147075255],[115.7888760940001,0.47675526846711735]]}},{"type":"Feature","properties":{"name":null,"cls":"tertiary","km":0.6},"geometry":{"type":"LineString","coordinates":[[116.85191189100011,0.6512110982722401],[116.84832811000001,0.6525525332707679]]}},{"type":"Feature","properties":{"name":null,"cls":"tertiary","km":0.6},"geometry":{"type":"LineString","coordinates":[[115.5802500310001,0.25435890671566724],[115.57708384400009,0.2585974027109543]]}},{"type":"Feature","properties":{"name":null,"cls":"tertiary","km":0.6},"geometry":{"type":"LineString","coordinates":[[116.27240627200001,0.12067240586510526],[116.26771702500002,0.11862404586740985]]}},{"type":"Feature","properties":{"name":null,"cls":"tertiary","km":0.6},"geometry":{"type":"LineString","coordinates":[[116.52271713300001,0.6659966962557146],[116.52402049100012,0.671073143250072]]}},{"type":"Feature","properties":{"name":null,"cls":"tertiary","km":0.6},"geometry":{"type":"LineString","coordinates":[[116.77793298300001,0.6589024812636645],[116.77633583800002,0.6640316992579802]]}},{"type":"Feature","properties":{"name":null,"cls":"tertiary","km":0.6},"geometry":{"type":"LineString","coordinates":[[115.8450120550001,0.1812795147973543],[115.84953177400007,0.17841361480059478]]}},{"type":"Feature","properties":{"name":null,"cls":"tertiary","km":0.6},"geometry":{"type":"LineString","coordinates":[[116.04386854800009,0.6188627313083458],[116.0463946770001,0.6233184793033993]]}},{"type":"Feature","properties":{"name":null,"cls":"tertiary","km":0.6},"geometry":{"type":"LineString","coordinates":[[116.27382133200003,0.7729204211363835],[116.27368459500009,0.7681337221417824]]}},{"type":"Feature","properties":{"name":null,"cls":"tertiary","km":0.6},"geometry":{"type":"LineString","coordinates":[[115.53107637200003,0.5290258384087393],[115.52911569800006,0.5337106034034402]]}},{"type":"Feature","properties":{"name":null,"cls":"tertiary","km":0.6},"geometry":{"type":"LineString","coordinates":[[114.02466612200011,1.049979815827531],[114.02060038100001,1.0527328348244507]]}},{"type":"Feature","properties":{"name":null,"cls":"tertiary","km":0.59},"geometry":{"type":"LineString","coordinates":[[116.05452197500006,0.32726361063414394],[116.05909823300011,0.32486877963680977]]}},{"type":"Feature","properties":{"name":null,"cls":"tertiary","km":0.59},"geometry":{"type":"LineString","coordinates":[[115.5934885910001,0.3165606166461415],[115.59358786100006,0.3113477916519726]]}},{"type":"Feature","properties":{"name":null,"cls":"tertiary","km":0.59},"geometry":{"type":"LineString","coordinates":[[116.1789960320001,0.0039890849955751895],[116.17467517400007,0.006375155992915109]]}},{"type":"Feature","properties":{"name":null,"cls":"tertiary","km":0.59},"geometry":{"type":"LineString","coordinates":[[116.66437708300009,0.7625351691480035],[116.6687106180001,0.7606741861501]]}},{"type":"Feature","properties":{"name":null,"cls":"tertiary","km":0.59},"geometry":{"type":"LineString","coordinates":[[116.56606615900012,0.9748506779111882],[116.56079722600009,0.9742869019118391]]}},{"type":"Feature","properties":{"name":null,"cls":"tertiary","km":0.59},"geometry":{"type":"LineString","coordinates":[[116.38158862300008,0.6035553323254665],[116.38219005200006,0.598307417331348]]}},{"type":"Feature","properties":{"name":null,"cls":"tertiary","km":0.59},"geometry":{"type":"LineString","coordinates":[[116.57020223700012,0.6087073993197282],[116.56841003000011,0.6136147753142038]]}},{"type":"Feature","properties":{"name":null,"cls":"tertiary","km":0.59},"geometry":{"type":"LineString","coordinates":[[116.51589749000003,0.4199622125305526],[116.51585022300004,0.4252150225246991]]}},{"type":"Feature","properties":{"name":null,"cls":"tertiary","km":0.59},"geometry":{"type":"LineString","coordinates":[[116.44834709400003,0.45016142249683117],[116.45351121300007,0.45107614949581837]]}},{"type":"Feature","properties":{"name":null,"cls":"tertiary","km":0.59},"geometry":{"type":"LineString","coordinates":[[116.45818965500007,0.43109934451814086],[116.45426404900003,0.4341132635147732]]}},{"type":"Feature","properties":{"name":null,"cls":"tertiary","km":0.59},"geometry":{"type":"LineString","coordinates":[[116.442680472,0.26307345970591967],[116.44072722500006,0.2582514607113317]]}},{"type":"Feature","properties":{"name":null,"cls":"tertiary","km":0.59},"geometry":{"type":"LineString","coordinates":[[115.99979722600006,0.08936707790013396],[116.00075594700003,0.0944582018944585]]}},{"type":"Feature","properties":{"name":null,"cls":"tertiary","km":0.59},"geometry":{"type":"LineString","coordinates":[[116.12926923500002,0.10777907787951332],[116.13417572400009,0.10592954988158479]]}},{"type":"Feature","properties":{"name":null,"cls":"tertiary","km":0.59},"geometry":{"type":"LineString","coordinates":[[115.99993287600012,0.005271194994122998],[115.99553704400012,0.002704344997029373]]}},{"type":"Feature","properties":{"name":null,"cls":"tertiary","km":0.59},"geometry":{"type":"LineString","coordinates":[[115.94713855500004,0.0909324508984084],[115.95230197700005,0.0900350258994184]]}},{"type":"Feature","properties":{"name":null,"cls":"tertiary","km":0.59},"geometry":{"type":"LineString","coordinates":[[116.90817045900006,0.4661083574790068],[116.90475935200004,0.46235936548317513]]}},{"type":"Feature","properties":{"name":null,"cls":"tertiary","km":0.59},"geometry":{"type":"LineString","coordinates":[[116.84214051000004,0.6618125472604423],[116.84456041300007,0.6661546772555825]]}},{"type":"Feature","properties":{"name":null,"cls":"tertiary","km":0.59},"geometry":{"type":"LineString","coordinates":[[115.953932656,0.4891073844533275],[115.95148096300012,0.49083416345138453]]}},{"type":"Feature","properties":{"name":null,"cls":"tertiary","km":0.59},"geometry":{"type":"LineString","coordinates":[[116.67407817100002,0.9584852469294571],[116.6688506270001,0.9583464139296193]]}},{"type":"Feature","properties":{"name":null,"cls":"tertiary","km":0.59},"geometry":{"type":"LineString","coordinates":[[116.66241945200012,0.9720888849142816],[116.66162897300002,0.9772376979085613]]}},{"type":"Feature","properties":{"name":null,"cls":"tertiary","km":0.59},"geometry":{"type":"LineString","coordinates":[[116.80419951600004,0.7146364682014394],[116.79950756500011,0.7127395602035693]]}},{"type":"Feature","properties":{"name":null,"cls":"tertiary","km":0.59},"geometry":{"type":"LineString","coordinates":[[116.52491116100009,0.6651344152567237],[116.52855703500006,0.6685093882529857]]}},{"type":"Feature","properties":{"name":null,"cls":"tertiary","km":0.59},"geometry":{"type":"LineString","coordinates":[[116.73449319700002,0.8387109090630123],[116.73077947100002,0.8417813350596034]]}},{"type":"Feature","properties":{"name":null,"cls":"tertiary","km":0.59},"geometry":{"type":"LineString","coordinates":[[116.52791462400012,0.47276304547159365],[116.52489725200009,0.4688459554759503]]}},{"type":"Feature","properties":{"name":null,"cls":"tertiary","km":0.59},"geometry":{"type":"LineString","coordinates":[[116.96359185400003,0.4414063365066087],[116.95986776200004,0.44391320550381524]]}},{"type":"Feature","properties":{"name":null,"cls":"tertiary","km":0.59},"geometry":{"type":"LineString","coordinates":[[115.62289943200005,0.21630471475821145],[115.62404070300012,0.21236883976261173]]}},{"type":"Feature","properties":{"name":null,"cls":"tertiary","km":0.58},"geometry":{"type":"LineString","coordinates":[[115.68612514900008,0.4232297285269325],[115.6896518640001,0.4263366005234465]]}},{"type":"Feature","properties":{"name":null,"cls":"tertiary","km":0.58},"geometry":{"type":"LineString","coordinates":[[115.51458498000011,0.25197470571832875],[115.5121736640001,0.2473483257235243]]}},{"type":"Feature","properties":{"name":null,"cls":"tertiary","km":0.58},"geometry":{"type":"LineString","coordinates":[[115.57766292700002,0.3115497986517346],[115.57911355300008,0.31647274164619016]]}},{"type":"Feature","properties":{"name":null,"cls":"tertiary","km":0.58},"geometry":{"type":"LineString","coordinates":[[116.91577717300004,0.8579734490415087],[116.91580510400003,0.8629463570359555]]}},{"type":"Feature","properties":{"name":null,"cls":"tertiary","km":0.58},"geometry":{"type":"LineString","coordinates":[[116.49686559200005,1.3357623345095084],[116.49272885000006,1.338758367506188]]}},{"type":"Feature","properties":{"name":null,"cls":"tertiary","km":0.58},"geometry":{"type":"LineString","coordinates":[[115.82892199000004,0.17018720180976152],[115.8308557250001,0.1747061818046987]]}},{"type":"Feature","properties":{"name":null,"cls":"tertiary","km":0.58},"geometry":{"type":"LineString","coordinates":[[116.92029016300013,0.4310792945182021],[116.9248135690001,0.42866485752085126]]}},{"type":"Feature","properties":{"name":null,"cls":"tertiary","km":0.58},"geometry":{"type":"LineString","coordinates":[[116.9291561340001,0.6400191992847691],[116.93119570600004,0.6356817992895928]]}},{"type":"Feature","properties":{"name":null,"cls":"tertiary","km":0.58},"geometry":{"type":"LineString","coordinates":[[116.93436302400006,0.611264406316833],[116.93894771900013,0.6092937003190667]]}},{"type":"Feature","properties":{"name":null,"cls":"tertiary","km":0.58},"geometry":{"type":"LineString","coordinates":[[116.56195341900003,0.9462210089431465],[116.55774927000004,0.9450205639444603]]}},{"type":"Feature","properties":{"name":null,"cls":"tertiary","km":0.58},"geometry":{"type":"LineString","coordinates":[[116.56652595600008,0.8677289780306449],[116.56379651400005,0.8714005200265492]]}},{"type":"Feature","properties":{"name":null,"cls":"tertiary","km":0.58},"geometry":{"type":"LineString","coordinates":[[116.4784873660001,0.42108934152932836],[116.48289473100012,0.41930279453126695]]}},{"type":"Feature","properties":{"name":null,"cls":"tertiary","km":0.58},"geometry":{"type":"LineString","coordinates":[[116.36761078900008,0.42286457552732276],[116.36283392600002,0.42423689352578475]]}},{"type":"Feature","properties":{"name":null,"cls":"tertiary","km":0.58},"geometry":{"type":"LineString","coordinates":[[116.00809941600006,0.09365867189531965],[116.00643677400001,0.0984973558899379]]}},{"type":"Feature","properties":{"name":null,"cls":"tertiary","km":0.58},"geometry":{"type":"LineString","coordinates":[[116.102836893,0.06836114992361773],[116.10586892400012,0.07238781091909477]]}},{"type":"Feature","properties":{"name":null,"cls":"tertiary","km":0.58},"geometry":{"type":"LineString","coordinates":[[116.21071115100005,0.08784276590181521],[116.20656569300002,0.09076549489855056]]}},{"type":"Feature","properties":{"name":null,"cls":"tertiary","km":0.58},"geometry":{"type":"LineString","coordinates":[[115.93427030800001,0.09845785088994577],[115.93691858000011,0.10212480488590439]]}},{"type":"Feature","properties":{"name":null,"cls":"tertiary","km":0.58},"geometry":{"type":"LineString","coordinates":[[116.03790939100007,0.616065733311526],[116.0389301340001,0.6205476083064694]]}},{"type":"Feature","properties":{"name":null,"cls":"tertiary","km":0.58},"geometry":{"type":"LineString","coordinates":[[116.98493728200005,0.4407708875072858],[116.98286211700008,0.44368761650402405]]}},{"type":"Feature","properties":{"name":null,"cls":"tertiary","km":0.58},"geometry":{"type":"LineString","coordinates":[[116.14259363300005,0.6823257982375694],[116.13830024900005,0.6849342132346061]]}},{"type":"Feature","properties":{"name":null,"cls":"tertiary","km":0.58},"geometry":{"type":"LineString","coordinates":[[115.7831206510001,0.19213756578522015],[115.77801302600005,0.1929234747843485]]}},{"type":"Feature","properties":{"name":null,"cls":"tertiary","km":0.58},"geometry":{"type":"LineString","coordinates":[[115.80220423700005,0.18691537079106738],[115.80708280900002,0.18833062678947332]]}},{"type":"Feature","properties":{"name":null,"cls":"tertiary","km":0.58},"geometry":{"type":"LineString","coordinates":[[116.41594860000008,0.31355997564945404],[116.42100446600013,0.3139689796489993]]}},{"type":"Feature","properties":{"name":null,"cls":"tertiary","km":0.58},"geometry":{"type":"LineString","coordinates":[[115.81818067900008,0.19204760778531002],[115.81623052700003,0.196684056780122]]}},{"type":"Feature","properties":{"name":null,"cls":"tertiary","km":0.58},"geometry":{"type":"LineString","coordinates":[[115.15570150100007,1.5092183773168826],[115.15129207200006,1.5116722303141206]]}},{"type":"Feature","properties":{"name":null,"cls":"tertiary","km":0.58},"geometry":{"type":"LineString","coordinates":[[114.14218914800006,1.0538197368232556],[114.13720402900003,1.0529172898242054]]}},{"type":"Feature","properties":{"name":null,"cls":"tertiary","km":0.58},"geometry":{"type":"LineString","coordinates":[[114.46940259300004,1.240297520615634],[114.47125555800005,1.2448432586105544]]}},{"type":"Feature","properties":{"name":null,"cls":"tertiary","km":0.57},"geometry":{"type":"LineString","coordinates":[[115.51360056800002,0.3079138956558055],[115.51402330000009,0.3128381476502782]]}},{"type":"Feature","properties":{"name":null,"cls":"tertiary","km":0.57},"geometry":{"type":"LineString","coordinates":[[116.14576306000004,0.0121923009863891],[116.1486972460001,0.008090727991018367]]}},{"type":"Feature","properties":{"name":null,"cls":"tertiary","km":0.57},"geometry":{"type":"LineString","coordinates":[[116.27415911700007,0.12010443686579111],[116.27581587600004,0.124829946860465]]}},{"type":"Feature","properties":{"name":null,"cls":"tertiary","km":0.57},"geometry":{"type":"LineString","coordinates":[[116.951955526,0.43256361551648126],[116.95527076800012,0.43639053951223233]]}},{"type":"Feature","properties":{"name":null,"cls":"tertiary","km":0.57},"geometry":{"type":"LineString","coordinates":[[116.92280986300013,0.4351809955135531],[116.92417619100002,0.4317935665173638]]}},{"type":"Feature","properties":{"name":null,"cls":"tertiary","km":0.57},"geometry":{"type":"LineString","coordinates":[[116.88909724300005,0.5825840803489069],[116.88418195600003,0.5834323213479456]]}},{"type":"Feature","properties":{"name":null,"cls":"tertiary","km":0.57},"geometry":{"type":"LineString","coordinates":[[116.58667974500007,0.7267699991879161],[116.59121589800009,0.727537171187062]]}},{"type":"Feature","properties":{"name":null,"cls":"tertiary","km":0.57},"geometry":{"type":"LineString","coordinates":[[116.42081802700012,0.46271157048279676],[116.42296477100001,0.45931144248660233]]}},{"type":"Feature","properties":{"name":null,"cls":"tertiary","km":0.57},"geometry":{"type":"LineString","coordinates":[[116.43812386400009,0.44361268450415287],[116.43313133700008,0.4442171235034504]]}},{"type":"Feature","properties":{"name":null,"cls":"tertiary","km":0.57},"geometry":{"type":"LineString","coordinates":[[116.21782543200003,0.42162223052876624],[116.21300581100002,0.421431600528926]]}},{"type":"Feature","properties":{"name":null,"cls":"tertiary","km":0.57},"geometry":{"type":"LineString","coordinates":[[116.25404797400006,0.394082004559503],[116.25106031200006,0.39806310855502147]]}},{"type":"Feature","properties":{"name":null,"cls":"tertiary","km":0.57},"geometry":{"type":"LineString","coordinates":[[116.46017541000002,0.2695107406987211],[116.46441464400004,0.2691822606990807]]}},{"type":"Feature","properties":{"name":null,"cls":"tertiary","km":0.57},"geometry":{"type":"LineString","coordinates":[[116.44295635000003,0.24458363972659564],[116.44605052600002,0.24850409672217083]]}},{"type":"Feature","properties":{"name":null,"cls":"tertiary","km":0.57},"geometry":{"type":"LineString","coordinates":[[116.42032396000002,0.28979496267601146],[116.42155662200001,0.29466855367059674]]}},{"type":"Feature","properties":{"name":null,"cls":"tertiary","km":0.57},"geometry":{"type":"LineString","coordinates":[[115.94323700400004,0.09323748389579527],[115.94098410700008,0.09768731989078769]]}},{"type":"Feature","properties":{"name":null,"cls":"tertiary","km":0.57},"geometry":{"type":"LineString","coordinates":[[115.95479153700002,0.06290996992969969],[115.95554523800003,0.06759956692445868]]}},{"type":"Feature","properties":{"name":null,"cls":"tertiary","km":0.57},"geometry":{"type":"LineString","coordinates":[[116.9574984410001,0.44241375250548415],[116.95949903600001,0.44586863650164366]]}},{"type":"Feature","properties":{"name":null,"cls":"tertiary","km":0.57},"geometry":{"type":"LineString","coordinates":[[115.89187234600001,0.8671087140313359],[115.89695387300003,0.8668260380316478]]}},{"type":"Feature","properties":{"name":null,"cls":"tertiary","km":0.57},"geometry":{"type":"LineString","coordinates":[[115.86770086900003,0.41037462654131446],[115.87258439500012,0.4113321135402109]]}},{"type":"Feature","properties":{"name":null,"cls":"tertiary","km":0.57},"geometry":{"type":"LineString","coordinates":[[116.12346843100009,0.43759838751082003],[116.12549160100002,0.44218446950574913]]}},{"type":"Feature","properties":{"name":null,"cls":"tertiary","km":0.57},"geometry":{"type":"LineString","coordinates":[[115.5061457590001,0.26538089470329956],[115.50121576000004,0.2660742697025717]]}},{"type":"Feature","properties":{"name":null,"cls":"tertiary","km":0.57},"geometry":{"type":"LineString","coordinates":[[116.51927175100002,0.48894287845348755],[116.5198248690001,0.493892839447951]]}},{"type":"Feature","properties":{"name":null,"cls":"tertiary","km":0.57},"geometry":{"type":"LineString","coordinates":[[115.65609114800009,0.6174709883099377],[115.65554187400005,0.622569034304236]]}},{"type":"Feature","properties":{"name":null,"cls":"tertiary","km":0.57},"geometry":{"type":"LineString","coordinates":[[116.16514893400006,0.9167385799760076],[116.17006525900003,0.9154961409773843]]}},{"type":"Feature","properties":{"name":null,"cls":"tertiary","km":0.57},"geometry":{"type":"LineString","coordinates":[[116.73328468300008,0.6370688792880848],[116.73741774300005,0.6344373702909727]]}},{"type":"Feature","properties":{"name":null,"cls":"tertiary","km":0.57},"geometry":{"type":"LineString","coordinates":[[116.45715325000005,0.6077141803208338],[116.45963813800007,0.6100012693182928]]}},{"type":"Feature","properties":{"name":null,"cls":"tertiary","km":0.57},"geometry":{"type":"LineString","coordinates":[[116.2991969400001,0.8827042370139087],[116.29945307200002,0.8776149050196599]]}},{"type":"Feature","properties":{"name":null,"cls":"tertiary","km":0.57},"geometry":{"type":"LineString","coordinates":[[115.78125878700007,0.07614729091489189],[115.78113011600011,0.08123248490920419]]}},{"type":"Feature","properties":{"name":null,"cls":"tertiary","km":0.57},"geometry":{"type":"LineString","coordinates":[[115.16867608200006,1.535250814287955],[115.16675000800002,1.539638813283129]]}},{"type":"Feature","properties":{"name":null,"cls":"tertiary","km":0.57},"geometry":{"type":"LineString","coordinates":[[115.02333214800001,1.3602287584823158],[115.02551969,1.3648001524772064]]}},{"type":"Feature","properties":{"name":null,"cls":"tertiary","km":0.57},"geometry":{"type":"LineString","coordinates":[[114.58588170000007,1.207655834651997],[114.58941039800004,1.2113323236478775]]}},{"type":"Feature","properties":{"name":null,"cls":"tertiary","km":0.57},"geometry":{"type":"LineString","coordinates":[[114.6360769910001,1.501485377325432],[114.63224605000005,1.504795068321798]]}},{"type":"Feature","properties":{"name":null,"cls":"tertiary","km":0.56},"geometry":{"type":"LineString","coordinates":[[116.83929223600002,0.6154173063122264],[116.83999284400011,0.6108979133172464]]}},{"type":"Feature","properties":{"name":null,"cls":"tertiary","km":0.56},"geometry":{"type":"LineString","coordinates":[[116.09806939500004,0.2077701997677297],[116.10275920900004,0.20864742676679773]]}},{"type":"Feature","properties":{"name":null,"cls":"tertiary","km":0.56},"geometry":{"type":"LineString","coordinates":[[116.72754632000009,0.6027650163263292],[116.7239333020001,0.6057813463230165]]}},{"type":"Feature","properties":{"name":null,"cls":"tertiary","km":0.56},"geometry":{"type":"LineString","coordinates":[[116.90568542000005,0.4943722134474771],[116.90676399499999,0.4992178834420425]]}},{"type":"Feature","properties":{"name":null,"cls":"tertiary","km":0.56},"geometry":{"type":"LineString","coordinates":[[116.79264953100005,0.9409300989490447],[116.79737145400009,0.939547245950584]]}},{"type":"Feature","properties":{"name":null,"cls":"tertiary","km":0.56},"geometry":{"type":"LineString","coordinates":[[116.65523455200002,0.9878625328966942],[116.65079532800009,0.98566164789917]]}},{"type":"Feature","properties":{"name":null,"cls":"tertiary","km":0.56},"geometry":{"type":"LineString","coordinates":[[116.64039002100004,0.9685033909183176],[116.6380196020001,0.9645221529227341]]}},{"type":"Feature","properties":{"name":null,"cls":"tertiary","km":0.56},"geometry":{"type":"LineString","coordinates":[[116.54396373100009,0.7027683532147163],[116.54058029100007,0.6994874312183836]]}},{"type":"Feature","properties":{"name":null,"cls":"tertiary","km":0.56},"geometry":{"type":"LineString","coordinates":[[116.58024355000009,0.614568431313205],[116.58439928200005,0.6134653303144004]]}},{"type":"Feature","properties":{"name":null,"cls":"tertiary","km":0.56},"geometry":{"type":"LineString","coordinates":[[116.39531196100006,0.46457067348075826],[116.3913000980001,0.4661334334789648]]}},{"type":"Feature","properties":{"name":null,"cls":"tertiary","km":0.56},"geometry":{"type":"LineString","coordinates":[[116.43212916300003,0.22455342074901075],[116.43674768100003,0.22282312775095625]]}},{"type":"Feature","properties":{"name":null,"cls":"tertiary","km":0.56},"geometry":{"type":"LineString","coordinates":[[115.93686736400002,0.10784469487944194],[115.94155469300007,0.10634164588114034]]}},{"type":"Feature","properties":{"name":null,"cls":"tertiary","km":0.56},"geometry":{"type":"LineString","coordinates":[[116.55941367100002,0.648063405275791],[116.56357230200001,0.6505018952730274]]}},{"type":"Feature","properties":{"name":null,"cls":"tertiary","km":0.56},"geometry":{"type":"LineString","coordinates":[[116.79999827300004,0.6296437652963802],[116.80384804100004,0.6267292862996059]]}},{"type":"Feature","properties":{"name":null,"cls":"tertiary","km":0.56},"geometry":{"type":"LineString","coordinates":[[115.7531372640001,0.01583791198232944],[115.75090118600009,0.019934604977783817]]}},{"type":"Feature","properties":{"name":null,"cls":"tertiary","km":0.56},"geometry":{"type":"LineString","coordinates":[[116.89943787800007,0.5186541704203145],[116.89744252500009,0.5210381724176063]]}},{"type":"Feature","properties":{"name":null,"cls":"tertiary","km":0.56},"geometry":{"type":"LineString","coordinates":[[116.80936147400008,0.9303906639607896],[116.81004813700008,0.9353093219552889]]}},{"type":"Feature","properties":{"name":null,"cls":"tertiary","km":0.56},"geometry":{"type":"LineString","coordinates":[[115.60313361300007,0.24317911572813858],[115.59893561800004,0.24087555073073083]]}},{"type":"Feature","properties":{"name":null,"cls":"tertiary","km":0.56},"geometry":{"type":"LineString","coordinates":[[116.83540668,0.7174127541983768],[116.83134300900008,0.7183620771973019]]}},{"type":"Feature","properties":{"name":null,"cls":"tertiary","km":0.55},"geometry":{"type":"LineString","coordinates":[[116.21681942300008,0.5737253143587768],[116.2131439960001,0.5705342593623487]]}},{"type":"Feature","properties":{"name":null,"cls":"tertiary","km":0.55},"geometry":{"type":"LineString","coordinates":[[115.9472577900001,0.2935363736718509],[115.95202112100002,0.2939657066713652]]}},{"type":"Feature","properties":{"name":null,"cls":"tertiary","km":0.55},"geometry":{"type":"LineString","coordinates":[[115.90045584600013,0.5458292393899492],[115.9051029430001,0.5451290463907439]]}},{"type":"Feature","properties":{"name":null,"cls":"tertiary","km":0.55},"geometry":{"type":"LineString","coordinates":[[115.972759945,0.5751445693571696],[115.97722807100003,0.5770154903551203]]}},{"type":"Feature","properties":{"name":null,"cls":"tertiary","km":0.55},"geometry":{"type":"LineString","coordinates":[[115.58634565700004,0.3151546356477057],[115.58728473700012,0.31051995965284845]]}},{"type":"Feature","properties":{"name":null,"cls":"tertiary","km":0.55},"geometry":{"type":"LineString","coordinates":[[116.93312786800004,0.4262385415235486],[116.93615782700009,0.42241373252784203]]}},{"type":"Feature","properties":{"name":null,"cls":"tertiary","km":0.55},"geometry":{"type":"LineString","coordinates":[[116.9063976010001,0.5066770124336953],[116.90479787400011,0.5020131044389086]]}},{"type":"Feature","properties":{"name":null,"cls":"tertiary","km":0.55},"geometry":{"type":"LineString","coordinates":[[116.89251265200006,0.5345389574025635],[116.89617895100002,0.5376904563990571]]}},{"type":"Feature","properties":{"name":null,"cls":"tertiary","km":0.55},"geometry":{"type":"LineString","coordinates":[[116.96941302900007,0.6876958342315294],[116.970387177,0.6924257672262136]]}},{"type":"Feature","properties":{"name":null,"cls":"tertiary","km":0.55},"geometry":{"type":"LineString","coordinates":[[116.57866117200003,0.9611900579264488],[116.58006432200011,0.96578140892132]]}},{"type":"Feature","properties":{"name":null,"cls":"tertiary","km":0.55},"geometry":{"type":"LineString","coordinates":[[116.66374057600001,0.9269105349646385],[116.66850928100007,0.9275371939639652]]}},{"type":"Feature","properties":{"name":null,"cls":"tertiary","km":0.55},"geometry":{"type":"LineString","coordinates":[[116.34027207500002,0.6506432272728715],[116.33591839100008,0.6517712132716657]]}},{"type":"Feature","properties":{"name":null,"cls":"tertiary","km":0.55},"geometry":{"type":"LineString","coordinates":[[116.5101965880001,0.6665601972551386],[116.5054256520001,0.6678067552537541]]}},{"type":"Feature","properties":{"name":null,"cls":"tertiary","km":0.55},"geometry":{"type":"LineString","coordinates":[[116.56977378400006,0.6270985112991633],[116.56679502400006,0.6309901952948314]]}},{"type":"Feature","properties":{"name":null,"cls":"tertiary","km":0.55},"geometry":{"type":"LineString","coordinates":[[116.39570825800001,0.30010836866451523],[116.39162939000003,0.29745341566750394]]}},{"type":"Feature","properties":{"name":null,"cls":"tertiary","km":0.55},"geometry":{"type":"LineString","coordinates":[[115.96186218100001,0.07402100891727605],[115.9608231740001,0.07871207191200756]]}},{"type":"Feature","properties":{"name":null,"cls":"tertiary","km":0.55},"geometry":{"type":"LineString","coordinates":[[115.73084933900009,0.020686670976874207],[115.73572384800003,0.020432179977211442]]}},{"type":"Feature","properties":{"name":null,"cls":"tertiary","km":0.55},"geometry":{"type":"LineString","coordinates":[[115.76770365000004,0.058515844934627706],[115.77206014700005,0.05969758793332336]]}},{"type":"Feature","properties":{"name":null,"cls":"tertiary","km":0.55},"geometry":{"type":"LineString","coordinates":[[116.90482266200003,0.7754865631335439],[116.90445753400002,0.7711165981384273]]}},{"type":"Feature","properties":{"name":null,"cls":"tertiary","km":0.55},"geometry":{"type":"LineString","coordinates":[[116.8964259500001,0.7585175721524852],[116.8983505980001,0.7556640531556517]]}},{"type":"Feature","properties":{"name":null,"cls":"tertiary","km":0.55},"geometry":{"type":"LineString","coordinates":[[116.87710399400011,0.6492632462744232],[116.8787047410001,0.6538760202692567]]}},{"type":"Feature","properties":{"name":null,"cls":"tertiary","km":0.55},"geometry":{"type":"LineString","coordinates":[[115.768355056,0.07063998092106162],[115.7715100060001,0.07420082491708771]]}},{"type":"Feature","properties":{"name":null,"cls":"tertiary","km":0.55},"geometry":{"type":"LineString","coordinates":[[116.81643630400002,0.6858400502336134],[116.81230707200007,0.6883068362308122]]}},{"type":"Feature","properties":{"name":null,"cls":"tertiary","km":0.55},"geometry":{"type":"LineString","coordinates":[[115.78546831900009,0.05274488594103031],[115.78842424000005,0.05135589794261272]]}},{"type":"Feature","properties":{"name":null,"cls":"tertiary","km":0.55},"geometry":{"type":"LineString","coordinates":[[116.26970220900012,0.37528731858049236],[116.27396276600007,0.3775842585779347]]}},{"type":"Feature","properties":{"name":null,"cls":"tertiary","km":0.55},"geometry":{"type":"LineString","coordinates":[[115.68869016900008,0.13647993184744356],[115.68893369500006,0.1412370088421609]]}},{"type":"Feature","properties":{"name":null,"cls":"tertiary","km":0.55},"geometry":{"type":"LineString","coordinates":[[116.516666224,0.4743504434697945],[116.51239806000001,0.47216032747224496]]}},{"type":"Feature","properties":{"name":null,"cls":"tertiary","km":0.55},"geometry":{"type":"LineString","coordinates":[[115.17165553200005,1.538515555284377],[115.1700908160001,1.542844818279527]]}},{"type":"Feature","properties":{"name":null,"cls":"tertiary","km":0.54},"geometry":{"type":"LineString","coordinates":[[116.04158549800002,0.6250876733014108],[116.04047051300007,0.6205474363064966]]}},{"type":"Feature","properties":{"name":null,"cls":"tertiary","km":0.54},"geometry":{"type":"LineString","coordinates":[[116.79021264400002,0.7395573661736452],[116.79381792800007,0.7424889241703606]]}},{"type":"Feature","properties":{"name":null,"cls":"tertiary","km":0.54},"geometry":{"type":"LineString","coordinates":[[116.73587593600008,0.8449779450559906],[116.73438486500004,0.8405863480608897]]}},{"type":"Feature","properties":{"name":null,"cls":"tertiary","km":0.54},"geometry":{"type":"LineString","coordinates":[[116.34696688200006,0.2643978347044649],[116.34721084500008,0.2596259207097859]]}},{"type":"Feature","properties":{"name":null,"cls":"tertiary","km":0.54},"geometry":{"type":"LineString","coordinates":[[115.94464133100007,0.3013705346630991],[115.94921421200002,0.29982041966487344]]}},{"type":"Feature","properties":{"name":null,"cls":"tertiary","km":0.54},"geometry":{"type":"LineString","coordinates":[[115.55670246200009,0.3102876186531666],[115.55592059700007,0.30577657165822275]]}},{"type":"Feature","properties":{"name":null,"cls":"tertiary","km":0.54},"geometry":{"type":"LineString","coordinates":[[115.59703619400011,0.30742414965632586],[115.59249803300008,0.306658044657229]]}},{"type":"Feature","properties":{"name":null,"cls":"tertiary","km":0.54},"geometry":{"type":"LineString","coordinates":[[115.55105123300008,0.19668389678017434],[115.55571687300004,0.19779691277892145]]}},{"type":"Feature","properties":{"name":null,"cls":"tertiary","km":0.54},"geometry":{"type":"LineString","coordinates":[[116.88022246700008,0.5898297783408194],[116.8849540550001,0.5892505573414369]]}},{"type":"Feature","properties":{"name":null,"cls":"tertiary","km":0.54},"geometry":{"type":"LineString","coordinates":[[116.8905315600001,0.5686213353644893],[116.88821646500003,0.5646078343690011]]}},{"type":"Feature","properties":{"name":null,"cls":"tertiary","km":0.54},"geometry":{"type":"LineString","coordinates":[[116.93650555300006,0.6020558493271424],[116.94115428200007,0.6031295553259564]]}},{"type":"Feature","properties":{"name":null,"cls":"tertiary","km":0.54},"geometry":{"type":"LineString","coordinates":[[116.98460212400006,0.6979796692200644],[116.98782732000006,0.7014859472161236]]}},{"type":"Feature","properties":{"name":null,"cls":"tertiary","km":0.54},"geometry":{"type":"LineString","coordinates":[[116.80263669100009,0.9069461349869217],[116.80571250300012,0.9104631859830102]]}},{"type":"Feature","properties":{"name":null,"cls":"tertiary","km":0.54},"geometry":{"type":"LineString","coordinates":[[116.58676631100002,0.9596930789280781],[116.58441802200001,0.9637581169235792]]}},{"type":"Feature","properties":{"name":null,"cls":"tertiary","km":0.54},"geometry":{"type":"LineString","coordinates":[[116.66313658900003,0.9342821109564636],[116.66542629900005,0.9306412059605156]]}},{"type":"Feature","properties":{"name":null,"cls":"tertiary","km":0.54},"geometry":{"type":"LineString","coordinates":[[116.43891581000003,0.6605556662618071],[116.44113983999999,0.6641821282577715]]}},{"type":"Feature","properties":{"name":null,"cls":"tertiary","km":0.54},"geometry":{"type":"LineString","coordinates":[[116.56106905100012,0.7662727611437925],[116.55804029300009,0.769249520140509]]}},{"type":"Feature","properties":{"name":null,"cls":"tertiary","km":0.54},"geometry":{"type":"LineString","coordinates":[[116.45024669000009,0.3684222255881728],[116.44667728200011,0.3715329735846966]]}},{"type":"Feature","properties":{"name":null,"cls":"tertiary","km":0.54},"geometry":{"type":"LineString","coordinates":[[116.2248929540001,0.45235178749436317],[116.22890039300012,0.45464832149178536]]}},{"type":"Feature","properties":{"name":null,"cls":"tertiary","km":0.54},"geometry":{"type":"LineString","coordinates":[[116.00884626800008,0.11033247587668314],[116.00490563400001,0.11045787987654625]]}},{"type":"Feature","properties":{"name":null,"cls":"tertiary","km":0.54},"geometry":{"type":"LineString","coordinates":[[116.18199671600006,0.14472080183823194],[116.17781965300004,0.14701124083564257]]}},{"type":"Feature","properties":{"name":null,"cls":"tertiary","km":0.54},"geometry":{"type":"LineString","coordinates":[[116.17595853500006,0.1366463258472594],[116.18075136700007,0.1366000778473297]]}},{"type":"Feature","properties":{"name":null,"cls":"tertiary","km":0.54},"geometry":{"type":"LineString","coordinates":[[115.56463509100001,0.31256065765061614],[115.56839832500009,0.31552428964729323]]}},{"type":"Feature","properties":{"name":null,"cls":"tertiary","km":0.54},"geometry":{"type":"LineString","coordinates":[[116.97690581000006,0.7479208271642978],[116.98014254500004,0.7443183311682988]]}},{"type":"Feature","properties":{"name":null,"cls":"tertiary","km":0.54},"geometry":{"type":"LineString","coordinates":[[116.90121281500001,0.515674674423653],[116.90583580100008,0.5143234284251407]]}},{"type":"Feature","properties":{"name":null,"cls":"tertiary","km":0.54},"geometry":{"type":"LineString","coordinates":[[116.08592008900007,0.031321240965040235],[116.08268437100003,0.034579224961406606]]}},{"type":"Feature","properties":{"name":null,"cls":"tertiary","km":0.54},"geometry":{"type":"LineString","coordinates":[[115.62417714400011,0.2208190567531388],[115.62621752200005,0.2250435627484339]]}},{"type":"Feature","properties":{"name":null,"cls":"tertiary","km":0.54},"geometry":{"type":"LineString","coordinates":[[115.79110845200013,0.19338245878378385],[115.79538048200003,0.1951527397818532]]}},{"type":"Feature","properties":{"name":null,"cls":"tertiary","km":0.54},"geometry":{"type":"LineString","coordinates":[[116.56824218800011,0.7179893781977322],[116.57125250900003,0.7202433651951897]]}},{"type":"Feature","properties":{"name":null,"cls":"tertiary","km":0.54},"geometry":{"type":"LineString","coordinates":[[115.72607592700002,0.1510547018311897],[115.72304550000003,0.15470259782706286]]}},{"type":"Feature","properties":{"name":null,"cls":"tertiary","km":0.54},"geometry":{"type":"LineString","coordinates":[[115.52355603100011,0.307393010656384],[115.52827345900005,0.3080393486556833]]}},{"type":"Feature","properties":{"name":null,"cls":"tertiary","km":0.54},"geometry":{"type":"LineString","coordinates":[[116.4755251360001,0.35058217360810506],[116.47411463900004,0.34599124461324]]}},{"type":"Feature","properties":{"name":null,"cls":"tertiary","km":0.54},"geometry":{"type":"LineString","coordinates":[[115.74331913000003,0.13092905085367013],[115.74710653900001,0.13382033785040764]]}},{"type":"Feature","properties":{"name":null,"cls":"tertiary","km":0.54},"geometry":{"type":"LineString","coordinates":[[115.8216099220001,0.06661063392555215],[115.825672757,0.06618268092604154]]}},{"type":"Feature","properties":{"name":null,"cls":"tertiary","km":0.54},"geometry":{"type":"LineString","coordinates":[[115.17165553200005,1.538515555284377],[115.16851145500006,1.5419575352805273]]}},{"type":"Feature","properties":{"name":null,"cls":"tertiary","km":0.54},"geometry":{"type":"LineString","coordinates":[[114.49776822700005,1.1259540417428677],[114.49583345400004,1.1219910627472824]]}},{"type":"Feature","properties":{"name":null,"cls":"tertiary","km":0.54},"geometry":{"type":"LineString","coordinates":[[115.17305017900003,1.533920941289451],[115.17165553200005,1.538515555284377]]}},{"type":"Feature","properties":{"name":null,"cls":"tertiary","km":0.53},"geometry":{"type":"LineString","coordinates":[[116.75446335299999,0.7613139801493841],[116.75714581900003,0.757663127153433]]}},{"type":"Feature","properties":{"name":null,"cls":"tertiary","km":0.53},"geometry":{"type":"LineString","coordinates":[[116.76902392100011,0.8312555360713595],[116.76677181900006,0.8353861050667221]]}},{"type":"Feature","properties":{"name":null,"cls":"tertiary","km":0.53},"geometry":{"type":"LineString","coordinates":[[116.72337294700002,0.8917548170038465],[116.71908610700005,0.8899380930058977]]}},{"type":"Feature","properties":{"name":null,"cls":"tertiary","km":0.53},"geometry":{"type":"LineString","coordinates":[[116.10953547400004,0.20400443177194608],[116.10715474300004,0.20020334377619164]]}},{"type":"Feature","properties":{"name":null,"cls":"tertiary","km":0.53},"geometry":{"type":"LineString","coordinates":[[115.7477480880001,0.20203764077418293],[115.74319768600004,0.20113253377519066]]}},{"type":"Feature","properties":{"name":null,"cls":"tertiary","km":0.53},"geometry":{"type":"LineString","coordinates":[[115.67592838200005,0.12863656585624872],[115.6730541170001,0.13190348185257125]]}},{"type":"Feature","properties":{"name":null,"cls":"tertiary","km":0.53},"geometry":{"type":"LineString","coordinates":[[116.66633608100007,0.7818810161264186],[116.67085242600001,0.7831391011250344]]}},{"type":"Feature","properties":{"name":null,"cls":"tertiary","km":0.53},"geometry":{"type":"LineString","coordinates":[[116.37334779800007,0.33172429662919345],[116.37559695300001,0.33588255562452995]]}},{"type":"Feature","properties":{"name":null,"cls":"tertiary","km":0.53},"geometry":{"type":"LineString","coordinates":[[116.89362988100004,0.5828843473485813],[116.88909725600001,0.5819154293496098]]}},{"type":"Feature","properties":{"name":null,"cls":"tertiary","km":0.53},"geometry":{"type":"LineString","coordinates":[[116.97921288600003,0.6224263163043765],[116.98391428700006,0.6221420063047272]]}},{"type":"Feature","properties":{"name":null,"cls":"tertiary","km":0.53},"geometry":{"type":"LineString","coordinates":[[116.63947651600007,0.9880084698965635],[116.63540054200008,0.9880624658964628]]}},{"type":"Feature","properties":{"name":null,"cls":"tertiary","km":0.53},"geometry":{"type":"LineString","coordinates":[[116.64734134700007,0.980253356905149],[116.64344539,0.9777057239079888]]}},{"type":"Feature","properties":{"name":null,"cls":"tertiary","km":0.53},"geometry":{"type":"LineString","coordinates":[[116.54082120800003,0.7777958641309546],[116.54538226700005,0.7781274021305751]]}},{"type":"Feature","properties":{"name":null,"cls":"tertiary","km":0.53},"geometry":{"type":"LineString","coordinates":[[116.35086573500008,0.40519810754704205],[116.35482326400006,0.40532683054689284]]}},{"type":"Feature","properties":{"name":null,"cls":"tertiary","km":0.53},"geometry":{"type":"LineString","coordinates":[[116.21780919800005,0.4104506555411834],[116.22174887300004,0.4128896885384848]]}},{"type":"Feature","properties":{"name":null,"cls":"tertiary","km":0.53},"geometry":{"type":"LineString","coordinates":[[116.35806076400003,0.23248452074012424],[116.35336544300003,0.23259197473998272]]}},{"type":"Feature","properties":{"name":null,"cls":"tertiary","km":0.53},"geometry":{"type":"LineString","coordinates":[[116.39446748800003,0.26019694370913676],[116.39035459000003,0.2581511627113926]]}},{"type":"Feature","properties":{"name":null,"cls":"tertiary","km":0.53},"geometry":{"type":"LineString","coordinates":[[116.11099889000002,0.07434641391693915],[116.10950903500009,0.07002900892174668]]}},{"type":"Feature","properties":{"name":null,"cls":"tertiary","km":0.53},"geometry":{"type":"LineString","coordinates":[[116.23628527400001,0.1724322708072387],[116.2324980410001,0.17526287880409083]]}},{"type":"Feature","properties":{"name":null,"cls":"tertiary","km":0.53},"geometry":{"type":"LineString","coordinates":[[115.95380557400007,0.09539252689340208],[115.95663498300007,0.09170429989753554]]}},{"type":"Feature","properties":{"name":null,"cls":"tertiary","km":0.53},"geometry":{"type":"LineString","coordinates":[[116.28479695700003,0.6810721762389068],[116.28423809800007,0.6854719422340201]]}},{"type":"Feature","properties":{"name":null,"cls":"tertiary","km":0.53},"geometry":{"type":"LineString","coordinates":[[115.5776575660001,0.31154260665173433],[115.58219514300004,0.3113518726519499]]}},{"type":"Feature","properties":{"name":null,"cls":"tertiary","km":0.53},"geometry":{"type":"LineString","coordinates":[[116.97959555100012,0.4572056054889686],[116.97505561700007,0.4562067584900866]]}},{"type":"Feature","properties":{"name":null,"cls":"tertiary","km":0.53},"geometry":{"type":"LineString","coordinates":[[116.87480913000002,0.6482906422755437],[116.87545504700007,0.644225040280066]]}},{"type":"Feature","properties":{"name":null,"cls":"tertiary","km":0.53},"geometry":{"type":"LineString","coordinates":[[115.97445290400003,0.33837768462178436],[115.97273601100005,0.33406137862658647]]}},{"type":"Feature","properties":{"name":null,"cls":"tertiary","km":0.53},"geometry":{"type":"LineString","coordinates":[[115.51624519800009,0.3139376376490319],[115.51690043000008,0.3186178756438566]]}},{"type":"Feature","properties":{"name":null,"cls":"tertiary","km":0.53},"geometry":{"type":"LineString","coordinates":[[116.35433890500009,0.262402648706645],[116.34972835200006,0.26176171070736237]]}},{"type":"Feature","properties":{"name":null,"cls":"tertiary","km":0.53},"geometry":{"type":"LineString","coordinates":[[115.7707719350001,0.32694835463456456],[115.76678891400002,0.32443915963733383]]}},{"type":"Feature","properties":{"name":null,"cls":"tertiary","km":0.53},"geometry":{"type":"LineString","coordinates":[[116.54271032200008,0.7205863801947786],[116.54091125700006,0.7162843631996135]]}},{"type":"Feature","properties":{"name":null,"cls":"tertiary","km":0.53},"geometry":{"type":"LineString","coordinates":[[116.70974897900008,0.6259112773005125],[116.71064700900001,0.6229590373037839]]}},{"type":"Feature","properties":{"name":null,"cls":"tertiary","km":0.53},"geometry":{"type":"LineString","coordinates":[[116.55863560500008,0.5905503243400018],[116.55805391900005,0.5949676563350565]]}},{"type":"Feature","properties":{"name":null,"cls":"tertiary","km":0.53},"geometry":{"type":"LineString","coordinates":[[116.45933797900011,0.3560100836020432],[116.45488604600007,0.3573300306005656]]}},{"type":"Feature","properties":{"name":null,"cls":"tertiary","km":0.53},"geometry":{"type":"LineString","coordinates":[[116.11001734900002,0.41351744053777634],[116.10998464700003,0.4182821525324447]]}},{"type":"Feature","properties":{"name":null,"cls":"tertiary","km":0.53},"geometry":{"type":"LineString","coordinates":[[115.60859455600006,0.0838830699062915],[115.61306635200002,0.08250216090779075]]}},{"type":"Feature","properties":{"name":null,"cls":"tertiary","km":0.53},"geometry":{"type":"LineString","coordinates":[[115.75575019100006,0.38572818656882374],[115.7602796430001,0.3869676045674654]]}},{"type":"Feature","properties":{"name":null,"cls":"tertiary","km":0.53},"geometry":{"type":"LineString","coordinates":[[116.61349352100001,0.9339160309568474],[116.61183117500003,0.9295426109617068]]}},{"type":"Feature","properties":{"name":null,"cls":"tertiary","km":0.53},"geometry":{"type":"LineString","coordinates":[[116.23161562300005,0.05627937393713342],[116.22960174700006,0.06045491193245498]]}},{"type":"Feature","properties":{"name":null,"cls":"tertiary","km":0.53},"geometry":{"type":"LineString","coordinates":[[115.54606317100003,0.29548191766973325],[115.55022162200008,0.29701421766802916]]}},{"type":"Feature","properties":{"name":null,"cls":"tertiary","km":0.53},"geometry":{"type":"LineString","coordinates":[[115.58971047600004,0.19832621177831214],[115.5876244750001,0.19437023778270307]]}},{"type":"Feature","properties":{"name":null,"cls":"tertiary","km":0.53},"geometry":{"type":"LineString","coordinates":[[116.76726891200009,0.7846106031233513],[116.76874210400001,0.7891044551183691]]}},{"type":"Feature","properties":{"name":null,"cls":"tertiary","km":0.52},"geometry":{"type":"LineString","coordinates":[[116.79722234500002,0.7488049431633108],[116.80098093200002,0.7512940221605803]]}},{"type":"Feature","properties":{"name":null,"cls":"tertiary","km":0.52},"geometry":{"type":"LineString","coordinates":[[115.95492317900005,0.32774869563363784],[115.9582513360001,0.32445859863730053]]}},{"type":"Feature","properties":{"name":null,"cls":"tertiary","km":0.52},"geometry":{"type":"LineString","coordinates":[[115.6889165890001,0.3942646565593212],[115.68452563000005,0.3956976975576827]]}},{"type":"Feature","properties":{"name":null,"cls":"tertiary","km":0.52},"geometry":{"type":"LineString","coordinates":[[116.14365687000007,0.0895649458999204],[116.1399059480001,0.08746844490226459]]}},{"type":"Feature","properties":{"name":null,"cls":"tertiary","km":0.52},"geometry":{"type":"LineString","coordinates":[[116.6585236630001,0.7953409431113833],[116.65948371000002,0.790938678116271]]}},{"type":"Feature","properties":{"name":null,"cls":"tertiary","km":0.52},"geometry":{"type":"LineString","coordinates":[[116.75114321000002,0.7668235791432216],[116.74759219500005,0.7696793331400137]]}},{"type":"Feature","properties":{"name":null,"cls":"tertiary","km":0.52},"geometry":{"type":"LineString","coordinates":[[116.43867783400003,0.6617791302604853],[116.43616699800009,0.6645716032573645]]}},{"type":"Feature","properties":{"name":null,"cls":"tertiary","km":0.52},"geometry":{"type":"LineString","coordinates":[[116.51190406800004,0.6684741712529956],[116.51558888400007,0.6712978982498089]]}},{"type":"Feature","properties":{"name":null,"cls":"tertiary","km":0.52},"geometry":{"type":"LineString","coordinates":[[116.47449067900006,0.41863187553206366],[116.47573109900007,0.42292044252730415]]}},{"type":"Feature","properties":{"name":null,"cls":"tertiary","km":0.52},"geometry":{"type":"LineString","coordinates":[[116.35657236300005,0.4715263714729371],[116.35299036700009,0.4737555654704179]]}},{"type":"Feature","properties":{"name":null,"cls":"tertiary","km":0.52},"geometry":{"type":"LineString","coordinates":[[116.35588318600003,0.4710179424735319],[116.35827941100001,0.4670718324779012]]}},{"type":"Feature","properties":{"name":null,"cls":"tertiary","km":0.52},"geometry":{"type":"LineString","coordinates":[[116.15340229100003,0.44953409849755055],[116.1492118430001,0.44844832149874003]]}},{"type":"Feature","properties":{"name":null,"cls":"tertiary","km":0.52},"geometry":{"type":"LineString","coordinates":[[116.413907525,0.2334532047390356],[116.41431588700003,0.22900630374403125]]}},{"type":"Feature","properties":{"name":null,"cls":"tertiary","km":0.52},"geometry":{"type":"LineString","coordinates":[[116.4133094010001,0.3136380416493999],[116.40919926600009,0.31265399365050495]]}},{"type":"Feature","properties":{"name":null,"cls":"tertiary","km":0.52},"geometry":{"type":"LineString","coordinates":[[116.4007716210001,0.2598282877095521],[116.39731385600011,0.25667365771309886]]}},{"type":"Feature","properties":{"name":null,"cls":"tertiary","km":0.52},"geometry":{"type":"LineString","coordinates":[[116.6713916870001,0.9655568309215902],[116.66694305800003,0.9643017879229454]]}},{"type":"Feature","properties":{"name":null,"cls":"tertiary","km":0.52},"geometry":{"type":"LineString","coordinates":[[115.87743774900002,0.4392583945090046],[115.87533304700004,0.4427783385050305]]}},{"type":"Feature","properties":{"name":null,"cls":"tertiary","km":0.52},"geometry":{"type":"LineString","coordinates":[[116.81575824600009,0.6731549942477894],[116.81313825600013,0.6768129252436418]]}},{"type":"Feature","properties":{"name":null,"cls":"tertiary","km":0.52},"geometry":{"type":"LineString","coordinates":[[116.04259829700004,0.27391323469382617],[116.04168051700003,0.26987383269829635]]}},{"type":"Feature","properties":{"name":null,"cls":"tertiary","km":0.52},"geometry":{"type":"LineString","coordinates":[[115.58045469800005,0.23189899174075107],[115.58418675400003,0.23460210773776805]]}},{"type":"Feature","properties":{"name":null,"cls":"tertiary","km":0.52},"geometry":{"type":"LineString","coordinates":[[115.96983285700004,0.32795365663336795],[115.96533715800001,0.3281515136331854]]}},{"type":"Feature","properties":{"name":null,"cls":"tertiary","km":0.52},"geometry":{"type":"LineString","coordinates":[[116.07288009900003,0.4971133384443696],[116.07742175900013,0.49693735444456616]]}},{"type":"Feature","properties":{"name":null,"cls":"tertiary","km":0.52},"geometry":{"type":"LineString","coordinates":[[116.7243498590001,0.6237465853029042],[116.7255397260001,0.6279001972982782]]}},{"type":"Feature","properties":{"name":null,"cls":"tertiary","km":0.52},"geometry":{"type":"LineString","coordinates":[[116.89457783100009,0.7697709271399424],[116.89775975400005,0.7664208811436443]]}},{"type":"Feature","properties":{"name":null,"cls":"tertiary","km":0.52},"geometry":{"type":"LineString","coordinates":[[116.78488592200007,0.6796660842405112],[116.78603345300007,0.684088639235538]]}},{"type":"Feature","properties":{"name":null,"cls":"tertiary","km":0.52},"geometry":{"type":"LineString","coordinates":[[115.52901777400007,0.9580491059299191],[115.53307044700011,0.9598346599279437]]}},{"type":"Feature","properties":{"name":null,"cls":"tertiary","km":0.52},"geometry":{"type":"LineString","coordinates":[[115.15300855500004,1.5493188352723841],[115.15475937500001,1.5455623462765395]]}},{"type":"Feature","properties":{"name":null,"cls":"tertiary","km":0.52},"geometry":{"type":"LineString","coordinates":[[114.24754476100009,1.4272955854078082],[114.24560276800004,1.4314669524031465]]}},{"type":"Feature","properties":{"name":null,"cls":"tertiary","km":0.52},"geometry":{"type":"LineString","coordinates":[[115.05413356500001,1.300592021548583],[115.0515535610001,1.3042626055445063]]}},{"type":"Feature","properties":{"name":null,"cls":"tertiary","km":0.51},"geometry":{"type":"LineString","coordinates":[[116.75003321900012,0.8508719860494688],[116.74882823300004,0.8465868630542359]]}},{"type":"Feature","properties":{"name":null,"cls":"tertiary","km":0.51},"geometry":{"type":"LineString","coordinates":[[116.05165411900008,0.3617180925956461],[116.0485423660001,0.3649347515921029]]}},{"type":"Feature","properties":{"name":null,"cls":"tertiary","km":0.51},"geometry":{"type":"LineString","coordinates":[[115.99600490600004,0.29109912467460614],[115.99207551600011,0.2891726366767249]]}},{"type":"Feature","properties":{"name":null,"cls":"tertiary","km":0.51},"geometry":{"type":"LineString","coordinates":[[116.26749929100005,0.637477320287601],[116.26940441500005,0.6333939222921475]]}},{"type":"Feature","properties":{"name":null,"cls":"tertiary","km":0.51},"geometry":{"type":"LineString","coordinates":[[115.73024979700006,0.15130109983088522],[115.72593916300002,0.1500225248323079]]}},{"type":"Feature","properties":{"name":null,"cls":"tertiary","km":0.51},"geometry":{"type":"LineString","coordinates":[[116.98115628200003,0.7455780571669306],[116.97911278900004,0.7496422171623688]]}},{"type":"Feature","properties":{"name":null,"cls":"tertiary","km":0.51},"geometry":{"type":"LineString","coordinates":[[116.91085008800007,0.49537124844635433],[116.91087229900008,0.49963892444154945]]}},{"type":"Feature","properties":{"name":null,"cls":"tertiary","km":0.51},"geometry":{"type":"LineString","coordinates":[[116.65238523200003,0.9388109359513852],[116.65683207000008,0.939742422950347]]}},{"type":"Feature","properties":{"name":null,"cls":"tertiary","km":0.51},"geometry":{"type":"LineString","coordinates":[[116.65024861300004,0.9367082169537252],[116.6459606090001,0.9365684489538857]]}},{"type":"Feature","properties":{"name":null,"cls":"tertiary","km":0.51},"geometry":{"type":"LineString","coordinates":[[116.49324190900006,0.7735219721357504],[116.49588447600003,0.7700270081396405]]}},{"type":"Feature","properties":{"name":null,"cls":"tertiary","km":0.51},"geometry":{"type":"LineString","coordinates":[[116.58486732400002,0.5999498283294733],[116.58566832100007,0.5955391143344626]]}},{"type":"Feature","properties":{"name":null,"cls":"tertiary","km":0.51},"geometry":{"type":"LineString","coordinates":[[116.48049103800008,0.42941902452002195],[116.48473328200008,0.43000168951932655]]}},{"type":"Feature","properties":{"name":null,"cls":"tertiary","km":0.51},"geometry":{"type":"LineString","coordinates":[[116.15388836900001,0.4487398444984068],[116.1569549410001,0.4519316544948824]]}},{"type":"Feature","properties":{"name":null,"cls":"tertiary","km":0.51},"geometry":{"type":"LineString","coordinates":[[116.17200897500003,0.49609724644548303],[116.16893700400009,0.4932876524486268]]}},{"type":"Feature","properties":{"name":null,"cls":"tertiary","km":0.51},"geometry":{"type":"LineString","coordinates":[[116.16806641300002,0.4740995284701075],[116.17076062100013,0.4776786084660937]]}},{"type":"Feature","properties":{"name":null,"cls":"tertiary","km":0.51},"geometry":{"type":"LineString","coordinates":[[116.23641648200011,0.4701084764745419],[116.23626604300013,0.4745932994695098]]}},{"type":"Feature","properties":{"name":null,"cls":"tertiary","km":0.51},"geometry":{"type":"LineString","coordinates":[[116.22917601300004,0.43967204150853423],[116.23274329500009,0.4384906465098508]]}},{"type":"Feature","properties":{"name":null,"cls":"tertiary","km":0.51},"geometry":{"type":"LineString","coordinates":[[116.21585568600007,0.4048086845474951],[116.2196931410001,0.4023918935502288]]}},{"type":"Feature","properties":{"name":null,"cls":"tertiary","km":0.51},"geometry":{"type":"LineString","coordinates":[[115.99679967400004,0.10412972188361515],[116.00136674200007,0.10427581588345186]]}},{"type":"Feature","properties":{"name":null,"cls":"tertiary","km":0.51},"geometry":{"type":"LineString","coordinates":[[116.24622511100007,0.16251788881835935],[116.24225121400002,0.16457040481605992]]}},{"type":"Feature","properties":{"name":null,"cls":"tertiary","km":0.51},"geometry":{"type":"LineString","coordinates":[[115.96615838400011,0.011388137987293812],[115.9623070770001,0.009594706989287966]]}},{"type":"Feature","properties":{"name":null,"cls":"tertiary","km":0.51},"geometry":{"type":"LineString","coordinates":[[115.93554062600005,0.09600086989274204],[115.9384722430001,0.09950761888878074]]}},{"type":"Feature","properties":{"name":null,"cls":"tertiary","km":0.51},"geometry":{"type":"LineString","coordinates":[[116.91430967800011,0.46280267248270124],[116.91077199700011,0.4657069444794445]]}},{"type":"Feature","properties":{"name":null,"cls":"tertiary","km":0.51},"geometry":{"type":"LineString","coordinates":[[116.97807261700007,0.6436471612806735],[116.97823923600004,0.6477155362761694]]}},{"type":"Feature","properties":{"name":null,"cls":"tertiary","km":0.51},"geometry":{"type":"LineString","coordinates":[[116.85048441700008,0.6586138562639767],[116.85355960000005,0.6618939952603589]]}},{"type":"Feature","properties":{"name":null,"cls":"tertiary","km":0.51},"geometry":{"type":"LineString","coordinates":[[115.79133660700008,0.2620978827069763],[115.787657522,0.26446680670433065]]}},{"type":"Feature","properties":{"name":null,"cls":"tertiary","km":0.51},"geometry":{"type":"LineString","coordinates":[[116.67298879200008,0.965391096921768],[116.67018235500005,0.9620654069254835]]}},{"type":"Feature","properties":{"name":null,"cls":"tertiary","km":0.51},"geometry":{"type":"LineString","coordinates":[[115.89986006200003,0.11965472786626007],[115.90195980400006,0.11605180987028009]]}},{"type":"Feature","properties":{"name":null,"cls":"tertiary","km":0.51},"geometry":{"type":"LineString","coordinates":[[116.42921772400007,0.3785038075769258],[116.4279642770001,0.37566002958009653]]}},{"type":"Feature","properties":{"name":null,"cls":"tertiary","km":0.51},"geometry":{"type":"LineString","coordinates":[[115.91106368900012,0.2706492496974184],[115.91268220800009,0.2747654136928709]]}},{"type":"Feature","properties":{"name":null,"cls":"tertiary","km":0.51},"geometry":{"type":"LineString","coordinates":[[116.41487598100004,0.3229134376390265],[116.41076615200006,0.32460200263715044]]}},{"type":"Feature","properties":{"name":null,"cls":"tertiary","km":0.51},"geometry":{"type":"LineString","coordinates":[[116.08596234900007,0.46484329948040615],[116.08782806700003,0.46110385748460103]]}},{"type":"Feature","properties":{"name":null,"cls":"tertiary","km":0.51},"geometry":{"type":"LineString","coordinates":[[116.64240584100001,0.8976126839973485],[116.64386655200009,0.9012563399932216]]}},{"type":"Feature","properties":{"name":null,"cls":"tertiary","km":0.51},"geometry":{"type":"LineString","coordinates":[[116.45316695100009,0.4884292384540372],[116.45034220800004,0.4848829144580665]]}},{"type":"Feature","properties":{"name":null,"cls":"tertiary","km":0.51},"geometry":{"type":"LineString","coordinates":[[115.966907245,0.43033881751896835],[115.9625581030001,0.4317962875173612]]}},{"type":"Feature","properties":{"name":null,"cls":"tertiary","km":0.5},"geometry":{"type":"LineString","coordinates":[[116.98973267600002,0.3513943456072242],[116.99118572600003,0.35563306960246455]]}},{"type":"Feature","properties":{"name":null,"cls":"tertiary","km":0.5},"geometry":{"type":"LineString","coordinates":[[116.97880532600004,0.660246086262203],[116.97925627400001,0.6644952122574578]]}},{"type":"Feature","properties":{"name":null,"cls":"tertiary","km":0.5},"geometry":{"type":"LineString","coordinates":[[116.83090211100013,0.6846967202348403],[116.82975525300003,0.680613901239445]]}},{"type":"Feature","properties":{"name":null,"cls":"tertiary","km":0.5},"geometry":{"type":"LineString","coordinates":[[116.56399970300005,0.6864304562329102],[116.56805312800009,0.6851163082343835]]}},{"type":"Feature","properties":{"name":null,"cls":"tertiary","km":0.5},"geometry":{"type":"LineString","coordinates":[[116.44823888800012,0.510920317428942],[116.45157554500008,0.5079120434322922]]}},{"type":"Feature","properties":{"name":null,"cls":"tertiary","km":0.5},"geometry":{"type":"LineString","coordinates":[[115.78354580800008,0.20421755077172551],[115.7877331300001,0.20283799477323725]]}},{"type":"Feature","properties":{"name":null,"cls":"tertiary","km":0.5},"geometry":{"type":"LineString","coordinates":[[116.26488241800008,0.6223601833045007],[116.26843354200004,0.619805761307355]]}},{"type":"Feature","properties":{"name":null,"cls":"tertiary","km":0.5},"geometry":{"type":"LineString","coordinates":[[115.5195277150001,0.30570853065826953],[115.5227439040001,0.30806813365565133]]}},{"type":"Feature","properties":{"name":null,"cls":"tertiary","km":0.5},"geometry":{"type":"LineString","coordinates":[[115.74828091100007,0.12941132585532625],[115.74405107800008,0.12889062385594174]]}},{"type":"Feature","properties":{"name":null,"cls":"tertiary","km":0.5},"geometry":{"type":"LineString","coordinates":[[116.9291561340001,0.6400191992847691],[116.93349110300004,0.6394905882853477]]}},{"type":"Feature","properties":{"name":null,"cls":"tertiary","km":0.5},"geometry":{"type":"LineString","coordinates":[[116.97969008300004,0.7134050532027773],[116.97984649000013,0.7091896492075138]]}},{"type":"Feature","properties":{"name":null,"cls":"tertiary","km":0.5},"geometry":{"type":"LineString","coordinates":[[116.59055646000002,0.9623484359251563],[116.59043860500002,0.9578852459301291]]}},{"type":"Feature","properties":{"name":null,"cls":"tertiary","km":0.5},"geometry":{"type":"LineString","coordinates":[[116.46991789600007,0.4323231545167924],[116.46755372700012,0.4286583015208224]]}},{"type":"Feature","properties":{"name":null,"cls":"tertiary","km":0.5},"geometry":{"type":"LineString","coordinates":[[116.40149558100006,0.3709207375853876],[116.39758755900006,0.36874864558777315]]}},{"type":"Feature","properties":{"name":null,"cls":"tertiary","km":0.5},"geometry":{"type":"LineString","coordinates":[[116.15493251800001,0.44932920449772423],[116.15926025700004,0.44885657649832]]}},{"type":"Feature","properties":{"name":null,"cls":"tertiary","km":0.5},"geometry":{"type":"LineString","coordinates":[[115.99536620100002,0.10832536687892608],[115.99679967400004,0.10412972188361515]]}},{"type":"Feature","properties":{"name":null,"cls":"tertiary","km":0.5},"geometry":{"type":"LineString","coordinates":[[115.95136972500006,0.061391585931425456],[115.94798222500005,0.058539783934590486]]}},{"type":"Feature","properties":{"name":null,"cls":"tertiary","km":0.5},"geometry":{"type":"LineString","coordinates":[[116.98590502200011,0.40589490154631647],[116.98990514500007,0.40767507354431964]]}},{"type":"Feature","properties":{"name":null,"cls":"tertiary","km":0.5},"geometry":{"type":"LineString","coordinates":[[115.8348991920001,0.16021384882093737],[115.8374870360001,0.15686645882467984]]}},{"type":"Feature","properties":{"name":null,"cls":"tertiary","km":0.5},"geometry":{"type":"LineString","coordinates":[[116.78541952100011,0.6783245732419965],[116.78107498300005,0.6775172502428652]]}},{"type":"Feature","properties":{"name":null,"cls":"tertiary","km":0.5},"geometry":{"type":"LineString","coordinates":[[116.7975037860001,0.7885939211189626],[116.7946238080001,0.7871165241205785]]}},{"type":"Feature","properties":{"name":null,"cls":"tertiary","km":0.5},"geometry":{"type":"LineString","coordinates":[[115.58461353200003,0.25808259171152154],[115.58520919900003,0.2622823817067805]]}},{"type":"Feature","properties":{"name":null,"cls":"tertiary","km":0.5},"geometry":{"type":"LineString","coordinates":[[116.09258021500011,0.2128493597620833],[116.08816049100004,0.21287967176204184]]}},{"type":"Feature","properties":{"name":null,"cls":"tertiary","km":0.5},"geometry":{"type":"LineString","coordinates":[[116.1088162530001,0.19729849977944852],[116.10539266300009,0.19516412578185244]]}},{"type":"Feature","properties":{"name":null,"cls":"tertiary","km":0.5},"geometry":{"type":"LineString","coordinates":[[116.52783016500008,0.5204268384183103],[116.52690553200011,0.5247260634135064]]}},{"type":"Feature","properties":{"name":null,"cls":"tertiary","km":0.5},"geometry":{"type":"LineString","coordinates":[[115.98194704800004,0.5902216453403561],[115.9777679240001,0.5893028793414083]]}},{"type":"Feature","properties":{"name":null,"cls":"tertiary","km":0.5},"geometry":{"type":"LineString","coordinates":[[116.30350613400005,0.28530251168105986],[116.30770624700006,0.2869340636792523]]}},{"type":"Feature","properties":{"name":null,"cls":"tertiary","km":0.5},"geometry":{"type":"LineString","coordinates":[[116.25563141600003,0.0729745499184135],[116.25966200100005,0.07211775891939373]]}},{"type":"Feature","properties":{"name":null,"cls":"tertiary","km":0.5},"geometry":{"type":"LineString","coordinates":[[115.19824926100011,1.5367318542863597],[115.20063114100003,1.5405440552821221]]}},{"type":"Feature","properties":{"name":null,"cls":"tertiary","km":0.49},"geometry":{"type":"LineString","coordinates":[[116.94422447800002,0.9236328919683082],[116.94483236200004,0.9279538979634601]]}},{"type":"Feature","properties":{"name":null,"cls":"tertiary","km":0.49},"geometry":{"type":"LineString","coordinates":[[116.71096011200008,0.9160778679767233],[116.7151105800001,0.9170445099756125]]}},{"type":"Feature","properties":{"name":null,"cls":"tertiary","km":0.49},"geometry":{"type":"LineString","coordinates":[[116.28549405500007,0.5052221974353456],[116.28684171600003,0.5014135454395657]]}},{"type":"Feature","properties":{"name":null,"cls":"tertiary","km":0.49},"geometry":{"type":"LineString","coordinates":[[116.0580189850001,0.3517456476068217],[116.06102506300012,0.3548907876033002]]}},{"type":"Feature","properties":{"name":null,"cls":"tertiary","km":0.49},"geometry":{"type":"LineString","coordinates":[[116.003928136,0.27297229869486955],[116.000738608,0.27017786369798313]]}},{"type":"Feature","properties":{"name":null,"cls":"tertiary","km":0.49},"geometry":{"type":"LineString","coordinates":[[116.28566530900002,0.39719588055603716],[116.28378067900009,0.39342105056025556]]}},{"type":"Feature","properties":{"name":null,"cls":"tertiary","km":0.49},"geometry":{"type":"LineString","coordinates":[[116.92101961800006,0.4255103615243802],[116.91728168600001,0.42740476952226547]]}},{"type":"Feature","properties":{"name":null,"cls":"tertiary","km":0.49},"geometry":{"type":"LineString","coordinates":[[116.98098671800005,0.7011479032165127],[116.97724406300007,0.6988946242190415]]}},{"type":"Feature","properties":{"name":null,"cls":"tertiary","km":0.49},"geometry":{"type":"LineString","coordinates":[[116.56726406600002,0.8629816090359023],[116.57132053600003,0.8645398310341885]]}},{"type":"Feature","properties":{"name":null,"cls":"tertiary","km":0.49},"geometry":{"type":"LineString","coordinates":[[116.55412628300009,0.7032624382141862],[116.55645661800008,0.7000426462177255]]}},{"type":"Feature","properties":{"name":null,"cls":"tertiary","km":0.49},"geometry":{"type":"LineString","coordinates":[[116.57208016400011,0.6109850663171892],[116.57147249500008,0.6153006673123453]]}},{"type":"Feature","properties":{"name":null,"cls":"tertiary","km":0.49},"geometry":{"type":"LineString","coordinates":[[116.56115034600009,0.5810748453505621],[116.55886784000006,0.577377908354718]]}},{"type":"Feature","properties":{"name":null,"cls":"tertiary","km":0.49},"geometry":{"type":"LineString","coordinates":[[116.48106974600013,0.43842253050996355],[116.47778712900002,0.4412833855067723]]}},{"type":"Feature","properties":{"name":null,"cls":"tertiary","km":0.49},"geometry":{"type":"LineString","coordinates":[[116.48907816600001,0.4288387595206693],[116.4866801610001,0.43243497151664045]]}},{"type":"Feature","properties":{"name":null,"cls":"tertiary","km":0.49},"geometry":{"type":"LineString","coordinates":[[116.4183889100001,0.2937295976716453],[116.41834595600007,0.28931631367662236]]}},{"type":"Feature","properties":{"name":null,"cls":"tertiary","km":0.49},"geometry":{"type":"LineString","coordinates":[[116.01956435600003,0.09280524989627245],[116.01660523700002,0.08968639389980304]]}},{"type":"Feature","properties":{"name":null,"cls":"tertiary","km":0.49},"geometry":{"type":"LineString","coordinates":[[116.16589858500005,0.13552358884853377],[116.16612671500002,0.13123307685332]]}},{"type":"Feature","properties":{"name":null,"cls":"tertiary","km":0.49},"geometry":{"type":"LineString","coordinates":[[115.95007405300011,0.03265862996355272],[115.95322626100005,0.02968624896686184]]}},{"type":"Feature","properties":{"name":null,"cls":"tertiary","km":0.49},"geometry":{"type":"LineString","coordinates":[[115.73771176900004,0.018138415979794726],[115.7335300740001,0.017409855980558515]]}},{"type":"Feature","properties":{"name":null,"cls":"tertiary","km":0.49},"geometry":{"type":"LineString","coordinates":[[115.71313001500005,0.043463636951451286],[115.70943310300005,0.04567820694896957]]}},{"type":"Feature","properties":{"name":null,"cls":"tertiary","km":0.49},"geometry":{"type":"LineString","coordinates":[[116.9817439850001,0.7333530411805469],[116.97939711100001,0.735895937177721]]}},{"type":"Feature","properties":{"name":null,"cls":"tertiary","km":0.49},"geometry":{"type":"LineString","coordinates":[[116.7412108760001,0.8966743619983624],[116.73738008800001,0.8970347929979523]]}},{"type":"Feature","properties":{"name":null,"cls":"tertiary","km":0.49},"geometry":{"type":"LineString","coordinates":[[116.74737083600007,0.7914523331157453],[116.74329658200008,0.7929403071140276]]}},{"type":"Feature","properties":{"name":null,"cls":"tertiary","km":0.49},"geometry":{"type":"LineString","coordinates":[[115.84341778500006,0.13516998984892392],[115.8438189630001,0.1394895608440814]]}},{"type":"Feature","properties":{"name":null,"cls":"tertiary","km":0.49},"geometry":{"type":"LineString","coordinates":[[116.5479614080001,0.7252165911896485],[116.54774220600008,0.7293877441850113]]}},{"type":"Feature","properties":{"name":null,"cls":"tertiary","km":0.49},"geometry":{"type":"LineString","coordinates":[[116.064707214,0.34014932761974787],[116.06716744800008,0.34343317761611997]]}},{"type":"Feature","properties":{"name":null,"cls":"tertiary","km":0.49},"geometry":{"type":"LineString","coordinates":[[116.261578514,0.7499265881620463],[116.25797769100006,0.7476525691646303]]}},{"type":"Feature","properties":{"name":null,"cls":"tertiary","km":0.49},"geometry":{"type":"LineString","coordinates":[[115.36922237400005,1.7477207090525617],[115.37084034300007,1.7517971620480541]]}},{"type":"Feature","properties":{"name":null,"cls":"tertiary","km":0.49},"geometry":{"type":"LineString","coordinates":[[114.65413153900009,1.5505354012710155],[114.652406948,1.554582103266571]]}},{"type":"Feature","properties":{"name":null,"cls":"tertiary","km":0.49},"geometry":{"type":"LineString","coordinates":[[114.64087611500008,1.461677527369611],[114.64445487500005,1.4632460263679252]]}},{"type":"Feature","properties":{"name":null,"cls":"tertiary","km":0.48},"geometry":{"type":"LineString","coordinates":[[116.9292630870001,0.9040885109900693],[116.92837418400006,0.9082454689854785]]}},{"type":"Feature","properties":{"name":null,"cls":"tertiary","km":0.48},"geometry":{"type":"LineString","coordinates":[[115.85355322800002,0.1717093758080259],[115.84941536200007,0.17225834680743485]]}},{"type":"Feature","properties":{"name":null,"cls":"tertiary","km":0.48},"geometry":{"type":"LineString","coordinates":[[115.82904390000012,0.18568732379243863],[115.82767336900007,0.1895630507881123]]}},{"type":"Feature","properties":{"name":null,"cls":"tertiary","km":0.48},"geometry":{"type":"LineString","coordinates":[[116.80098098800009,0.7500350611619666],[116.80406691900009,0.7474970121647551]]}},{"type":"Feature","properties":{"name":null,"cls":"tertiary","km":0.48},"geometry":{"type":"LineString","coordinates":[[116.93001507400004,0.9083708029853288],[116.9305484560001,0.9041668709900356]]}},{"type":"Feature","properties":{"name":null,"cls":"tertiary","km":0.48},"geometry":{"type":"LineString","coordinates":[[116.6620832550001,0.7989087611074436],[116.65967573400007,0.802403754103513]]}},{"type":"Feature","properties":{"name":null,"cls":"tertiary","km":0.48},"geometry":{"type":"LineString","coordinates":[[116.74291754500008,0.764292426146025],[116.74049228200012,0.7674067121425628]]}},{"type":"Feature","properties":{"name":null,"cls":"tertiary","km":0.48},"geometry":{"type":"LineString","coordinates":[[116.92695268800001,0.6437024592806524],[116.9291561340001,0.6400191992847691]]}},{"type":"Feature","properties":{"name":null,"cls":"tertiary","km":0.48},"geometry":{"type":"LineString","coordinates":[[116.98320431800005,0.6130474083148599],[116.98141691600006,0.6090976113192746]]}},{"type":"Feature","properties":{"name":null,"cls":"tertiary","km":0.48},"geometry":{"type":"LineString","coordinates":[[116.64753582700006,0.9191499049732733],[116.64330333800002,0.9196890469727337]]}},{"type":"Feature","properties":{"name":null,"cls":"tertiary","km":0.48},"geometry":{"type":"LineString","coordinates":[[116.51263146400002,0.6451687612789684],[116.51326069200002,0.6408602752838531]]}},{"type":"Feature","properties":{"name":null,"cls":"tertiary","km":0.48},"geometry":{"type":"LineString","coordinates":[[116.55340490100002,0.5875061593433802],[116.55761871100005,0.5873175353436041]]}},{"type":"Feature","properties":{"name":null,"cls":"tertiary","km":0.48},"geometry":{"type":"LineString","coordinates":[[116.49738155600005,0.4248796345250497],[116.49857236100002,0.4287916385207169]]}},{"type":"Feature","properties":{"name":null,"cls":"tertiary","km":0.48},"geometry":{"type":"LineString","coordinates":[[116.24319212800005,0.39390729855968676],[116.23893269100006,0.39372955255988995]]}},{"type":"Feature","properties":{"name":null,"cls":"tertiary","km":0.48},"geometry":{"type":"LineString","coordinates":[[116.40629305600008,0.29967382666501596],[116.40937457000005,0.30213242666228735]]}},{"type":"Feature","properties":{"name":null,"cls":"tertiary","km":0.48},"geometry":{"type":"LineString","coordinates":[[116.37161649600012,0.29196770067358335],[116.3687084080001,0.2888473346771547]]}},{"type":"Feature","properties":{"name":null,"cls":"tertiary","km":0.48},"geometry":{"type":"LineString","coordinates":[[116.28561006600012,0.36971144058672645],[116.28691866600003,0.373720783582259]]}},{"type":"Feature","properties":{"name":null,"cls":"tertiary","km":0.48},"geometry":{"type":"LineString","coordinates":[[116.805822228,0.6268882062994042],[116.80417541500003,0.6307383252950904]]}},{"type":"Feature","properties":{"name":null,"cls":"tertiary","km":0.48},"geometry":{"type":"LineString","coordinates":[[116.96626931500008,0.4560776374902381],[116.96831343800011,0.4592361984866703]]}},{"type":"Feature","properties":{"name":null,"cls":"tertiary","km":0.48},"geometry":{"type":"LineString","coordinates":[[116.98090197300007,0.6712045032499719],[116.9837651690001,0.6683605402530932]]}},{"type":"Feature","properties":{"name":null,"cls":"tertiary","km":0.48},"geometry":{"type":"LineString","coordinates":[[116.20833163300006,0.6768878462435927],[116.21152096200001,0.6798420962403279]]}},{"type":"Feature","properties":{"name":null,"cls":"tertiary","km":0.48},"geometry":{"type":"LineString","coordinates":[[116.28248639000002,0.8150979160893548],[116.27825935500006,0.8147214530897622]]}},{"type":"Feature","properties":{"name":null,"cls":"tertiary","km":0.48},"geometry":{"type":"LineString","coordinates":[[116.16343967700006,0.6438405432805206],[116.16527921600006,0.6469085032770743]]}},{"type":"Feature","properties":{"name":null,"cls":"tertiary","km":0.48},"geometry":{"type":"LineString","coordinates":[[116.46809213400002,0.72696650518768],[116.47112149100008,0.7297344731846149]]}},{"type":"Feature","properties":{"name":null,"cls":"tertiary","km":0.48},"geometry":{"type":"LineString","coordinates":[[116.5172285870001,0.45579044249056444],[116.51378077300001,0.4581825184878719]]}},{"type":"Feature","properties":{"name":null,"cls":"tertiary","km":0.48},"geometry":{"type":"LineString","coordinates":[[114.78666768900005,1.3599001864826474],[114.78239675100006,1.359435522483175]]}},{"type":"Feature","properties":{"name":null,"cls":"tertiary","km":0.48},"geometry":{"type":"LineString","coordinates":[[115.16867608200006,1.535250814287955],[115.16815599600011,1.5394986692832766]]}},{"type":"Feature","properties":{"name":null,"cls":"tertiary","km":0.48},"geometry":{"type":"LineString","coordinates":[[115.18114354800004,1.5344595212888876],[115.18438326500006,1.532105024291498]]}},{"type":"Feature","properties":{"name":null,"cls":"tertiary","km":0.48},"geometry":{"type":"LineString","coordinates":[[115.1994221330001,1.5293867772945047],[115.19856447900008,1.5336772192897679]]}},{"type":"Feature","properties":{"name":null,"cls":"tertiary","km":0.47},"geometry":{"type":"LineString","coordinates":[[116.04361416700011,0.28791651167812904],[116.04372244000001,0.2837273466828402]]}},{"type":"Feature","properties":{"name":null,"cls":"tertiary","km":0.47},"geometry":{"type":"LineString","coordinates":[[115.54807258000005,0.18744648179048043],[115.54391361400006,0.18695970979104046]]}},{"type":"Feature","properties":{"name":null,"cls":"tertiary","km":0.47},"geometry":{"type":"LineString","coordinates":[[116.14933813200003,0.09488996389397124],[116.15324080400002,0.09582745789287091]]}},{"type":"Feature","properties":{"name":null,"cls":"tertiary","km":0.47},"geometry":{"type":"LineString","coordinates":[[116.00003789100003,0.025038802972032207],[115.99725364500011,0.02191546697553516]]}},{"type":"Feature","properties":{"name":null,"cls":"tertiary","km":0.47},"geometry":{"type":"LineString","coordinates":[[116.12697621800011,0.43308231351588344],[116.12828619000004,0.4290840615203862]]}},{"type":"Feature","properties":{"name":null,"cls":"tertiary","km":0.47},"geometry":{"type":"LineString","coordinates":[[116.26202933600005,0.7513280881604885],[116.265847849,0.7529994541586676]]}},{"type":"Feature","properties":{"name":null,"cls":"tertiary","km":0.47},"geometry":{"type":"LineString","coordinates":[[115.8125514840001,0.039793396955530344],[115.8123797190001,0.04405719395078494]]}},{"type":"Feature","properties":{"name":null,"cls":"tertiary","km":0.47},"geometry":{"type":"LineString","coordinates":[[116.99244701600003,0.8339501700683138],[116.98868906400001,0.832675269069747]]}},{"type":"Feature","properties":{"name":null,"cls":"tertiary","km":0.47},"geometry":{"type":"LineString","coordinates":[[116.64831205200005,0.9895935238947697],[116.65231008700005,0.9889602518955141]]}},{"type":"Feature","properties":{"name":null,"cls":"tertiary","km":0.47},"geometry":{"type":"LineString","coordinates":[[116.64102464700011,0.9783002809073239],[116.64312728200004,0.9819563659033064]]}},{"type":"Feature","properties":{"name":null,"cls":"tertiary","km":0.47},"geometry":{"type":"LineString","coordinates":[[116.63870955800009,0.9758230149101362],[116.63759551500004,0.9718193909145872]]}},{"type":"Feature","properties":{"name":null,"cls":"tertiary","km":0.47},"geometry":{"type":"LineString","coordinates":[[116.52026900100009,0.913760437979319],[116.51774237100005,0.9167567739759763]]}},{"type":"Feature","properties":{"name":null,"cls":"tertiary","km":0.47},"geometry":{"type":"LineString","coordinates":[[116.5868010270001,0.9772187529085701],[116.58855955500007,0.9742585979118937]]}},{"type":"Feature","properties":{"name":null,"cls":"tertiary","km":0.47},"geometry":{"type":"LineString","coordinates":[[116.26853637100011,0.6664488982552335],[116.27149288500004,0.6689168322524748]]}},{"type":"Feature","properties":{"name":null,"cls":"tertiary","km":0.47},"geometry":{"type":"LineString","coordinates":[[116.5203446820001,0.6706291382505766],[116.51735525700006,0.6678683822536621]]}},{"type":"Feature","properties":{"name":null,"cls":"tertiary","km":0.47},"geometry":{"type":"LineString","coordinates":[[116.57426220700007,0.6214369703055196],[116.57631619700011,0.6179722213093664]]}},{"type":"Feature","properties":{"name":null,"cls":"tertiary","km":0.47},"geometry":{"type":"LineString","coordinates":[[116.44718766300001,0.24732087672353073],[116.45136967400005,0.24794349772282495]]}},{"type":"Feature","properties":{"name":null,"cls":"tertiary","km":0.47},"geometry":{"type":"LineString","coordinates":[[116.42669116600007,0.28624037668004454],[116.42610039300008,0.29030826267548354]]}},{"type":"Feature","properties":{"name":null,"cls":"tertiary","km":0.47},"geometry":{"type":"LineString","coordinates":[[116.17775791500002,0.1425285508407163],[116.18112600100004,0.1403067528431695]]}},{"type":"Feature","properties":{"name":null,"cls":"tertiary","km":0.47},"geometry":{"type":"LineString","coordinates":[[115.96016450000002,0.01157674998711707],[115.95617013300011,0.010517446988294722]]}},{"type":"Feature","properties":{"name":null,"cls":"tertiary","km":0.47},"geometry":{"type":"LineString","coordinates":[[116.48331232900011,0.7578377151532456],[116.4821487710001,0.7617801381488654]]}},{"type":"Feature","properties":{"name":null,"cls":"tertiary","km":0.47},"geometry":{"type":"LineString","coordinates":[[115.95898757700003,0.06234984393032039],[115.96260494500008,0.06437981392807102]]}},{"type":"Feature","properties":{"name":null,"cls":"tertiary","km":0.47},"geometry":{"type":"LineString","coordinates":[[116.89305997000008,0.742891814169919],[116.89531774200009,0.7442956531683427]]}},{"type":"Feature","properties":{"name":null,"cls":"tertiary","km":0.47},"geometry":{"type":"LineString","coordinates":[[116.8937020820001,0.7161326011998213],[116.89111381200007,0.7141227062020515]]}},{"type":"Feature","properties":{"name":null,"cls":"tertiary","km":0.47},"geometry":{"type":"LineString","coordinates":[[116.3896473120001,0.475535717468488],[116.38623122300011,0.47337647147089973]]}},{"type":"Feature","properties":{"name":null,"cls":"tertiary","km":0.47},"geometry":{"type":"LineString","coordinates":[[116.25488212500011,0.6604617682619183],[116.25102003600013,0.6593012242632087]]}},{"type":"Feature","properties":{"name":null,"cls":"tertiary","km":0.47},"geometry":{"type":"LineString","coordinates":[[116.7103354960001,0.9048055609892914],[116.70843182800003,0.9011740899933386]]}},{"type":"Feature","properties":{"name":null,"cls":"tertiary","km":0.47},"geometry":{"type":"LineString","coordinates":[[115.96672938300003,0.2109212597641837],[115.9627440160001,0.21065809776454286]]}},{"type":"Feature","properties":{"name":null,"cls":"tertiary","km":0.47},"geometry":{"type":"LineString","coordinates":[[115.79143519800003,0.19831572477830764],[115.79516099700005,0.1971782037796087]]}},{"type":"Feature","properties":{"name":null,"cls":"tertiary","km":0.47},"geometry":{"type":"LineString","coordinates":[[116.43214098200008,0.37282749058324244],[116.42798133300005,0.3728722075831897]]}},{"type":"Feature","properties":{"name":null,"cls":"tertiary","km":0.47},"geometry":{"type":"LineString","coordinates":[[114.25499576100003,1.429649798405184],[114.25486050100005,1.42542664440988]]}},{"type":"Feature","properties":{"name":null,"cls":"tertiary","km":0.46},"geometry":{"type":"LineString","coordinates":[[116.03881464500013,0.6267728482995122],[116.03830231900008,0.6227133483040848]]}},{"type":"Feature","properties":{"name":null,"cls":"tertiary","km":0.46},"geometry":{"type":"LineString","coordinates":[[116.79926987800003,0.6027263163263665],[116.80256333700004,0.605210870323624]]}},{"type":"Feature","properties":{"name":null,"cls":"tertiary","km":0.46},"geometry":{"type":"LineString","coordinates":[[116.777319195,0.7194924741960362],[116.77685973400003,0.7156743742002887]]}},{"type":"Feature","properties":{"name":null,"cls":"tertiary","km":0.46},"geometry":{"type":"LineString","coordinates":[[116.75578123000003,0.8207991260829881],[116.75180967000007,0.820799342082995]]}},{"type":"Feature","properties":{"name":null,"cls":"tertiary","km":0.46},"geometry":{"type":"LineString","coordinates":[[116.11482927500003,0.9934210458904964],[116.1177586890001,0.996130236887465]]}},{"type":"Feature","properties":{"name":null,"cls":"tertiary","km":0.46},"geometry":{"type":"LineString","coordinates":[[116.29161327400004,0.4912912684508687],[116.2906246890001,0.49504499544668684]]}},{"type":"Feature","properties":{"name":null,"cls":"tertiary","km":0.46},"geometry":{"type":"LineString","coordinates":[[116.00103107500001,0.22143079675245303],[116.00514058100009,0.22173441075214056]]}},{"type":"Feature","properties":{"name":null,"cls":"tertiary","km":0.46},"geometry":{"type":"LineString","coordinates":[[115.77367555000002,0.18658303179142008],[115.77318560200003,0.18263976479584315]]}},{"type":"Feature","properties":{"name":null,"cls":"tertiary","km":0.46},"geometry":{"type":"LineString","coordinates":[[115.94753104300003,0.6609064712614239],[115.94584256200005,0.6571793192656242]]}},{"type":"Feature","properties":{"name":null,"cls":"tertiary","km":0.46},"geometry":{"type":"LineString","coordinates":[[115.73307625100007,0.1407779248426589],[115.72899262900012,0.14147051384187853]]}},{"type":"Feature","properties":{"name":null,"cls":"tertiary","km":0.46},"geometry":{"type":"LineString","coordinates":[[116.1365725720001,0.08904466290046181],[116.13897773300005,0.09207750889707943]]}},{"type":"Feature","properties":{"name":null,"cls":"tertiary","km":0.46},"geometry":{"type":"LineString","coordinates":[[116.69080815500001,0.7410748661719535],[116.69213634900007,0.7371851171763013]]}},{"type":"Feature","properties":{"name":null,"cls":"tertiary","km":0.46},"geometry":{"type":"LineString","coordinates":[[116.07813190000003,0.6367131002884563],[116.08208940700001,0.6356504342896488]]}},{"type":"Feature","properties":{"name":null,"cls":"tertiary","km":0.46},"geometry":{"type":"LineString","coordinates":[[116.01207281000006,0.4914472074507302],[116.01103189600008,0.4876560714549264]]}},{"type":"Feature","properties":{"name":null,"cls":"tertiary","km":0.46},"geometry":{"type":"LineString","coordinates":[[116.98998404100006,0.8304199200722638],[116.99393563900004,0.8304277610722488]]}},{"type":"Feature","properties":{"name":null,"cls":"tertiary","km":0.46},"geometry":{"type":"LineString","coordinates":[[116.31617728100004,0.7089823412077979],[116.31788878300006,0.7053019472118582]]}},{"type":"Feature","properties":{"name":null,"cls":"tertiary","km":0.46},"geometry":{"type":"LineString","coordinates":[[116.26922929900003,0.6708057712504039],[116.26566717700007,0.6692398102521678]]}},{"type":"Feature","properties":{"name":null,"cls":"tertiary","km":0.46},"geometry":{"type":"LineString","coordinates":[[116.27639696700008,0.6656888002561001],[116.27272436600005,0.6663477892553479]]}},{"type":"Feature","properties":{"name":null,"cls":"tertiary","km":0.46},"geometry":{"type":"LineString","coordinates":[[116.49104756800011,0.6508888172726491],[116.49312394700007,0.6542938112688397]]}},{"type":"Feature","properties":{"name":null,"cls":"tertiary","km":0.46},"geometry":{"type":"LineString","coordinates":[[116.44246838900006,0.44434135450333195],[116.44000142800009,0.44761612949964946]]}},{"type":"Feature","properties":{"name":null,"cls":"tertiary","km":0.46},"geometry":{"type":"LineString","coordinates":[[116.35905625500006,0.4374201325110771],[116.35977077300005,0.4413747255066556]]}},{"type":"Feature","properties":{"name":null,"cls":"tertiary","km":0.46},"geometry":{"type":"LineString","coordinates":[[116.238849221,0.43125204351799],[116.23850127100002,0.427222771522471]]}},{"type":"Feature","properties":{"name":null,"cls":"tertiary","km":0.46},"geometry":{"type":"LineString","coordinates":[[116.3828871710001,0.29637082466869247],[116.37947094700009,0.2940082176713284]]}},{"type":"Feature","properties":{"name":null,"cls":"tertiary","km":0.46},"geometry":{"type":"LineString","coordinates":[[116.01833370300004,0.09567974989306846],[116.01492647300006,0.09339462089564363]]}},{"type":"Feature","properties":{"name":null,"cls":"tertiary","km":0.46},"geometry":{"type":"LineString","coordinates":[[115.9313552750001,0.03721465195843061],[115.93409765100012,0.040294817955017506]]}},{"type":"Feature","properties":{"name":null,"cls":"tertiary","km":0.46},"geometry":{"type":"LineString","coordinates":[[115.92831870700002,0.04230688195273756],[115.92769933600006,0.04632305294823352]]}},{"type":"Feature","properties":{"name":null,"cls":"tertiary","km":0.46},"geometry":{"type":"LineString","coordinates":[[115.73217281400004,0.025623593971369242],[115.72821361600008,0.024529113972655597]]}},{"type":"Feature","properties":{"name":null,"cls":"tertiary","km":0.46},"geometry":{"type":"LineString","coordinates":[[116.74168905500007,0.8953120949998788],[116.74535248400002,0.896200542998916]]}},{"type":"Feature","properties":{"name":null,"cls":"tertiary","km":0.46},"geometry":{"type":"LineString","coordinates":[[116.5784830010001,0.7134924012027188],[116.57756912400009,0.7174227941983657]]}},{"type":"Feature","properties":{"name":null,"cls":"tertiary","km":0.46},"geometry":{"type":"LineString","coordinates":[[116.41001422500005,0.6475217602763781],[116.40603690000012,0.6480338932758045]]}},{"type":"Feature","properties":{"name":null,"cls":"tertiary","km":0.46},"geometry":{"type":"LineString","coordinates":[[116.2592916220001,0.6497658062738908],[116.25661487900004,0.651516864271937]]}},{"type":"Feature","properties":{"name":null,"cls":"tertiary","km":0.46},"geometry":{"type":"LineString","coordinates":[[116.78625276100003,0.7884692131190407],[116.7863566210001,0.7849134401230387]]}},{"type":"Feature","properties":{"name":null,"cls":"tertiary","km":0.46},"geometry":{"type":"LineString","coordinates":[[115.97075840600007,0.24438987472680465],[115.97145654000009,0.24836937872237796]]}},{"type":"Feature","properties":{"name":null,"cls":"tertiary","km":0.46},"geometry":{"type":"LineString","coordinates":[[116.97619255100007,0.6749378032457465],[116.9796441640001,0.6727433622482399]]}},{"type":"Feature","properties":{"name":null,"cls":"tertiary","km":0.46},"geometry":{"type":"LineString","coordinates":[[116.89652461200002,0.5146047294248125],[116.89725091300011,0.5182623514207062]]}},{"type":"Feature","properties":{"name":null,"cls":"tertiary","km":0.46},"geometry":{"type":"LineString","coordinates":[[115.75512100000002,0.33458412462599874],[115.75129247100007,0.33605294762432186]]}},{"type":"Feature","properties":{"name":null,"cls":"tertiary","km":0.46},"geometry":{"type":"LineString","coordinates":[[116.21398154500002,0.0732064859182023],[116.21612895500004,0.07679193191420794]]}},{"type":"Feature","properties":{"name":null,"cls":"tertiary","km":0.46},"geometry":{"type":"LineString","coordinates":[[114.15290300600009,1.0338095998454901],[114.15563035600007,1.0369042908420576]]}},{"type":"Feature","properties":{"name":null,"cls":"tertiary","km":0.45},"geometry":{"type":"LineString","coordinates":[[116.09631891700008,0.43788897851053304],[116.10008989200001,0.43665022751195043]]}},{"type":"Feature","properties":{"name":null,"cls":"tertiary","km":0.45},"geometry":{"type":"LineString","coordinates":[[115.53897197300012,0.30743521965635096],[115.53998728500005,0.30371770166048856]]}},{"type":"Feature","properties":{"name":null,"cls":"tertiary","km":0.45},"geometry":{"type":"LineString","coordinates":[[116.8833835580001,0.10519812188241967],[116.8857433830001,0.10848866687878947]]}},{"type":"Feature","properties":{"name":null,"cls":"tertiary","km":0.45},"geometry":{"type":"LineString","coordinates":[[116.92999664900003,0.41991301053062824],[116.928005041,0.4233737525267379]]}},{"type":"Feature","properties":{"name":null,"cls":"tertiary","km":0.45},"geometry":{"type":"LineString","coordinates":[[116.88377140000013,0.5590515163752126],[116.88329286100009,0.5628752573708753]]}},{"type":"Feature","properties":{"name":null,"cls":"tertiary","km":0.45},"geometry":{"type":"LineString","coordinates":[[116.93848646800006,0.6055802243232135],[116.93938411300007,0.6091181193192964]]}},{"type":"Feature","properties":{"name":null,"cls":"tertiary","km":0.45},"geometry":{"type":"LineString","coordinates":[[116.98403720600004,0.6990023702189415],[116.98586790400009,0.7023586812151721]]}},{"type":"Feature","properties":{"name":null,"cls":"tertiary","km":0.45},"geometry":{"type":"LineString","coordinates":[[116.57524116600008,0.9836890449013453],[116.57263384600004,0.9865377478981865]]}},{"type":"Feature","properties":{"name":null,"cls":"tertiary","km":0.45},"geometry":{"type":"LineString","coordinates":[[116.3758086800001,0.5974132583323708],[116.37936549600012,0.5962239833336681]]}},{"type":"Feature","properties":{"name":null,"cls":"tertiary","km":0.45},"geometry":{"type":"LineString","coordinates":[[116.5041561170001,0.7734587471358257],[116.50080474000005,0.7712886911382252]]}},{"type":"Feature","properties":{"name":null,"cls":"tertiary","km":0.45},"geometry":{"type":"LineString","coordinates":[[116.57329503200005,0.6167049493107954],[116.57032706500003,0.6191484033080749]]}},{"type":"Feature","properties":{"name":null,"cls":"tertiary","km":0.45},"geometry":{"type":"LineString","coordinates":[[116.42177548900008,0.4702848474743605],[116.42539695000005,0.47193040047251167]]}},{"type":"Feature","properties":{"name":null,"cls":"tertiary","km":0.45},"geometry":{"type":"LineString","coordinates":[[116.40475794600003,0.46247112948308355],[116.40574313100002,0.45872728748726704]]}},{"type":"Feature","properties":{"name":null,"cls":"tertiary","km":0.45},"geometry":{"type":"LineString","coordinates":[[116.37279026500005,0.39080647056317014],[116.37581161100002,0.39264724056106176]]}},{"type":"Feature","properties":{"name":null,"cls":"tertiary","km":0.45},"geometry":{"type":"LineString","coordinates":[[116.43081970300011,0.2183500547558974],[116.42831870300006,0.2215086367523812]]}},{"type":"Feature","properties":{"name":null,"cls":"tertiary","km":0.45},"geometry":{"type":"LineString","coordinates":[[115.99857093300012,0.020486516977136455],[116.00148962100002,0.02318098297411382]]}},{"type":"Feature","properties":{"name":null,"cls":"tertiary","km":0.45},"geometry":{"type":"LineString","coordinates":[[116.97855003400002,0.7420874141708563],[116.97556709500009,0.7447203071679034]]}},{"type":"Feature","properties":{"name":null,"cls":"tertiary","km":0.45},"geometry":{"type":"LineString","coordinates":[[116.96585174500001,0.6724320532485768],[116.96230984500005,0.6707434202504728]]}},{"type":"Feature","properties":{"name":null,"cls":"tertiary","km":0.45},"geometry":{"type":"LineString","coordinates":[[115.77206014700005,0.05969758793332336],[115.76988180800004,0.0630701569295196]]}},{"type":"Feature","properties":{"name":null,"cls":"tertiary","km":0.45},"geometry":{"type":"LineString","coordinates":[[115.7904671760001,0.17623634380301922],[115.7866838130001,0.17687977780230313]]}},{"type":"Feature","properties":{"name":null,"cls":"tertiary","km":0.45},"geometry":{"type":"LineString","coordinates":[[116.89776596900002,0.5411102243952611],[116.89853996800001,0.5450236673908521]]}},{"type":"Feature","properties":{"name":null,"cls":"tertiary","km":0.45},"geometry":{"type":"LineString","coordinates":[[116.39113329800013,0.47143013847307175],[116.3949799080001,0.4707117394738771]]}},{"type":"Feature","properties":{"name":null,"cls":"tertiary","km":0.45},"geometry":{"type":"LineString","coordinates":[[116.79996174300005,0.7225299581926443],[116.80247100000008,0.725647429189158]]}},{"type":"Feature","properties":{"name":null,"cls":"tertiary","km":0.45},"geometry":{"type":"LineString","coordinates":[[116.6541058560001,0.9923837588917],[116.65006557800007,0.9923335778917339]]}},{"type":"Feature","properties":{"name":null,"cls":"tertiary","km":0.45},"geometry":{"type":"LineString","coordinates":[[115.52865993600005,0.2945699266707284],[115.52478662400006,0.2950837106701897]]}},{"type":"Feature","properties":{"name":null,"cls":"tertiary","km":0.45},"geometry":{"type":"LineString","coordinates":[[116.10334493000006,0.20357673077245847],[116.1012366340001,0.20035628677602837]]}},{"type":"Feature","properties":{"name":null,"cls":"tertiary","km":0.45},"geometry":{"type":"LineString","coordinates":[[116.3164194850001,0.3649775675919761],[116.3202265990001,0.3642591985928359]]}},{"type":"Feature","properties":{"name":null,"cls":"tertiary","km":0.45},"geometry":{"type":"LineString","coordinates":[[116.0034364730001,0.2801914076867952],[116.007225317,0.2795939566874405]]}},{"type":"Feature","properties":{"name":null,"cls":"tertiary","km":0.45},"geometry":{"type":"LineString","coordinates":[[116.69854346800003,0.8663584910321904],[116.69779191700003,0.8623255070366475]]}},{"type":"Feature","properties":{"name":null,"cls":"tertiary","km":0.45},"geometry":{"type":"LineString","coordinates":[[115.13796142500009,1.5678483552518625],[115.13496985000005,1.5703956442490357]]}},{"type":"Feature","properties":{"name":null,"cls":"tertiary","km":0.45},"geometry":{"type":"LineString","coordinates":[[114.2492028260001,1.429639455405218],[114.2492022460001,1.4255944934096665]]}},{"type":"Feature","properties":{"name":null,"cls":"tertiary","km":0.44},"geometry":{"type":"LineString","coordinates":[[115.97341625300011,0.009598686989324054],[115.97631365800008,0.007030774992154462]]}},{"type":"Feature","properties":{"name":null,"cls":"tertiary","km":0.44},"geometry":{"type":"LineString","coordinates":[[115.72733075800011,0.1576870098237612],[115.72805971400008,0.15401370782782256]]}},{"type":"Feature","properties":{"name":null,"cls":"tertiary","km":0.44},"geometry":{"type":"LineString","coordinates":[[116.98071735700013,0.7217579121935092],[116.98394462800002,0.7194920011960202]]}},{"type":"Feature","properties":{"name":null,"cls":"tertiary","km":0.44},"geometry":{"type":"LineString","coordinates":[[116.661588369,0.794176611112692],[116.66523792300006,0.7949975391117606]]}},{"type":"Feature","properties":{"name":null,"cls":"tertiary","km":0.44},"geometry":{"type":"LineString","coordinates":[[116.91025467200008,0.49174875045036126],[116.91046398400012,0.48785879945469596]]}},{"type":"Feature","properties":{"name":null,"cls":"tertiary","km":0.44},"geometry":{"type":"LineString","coordinates":[[116.91249652900001,0.5074914614327902],[116.90903656700004,0.5065020434338778]]}},{"type":"Feature","properties":{"name":null,"cls":"tertiary","km":0.44},"geometry":{"type":"LineString","coordinates":[[116.9845306520001,0.7052164862119719],[116.98602188100006,0.7089012092078244]]}},{"type":"Feature","properties":{"name":null,"cls":"tertiary","km":0.44},"geometry":{"type":"LineString","coordinates":[[116.57102778800005,0.6566745972661605],[116.56817978000005,0.6591618372633891]]}},{"type":"Feature","properties":{"name":null,"cls":"tertiary","km":0.44},"geometry":{"type":"LineString","coordinates":[[116.45754467900007,0.46301898848244444],[116.46104885600003,0.46450125448080665]]}},{"type":"Feature","properties":{"name":null,"cls":"tertiary","km":0.44},"geometry":{"type":"LineString","coordinates":[[116.17700893500013,0.4691036184757065],[116.17413093100002,0.4715257724729647]]}},{"type":"Feature","properties":{"name":null,"cls":"tertiary","km":0.44},"geometry":{"type":"LineString","coordinates":[[116.10172564100004,0.06959631792224058],[116.09816938800007,0.06795853092407018]]}},{"type":"Feature","properties":{"name":null,"cls":"tertiary","km":0.44},"geometry":{"type":"LineString","coordinates":[[115.99473760400006,0.006452679992844639],[115.99824411800012,0.005675624993675729]]}},{"type":"Feature","properties":{"name":null,"cls":"tertiary","km":0.44},"geometry":{"type":"LineString","coordinates":[[115.95115658700003,0.025716634971280468],[115.95502719900003,0.025788229971215212]]}},{"type":"Feature","properties":{"name":null,"cls":"tertiary","km":0.44},"geometry":{"type":"LineString","coordinates":[[115.94934741300007,0.05701889293625724],[115.94876188500008,0.05313140394063092]]}},{"type":"Feature","properties":{"name":null,"cls":"tertiary","km":0.44},"geometry":{"type":"LineString","coordinates":[[116.78534246000005,0.8204338450834333],[116.78849466600002,0.8220782930815888]]}},{"type":"Feature","properties":{"name":null,"cls":"tertiary","km":0.44},"geometry":{"type":"LineString","coordinates":[[115.51223843100003,0.31239822365078707],[115.51187533000008,0.30867607865497465]]}},{"type":"Feature","properties":{"name":null,"cls":"tertiary","km":0.44},"geometry":{"type":"LineString","coordinates":[[116.89212367200004,0.7323390861817323],[116.8899242530001,0.7353182921783843]]}},{"type":"Feature","properties":{"name":null,"cls":"tertiary","km":0.44},"geometry":{"type":"LineString","coordinates":[[115.61884433500006,0.21692294675751303],[115.61940626100011,0.22066185575335462]]}},{"type":"Feature","properties":{"name":null,"cls":"tertiary","km":0.44},"geometry":{"type":"LineString","coordinates":[[116.80178004900006,0.7190497691965101],[116.80496681700002,0.7207686451946157]]}},{"type":"Feature","properties":{"name":null,"cls":"tertiary","km":0.44},"geometry":{"type":"LineString","coordinates":[[116.77322486000004,0.6593150242632398],[116.76937721900003,0.6594174982630794]]}},{"type":"Feature","properties":{"name":null,"cls":"tertiary","km":0.44},"geometry":{"type":"LineString","coordinates":[[116.94361174700009,0.4384581995099061],[116.9466931950001,0.4405829605075451]]}},{"type":"Feature","properties":{"name":null,"cls":"tertiary","km":0.44},"geometry":{"type":"LineString","coordinates":[[116.09297137300008,0.2147734077599254],[116.08944415600001,0.21604659575852078]]}},{"type":"Feature","properties":{"name":null,"cls":"tertiary","km":0.44},"geometry":{"type":"LineString","coordinates":[[116.14453853400005,0.19338983978384625],[116.14068910900005,0.19341978378382557]]}},{"type":"Feature","properties":{"name":null,"cls":"tertiary","km":0.44},"geometry":{"type":"LineString","coordinates":[[116.50776928900007,0.6553334722676581],[116.50791664800012,0.6587996652638037]]}},{"type":"Feature","properties":{"name":null,"cls":"tertiary","km":0.44},"geometry":{"type":"LineString","coordinates":[[114.25178413000003,1.4306496544041076],[114.25291033000008,1.4268133464083295]]}},{"type":"Feature","properties":{"name":null,"cls":"tertiary","km":0.44},"geometry":{"type":"LineString","coordinates":[[114.20046591000005,1.0426842768356175],[114.20051095700002,1.0388459378399255]]}},{"type":"Feature","properties":{"name":null,"cls":"tertiary","km":0.43},"geometry":{"type":"LineString","coordinates":[[116.74449315100003,0.8385124800632655],[116.74566406300004,0.8419829790593755]]}},{"type":"Feature","properties":{"name":null,"cls":"tertiary","km":0.43},"geometry":{"type":"LineString","coordinates":[[116.39517483300006,0.6329939242925928],[116.39639592500009,0.6293699592966406]]}},{"type":"Feature","properties":{"name":null,"cls":"tertiary","km":0.43},"geometry":{"type":"LineString","coordinates":[[116.35290417800002,0.2580146427115359],[116.35185165500003,0.2616092757075714]]}},{"type":"Feature","properties":{"name":null,"cls":"tertiary","km":0.43},"geometry":{"type":"LineString","coordinates":[[115.92354874900002,0.1099811638770539],[115.92157878900002,0.10670971188073046]]}},{"type":"Feature","properties":{"name":null,"cls":"tertiary","km":0.43},"geometry":{"type":"LineString","coordinates":[[115.87155884100002,0.5218972924166736],[115.87420979300009,0.5191554724197521]]}},{"type":"Feature","properties":{"name":null,"cls":"tertiary","km":0.43},"geometry":{"type":"LineString","coordinates":[[115.7260825100001,0.6048881053239747],[115.7287270600001,0.6025375163265793]]}},{"type":"Feature","properties":{"name":null,"cls":"tertiary","km":0.43},"geometry":{"type":"LineString","coordinates":[[115.56307501400009,0.1972844847794727],[115.56151950800006,0.20021743877617107]]}},{"type":"Feature","properties":{"name":null,"cls":"tertiary","km":0.43},"geometry":{"type":"LineString","coordinates":[[115.79401870700009,0.11595025687041292],[115.79168470000003,0.11520821787121628]]}},{"type":"Feature","properties":{"name":null,"cls":"tertiary","km":0.43},"geometry":{"type":"LineString","coordinates":[[116.98966683500011,0.7096050812070791],[116.98989621500004,0.7058513782112528]]}},{"type":"Feature","properties":{"name":null,"cls":"tertiary","km":0.43},"geometry":{"type":"LineString","coordinates":[[116.80028918700009,0.921998922970117],[116.79647733500009,0.9219256849702231]]}},{"type":"Feature","properties":{"name":null,"cls":"tertiary","km":0.43},"geometry":{"type":"LineString","coordinates":[[116.64289006500007,0.9825012859026955],[116.63918478300002,0.9815560389037185]]}},{"type":"Feature","properties":{"name":null,"cls":"tertiary","km":0.43},"geometry":{"type":"LineString","coordinates":[[116.47292997600006,0.7366574451768635],[116.47666706100007,0.735956494177654]]}},{"type":"Feature","properties":{"name":null,"cls":"tertiary","km":0.43},"geometry":{"type":"LineString","coordinates":[[116.54467318700006,0.7062254082108675],[116.54560416800008,0.702536442214949]]}},{"type":"Feature","properties":{"name":null,"cls":"tertiary","km":0.43},"geometry":{"type":"LineString","coordinates":[[116.52759108800001,0.6361308682891126],[116.5309209510001,0.6344186372910037]]}},{"type":"Feature","properties":{"name":null,"cls":"tertiary","km":0.43},"geometry":{"type":"LineString","coordinates":[[116.58427289900011,0.5954588193345155],[116.58375693400001,0.591888509338486]]}},{"type":"Feature","properties":{"name":null,"cls":"tertiary","km":0.43},"geometry":{"type":"LineString","coordinates":[[116.36970757200004,0.4505354464964132],[116.36623517600003,0.4519095774948447]]}},{"type":"Feature","properties":{"name":null,"cls":"tertiary","km":0.43},"geometry":{"type":"LineString","coordinates":[[116.16703349400007,0.45860541948737604],[116.17049662900001,0.459245163486686]]}},{"type":"Feature","properties":{"name":null,"cls":"tertiary","km":0.43},"geometry":{"type":"LineString","coordinates":[[116.21797787600009,0.40730075754469414],[116.21426315300006,0.4082790205436272]]}},{"type":"Feature","properties":{"name":null,"cls":"tertiary","km":0.43},"geometry":{"type":"LineString","coordinates":[[116.44320824700004,0.2799325506870945],[116.44671787400011,0.27876287068837835]]}},{"type":"Feature","properties":{"name":null,"cls":"tertiary","km":0.43},"geometry":{"type":"LineString","coordinates":[[116.4649816120001,0.26071172670858095],[116.46208739400004,0.2626715727063766]]}},{"type":"Feature","properties":{"name":null,"cls":"tertiary","km":0.43},"geometry":{"type":"LineString","coordinates":[[116.46355437400007,0.2585448567109981],[116.46698939200007,0.25717012071252726]]}},{"type":"Feature","properties":{"name":null,"cls":"tertiary","km":0.43},"geometry":{"type":"LineString","coordinates":[[116.39249677700003,0.2656287867030227],[116.3887634990001,0.2656865197029721]]}},{"type":"Feature","properties":{"name":null,"cls":"tertiary","km":0.43},"geometry":{"type":"LineString","coordinates":[[116.01909237100006,0.05134556894262146],[116.02190808800005,0.05399112393965969]]}},{"type":"Feature","properties":{"name":null,"cls":"tertiary","km":0.43},"geometry":{"type":"LineString","coordinates":[[116.23682058200008,0.15651160882507925],[116.2402564030001,0.1548414368269393]]}},{"type":"Feature","properties":{"name":null,"cls":"tertiary","km":0.43},"geometry":{"type":"LineString","coordinates":[[116.15899678100004,0.08959707689988973],[116.15847181200002,0.09338575789566514]]}},{"type":"Feature","properties":{"name":null,"cls":"tertiary","km":0.43},"geometry":{"type":"LineString","coordinates":[[116.96674028200005,0.6718065012492556],[116.96712038400005,0.6756131772450384]]}},{"type":"Feature","properties":{"name":null,"cls":"tertiary","km":0.43},"geometry":{"type":"LineString","coordinates":[[116.98178074600003,0.7359786151776675],[116.98367065000002,0.7328416621811604]]}},{"type":"Feature","properties":{"name":null,"cls":"tertiary","km":0.43},"geometry":{"type":"LineString","coordinates":[[116.88873075700008,0.7284734611860383],[116.88870333300007,0.7323078601817238]]}},{"type":"Feature","properties":{"name":null,"cls":"tertiary","km":0.43},"geometry":{"type":"LineString","coordinates":[[116.596125292,0.6966492472215046],[116.59396890400001,0.6944337682240153]]}},{"type":"Feature","properties":{"name":null,"cls":"tertiary","km":0.43},"geometry":{"type":"LineString","coordinates":[[115.78510024300012,0.2564316967133144],[115.782615587,0.2592575467101882]]}},{"type":"Feature","properties":{"name":null,"cls":"tertiary","km":0.43},"geometry":{"type":"LineString","coordinates":[[116.8126299700001,0.6947439962236662],[116.8109349550001,0.6920666462266518]]}},{"type":"Feature","properties":{"name":null,"cls":"tertiary","km":0.43},"geometry":{"type":"LineString","coordinates":[[116.62970001900011,0.942618204947109],[116.63278852800012,0.9447408229447839]]}},{"type":"Feature","properties":{"name":null,"cls":"tertiary","km":0.43},"geometry":{"type":"LineString","coordinates":[[115.82312987700004,0.19931494577720552],[115.8269637520001,0.19877940977781522]]}},{"type":"Feature","properties":{"name":null,"cls":"tertiary","km":0.43},"geometry":{"type":"LineString","coordinates":[[116.26240663800003,0.13002199185465277],[116.26251864200003,0.13392386485029487]]}},{"type":"Feature","properties":{"name":null,"cls":"tertiary","km":0.43},"geometry":{"type":"LineString","coordinates":[[116.49145376900003,0.6295568842964585],[116.48932157700007,0.6325166592930996]]}},{"type":"Feature","properties":{"name":null,"cls":"tertiary","km":0.43},"geometry":{"type":"LineString","coordinates":[[116.08529544100008,0.29192909667363903],[116.08645071500008,0.2955759996695709]]}},{"type":"Feature","properties":{"name":null,"cls":"tertiary","km":0.43},"geometry":{"type":"LineString","coordinates":[[115.97337695000012,0.34093775961887307],[115.96967389300005,0.34202667161767175]]}},{"type":"Feature","properties":{"name":null,"cls":"tertiary","km":0.43},"geometry":{"type":"LineString","coordinates":[[116.7832319460001,0.6798269962402939],[116.782234646,0.6834870552362527]]}},{"type":"Feature","properties":{"name":null,"cls":"tertiary","km":0.42},"geometry":{"type":"LineString","coordinates":[[116.98107091900012,0.7182421501974094],[116.97872966400006,0.7207758741946181]]}},{"type":"Feature","properties":{"name":null,"cls":"tertiary","km":0.42},"geometry":{"type":"LineString","coordinates":[[116.15705047900008,0.6774022142429975],[116.1568206160001,0.6809660862390515]]}},{"type":"Feature","properties":{"name":null,"cls":"tertiary","km":0.42},"geometry":{"type":"LineString","coordinates":[[115.5690453210001,0.254667703715311],[115.56805762300007,0.25816170071144406]]}},{"type":"Feature","properties":{"name":null,"cls":"tertiary","km":0.42},"geometry":{"type":"LineString","coordinates":[[115.62434749900002,0.22545791674795063],[115.62184196500004,0.2227009507510587]]}},{"type":"Feature","properties":{"name":null,"cls":"tertiary","km":0.42},"geometry":{"type":"LineString","coordinates":[[116.68517293100003,0.7514185511604361],[116.68421425500001,0.7549885061564294]]}},{"type":"Feature","properties":{"name":null,"cls":"tertiary","km":0.42},"geometry":{"type":"LineString","coordinates":[[116.9336282710001,0.6131926463147465],[116.93606116800002,0.615921141311671]]}},{"type":"Feature","properties":{"name":null,"cls":"tertiary","km":0.42},"geometry":{"type":"LineString","coordinates":[[116.78881746000003,0.9389669959511906],[116.79219117000004,0.9397313579503778]]}},{"type":"Feature","properties":{"name":null,"cls":"tertiary","km":0.42},"geometry":{"type":"LineString","coordinates":[[116.53179589400008,0.6903451182285631],[116.53105299700007,0.686667703232711]]}},{"type":"Feature","properties":{"name":null,"cls":"tertiary","km":0.42},"geometry":{"type":"LineString","coordinates":[[116.56766226700005,0.6586759512639724],[116.56921522700009,0.6552752162677151]]}},{"type":"Feature","properties":{"name":null,"cls":"tertiary","km":0.42},"geometry":{"type":"LineString","coordinates":[[116.49541247500007,0.4267608765229528],[116.4953038340001,0.4305315885187602]]}},{"type":"Feature","properties":{"name":null,"cls":"tertiary","km":0.42},"geometry":{"type":"LineString","coordinates":[[116.45650105900006,0.43470777551411055],[116.45835801200009,0.4378070205106065]]}},{"type":"Feature","properties":{"name":null,"cls":"tertiary","km":0.42},"geometry":{"type":"LineString","coordinates":[[116.36690052100005,0.4347204765140667],[116.36803870100005,0.4312429825179749]]}},{"type":"Feature","properties":{"name":null,"cls":"tertiary","km":0.42},"geometry":{"type":"LineString","coordinates":[[116.40536817700003,0.37181034758441267],[116.40172197800008,0.3714331855847994]]}},{"type":"Feature","properties":{"name":null,"cls":"tertiary","km":0.42},"geometry":{"type":"LineString","coordinates":[[116.34253091000005,0.4139759195372674],[116.33901207400004,0.41526532053580517]]}},{"type":"Feature","properties":{"name":null,"cls":"tertiary","km":0.42},"geometry":{"type":"LineString","coordinates":[[116.24321376300009,0.4748506334692549],[116.24424834000003,0.47128534747321654]]}},{"type":"Feature","properties":{"name":null,"cls":"tertiary","km":0.42},"geometry":{"type":"LineString","coordinates":[[116.22890039300012,0.45464832149178536],[116.22793689600007,0.45107650049579784]]}},{"type":"Feature","properties":{"name":null,"cls":"tertiary","km":0.42},"geometry":{"type":"LineString","coordinates":[[116.21397478900009,0.40118168955155925],[116.21070824600008,0.4029657455495683]]}},{"type":"Feature","properties":{"name":null,"cls":"tertiary","km":0.42},"geometry":{"type":"LineString","coordinates":[[116.23985677500002,0.3955888865577793],[116.236698831,0.39735515755583534]]}},{"type":"Feature","properties":{"name":null,"cls":"tertiary","km":0.42},"geometry":{"type":"LineString","coordinates":[[116.460341437,0.2571711087125304],[116.46272816600002,0.2542982797157223]]}},{"type":"Feature","properties":{"name":null,"cls":"tertiary","km":0.42},"geometry":{"type":"LineString","coordinates":[[116.18174638300002,0.15435498182746185],[116.17999903400005,0.15133599383082028]]}},{"type":"Feature","properties":{"name":null,"cls":"tertiary","km":0.42},"geometry":{"type":"LineString","coordinates":[[116.81029675200011,0.74437976016829],[116.8089698550001,0.741039866171962]]}},{"type":"Feature","properties":{"name":null,"cls":"tertiary","km":0.42},"geometry":{"type":"LineString","coordinates":[[115.54244745500013,0.03956817195580215],[115.5459696160001,0.04085533295434599]]}},{"type":"Feature","properties":{"name":null,"cls":"tertiary","km":0.42},"geometry":{"type":"LineString","coordinates":[[116.84093921700001,0.6114333613167124],[116.84191214200007,0.614990004312683]]}},{"type":"Feature","properties":{"name":null,"cls":"tertiary","km":0.42},"geometry":{"type":"LineString","coordinates":[[115.72899257100006,0.14253734784070968],[115.73212618200013,0.14462269483838153]]}},{"type":"Feature","properties":{"name":null,"cls":"tertiary","km":0.42},"geometry":{"type":"LineString","coordinates":[[116.79537986600009,0.7929075621140724],[116.79522851800004,0.7891151931183242]]}},{"type":"Feature","properties":{"name":null,"cls":"tertiary","km":0.42},"geometry":{"type":"LineString","coordinates":[[116.7404586130001,0.9059176729880296],[116.74264634600002,0.9089434289846765]]}},{"type":"Feature","properties":{"name":null,"cls":"tertiary","km":0.42},"geometry":{"type":"LineString","coordinates":[[116.14472307700008,0.9253360519663657],[116.14607818000002,0.921966832970152]]}},{"type":"Feature","properties":{"name":null,"cls":"tertiary","km":0.42},"geometry":{"type":"LineString","coordinates":[[116.57202990100005,0.7150032662010442],[116.57115376700006,0.7185026141971455]]}},{"type":"Feature","properties":{"name":null,"cls":"tertiary","km":0.42},"geometry":{"type":"LineString","coordinates":[[115.15335163100008,1.5078533743183964],[115.15018678100012,1.5099055093161062]]}},{"type":"Feature","properties":{"name":null,"cls":"tertiary","km":0.42},"geometry":{"type":"LineString","coordinates":[[115.17137605000006,1.532796630290694],[115.16867608200006,1.535250814287955]]}},{"type":"Feature","properties":{"name":null,"cls":"tertiary","km":0.41},"geometry":{"type":"LineString","coordinates":[[116.07688888200005,0.21508454575960514],[116.07910605400002,0.217973823756378]]}},{"type":"Feature","properties":{"name":null,"cls":"tertiary","km":0.41},"geometry":{"type":"LineString","coordinates":[[115.94454493,0.2788620126882502],[115.94796535500006,0.27768134368956193]]}},{"type":"Feature","properties":{"name":null,"cls":"tertiary","km":0.41},"geometry":{"type":"LineString","coordinates":[[116.05885128200008,0.31444932764845135],[116.061913924,0.31639668564635837]]}},{"type":"Feature","properties":{"name":null,"cls":"tertiary","km":0.41},"geometry":{"type":"LineString","coordinates":[[116.09266819100004,0.4317652405173662],[116.09550189000004,0.4307164435185603]]}},{"type":"Feature","properties":{"name":null,"cls":"tertiary","km":0.41},"geometry":{"type":"LineString","coordinates":[[116.37185140800011,0.33044859063059034],[116.37463686600006,0.32880695163242146]]}},{"type":"Feature","properties":{"name":null,"cls":"tertiary","km":0.41},"geometry":{"type":"LineString","coordinates":[[116.54446325100002,0.9340849569566316],[116.54727024700004,0.9319380919590462]]}},{"type":"Feature","properties":{"name":null,"cls":"tertiary","km":0.41},"geometry":{"type":"LineString","coordinates":[[116.42655132200002,0.6066412523220174],[116.42958852800008,0.6047320583241722]]}},{"type":"Feature","properties":{"name":null,"cls":"tertiary","km":0.41},"geometry":{"type":"LineString","coordinates":[[116.51674798800002,0.43971167550850104],[116.51539453700003,0.43634320951230654]]}},{"type":"Feature","properties":{"name":null,"cls":"tertiary","km":0.41},"geometry":{"type":"LineString","coordinates":[[116.16797358300005,0.11697724586921995],[116.16775989100007,0.11364259987296381]]}},{"type":"Feature","properties":{"name":null,"cls":"tertiary","km":0.41},"geometry":{"type":"LineString","coordinates":[[116.17817079699999,0.11341325687326363],[116.17485524900006,0.11472765287177096]]}},{"type":"Feature","properties":{"name":null,"cls":"tertiary","km":0.41},"geometry":{"type":"LineString","coordinates":[[116.97355701000004,0.6714476462496576],[116.97537296300004,0.6682486832532147]]}},{"type":"Feature","properties":{"name":null,"cls":"tertiary","km":0.41},"geometry":{"type":"LineString","coordinates":[[116.97795828100004,0.6604282652619756],[116.97458964300007,0.6603111112620785]]}},{"type":"Feature","properties":{"name":null,"cls":"tertiary","km":0.41},"geometry":{"type":"LineString","coordinates":[[116.89899930300008,0.5403224953961087],[116.90107295300005,0.5381085093985628]]}},{"type":"Feature","properties":{"name":null,"cls":"tertiary","km":0.41},"geometry":{"type":"LineString","coordinates":[[116.07861729400008,0.22228931775148622],[116.07538396700012,0.22061939175338702]]}},{"type":"Feature","properties":{"name":null,"cls":"tertiary","km":0.41},"geometry":{"type":"LineString","coordinates":[[116.27577042200005,0.3847517305699221],[116.27232796200006,0.3844853175702134]]}},{"type":"Feature","properties":{"name":null,"cls":"tertiary","km":0.41},"geometry":{"type":"LineString","coordinates":[[115.7568765620001,0.04233876195272346],[115.7572939800001,0.046034022948604585]]}},{"type":"Feature","properties":{"name":null,"cls":"tertiary","km":0.41},"geometry":{"type":"LineString","coordinates":[[116.26778763100003,0.6193898633077695],[116.2642866110001,0.6187355193085196]]}},{"type":"Feature","properties":{"name":null,"cls":"tertiary","km":0.4},"geometry":{"type":"LineString","coordinates":[[116.99023592500009,0.7918300621152775],[116.99069530600002,0.788348606119175]]}},{"type":"Feature","properties":{"name":null,"cls":"tertiary","km":0.4},"geometry":{"type":"LineString","coordinates":[[116.80950760500002,0.6379992242870256],[116.81294283000011,0.6379046832870802]]}},{"type":"Feature","properties":{"name":null,"cls":"tertiary","km":0.4},"geometry":{"type":"LineString","coordinates":[[116.77220302600007,0.6957819412225238],[116.77318958700005,0.6923365392263444]]}},{"type":"Feature","properties":{"name":null,"cls":"tertiary","km":0.4},"geometry":{"type":"LineString","coordinates":[[115.92542104300003,0.10336118788450799],[115.92376994600009,0.10028104888794584]]}},{"type":"Feature","properties":{"name":null,"cls":"tertiary","km":0.4},"geometry":{"type":"LineString","coordinates":[[116.29005964500006,0.37217128458396437],[116.28817779600003,0.3696693105867609]]}},{"type":"Feature","properties":{"name":null,"cls":"tertiary","km":0.4},"geometry":{"type":"LineString","coordinates":[[115.5759339350001,0.30844336265521355],[115.5776575660001,0.31154260665173433]]}},{"type":"Feature","properties":{"name":null,"cls":"tertiary","km":0.4},"geometry":{"type":"LineString","coordinates":[[115.83780536500002,0.18102713379762295],[115.84066424800007,0.17901741479985547]]}},{"type":"Feature","properties":{"name":null,"cls":"tertiary","km":0.4},"geometry":{"type":"LineString","coordinates":[[116.8822385310001,0.5947066673353777],[116.8807544130001,0.5976909673320251]]}},{"type":"Feature","properties":{"name":null,"cls":"tertiary","km":0.4},"geometry":{"type":"LineString","coordinates":[[116.98116278900011,0.6261829943001683],[116.9845586030001,0.6269301292993813]]}},{"type":"Feature","properties":{"name":null,"cls":"tertiary","km":0.4},"geometry":{"type":"LineString","coordinates":[[116.97746733600002,0.7149431472011136],[116.9805918410001,0.7142255852019329]]}},{"type":"Feature","properties":{"name":null,"cls":"tertiary","km":0.4},"geometry":{"type":"LineString","coordinates":[[116.98625959300011,0.6929003582257189],[116.98443265600008,0.6958774432224287]]}},{"type":"Feature","properties":{"name":null,"cls":"tertiary","km":0.4},"geometry":{"type":"LineString","coordinates":[[116.80555860300002,0.9044033829897328],[116.80247484500002,0.9060343389879648]]}},{"type":"Feature","properties":{"name":null,"cls":"tertiary","km":0.4},"geometry":{"type":"LineString","coordinates":[[116.68092995000006,0.9753938869106025],[116.68367428500005,0.976356428909545]]}},{"type":"Feature","properties":{"name":null,"cls":"tertiary","km":0.4},"geometry":{"type":"LineString","coordinates":[[116.31732776200009,0.7049632852122939],[116.31756530700012,0.701422129216178]]}},{"type":"Feature","properties":{"name":null,"cls":"tertiary","km":0.4},"geometry":{"type":"LineString","coordinates":[[116.26415038000005,0.6624248292597141],[116.26717045200007,0.6637688352582312]]}},{"type":"Feature","properties":{"name":null,"cls":"tertiary","km":0.4},"geometry":{"type":"LineString","coordinates":[[116.47037959200009,0.7375840981758811],[116.47336437400008,0.7376771901757261]]}},{"type":"Feature","properties":{"name":null,"cls":"tertiary","km":0.4},"geometry":{"type":"LineString","coordinates":[[116.5675939780001,0.5894049983413031],[116.57037406200003,0.5916652633387357]]}},{"type":"Feature","properties":{"name":null,"cls":"tertiary","km":0.4},"geometry":{"type":"LineString","coordinates":[[116.17677357800005,0.4739627104702565],[116.17342747400006,0.47301802947128974]]}},{"type":"Feature","properties":{"name":null,"cls":"tertiary","km":0.4},"geometry":{"type":"LineString","coordinates":[[116.2351427530001,0.4343426245145034],[116.23867380700007,0.4336414575153043]]}},{"type":"Feature","properties":{"name":null,"cls":"tertiary","km":0.4},"geometry":{"type":"LineString","coordinates":[[116.23767435400009,0.4231058635270579],[116.23488777300008,0.4212661525291097]]}},{"type":"Feature","properties":{"name":null,"cls":"tertiary","km":0.4},"geometry":{"type":"LineString","coordinates":[[115.95554523800003,0.06759956692445868],[115.9580857640001,0.07018310692159464]]}},{"type":"Feature","properties":{"name":null,"cls":"tertiary","km":0.4},"geometry":{"type":"LineString","coordinates":[[116.96616561800009,0.45770460848843664],[116.96432993600001,0.46070893948508795]]}},{"type":"Feature","properties":{"name":null,"cls":"tertiary","km":0.4},"geometry":{"type":"LineString","coordinates":[[116.58028778100005,0.8305297100721297],[116.58352773900002,0.8309985200715982]]}},{"type":"Feature","properties":{"name":null,"cls":"tertiary","km":0.4},"geometry":{"type":"LineString","coordinates":[[116.57995217200006,0.82992200407284],[116.57929034200005,0.8333791180689596]]}},{"type":"Feature","properties":{"name":null,"cls":"tertiary","km":0.4},"geometry":{"type":"LineString","coordinates":[[116.448363416,0.5011873854398196],[116.44725302300003,0.5043536794362908]]}},{"type":"Feature","properties":{"name":null,"cls":"tertiary","km":0.4},"geometry":{"type":"LineString","coordinates":[[115.83720934000007,0.6265843682997793],[115.83658555000012,0.6231188103036379]]}},{"type":"Feature","properties":{"name":null,"cls":"tertiary","km":0.4},"geometry":{"type":"LineString","coordinates":[[115.56606642900012,0.26620839170243016],[115.56753320700012,0.2630521947059633]]}},{"type":"Feature","properties":{"name":null,"cls":"tertiary","km":0.4},"geometry":{"type":"LineString","coordinates":[[116.80263048000006,0.6969793292211455],[116.800130641,0.6945737022238655]]}},{"type":"Feature","properties":{"name":null,"cls":"tertiary","km":0.4},"geometry":{"type":"LineString","coordinates":[[116.79902324000012,0.7247714451901174],[116.7955150590001,0.7253186691895237]]}},{"type":"Feature","properties":{"name":null,"cls":"tertiary","km":0.4},"geometry":{"type":"LineString","coordinates":[[116.7766638920001,0.7851488571227614],[116.7746633050001,0.7880819621194617]]}},{"type":"Feature","properties":{"name":null,"cls":"tertiary","km":0.4},"geometry":{"type":"LineString","coordinates":[[116.81278735000001,0.9277848119636927],[116.81606310100005,0.9290684439622402]]}},{"type":"Feature","properties":{"name":null,"cls":"tertiary","km":0.4},"geometry":{"type":"LineString","coordinates":[[116.14284320800006,0.2107155227644211],[116.13943179800005,0.21132382776376765]]}},{"type":"Feature","properties":{"name":null,"cls":"tertiary","km":0.4},"geometry":{"type":"LineString","coordinates":[[116.94186115200011,0.44017134050799533],[116.93831928200007,0.4402535225078679]]}},{"type":"Feature","properties":{"name":null,"cls":"tertiary","km":0.4},"geometry":{"type":"LineString","coordinates":[[116.57498453400001,0.8271532000759119],[116.5776115990001,0.8247401620786113]]}},{"type":"Feature","properties":{"name":null,"cls":"tertiary","km":0.4},"geometry":{"type":"LineString","coordinates":[[116.75179109500003,0.6099691113183292],[116.75151655600007,0.612617728315332]]}},{"type":"Feature","properties":{"name":null,"cls":"tertiary","km":0.4},"geometry":{"type":"LineString","coordinates":[[116.35713435700006,0.25267473571756865],[116.35412932000008,0.2545126997154528]]}},{"type":"Feature","properties":{"name":null,"cls":"tertiary","km":0.4},"geometry":{"type":"LineString","coordinates":[[116.87784925000004,0.7119439012044283],[116.8770131440001,0.708448472208358]]}},{"type":"Feature","properties":{"name":null,"cls":"tertiary","km":0.4},"geometry":{"type":"LineString","coordinates":[[116.27032384500002,0.7732591081360214],[116.26879179400011,0.7762772261326474]]}},{"type":"Feature","properties":{"name":null,"cls":"tertiary","km":0.4},"geometry":{"type":"LineString","coordinates":[[116.43374406500003,0.37616465057955256],[116.43014544700009,0.3764386535791804]]}},{"type":"Feature","properties":{"name":null,"cls":"tertiary","km":0.4},"geometry":{"type":"LineString","coordinates":[[115.35393308900007,1.7406976080603624],[115.3522127550001,1.7438609050568599]]}},{"type":"Feature","properties":{"name":null,"cls":"tertiary","km":0.4},"geometry":{"type":"LineString","coordinates":[[115.15165513300008,1.5032096723235313],[115.14882146200013,1.5054249693210562]]}},{"type":"Feature","properties":{"name":null,"cls":"tertiary","km":0.4},"geometry":{"type":"LineString","coordinates":[[115.37864208400002,1.5015881923253005],[115.37682831600011,1.5046451873219067]]}},{"type":"Feature","properties":{"name":null,"cls":"tertiary","km":0.39},"geometry":{"type":"LineString","coordinates":[[116.34878706800008,0.2531950707169596],[116.35224137900003,0.253198239717008]]}},{"type":"Feature","properties":{"name":null,"cls":"tertiary","km":0.39},"geometry":{"type":"LineString","coordinates":[[115.78128378100007,0.20071301477561404],[115.7814213060001,0.19725532177951555]]}},{"type":"Feature","properties":{"name":null,"cls":"tertiary","km":0.39},"geometry":{"type":"LineString","coordinates":[[116.08979176500009,0.28917098067674557],[116.08869173800008,0.2922496326733034]]}},{"type":"Feature","properties":{"name":null,"cls":"tertiary","km":0.39},"geometry":{"type":"LineString","coordinates":[[115.53155236900011,0.2990441336657222],[115.52846720700008,0.29766178766726226]]}},{"type":"Feature","properties":{"name":null,"cls":"tertiary","km":0.39},"geometry":{"type":"LineString","coordinates":[[115.57818975400005,0.2850545686813522],[115.57628408400001,0.2878750126782108]]}},{"type":"Feature","properties":{"name":null,"cls":"tertiary","km":0.39},"geometry":{"type":"LineString","coordinates":[[115.62452432600001,0.35480396960337346],[115.62623381500009,0.35777100160006375]]}},{"type":"Feature","properties":{"name":null,"cls":"tertiary","km":0.39},"geometry":{"type":"LineString","coordinates":[[116.84525715400002,0.6101841773180925],[116.84567968800003,0.6067218403219289]]}},{"type":"Feature","properties":{"name":null,"cls":"tertiary","km":0.39},"geometry":{"type":"LineString","coordinates":[[116.9791194930001,0.6096949623186084],[116.97610616600002,0.6080541583204577]]}},{"type":"Feature","properties":{"name":null,"cls":"tertiary","km":0.39},"geometry":{"type":"LineString","coordinates":[[116.57410242400012,0.6171416503102987],[116.57431912000004,0.6136372173142224]]}},{"type":"Feature","properties":{"name":null,"cls":"tertiary","km":0.39},"geometry":{"type":"LineString","coordinates":[[116.24752691200001,0.4489077584982611],[116.25101275900012,0.44902798449808906]]}},{"type":"Feature","properties":{"name":null,"cls":"tertiary","km":0.39},"geometry":{"type":"LineString","coordinates":[[116.43438822300004,0.22830920574480248],[116.4324248570001,0.22565813274773644]]}},{"type":"Feature","properties":{"name":null,"cls":"tertiary","km":0.39},"geometry":{"type":"LineString","coordinates":[[116.4114477930001,0.31032802565310547],[116.41442300600009,0.31212314065105523]]}},{"type":"Feature","properties":{"name":null,"cls":"tertiary","km":0.39},"geometry":{"type":"LineString","coordinates":[[116.02404914700004,0.12859442485628358],[116.02376634500003,0.12560123385959993]]}},{"type":"Feature","properties":{"name":null,"cls":"tertiary","km":0.39},"geometry":{"type":"LineString","coordinates":[[116.10450568100009,0.07921098591144339],[116.10112711400006,0.07984505091079425]]}},{"type":"Feature","properties":{"name":null,"cls":"tertiary","km":0.39},"geometry":{"type":"LineString","coordinates":[[116.1811291800001,0.12491992586040161],[116.17863003900004,0.12732421785772274]]}},{"type":"Feature","properties":{"name":null,"cls":"tertiary","km":0.39},"geometry":{"type":"LineString","coordinates":[[116.18405886700009,0.12416180986122301],[116.18063789400003,0.1237903388616074]]}},{"type":"Feature","properties":{"name":null,"cls":"tertiary","km":0.39},"geometry":{"type":"LineString","coordinates":[[116.16888783900005,0.0873562489023622],[116.16984182600004,0.09062843889874331]]}},{"type":"Feature","properties":{"name":null,"cls":"tertiary","km":0.39},"geometry":{"type":"LineString","coordinates":[[115.91022881100002,0.005980643993346792],[115.91365351500008,0.006525851992720911]]}},{"type":"Feature","properties":{"name":null,"cls":"tertiary","km":0.39},"geometry":{"type":"LineString","coordinates":[[116.9068476650001,0.46290892548258483],[116.90875269800006,0.46078267648497845]]}},{"type":"Feature","properties":{"name":null,"cls":"tertiary","km":0.39},"geometry":{"type":"LineString","coordinates":[[116.85648093900011,0.6579079892648019],[116.85699795300002,0.661262086261059]]}},{"type":"Feature","properties":{"name":null,"cls":"tertiary","km":0.39},"geometry":{"type":"LineString","coordinates":[[116.15500923700006,0.6808768972391425],[116.15434787800007,0.6774329852429843]]}},{"type":"Feature","properties":{"name":null,"cls":"tertiary","km":0.39},"geometry":{"type":"LineString","coordinates":[[116.89637173400001,0.4446677785029749],[116.89856250300011,0.4422861565056488]]}},{"type":"Feature","properties":{"name":null,"cls":"tertiary","km":0.39},"geometry":{"type":"LineString","coordinates":[[116.06213059000005,0.34665716761247445],[116.06329911400009,0.34341557561610725]]}},{"type":"Feature","properties":{"name":null,"cls":"tertiary","km":0.39},"geometry":{"type":"LineString","coordinates":[[116.85569562600007,0.603569094325467],[116.85476535100008,0.6061884863225531]]}},{"type":"Feature","properties":{"name":null,"cls":"tertiary","km":0.39},"geometry":{"type":"LineString","coordinates":[[115.7518981280001,0.3743893325815424],[115.75302214700004,0.37745275457805005]]}},{"type":"Feature","properties":{"name":null,"cls":"tertiary","km":0.39},"geometry":{"type":"LineString","coordinates":[[116.97871184500002,0.4380815195103228],[116.97763558600002,0.43492417351384727]]}},{"type":"Feature","properties":{"name":null,"cls":"tertiary","km":0.39},"geometry":{"type":"LineString","coordinates":[[116.54236667800001,0.768830155140975],[116.53912256500006,0.7680630811417999]]}},{"type":"Feature","properties":{"name":null,"cls":"tertiary","km":0.39},"geometry":{"type":"LineString","coordinates":[[115.03520929900003,1.3719510394692773],[115.03666399500003,1.3749703284659283]]}},{"type":"Feature","properties":{"name":null,"cls":"tertiary","km":0.38},"geometry":{"type":"LineString","coordinates":[[115.90384807500004,0.284306753682209],[115.90711265900006,0.2848852246815343]]}},{"type":"Feature","properties":{"name":null,"cls":"tertiary","km":0.38},"geometry":{"type":"LineString","coordinates":[[115.90410392200012,0.11983526286603331],[115.90195219700001,0.11737020086877724]]}},{"type":"Feature","properties":{"name":null,"cls":"tertiary","km":0.38},"geometry":{"type":"LineString","coordinates":[[115.78802305500005,0.4762153584677001],[115.7855193570001,0.4779207064658467]]}},{"type":"Feature","properties":{"name":null,"cls":"tertiary","km":0.38},"geometry":{"type":"LineString","coordinates":[[116.8977869360001,0.42952997651990377],[116.90073264700004,0.4310452465181656]]}},{"type":"Feature","properties":{"name":null,"cls":"tertiary","km":0.38},"geometry":{"type":"LineString","coordinates":[[116.97267818400007,0.7021168742154288],[116.97158903700006,0.7051748572119838]]}},{"type":"Feature","properties":{"name":null,"cls":"tertiary","km":0.38},"geometry":{"type":"LineString","coordinates":[[116.38470816200002,0.5979890483316931],[116.38541132700004,0.601272380328058]]}},{"type":"Feature","properties":{"name":null,"cls":"tertiary","km":0.38},"geometry":{"type":"LineString","coordinates":[[116.26668426200001,0.7070052422099646],[116.26995918000011,0.7068602582101482]]}},{"type":"Feature","properties":{"name":null,"cls":"tertiary","km":0.38},"geometry":{"type":"LineString","coordinates":[[116.4827640200001,0.4235143925266089],[116.47944705300006,0.42342839952668837]]}},{"type":"Feature","properties":{"name":null,"cls":"tertiary","km":0.38},"geometry":{"type":"LineString","coordinates":[[116.24225121400002,0.16457040481605992],[116.2389441460001,0.164961611815606]]}},{"type":"Feature","properties":{"name":null,"cls":"tertiary","km":0.38},"geometry":{"type":"LineString","coordinates":[[116.73937611000008,0.6086798033197773],[116.74011681100001,0.6054235313233597]]}},{"type":"Feature","properties":{"name":null,"cls":"tertiary","km":0.38},"geometry":{"type":"LineString","coordinates":[[116.97312565700007,0.6618653222603763],[116.97549014600008,0.6640492942579159]]}},{"type":"Feature","properties":{"name":null,"cls":"tertiary","km":0.38},"geometry":{"type":"LineString","coordinates":[[116.83138341800009,0.7176310271980978],[116.82889138200007,0.7154779932004882]]}},{"type":"Feature","properties":{"name":null,"cls":"tertiary","km":0.38},"geometry":{"type":"LineString","coordinates":[[116.09376910900005,0.032272803963974236],[116.09457528600001,0.029168783967408147]]}},{"type":"Feature","properties":{"name":null,"cls":"tertiary","km":0.38},"geometry":{"type":"LineString","coordinates":[[116.78166511500001,0.6729690252479483],[116.7811849950001,0.6696470842517025]]}},{"type":"Feature","properties":{"name":null,"cls":"tertiary","km":0.38},"geometry":{"type":"LineString","coordinates":[[115.80165413600004,0.18588225679222528],[115.79849150500002,0.1870059397909932]]}},{"type":"Feature","properties":{"name":null,"cls":"tertiary","km":0.38},"geometry":{"type":"LineString","coordinates":[[116.78504087500005,0.7874242951202342],[116.78188130900001,0.7886826001188347]]}},{"type":"Feature","properties":{"name":null,"cls":"tertiary","km":0.38},"geometry":{"type":"LineString","coordinates":[[115.57430110600002,0.24265924372872302],[115.5760643100001,0.24555163972547397]]}},{"type":"Feature","properties":{"name":null,"cls":"tertiary","km":0.38},"geometry":{"type":"LineString","coordinates":[[116.41366587900008,0.3268344726346218],[116.41047657500008,0.32751288563386305]]}},{"type":"Feature","properties":{"name":null,"cls":"tertiary","km":0.38},"geometry":{"type":"LineString","coordinates":[[116.85240025400002,0.59989627432957],[116.85564075100002,0.6008986483284321]]}},{"type":"Feature","properties":{"name":null,"cls":"tertiary","km":0.38},"geometry":{"type":"LineString","coordinates":[[116.85780236900005,0.6035276013254905],[116.86121890400011,0.6032719203258157]]}},{"type":"Feature","properties":{"name":null,"cls":"tertiary","km":0.38},"geometry":{"type":"LineString","coordinates":[[115.9773778880001,0.5777394333542847],[115.98052699800007,0.5766842913554636]]}},{"type":"Feature","properties":{"name":null,"cls":"tertiary","km":0.38},"geometry":{"type":"LineString","coordinates":[[116.03410950700003,0.6185953083086895],[116.03398863000008,0.6152659013123923]]}},{"type":"Feature","properties":{"name":null,"cls":"tertiary","km":0.38},"geometry":{"type":"LineString","coordinates":[[114.65787122300003,1.4649064823660418],[114.66037085100002,1.4646700353663484]]}},{"type":"Feature","properties":{"name":null,"cls":"tertiary","km":0.37},"geometry":{"type":"LineString","coordinates":[[116.91677499100003,0.8381053920636866],[116.91556385000003,0.8411035520603205]]}},{"type":"Feature","properties":{"name":null,"cls":"tertiary","km":0.37},"geometry":{"type":"LineString","coordinates":[[116.77932825300002,0.6621676502600258],[116.7800503410001,0.6589025752636735]]}},{"type":"Feature","properties":{"name":null,"cls":"tertiary","km":0.37},"geometry":{"type":"LineString","coordinates":[[116.75356033000003,0.8567347040429316],[116.75687238000012,0.8569899630426017]]}},{"type":"Feature","properties":{"name":null,"cls":"tertiary","km":0.37},"geometry":{"type":"LineString","coordinates":[[116.17778313300005,0.1741602698053575],[116.17740476600012,0.1774319448016498]]}},{"type":"Feature","properties":{"name":null,"cls":"tertiary","km":0.37},"geometry":{"type":"LineString","coordinates":[[116.3164346220001,0.3609934005964601],[116.31524632100002,0.35809712159971696]]}},{"type":"Feature","properties":{"name":null,"cls":"tertiary","km":0.37},"geometry":{"type":"LineString","coordinates":[[115.57152356300004,0.2542424607157896],[115.56842348300006,0.2529789197171727]]}},{"type":"Feature","properties":{"name":null,"cls":"tertiary","km":0.37},"geometry":{"type":"LineString","coordinates":[[115.60043493500007,0.24826812572246146],[115.603133275,0.24644995472452305]]}},{"type":"Feature","properties":{"name":null,"cls":"tertiary","km":0.37},"geometry":{"type":"LineString","coordinates":[[116.96865836200003,0.748021698164198],[116.96673901400004,0.750789588161072]]}},{"type":"Feature","properties":{"name":null,"cls":"tertiary","km":0.37},"geometry":{"type":"LineString","coordinates":[[116.91201808000005,0.49304484544888666],[116.91413662900005,0.4905473624517307]]}},{"type":"Feature","properties":{"name":null,"cls":"tertiary","km":0.37},"geometry":{"type":"LineString","coordinates":[[116.87914401700004,0.5945602873354938],[116.88110951400007,0.5919487553384305]]}},{"type":"Feature","properties":{"name":null,"cls":"tertiary","km":0.37},"geometry":{"type":"LineString","coordinates":[[116.98140667300004,0.6908732082279947],[116.98341582000012,0.6934343162250955]]}},{"type":"Feature","properties":{"name":null,"cls":"tertiary","km":0.37},"geometry":{"type":"LineString","coordinates":[[116.63100925600008,0.980520877904871],[116.62987161700005,0.9775470569081923]]}},{"type":"Feature","properties":{"name":null,"cls":"tertiary","km":0.37},"geometry":{"type":"LineString","coordinates":[[116.55638657400006,0.9455168369439252],[116.55697055100006,0.942401807947365]]}},{"type":"Feature","properties":{"name":null,"cls":"tertiary","km":0.37},"geometry":{"type":"LineString","coordinates":[[116.55791540700011,0.7575143131536105],[116.5589011190001,0.7602118371505785]]}},{"type":"Feature","properties":{"name":null,"cls":"tertiary","km":0.37},"geometry":{"type":"LineString","coordinates":[[116.50476485100012,0.6345430942908632],[116.50801898400003,0.6343189602910957]]}},{"type":"Feature","properties":{"name":null,"cls":"tertiary","km":0.37},"geometry":{"type":"LineString","coordinates":[[116.50172648400007,0.6333079862922171],[116.50303999500011,0.6303628182955233]]}},{"type":"Feature","properties":{"name":null,"cls":"tertiary","km":0.37},"geometry":{"type":"LineString","coordinates":[[116.50602619000007,0.6310967762947268],[116.50406684600011,0.6284090152977091]]}},{"type":"Feature","properties":{"name":null,"cls":"tertiary","km":0.37},"geometry":{"type":"LineString","coordinates":[[116.48469589900003,0.4380362045103903],[116.48272700900009,0.43544017451329026]]}},{"type":"Feature","properties":{"name":null,"cls":"tertiary","km":0.37},"geometry":{"type":"LineString","coordinates":[[116.3603859870001,0.47263588747174523],[116.35938057400006,0.46946780847526093]]}},{"type":"Feature","properties":{"name":null,"cls":"tertiary","km":0.37},"geometry":{"type":"LineString","coordinates":[[116.40516520000004,0.3662708495905753],[116.40211524900008,0.36725435958947333]]}},{"type":"Feature","properties":{"name":null,"cls":"tertiary","km":0.37},"geometry":{"type":"LineString","coordinates":[[116.17362089400002,0.4763956134675279],[116.17142320700009,0.47399767947015436]]}},{"type":"Feature","properties":{"name":null,"cls":"tertiary","km":0.37},"geometry":{"type":"LineString","coordinates":[[116.16755561700005,0.13028393085441056],[116.1695597150001,0.13275787885162388]]}},{"type":"Feature","properties":{"name":null,"cls":"tertiary","km":0.37},"geometry":{"type":"LineString","coordinates":[[115.93644728400011,0.034431418961554126],[115.9340497820001,0.036736409958973086]]}},{"type":"Feature","properties":{"name":null,"cls":"tertiary","km":0.37},"geometry":{"type":"LineString","coordinates":[[115.96142490800004,0.05583171193759981],[115.95830950200002,0.05594694593751702]]}},{"type":"Feature","properties":{"name":null,"cls":"tertiary","km":0.37},"geometry":{"type":"LineString","coordinates":[[116.87831873000005,0.7074082812095656],[116.87591108100003,0.7073570602095592]]}},{"type":"Feature","properties":{"name":null,"cls":"tertiary","km":0.37},"geometry":{"type":"LineString","coordinates":[[116.913227344,0.4240535895259817],[116.91598353500001,0.4258982955239539]]}},{"type":"Feature","properties":{"name":null,"cls":"tertiary","km":0.37},"geometry":{"type":"LineString","coordinates":[[116.31652105100012,0.35817048259963846],[116.31950766200009,0.3569984566009289]]}},{"type":"Feature","properties":{"name":null,"cls":"tertiary","km":0.37},"geometry":{"type":"LineString","coordinates":[[115.72871930700002,0.6024755693266518],[115.7316505450001,0.6034768353255621]]}},{"type":"Feature","properties":{"name":null,"cls":"tertiary","km":0.37},"geometry":{"type":"LineString","coordinates":[[115.58552638700007,0.20059025277574186],[115.58226355400006,0.20044298477593706]]}},{"type":"Feature","properties":{"name":null,"cls":"tertiary","km":0.37},"geometry":{"type":"LineString","coordinates":[[115.78041514200005,0.17884224180007438],[115.77993591500001,0.1821558557963929]]}},{"type":"Feature","properties":{"name":null,"cls":"tertiary","km":0.37},"geometry":{"type":"LineString","coordinates":[[116.96585453700004,0.4589352654870168],[116.96641265000005,0.46217446348338154]]}},{"type":"Feature","properties":{"name":null,"cls":"tertiary","km":0.37},"geometry":{"type":"LineString","coordinates":[[116.78621265100003,0.7939349861129862],[116.78309568400005,0.7948943961118993]]}},{"type":"Feature","properties":{"name":null,"cls":"tertiary","km":0.37},"geometry":{"type":"LineString","coordinates":[[116.82728535200012,0.6773575132430796],[116.82477138600008,0.6752676002453605]]}},{"type":"Feature","properties":{"name":null,"cls":"tertiary","km":0.37},"geometry":{"type":"LineString","coordinates":[[116.26521287900005,0.3755627535801737],[116.26201088700009,0.37518358458061507]]}},{"type":"Feature","properties":{"name":null,"cls":"tertiary","km":0.37},"geometry":{"type":"LineString","coordinates":[[116.9017945050001,0.45064176549628593],[116.89895289600007,0.45158332549522795]]}},{"type":"Feature","properties":{"name":null,"cls":"tertiary","km":0.37},"geometry":{"type":"LineString","coordinates":[[115.79813656700003,0.07982567191077773],[115.80105508200006,0.08098344890948755]]}},{"type":"Feature","properties":{"name":null,"cls":"tertiary","km":0.37},"geometry":{"type":"LineString","coordinates":[[115.34970907700006,1.648951565161951],[115.350516287,1.6521968251583619]]}},{"type":"Feature","properties":{"name":null,"cls":"tertiary","km":0.37},"geometry":{"type":"LineString","coordinates":[[115.404162733,1.7072120580974668],[115.40663608800003,1.705106970099745]]}},{"type":"Feature","properties":{"name":null,"cls":"tertiary","km":0.37},"geometry":{"type":"LineString","coordinates":[[115.16838536700004,1.5313185262923263],[115.16754685000001,1.5344499762888808]]}},{"type":"Feature","properties":{"name":null,"cls":"tertiary","km":0.37},"geometry":{"type":"LineString","coordinates":[[114.49761696600002,1.1292566717391972],[114.49776822700005,1.1259540417428677]]}},{"type":"Feature","properties":{"name":null,"cls":"tertiary","km":0.36},"geometry":{"type":"LineString","coordinates":[[116.80511430000003,0.7458530761666113],[116.8076656290001,0.7438310271688472]]}},{"type":"Feature","properties":{"name":null,"cls":"tertiary","km":0.36},"geometry":{"type":"LineString","coordinates":[[116.40660901000001,0.6421615062823451],[116.40860574900012,0.6399066092848609]]}},{"type":"Feature","properties":{"name":null,"cls":"tertiary","km":0.36},"geometry":{"type":"LineString","coordinates":[[115.7464041720001,0.20958104276576353],[115.74927907100006,0.2108393397643242]]}},{"type":"Feature","properties":{"name":null,"cls":"tertiary","km":0.36},"geometry":{"type":"LineString","coordinates":[[115.62754208800006,0.21582602975877963],[115.6246565230001,0.214782183759892]]}},{"type":"Feature","properties":{"name":null,"cls":"tertiary","km":0.36},"geometry":{"type":"LineString","coordinates":[[115.58589239600008,0.20553330777024914],[115.58781167300003,0.20304891077301512]]}},{"type":"Feature","properties":{"name":null,"cls":"tertiary","km":0.36},"geometry":{"type":"LineString","coordinates":[[115.57931916400003,0.198350671778271],[115.57726704000005,0.20071529177563835]]}},{"type":"Feature","properties":{"name":null,"cls":"tertiary","km":0.36},"geometry":{"type":"LineString","coordinates":[[115.75692668400008,0.15891685882236564],[115.75967501100003,0.1606167498204566]]}},{"type":"Feature","properties":{"name":null,"cls":"tertiary","km":0.36},"geometry":{"type":"LineString","coordinates":[[116.94457298300006,0.5492089063861652],[116.94407096600001,0.5522623293828014]]}},{"type":"Feature","properties":{"name":null,"cls":"tertiary","km":0.36},"geometry":{"type":"LineString","coordinates":[[116.67114323500005,0.7879712351195769],[116.66814710900007,0.7870543531206096]]}},{"type":"Feature","properties":{"name":null,"cls":"tertiary","km":0.36},"geometry":{"type":"LineString","coordinates":[[116.58428315700009,0.9584744699294555],[116.58165715100006,0.9565831859315643]]}},{"type":"Feature","properties":{"name":null,"cls":"tertiary","km":0.36},"geometry":{"type":"LineString","coordinates":[[116.56894453700012,0.6282708202978987],[116.56947321400004,0.6308775582949846]]}},{"type":"Feature","properties":{"name":null,"cls":"tertiary","km":0.36},"geometry":{"type":"LineString","coordinates":[[116.48276370600003,0.42013705553038827],[116.4801455490001,0.42161363352874054]]}},{"type":"Feature","properties":{"name":null,"cls":"tertiary","km":0.36},"geometry":{"type":"LineString","coordinates":[[116.4646749220001,0.4416302335063892],[116.4678269530001,0.44164077150635045]]}},{"type":"Feature","properties":{"name":null,"cls":"tertiary","km":0.36},"geometry":{"type":"LineString","coordinates":[[116.37908641900003,0.2974444346674906],[116.38224656200008,0.29714394166784014]]}},{"type":"Feature","properties":{"name":null,"cls":"tertiary","km":0.36},"geometry":{"type":"LineString","coordinates":[[116.11444995800002,0.07580043691531721],[116.11124872800009,0.07592787391514898]]}},{"type":"Feature","properties":{"name":null,"cls":"tertiary","km":0.36},"geometry":{"type":"LineString","coordinates":[[116.17106127000011,0.11435833687219261],[116.17060116100005,0.11750596086868913]]}},{"type":"Feature","properties":{"name":null,"cls":"tertiary","km":0.36},"geometry":{"type":"LineString","coordinates":[[116.20904314800009,0.09883624688954495],[116.20743488900007,0.09605565689263498]]}},{"type":"Feature","properties":{"name":null,"cls":"tertiary","km":0.36},"geometry":{"type":"LineString","coordinates":[[116.77674922300002,0.6481076312757544],[116.77410507800006,0.6497470062738823]]}},{"type":"Feature","properties":{"name":null,"cls":"tertiary","km":0.36},"geometry":{"type":"LineString","coordinates":[[115.52528645800011,0.3168762316457542],[115.52443595300008,0.31987182264241526]]}},{"type":"Feature","properties":{"name":null,"cls":"tertiary","km":0.36},"geometry":{"type":"LineString","coordinates":[[115.5145034190001,0.34050753861938254],[115.51188790400009,0.34203483761767267]]}},{"type":"Feature","properties":{"name":null,"cls":"tertiary","km":0.36},"geometry":{"type":"LineString","coordinates":[[116.42535459200009,0.5939209513362738],[116.42250111500006,0.5950635073349928]]}},{"type":"Feature","properties":{"name":null,"cls":"tertiary","km":0.36},"geometry":{"type":"LineString","coordinates":[[116.05469497500007,0.3377770616224149],[116.05453068800011,0.34097665161883955]]}},{"type":"Feature","properties":{"name":null,"cls":"tertiary","km":0.36},"geometry":{"type":"LineString","coordinates":[[115.58074548000003,0.23668892573542077],[115.58381984400013,0.23767094973430772]]}},{"type":"Feature","properties":{"name":null,"cls":"tertiary","km":0.36},"geometry":{"type":"LineString","coordinates":[[116.83711623500004,0.7207955201945925],[116.83474371700004,0.7189513181966392]]}},{"type":"Feature","properties":{"name":null,"cls":"tertiary","km":0.36},"geometry":{"type":"LineString","coordinates":[[116.75614504000009,0.8875287490085643],[116.75628390400004,0.8908158520048868]]}},{"type":"Feature","properties":{"name":null,"cls":"tertiary","km":0.36},"geometry":{"type":"LineString","coordinates":[[116.0163349280001,0.4392359035090377],[116.01450457800003,0.44170681050630706]]}},{"type":"Feature","properties":{"name":null,"cls":"tertiary","km":0.36},"geometry":{"type":"LineString","coordinates":[[114.64445487500005,1.4632460263679252],[114.64744666600005,1.4643123953667214]]}},{"type":"Feature","properties":{"name":null,"cls":"tertiary","km":0.35},"geometry":{"type":"LineString","coordinates":[[114.878993142,0.888917730007023],[114.8758627740001,0.8893996130064781]]}},{"type":"Feature","properties":{"name":null,"cls":"tertiary","km":0.35},"geometry":{"type":"LineString","coordinates":[[116.77353864200006,0.6531705302700931],[116.77351339200004,0.656093905266779]]}},{"type":"Feature","properties":{"name":null,"cls":"tertiary","km":0.35},"geometry":{"type":"LineString","coordinates":[[116.80416599600005,0.711844779204557],[116.80597918500008,0.713805955202405]]}},{"type":"Feature","properties":{"name":null,"cls":"tertiary","km":0.35},"geometry":{"type":"LineString","coordinates":[[115.51133247100006,0.2607607077084941],[115.5139710970001,0.2591318287103572]]}},{"type":"Feature","properties":{"name":null,"cls":"tertiary","km":0.35},"geometry":{"type":"LineString","coordinates":[[115.5523344930001,0.2947467866705471],[115.55298243600011,0.297803661667084]]}},{"type":"Feature","properties":{"name":null,"cls":"tertiary","km":0.35},"geometry":{"type":"LineString","coordinates":[[115.60138358200004,0.20813157576732308],[115.59887422300005,0.20892997876645364]]}},{"type":"Feature","properties":{"name":null,"cls":"tertiary","km":0.35},"geometry":{"type":"LineString","coordinates":[[116.52197984200006,0.9297367209614701],[116.52033954500007,0.9322731679586652]]}},{"type":"Feature","properties":{"name":null,"cls":"tertiary","km":0.35},"geometry":{"type":"LineString","coordinates":[[116.89699798200002,0.5356887154012545],[116.90005763400006,0.5361397054007339]]}},{"type":"Feature","properties":{"name":null,"cls":"tertiary","km":0.35},"geometry":{"type":"LineString","coordinates":[[116.90060228000004,0.5338254864033619],[116.8975995080001,0.5331536344041475]]}},{"type":"Feature","properties":{"name":null,"cls":"tertiary","km":0.35},"geometry":{"type":"LineString","coordinates":[[116.97724406300007,0.6988946242190415],[116.97675947200003,0.6958484092224251]]}},{"type":"Feature","properties":{"name":null,"cls":"tertiary","km":0.35},"geometry":{"type":"LineString","coordinates":[[116.42929452300007,0.7266747111879972],[116.42815565300008,0.7295225061848838]]}},{"type":"Feature","properties":{"name":null,"cls":"tertiary","km":0.35},"geometry":{"type":"LineString","coordinates":[[116.52923570300004,0.667200787254434],[116.5309188760001,0.6696650682516931]]}},{"type":"Feature","properties":{"name":null,"cls":"tertiary","km":0.35},"geometry":{"type":"LineString","coordinates":[[116.45371165600011,0.4611193604845715],[116.45622103900007,0.459894853485917]]}},{"type":"Feature","properties":{"name":null,"cls":"tertiary","km":0.35},"geometry":{"type":"LineString","coordinates":[[116.24360778000005,0.3997998885531347],[116.24640214100009,0.40005924855280606]]}},{"type":"Feature","properties":{"name":null,"cls":"tertiary","km":0.35},"geometry":{"type":"LineString","coordinates":[[116.41751461300008,0.22827270274484118],[116.42042723100006,0.2273288537459173]]}},{"type":"Feature","properties":{"name":null,"cls":"tertiary","km":0.35},"geometry":{"type":"LineString","coordinates":[[116.94432141600011,0.44178933950623245],[116.94296284200003,0.43901762250925563]]}},{"type":"Feature","properties":{"name":null,"cls":"tertiary","km":0.35},"geometry":{"type":"LineString","coordinates":[[116.77454700400004,0.7585844071523954],[116.77544722000003,0.7557315211556208]]}},{"type":"Feature","properties":{"name":null,"cls":"tertiary","km":0.35},"geometry":{"type":"LineString","coordinates":[[116.83380866600008,0.6640600192578802],[116.833187457,0.6670941832545302]]}},{"type":"Feature","properties":{"name":null,"cls":"tertiary","km":0.35},"geometry":{"type":"LineString","coordinates":[[115.78328739600012,0.19452800978255272],[115.78628646500012,0.1951613547818575]]}},{"type":"Feature","properties":{"name":null,"cls":"tertiary","km":0.35},"geometry":{"type":"LineString","coordinates":[[116.81527683600008,0.6519437162714342],[116.81494470400003,0.655044706267993]]}},{"type":"Feature","properties":{"name":null,"cls":"tertiary","km":0.35},"geometry":{"type":"LineString","coordinates":[[116.04051496900001,0.349290331609576],[116.04270285400003,0.34732796961175477]]}},{"type":"Feature","properties":{"name":null,"cls":"tertiary","km":0.35},"geometry":{"type":"LineString","coordinates":[[115.78800717800006,0.20954523076577256],[115.78541840900004,0.21132046776380972]]}},{"type":"Feature","properties":{"name":null,"cls":"tertiary","km":0.35},"geometry":{"type":"LineString","coordinates":[[115.55690482500007,0.19603234078086226],[115.55989835200002,0.19554632278138442]]}},{"type":"Feature","properties":{"name":null,"cls":"tertiary","km":0.35},"geometry":{"type":"LineString","coordinates":[[115.59941797600004,0.07305976991834656],[115.60209117300008,0.07155125292003818]]}},{"type":"Feature","properties":{"name":null,"cls":"tertiary","km":0.35},"geometry":{"type":"LineString","coordinates":[[116.11055164200002,0.42088646552956305],[116.10929938700008,0.4234969245266339]]}},{"type":"Feature","properties":{"name":null,"cls":"tertiary","km":0.35},"geometry":{"type":"LineString","coordinates":[[116.00808220400008,0.4303359705189536],[116.00786716200003,0.4334369415155221]]}},{"type":"Feature","properties":{"name":null,"cls":"tertiary","km":0.35},"geometry":{"type":"LineString","coordinates":[[115.3686345320001,1.750475577049565],[115.370695296,1.75283977604694]]}},{"type":"Feature","properties":{"name":null,"cls":"tertiary","km":0.34},"geometry":{"type":"LineString","coordinates":[[116.97793610300006,0.723380165191689],[116.98075221400006,0.7243883491905563]]}},{"type":"Feature","properties":{"name":null,"cls":"tertiary","km":0.34},"geometry":{"type":"LineString","coordinates":[[116.97987596300004,0.7309062531832996],[116.97998455700007,0.7338991871799657]]}},{"type":"Feature","properties":{"name":null,"cls":"tertiary","km":0.34},"geometry":{"type":"LineString","coordinates":[[116.78054634400007,0.6819657642379137],[116.7817914200001,0.6791829932410343]]}},{"type":"Feature","properties":{"name":null,"cls":"tertiary","km":0.34},"geometry":{"type":"LineString","coordinates":[[115.84322392000001,0.13258685185176533],[115.84210352900004,0.13523772384882757]]}},{"type":"Feature","properties":{"name":null,"cls":"tertiary","km":0.34},"geometry":{"type":"LineString","coordinates":[[115.81819557200005,0.20696752176866698],[115.82094050900001,0.20555807677019808]]}},{"type":"Feature","properties":{"name":null,"cls":"tertiary","km":0.34},"geometry":{"type":"LineString","coordinates":[[115.526126438,0.3035691646606604],[115.52326435400006,0.30437111765975505]]}},{"type":"Feature","properties":{"name":null,"cls":"tertiary","km":0.34},"geometry":{"type":"LineString","coordinates":[[115.55042707700011,0.2935383466718455],[115.54820107900001,0.2953938296697771]]}},{"type":"Feature","properties":{"name":null,"cls":"tertiary","km":0.34},"geometry":{"type":"LineString","coordinates":[[115.67748876800012,0.15136802483083636],[115.67487968300009,0.15247508182953773]]}},{"type":"Feature","properties":{"name":null,"cls":"tertiary","km":0.34},"geometry":{"type":"LineString","coordinates":[[116.27823661700006,0.8093415260958065],[116.27569234400005,0.8110881260938193]]}},{"type":"Feature","properties":{"name":null,"cls":"tertiary","km":0.34},"geometry":{"type":"LineString","coordinates":[[116.80422152600012,0.928133665963284],[116.80220191500007,0.9296091009616303]]}},{"type":"Feature","properties":{"name":null,"cls":"tertiary","km":0.34},"geometry":{"type":"LineString","coordinates":[[116.91296357100009,0.5039901544366778],[116.91493169900004,0.5063760824340068]]}},{"type":"Feature","properties":{"name":null,"cls":"tertiary","km":0.34},"geometry":{"type":"LineString","coordinates":[[116.91166220200012,0.5011256244398686],[116.91206034200002,0.5041458794365294]]}},{"type":"Feature","properties":{"name":null,"cls":"tertiary","km":0.34},"geometry":{"type":"LineString","coordinates":[[116.89782866100006,0.5320301314053701],[116.89601918100004,0.5297438604079344]]}},{"type":"Feature","properties":{"name":null,"cls":"tertiary","km":0.34},"geometry":{"type":"LineString","coordinates":[[116.93539386600004,0.6371361992879782],[116.93349110300004,0.6394905882853477]]}},{"type":"Feature","properties":{"name":null,"cls":"tertiary","km":0.34},"geometry":{"type":"LineString","coordinates":[[116.93754202100001,0.613812592313998],[116.93620585200006,0.6111149753170695]]}},{"type":"Feature","properties":{"name":null,"cls":"tertiary","km":0.34},"geometry":{"type":"LineString","coordinates":[[116.97538686600001,0.609248685319148],[116.97370497000009,0.6066798723220088]]}},{"type":"Feature","properties":{"name":null,"cls":"tertiary","km":0.34},"geometry":{"type":"LineString","coordinates":[[116.97349503500006,0.7009301962167742],[116.97580942500008,0.70284715821461]]}},{"type":"Feature","properties":{"name":null,"cls":"tertiary","km":0.34},"geometry":{"type":"LineString","coordinates":[[116.97461912000006,0.7003567912173817],[116.97724406300007,0.6988946242190415]]}},{"type":"Feature","properties":{"name":null,"cls":"tertiary","km":0.34},"geometry":{"type":"LineString","coordinates":[[116.65231008700005,0.9889602518955141],[116.65018095300003,0.9868622788977879]]}},{"type":"Feature","properties":{"name":null,"cls":"tertiary","km":0.34},"geometry":{"type":"LineString","coordinates":[[116.26497126000005,0.666842613254837],[116.26205088600011,0.6665690312550915]]}},{"type":"Feature","properties":{"name":null,"cls":"tertiary","km":0.34},"geometry":{"type":"LineString","coordinates":[[116.5239035210001,0.632920782292675],[116.5268799270001,0.6332239592923573]]}},{"type":"Feature","properties":{"name":null,"cls":"tertiary","km":0.34},"geometry":{"type":"LineString","coordinates":[[116.4682877890001,0.42444939852551916],[116.46538879000003,0.4239051735261398]]}},{"type":"Feature","properties":{"name":null,"cls":"tertiary","km":0.34},"geometry":{"type":"LineString","coordinates":[[116.36767489200007,0.4577249484883876],[116.36857326500002,0.4605752094852139]]}},{"type":"Feature","properties":{"name":null,"cls":"tertiary","km":0.34},"geometry":{"type":"LineString","coordinates":[[116.19089641900007,0.5105048324294008],[116.19306848800011,0.5086792054314744]]}},{"type":"Feature","properties":{"name":null,"cls":"tertiary","km":0.34},"geometry":{"type":"LineString","coordinates":[[116.11827154200012,0.07563602391550969],[116.11572926200006,0.07393451891738084]]}},{"type":"Feature","properties":{"name":null,"cls":"tertiary","km":0.34},"geometry":{"type":"LineString","coordinates":[[116.90476927000009,0.4535395794930538],[116.90582855600009,0.4564558214898251]]}},{"type":"Feature","properties":{"name":null,"cls":"tertiary","km":0.34},"geometry":{"type":"LineString","coordinates":[[115.95942252100009,0.05267254994119287],[115.96190686100012,0.05438825793926034]]}},{"type":"Feature","properties":{"name":null,"cls":"tertiary","km":0.34},"geometry":{"type":"LineString","coordinates":[[115.74015989300005,0.024264233972899014],[115.74104533600007,0.02715909196966772]]}},{"type":"Feature","properties":{"name":null,"cls":"tertiary","km":0.34},"geometry":{"type":"LineString","coordinates":[[116.81890226400003,0.6729615392480103],[116.82068364000008,0.6753588122453071]]}},{"type":"Feature","properties":{"name":null,"cls":"tertiary","km":0.34},"geometry":{"type":"LineString","coordinates":[[116.09854204100009,0.43011197951923974],[116.09935796800005,0.43301749751596486]]}},{"type":"Feature","properties":{"name":null,"cls":"tertiary","km":0.34},"geometry":{"type":"LineString","coordinates":[[115.6783757190001,0.14552293683735276],[115.68118970400008,0.14430388783867434]]}},{"type":"Feature","properties":{"name":null,"cls":"tertiary","km":0.34},"geometry":{"type":"LineString","coordinates":[[116.05081787300003,0.3623719095949277],[116.05195521700011,0.36502665459197975]]}},{"type":"Feature","properties":{"name":null,"cls":"tertiary","km":0.34},"geometry":{"type":"LineString","coordinates":[[116.98041539000009,0.43351259951541643],[116.98213936500008,0.4354392545132777]]}},{"type":"Feature","properties":{"name":null,"cls":"tertiary","km":0.34},"geometry":{"type":"LineString","coordinates":[[115.75766741500001,0.03876890395671896],[115.75635751500012,0.04148390795365527]]}},{"type":"Feature","properties":{"name":null,"cls":"tertiary","km":0.34},"geometry":{"type":"LineString","coordinates":[[116.49634745200001,0.6363680112888519],[116.49335880500007,0.6369314452882218]]}},{"type":"Feature","properties":{"name":null,"cls":"tertiary","km":0.34},"geometry":{"type":"LineString","coordinates":[[115.19856447900008,1.5336772192897679],[115.19824926100011,1.5367318542863597]]}},{"type":"Feature","properties":{"name":null,"cls":"tertiary","km":0.33},"geometry":{"type":"LineString","coordinates":[[116.7690956150001,0.6614230212609032],[116.77200912500007,0.6612965172609735]]}},{"type":"Feature","properties":{"name":null,"cls":"tertiary","km":0.33},"geometry":{"type":"LineString","coordinates":[[115.5131166980001,0.8907751490049057],[115.51556548400004,0.8923997640031234]]}},{"type":"Feature","properties":{"name":null,"cls":"tertiary","km":0.33},"geometry":{"type":"LineString","coordinates":[[115.57543774900013,0.30301592466128574],[115.57531661800012,0.3059583216579578]]}},{"type":"Feature","properties":{"name":null,"cls":"tertiary","km":0.33},"geometry":{"type":"LineString","coordinates":[[116.78930242600006,0.651894408271464],[116.79152018900005,0.6500359642735336]]}},{"type":"Feature","properties":{"name":null,"cls":"tertiary","km":0.33},"geometry":{"type":"LineString","coordinates":[[116.9060101130001,0.43715307151140054],[116.9075607110001,0.43964849850858106]]}},{"type":"Feature","properties":{"name":null,"cls":"tertiary","km":0.33},"geometry":{"type":"LineString","coordinates":[[116.64411384500009,0.9909275348933089],[116.64339641000002,0.9880761688964621]]}},{"type":"Feature","properties":{"name":null,"cls":"tertiary","km":0.33},"geometry":{"type":"LineString","coordinates":[[116.45041048400005,0.4628191374826757],[116.45327075600005,0.46305667248241766]]}},{"type":"Feature","properties":{"name":null,"cls":"tertiary","km":0.33},"geometry":{"type":"LineString","coordinates":[[116.36593851100008,0.4257381995241247],[116.36681632800004,0.427958641521594]]}},{"type":"Feature","properties":{"name":null,"cls":"tertiary","km":0.33},"geometry":{"type":"LineString","coordinates":[[116.24111713800005,0.4694283854753047],[116.24082043600004,0.47235122947206076]]}},{"type":"Feature","properties":{"name":null,"cls":"tertiary","km":0.33},"geometry":{"type":"LineString","coordinates":[[116.24053923800011,0.166918340813405],[116.24225121400002,0.16457040481605992]]}},{"type":"Feature","properties":{"name":null,"cls":"tertiary","km":0.33},"geometry":{"type":"LineString","coordinates":[[116.06824552100011,0.35423613160402556],[116.07000577400004,0.3520279306065179]]}},{"type":"Feature","properties":{"name":null,"cls":"tertiary","km":0.33},"geometry":{"type":"LineString","coordinates":[[116.98738048800011,0.6715004892495879],[116.98487347600006,0.6700034412512803]]}},{"type":"Feature","properties":{"name":null,"cls":"tertiary","km":0.33},"geometry":{"type":"LineString","coordinates":[[116.98779663800008,0.7351848321785569],[116.98724104500002,0.7323538831816657]]}},{"type":"Feature","properties":{"name":null,"cls":"tertiary","km":0.33},"geometry":{"type":"LineString","coordinates":[[116.55321485200011,0.7906450441166383],[116.55161141400004,0.7883102751192391]]}},{"type":"Feature","properties":{"name":null,"cls":"tertiary","km":0.33},"geometry":{"type":"LineString","coordinates":[[116.77101625400007,0.7015790192160357],[116.7682915040001,0.7025440362149528]]}},{"type":"Feature","properties":{"name":null,"cls":"tertiary","km":0.33},"geometry":{"type":"LineString","coordinates":[[116.41064477900012,0.634759963290665],[116.41334183600009,0.6357123642896116]]}},{"type":"Feature","properties":{"name":null,"cls":"tertiary","km":0.33},"geometry":{"type":"LineString","coordinates":[[115.74416370200005,0.12821113985674748],[115.7419406360001,0.12637977685874438]]}},{"type":"Feature","properties":{"name":null,"cls":"tertiary","km":0.33},"geometry":{"type":"LineString","coordinates":[[116.78673415300013,0.7601806271506111],[116.78787373600005,0.7628379251476546]]}},{"type":"Feature","properties":{"name":null,"cls":"tertiary","km":0.33},"geometry":{"type":"LineString","coordinates":[[116.02336327500007,0.037887482957640176],[116.02351836200013,0.04090433495431365]]}},{"type":"Feature","properties":{"name":null,"cls":"tertiary","km":0.33},"geometry":{"type":"LineString","coordinates":[[115.36795480300009,1.7449885170556043],[115.36707111400005,1.747692096052637]]}},{"type":"Feature","properties":{"name":null,"cls":"tertiary","km":0.32},"geometry":{"type":"LineString","coordinates":[[116.77911835200007,0.745882446166584],[116.78190442900006,0.7464029401659827]]}},{"type":"Feature","properties":{"name":null,"cls":"tertiary","km":0.32},"geometry":{"type":"LineString","coordinates":[[116.74524398500012,0.8521806230479742],[116.74669821900011,0.854402373045552]]}},{"type":"Feature","properties":{"name":null,"cls":"tertiary","km":0.32},"geometry":{"type":"LineString","coordinates":[[116.06499363100012,0.3467324206124268],[116.066720142,0.34897277560992584]]}},{"type":"Feature","properties":{"name":null,"cls":"tertiary","km":0.32},"geometry":{"type":"LineString","coordinates":[[115.9709704810001,0.33818132162195924],[115.97354600100006,0.33945861662054133]]}},{"type":"Feature","properties":{"name":null,"cls":"tertiary","km":0.32},"geometry":{"type":"LineString","coordinates":[[115.9141109300001,0.07720892291373721],[115.91450435700006,0.0799796549106328]]}},{"type":"Feature","properties":{"name":null,"cls":"tertiary","km":0.32},"geometry":{"type":"LineString","coordinates":[[115.78711782200003,0.1734876678061137],[115.78454188600006,0.17229446380743457]]}},{"type":"Feature","properties":{"name":null,"cls":"tertiary","km":0.32},"geometry":{"type":"LineString","coordinates":[[116.1228057510001,0.42339109452676277],[116.12162806900005,0.4258243065240099]]}},{"type":"Feature","properties":{"name":null,"cls":"tertiary","km":0.32},"geometry":{"type":"LineString","coordinates":[[116.68214731900002,0.7250874181897735],[116.68471072700004,0.7263282931884051]]}},{"type":"Feature","properties":{"name":null,"cls":"tertiary","km":0.32},"geometry":{"type":"LineString","coordinates":[[116.90320993600007,0.4427518945051493],[116.90323113500006,0.4400085155081604]]}},{"type":"Feature","properties":{"name":null,"cls":"tertiary","km":0.32},"geometry":{"type":"LineString","coordinates":[[116.93127251500005,0.6146134803131308],[116.9336282710001,0.6131926463147465]]}},{"type":"Feature","properties":{"name":null,"cls":"tertiary","km":0.32},"geometry":{"type":"LineString","coordinates":[[116.57145804300002,0.981297723904023],[116.5707673920001,0.9839762859010655]]}},{"type":"Feature","properties":{"name":null,"cls":"tertiary","km":0.32},"geometry":{"type":"LineString","coordinates":[[116.58798477100004,0.9743269649117692],[116.58615923200011,0.9721826409141763]]}},{"type":"Feature","properties":{"name":null,"cls":"tertiary","km":0.32},"geometry":{"type":"LineString","coordinates":[[116.41286131300002,0.6061902403225309],[116.41063358200005,0.604578778324343]]}},{"type":"Feature","properties":{"name":null,"cls":"tertiary","km":0.32},"geometry":{"type":"LineString","coordinates":[[116.55371913800002,0.7283346121861908],[116.55407686900004,0.725511296189299]]}},{"type":"Feature","properties":{"name":null,"cls":"tertiary","km":0.32},"geometry":{"type":"LineString","coordinates":[[116.50135495700012,0.6292573042967821],[116.50059042000011,0.6320160752937347]]}},{"type":"Feature","properties":{"name":null,"cls":"tertiary","km":0.32},"geometry":{"type":"LineString","coordinates":[[116.50785885700009,0.6426924242817806],[116.50982798300005,0.6445934512796475]]}},{"type":"Feature","properties":{"name":null,"cls":"tertiary","km":0.32},"geometry":{"type":"LineString","coordinates":[[116.44566195400013,0.45676207448942313],[116.44653822200009,0.4540085734925377]]}},{"type":"Feature","properties":{"name":null,"cls":"tertiary","km":0.32},"geometry":{"type":"LineString","coordinates":[[116.16851279900004,0.48380251045920564],[116.17110391500012,0.4849200564579994]]}},{"type":"Feature","properties":{"name":null,"cls":"tertiary","km":0.32},"geometry":{"type":"LineString","coordinates":[[116.16714729600004,0.45259952449410273],[116.16478225100002,0.4510313084958354]]}},{"type":"Feature","properties":{"name":null,"cls":"tertiary","km":0.32},"geometry":{"type":"LineString","coordinates":[[116.10704062700005,0.07005719792169982],[116.10416452900006,0.07028523992144152]]}},{"type":"Feature","properties":{"name":null,"cls":"tertiary","km":0.32},"geometry":{"type":"LineString","coordinates":[[115.95262682000009,0.05305293594070525],[115.95235349200003,0.05584092293760928]]}},{"type":"Feature","properties":{"name":null,"cls":"tertiary","km":0.32},"geometry":{"type":"LineString","coordinates":[[115.95371442800001,0.09734707589121419],[115.9511398300001,0.09861257488979162]]}},{"type":"Feature","properties":{"name":null,"cls":"tertiary","km":0.32},"geometry":{"type":"LineString","coordinates":[[115.56254615300007,0.3129549436501765],[115.56368419100012,0.3155632026472595]]}},{"type":"Feature","properties":{"name":null,"cls":"tertiary","km":0.32},"geometry":{"type":"LineString","coordinates":[[115.92831870700002,0.04230688195273756],[115.93086373000007,0.04099401995420124]]}},{"type":"Feature","properties":{"name":null,"cls":"tertiary","km":0.32},"geometry":{"type":"LineString","coordinates":[[116.74711791700008,0.8513824290488954],[116.74955057800003,0.8527258510473555]]}},{"type":"Feature","properties":{"name":null,"cls":"tertiary","km":0.32},"geometry":{"type":"LineString","coordinates":[[116.71826051700009,0.8836859460128408],[116.7155838420001,0.884548984011892]]}},{"type":"Feature","properties":{"name":null,"cls":"tertiary","km":0.32},"geometry":{"type":"LineString","coordinates":[[115.75322458100004,0.21268492776224723],[115.75609974100007,0.21261868076229304]]}},{"type":"Feature","properties":{"name":null,"cls":"tertiary","km":0.32},"geometry":{"type":"LineString","coordinates":[[116.00180307400002,0.2772606626900469],[116.00437345900002,0.2760123606914316]]}},{"type":"Feature","properties":{"name":null,"cls":"tertiary","km":0.32},"geometry":{"type":"LineString","coordinates":[[116.51376915300013,0.4891687164532317],[116.51540357700004,0.48741000345519386]]}},{"type":"Feature","properties":{"name":null,"cls":"tertiary","km":0.32},"geometry":{"type":"LineString","coordinates":[[116.73118896500011,0.6459850492780821],[116.7334847080001,0.6444864252797885]]}},{"type":"Feature","properties":{"name":null,"cls":"tertiary","km":0.31},"geometry":{"type":"LineString","coordinates":[[116.83682550000005,0.6626322682594893],[116.83496212500006,0.6645731912573167]]}},{"type":"Feature","properties":{"name":null,"cls":"tertiary","km":0.31},"geometry":{"type":"LineString","coordinates":[[115.90887937500008,0.27223873569565854],[115.91137824700002,0.27318221269463483]]}},{"type":"Feature","properties":{"name":null,"cls":"tertiary","km":0.31},"geometry":{"type":"LineString","coordinates":[[116.29133376200004,0.37456977258131435],[116.29284922200009,0.3768715225787086]]}},{"type":"Feature","properties":{"name":null,"cls":"tertiary","km":0.31},"geometry":{"type":"LineString","coordinates":[[115.56910834000007,0.32129975864084354],[115.56836251000003,0.3186459896437931]]}},{"type":"Feature","properties":{"name":null,"cls":"tertiary","km":0.31},"geometry":{"type":"LineString","coordinates":[[115.58556683300003,0.1970825997796878],[115.58821618400007,0.196297985780578]]}},{"type":"Feature","properties":{"name":null,"cls":"tertiary","km":0.31},"geometry":{"type":"LineString","coordinates":[[116.11134695600003,0.422353405527928],[116.11400042100001,0.422878683527351]]}},{"type":"Feature","properties":{"name":null,"cls":"tertiary","km":0.31},"geometry":{"type":"LineString","coordinates":[[116.64339641000002,0.9880761688964621],[116.64599166500011,0.988844318895609]]}},{"type":"Feature","properties":{"name":null,"cls":"tertiary","km":0.31},"geometry":{"type":"LineString","coordinates":[[116.50834700500002,0.6324504822932178],[116.505614905,0.632006596293687]]}},{"type":"Feature","properties":{"name":null,"cls":"tertiary","km":0.31},"geometry":{"type":"LineString","coordinates":[[116.46800776900012,0.42034184653012463],[116.46996052200006,0.42220644952804415]]}},{"type":"Feature","properties":{"name":null,"cls":"tertiary","km":0.31},"geometry":{"type":"LineString","coordinates":[[116.45747654700007,0.2564437787133485],[116.45789121400003,0.2537947267163049]]}},{"type":"Feature","properties":{"name":null,"cls":"tertiary","km":0.31},"geometry":{"type":"LineString","coordinates":[[115.9887657150001,0.10101068288708472],[115.98873206100008,0.10381300188395756]]}},{"type":"Feature","properties":{"name":null,"cls":"tertiary","km":0.31},"geometry":{"type":"LineString","coordinates":[[115.99616046200003,0.007562464991592758],[115.99768116400004,0.009897395988967266]]}},{"type":"Feature","properties":{"name":null,"cls":"tertiary","km":0.31},"geometry":{"type":"LineString","coordinates":[[116.48211021600002,0.7553545291559906],[116.48332977300004,0.7578383441532441]]}},{"type":"Feature","properties":{"name":null,"cls":"tertiary","km":0.31},"geometry":{"type":"LineString","coordinates":[[115.51508151600001,0.2593274197100818],[115.51469212800009,0.26185442770728906]]}},{"type":"Feature","properties":{"name":null,"cls":"tertiary","km":0.31},"geometry":{"type":"LineString","coordinates":[[116.98696584200003,0.6788152702414804],[116.98608349500012,0.6812894042386782]]}},{"type":"Feature","properties":{"name":null,"cls":"tertiary","km":0.31},"geometry":{"type":"LineString","coordinates":[[116.73862361400006,0.9010345889935014],[116.73622674600007,0.8998436869948182]]}},{"type":"Feature","properties":{"name":null,"cls":"tertiary","km":0.31},"geometry":{"type":"LineString","coordinates":[[115.74972746500009,0.3742168775816874],[115.74700862800012,0.3740079175819819]]}},{"type":"Feature","properties":{"name":null,"cls":"tertiary","km":0.31},"geometry":{"type":"LineString","coordinates":[[116.8930033060001,0.7562842761549531],[116.89577447900002,0.7564016791548829]]}},{"type":"Feature","properties":{"name":null,"cls":"tertiary","km":0.31},"geometry":{"type":"LineString","coordinates":[[115.34844438200001,1.6461691711649946],[115.34676177800007,1.6480858611629061]]}},{"type":"Feature","properties":{"name":null,"cls":"tertiary","km":0.3},"geometry":{"type":"LineString","coordinates":[[116.00301176000006,0.26668805470187396],[116.00088019600004,0.2671869057013277]]}},{"type":"Feature","properties":{"name":null,"cls":"tertiary","km":0.3},"geometry":{"type":"LineString","coordinates":[[115.96253580300005,0.22534911074809985],[115.96422986300001,0.22342314575025493]]}},{"type":"Feature","properties":{"name":null,"cls":"tertiary","km":0.3},"geometry":{"type":"LineString","coordinates":[[116.28345852900009,0.3630701465941274],[116.28524191300006,0.3649585875920055]]}},{"type":"Feature","properties":{"name":null,"cls":"tertiary","km":0.3},"geometry":{"type":"LineString","coordinates":[[116.32012666900005,0.359013306598714],[116.31743152900005,0.3588299425988841]]}},{"type":"Feature","properties":{"name":null,"cls":"tertiary","km":0.3},"geometry":{"type":"LineString","coordinates":[[115.51115859400011,0.3229458196389782],[115.50900054300007,0.3214662886406598]]}},{"type":"Feature","properties":{"name":null,"cls":"tertiary","km":0.3},"geometry":{"type":"LineString","coordinates":[[116.98021684200012,0.6643154762576321],[116.98244251100004,0.6654980922563077]]}},{"type":"Feature","properties":{"name":null,"cls":"tertiary","km":0.3},"geometry":{"type":"LineString","coordinates":[[116.69215292800004,0.742165748170711],[116.69472733300006,0.7422958711706014]]}},{"type":"Feature","properties":{"name":null,"cls":"tertiary","km":0.3},"geometry":{"type":"LineString","coordinates":[[116.5385911940001,0.5058284774346374],[116.53612852900004,0.5069242004334171]]}},{"type":"Feature","properties":{"name":null,"cls":"tertiary","km":0.3},"geometry":{"type":"LineString","coordinates":[[116.88490479600013,0.5943478633357704],[116.88223787200003,0.5946940663353442]]}},{"type":"Feature","properties":{"name":null,"cls":"tertiary","km":0.3},"geometry":{"type":"LineString","coordinates":[[116.97873012600009,0.603103615326006],[116.97900973200001,0.6057302443230768]]}},{"type":"Feature","properties":{"name":null,"cls":"tertiary","km":0.3},"geometry":{"type":"LineString","coordinates":[[116.56994723600008,0.9699223309167065],[116.56734530000006,0.9702052889163842]]}},{"type":"Feature","properties":{"name":null,"cls":"tertiary","km":0.3},"geometry":{"type":"LineString","coordinates":[[116.27975442500008,0.667444124254119],[116.27715282700002,0.6671560602544905]]}},{"type":"Feature","properties":{"name":null,"cls":"tertiary","km":0.3},"geometry":{"type":"LineString","coordinates":[[116.32492270100012,0.6714020422497271],[116.32669915100008,0.6733809292475292]]}},{"type":"Feature","properties":{"name":null,"cls":"tertiary","km":0.3},"geometry":{"type":"LineString","coordinates":[[116.40439286500009,0.45892118748701094],[116.4039704810001,0.4562698964899929]]}},{"type":"Feature","properties":{"name":null,"cls":"tertiary","km":0.3},"geometry":{"type":"LineString","coordinates":[[116.46600263200003,0.44976932749728016],[116.46376971600012,0.45051537249640333]]}},{"type":"Feature","properties":{"name":null,"cls":"tertiary","km":0.3},"geometry":{"type":"LineString","coordinates":[[116.44113662400002,0.4408678065072511],[116.44374523300006,0.440487334507646]]}},{"type":"Feature","properties":{"name":null,"cls":"tertiary","km":0.3},"geometry":{"type":"LineString","coordinates":[[116.19429637200005,0.5052992224352479],[116.19660435600008,0.5066634594336754]]}},{"type":"Feature","properties":{"name":null,"cls":"tertiary","km":0.3},"geometry":{"type":"LineString","coordinates":[[116.44078716800004,0.2012924377749865],[116.44241443400006,0.20339123877262835]]}},{"type":"Feature","properties":{"name":null,"cls":"tertiary","km":0.3},"geometry":{"type":"LineString","coordinates":[[116.45985948700003,0.2571441527125782],[116.46003558100006,0.2597710667096115]]}},{"type":"Feature","properties":{"name":null,"cls":"tertiary","km":0.3},"geometry":{"type":"LineString","coordinates":[[116.46087644900001,0.27067713469740456],[116.46295268200004,0.27227758669568036]]}},{"type":"Feature","properties":{"name":null,"cls":"tertiary","km":0.3},"geometry":{"type":"LineString","coordinates":[[116.00772279700004,0.12171655786399184],[116.00602331200004,0.11971516586620028]]}},{"type":"Feature","properties":{"name":null,"cls":"tertiary","km":0.3},"geometry":{"type":"LineString","coordinates":[[116.98318475300006,0.7363008231772946],[116.98427814100012,0.7387334951745707]]}},{"type":"Feature","properties":{"name":null,"cls":"tertiary","km":0.3},"geometry":{"type":"LineString","coordinates":[[116.50662975800003,0.691575036227228],[116.5070041680001,0.6889264352301416]]}},{"type":"Feature","properties":{"name":null,"cls":"tertiary","km":0.3},"geometry":{"type":"LineString","coordinates":[[116.6153614960001,0.9568939349312189],[116.61289105800006,0.9577709089302481]]}},{"type":"Feature","properties":{"name":null,"cls":"tertiary","km":0.3},"geometry":{"type":"LineString","coordinates":[[116.31590190100006,0.35809717059970736],[116.31612061300008,0.3555695246024972]]}},{"type":"Feature","properties":{"name":null,"cls":"tertiary","km":0.3},"geometry":{"type":"LineString","coordinates":[[116.8901940830001,0.9096001909839133],[116.89171312700012,0.9110783019823243]]}},{"type":"Feature","properties":{"name":null,"cls":"tertiary","km":0.3},"geometry":{"type":"LineString","coordinates":[[115.8442386070001,0.5119404164278167],[115.84419149800011,0.5092603244308133]]}},{"type":"Feature","properties":{"name":null,"cls":"tertiary","km":0.3},"geometry":{"type":"LineString","coordinates":[[116.19663190100006,0.1048185648828767],[116.19930136700009,0.10461563788305002]]}},{"type":"Feature","properties":{"name":null,"cls":"tertiary","km":0.29},"geometry":{"type":"LineString","coordinates":[[116.8507925780001,0.6032304943258313],[116.85259752900004,0.601450094327848]]}},{"type":"Feature","properties":{"name":null,"cls":"tertiary","km":0.29},"geometry":{"type":"LineString","coordinates":[[116.06268307700009,0.338444863621696],[116.06523332700009,0.3380887426220922]]}},{"type":"Feature","properties":{"name":null,"cls":"tertiary","km":0.29},"geometry":{"type":"LineString","coordinates":[[116.27081004800006,0.38008728257510926],[116.2691649940001,0.37812279957731665]]}},{"type":"Feature","properties":{"name":null,"cls":"tertiary","km":0.29},"geometry":{"type":"LineString","coordinates":[[115.57031659800009,0.2697789206984359],[115.57033984400006,0.26720083470130435]]}},{"type":"Feature","properties":{"name":null,"cls":"tertiary","km":0.29},"geometry":{"type":"LineString","coordinates":[[117.0037970570759,0.592779470012317],[117.00240886000006,0.5950135813349898]]}},{"type":"Feature","properties":{"name":null,"cls":"tertiary","km":0.29},"geometry":{"type":"LineString","coordinates":[[115.94523849000007,0.4829860564601624],[115.94545448500004,0.4856048684572169]]}},{"type":"Feature","properties":{"name":null,"cls":"tertiary","km":0.29},"geometry":{"type":"LineString","coordinates":[[116.89171828700013,0.5495559353857826],[116.89287235900008,0.547219818388364]]}},{"type":"Feature","properties":{"name":null,"cls":"tertiary","km":0.29},"geometry":{"type":"LineString","coordinates":[[116.88503045200002,0.5638776413697794],[116.88576090000004,0.5613518743726451]]}},{"type":"Feature","properties":{"name":null,"cls":"tertiary","km":0.29},"geometry":{"type":"LineString","coordinates":[[116.65264290000005,0.9842358809007457],[116.65343519100009,0.9866022228980871]]}},{"type":"Feature","properties":{"name":null,"cls":"tertiary","km":0.29},"geometry":{"type":"LineString","coordinates":[[116.4910434320001,0.6509059082726368],[116.4884584360001,0.6509786212724845]]}},{"type":"Feature","properties":{"name":null,"cls":"tertiary","km":0.29},"geometry":{"type":"LineString","coordinates":[[116.36761042100011,0.419644523530907],[116.36658207000005,0.4219970845283119]]}},{"type":"Feature","properties":{"name":null,"cls":"tertiary","km":0.29},"geometry":{"type":"LineString","coordinates":[[116.23039075300005,0.44361654050414856],[116.22875255300006,0.44556109850197595]]}},{"type":"Feature","properties":{"name":null,"cls":"tertiary","km":0.29},"geometry":{"type":"LineString","coordinates":[[116.42918179100003,0.29498146567025885],[116.42691693000008,0.29361880967180537]]}},{"type":"Feature","properties":{"name":null,"cls":"tertiary","km":0.29},"geometry":{"type":"LineString","coordinates":[[116.55644954900002,0.8389206810627798],[116.55706845000007,0.8412986590601172]]}},{"type":"Feature","properties":{"name":null,"cls":"tertiary","km":0.29},"geometry":{"type":"LineString","coordinates":[[115.84467482500008,0.13528966184876468],[115.84601882100004,0.1331453778511733]]}},{"type":"Feature","properties":{"name":null,"cls":"tertiary","km":0.29},"geometry":{"type":"LineString","coordinates":[[116.78485441300006,0.7872635401204332],[116.78510921200007,0.7847278621232621]]}},{"type":"Feature","properties":{"name":null,"cls":"tertiary","km":0.29},"geometry":{"type":"LineString","coordinates":[[116.78029311900002,0.7678029021421575],[116.78073305400005,0.7703320301393111]]}},{"type":"Feature","properties":{"name":null,"cls":"tertiary","km":0.29},"geometry":{"type":"LineString","coordinates":[[116.76892646300008,0.789846301117521],[116.77145274400004,0.7900875401172595]]}},{"type":"Feature","properties":{"name":null,"cls":"tertiary","km":0.29},"geometry":{"type":"LineString","coordinates":[[116.97586870900011,0.44790765349935724],[116.97820286500009,0.44689958350049397]]}},{"type":"Feature","properties":{"name":null,"cls":"tertiary","km":0.29},"geometry":{"type":"LineString","coordinates":[[115.56827567000006,0.25309433471708404],[115.56616780200011,0.2516823197186637]]}},{"type":"Feature","properties":{"name":null,"cls":"tertiary","km":0.29},"geometry":{"type":"LineString","coordinates":[[116.77708676100009,0.7866140571211212],[116.77675766200002,0.7892135451182278]]}},{"type":"Feature","properties":{"name":null,"cls":"tertiary","km":0.29},"geometry":{"type":"LineString","coordinates":[[114.78284466100001,1.5917017512254157],[114.78114571000003,1.5936445202232308]]}},{"type":"Feature","properties":{"name":null,"cls":"tertiary","km":0.29},"geometry":{"type":"LineString","coordinates":[[115.16291173500008,1.5303965872933314],[115.16180934200007,1.532722027290803]]}},{"type":"Feature","properties":{"name":null,"cls":"tertiary","km":0.28},"geometry":{"type":"LineString","coordinates":[[116.56155516800004,0.6864275122329451],[116.55936242300002,0.6853842072341356]]}},{"type":"Feature","properties":{"name":null,"cls":"tertiary","km":0.28},"geometry":{"type":"LineString","coordinates":[[115.79725317900012,0.19088465978663113],[115.79978319100007,0.19070399678684538]]}},{"type":"Feature","properties":{"name":null,"cls":"tertiary","km":0.28},"geometry":{"type":"LineString","coordinates":[[115.57531661800012,0.3059583216579578],[115.5759339350001,0.30844336265521355]]}},{"type":"Feature","properties":{"name":null,"cls":"tertiary","km":0.28},"geometry":{"type":"LineString","coordinates":[[116.9135797340001,0.49791218244347885],[116.9150653810001,0.49987527444126917]]}},{"type":"Feature","properties":{"name":null,"cls":"tertiary","km":0.28},"geometry":{"type":"LineString","coordinates":[[116.39115222700002,0.600622037328773],[116.38892918400008,0.5995179323300103]]}},{"type":"Feature","properties":{"name":null,"cls":"tertiary","km":0.28},"geometry":{"type":"LineString","coordinates":[[116.50847487800002,0.6368288722883384],[116.50606961300002,0.6374334122876716]]}},{"type":"Feature","properties":{"name":null,"cls":"tertiary","km":0.28},"geometry":{"type":"LineString","coordinates":[[116.39390198900003,0.371817258584383],[116.39426461800007,0.3693685935871177]]}},{"type":"Feature","properties":{"name":null,"cls":"tertiary","km":0.28},"geometry":{"type":"LineString","coordinates":[[116.45094091300007,0.2747612146928816],[116.45262259700009,0.2766220136907936]]}},{"type":"Feature","properties":{"name":null,"cls":"tertiary","km":0.28},"geometry":{"type":"LineString","coordinates":[[116.00148962100002,0.02318098297411382],[116.00160958700008,0.020647397976984106]]}},{"type":"Feature","properties":{"name":null,"cls":"tertiary","km":0.28},"geometry":{"type":"LineString","coordinates":[[116.26970851200008,0.38855922556563305],[116.2722416060001,0.3886294125656089]]}},{"type":"Feature","properties":{"name":null,"cls":"tertiary","km":0.28},"geometry":{"type":"LineString","coordinates":[[116.91386910500012,0.4612776134844151],[116.91143806600006,0.46114065648454367]]}},{"type":"Feature","properties":{"name":null,"cls":"tertiary","km":0.28},"geometry":{"type":"LineString","coordinates":[[116.53762944700009,0.7726436381366999],[116.53845064200006,0.7749625161341722]]}},{"type":"Feature","properties":{"name":null,"cls":"tertiary","km":0.28},"geometry":{"type":"LineString","coordinates":[[116.76976178200003,0.6994873252183504],[116.7698609470001,0.6970304892210938]]}},{"type":"Feature","properties":{"name":null,"cls":"tertiary","km":0.28},"geometry":{"type":"LineString","coordinates":[[115.51400067000009,0.3396937026202472],[115.51635122500011,0.3392147396208108]]}},{"type":"Feature","properties":{"name":null,"cls":"tertiary","km":0.28},"geometry":{"type":"LineString","coordinates":[[116.67568834100005,0.9574236569306181],[116.67418670700012,0.9553769299328986]]}},{"type":"Feature","properties":{"name":null,"cls":"tertiary","km":0.28},"geometry":{"type":"LineString","coordinates":[[116.15726242000005,0.6809661632390295],[116.15667669500012,0.6832134112365522]]}},{"type":"Feature","properties":{"name":null,"cls":"tertiary","km":0.28},"geometry":{"type":"LineString","coordinates":[[115.57911355300008,0.31647274164619016],[115.57898054500002,0.3189911176434322]]}},{"type":"Feature","properties":{"name":null,"cls":"tertiary","km":0.28},"geometry":{"type":"LineString","coordinates":[[116.01887692300012,0.4805730744628481],[116.02118109300011,0.4796479034639045]]}},{"type":"Feature","properties":{"name":null,"cls":"tertiary","km":0.28},"geometry":{"type":"LineString","coordinates":[[115.40407644000005,1.7096707370946864],[115.404162733,1.7072120580974668]]}},{"type":"Feature","properties":{"name":null,"cls":"tertiary","km":0.27},"geometry":{"type":"LineString","coordinates":[[116.77507824500003,0.6655650442562535],[116.77293875900011,0.664923276256996]]}},{"type":"Feature","properties":{"name":null,"cls":"tertiary","km":0.27},"geometry":{"type":"LineString","coordinates":[[116.7813772610001,0.6900695762288848],[116.78287836400013,0.6882636432309291]]}},{"type":"Feature","properties":{"name":null,"cls":"tertiary","km":0.27},"geometry":{"type":"LineString","coordinates":[[115.77783736100002,0.1798532617989551],[115.77915462300007,0.17786672980119544]]}},{"type":"Feature","properties":{"name":null,"cls":"tertiary","km":0.27},"geometry":{"type":"LineString","coordinates":[[116.26679189300012,0.37698877357859645],[116.26558963700008,0.3749565485808576]]}},{"type":"Feature","properties":{"name":null,"cls":"tertiary","km":0.27},"geometry":{"type":"LineString","coordinates":[[116.2610043310001,0.6295653122964674],[116.26314346600009,0.628460881297688]]}},{"type":"Feature","properties":{"name":null,"cls":"tertiary","km":0.27},"geometry":{"type":"LineString","coordinates":[[115.63396871500004,0.38802318356627347],[115.63587223600008,0.38915141356500627]]}},{"type":"Feature","properties":{"name":null,"cls":"tertiary","km":0.27},"geometry":{"type":"LineString","coordinates":[[115.58320109400007,0.19891650877766312],[115.58536774500011,0.19972818177674198]]}},{"type":"Feature","properties":{"name":null,"cls":"tertiary","km":0.27},"geometry":{"type":"LineString","coordinates":[[116.67606732100002,0.7594037701514896],[116.67841561000012,0.7598240081510382]]}},{"type":"Feature","properties":{"name":null,"cls":"tertiary","km":0.27},"geometry":{"type":"LineString","coordinates":[[116.67785603300003,0.7571837341539815],[116.67555476900009,0.7577995951532622]]}},{"type":"Feature","properties":{"name":null,"cls":"tertiary","km":0.27},"geometry":{"type":"LineString","coordinates":[[116.6841891470001,0.7216755781935679],[116.68191144400008,0.7223695891928118]]}},{"type":"Feature","properties":{"name":null,"cls":"tertiary","km":0.27},"geometry":{"type":"LineString","coordinates":[[116.803381392,0.907206683986618],[116.80561680200002,0.9063254859876047]]}},{"type":"Feature","properties":{"name":null,"cls":"tertiary","km":0.27},"geometry":{"type":"LineString","coordinates":[[116.27553203600007,0.6666740412550116],[116.27442483400011,0.6688189612525828]]}},{"type":"Feature","properties":{"name":null,"cls":"tertiary","km":0.27},"geometry":{"type":"LineString","coordinates":[[116.52886598800002,0.6878543252313366],[116.52704533700012,0.6865256882328473]]}},{"type":"Feature","properties":{"name":null,"cls":"tertiary","km":0.27},"geometry":{"type":"LineString","coordinates":[[116.49166585100009,0.6495440532741339],[116.48971945000005,0.648222594275598]]}},{"type":"Feature","properties":{"name":null,"cls":"tertiary","km":0.27},"geometry":{"type":"LineString","coordinates":[[116.41926145700008,0.46735312347761304],[116.42055262800012,0.46940494547533146]]}},{"type":"Feature","properties":{"name":null,"cls":"tertiary","km":0.27},"geometry":{"type":"LineString","coordinates":[[116.4190518040001,0.2128063317621404],[116.42009290500006,0.21063039676456322]]}},{"type":"Feature","properties":{"name":null,"cls":"tertiary","km":0.27},"geometry":{"type":"LineString","coordinates":[[116.4698712710001,0.2631718157058445],[116.46750996800007,0.26369369770523554]]}},{"type":"Feature","properties":{"name":null,"cls":"tertiary","km":0.27},"geometry":{"type":"LineString","coordinates":[[116.11136343500003,0.07866936191205161],[116.11368234800013,0.07814893691265812]]}},{"type":"Feature","properties":{"name":null,"cls":"tertiary","km":0.27},"geometry":{"type":"LineString","coordinates":[[116.97202572500011,0.6644819782574609],[116.9735654740001,0.6627967222592972]]}},{"type":"Feature","properties":{"name":null,"cls":"tertiary","km":0.27},"geometry":{"type":"LineString","coordinates":[[116.86013085000002,0.6604584542619011],[116.85886967600004,0.6625171772596353]]}},{"type":"Feature","properties":{"name":null,"cls":"tertiary","km":0.27},"geometry":{"type":"LineString","coordinates":[[115.78126725600009,0.1767053678024656],[115.77921905400001,0.17791659280109293]]}},{"type":"Feature","properties":{"name":null,"cls":"tertiary","km":0.27},"geometry":{"type":"LineString","coordinates":[[116.34857578200001,0.2602971987090305],[116.35019791900004,0.2586536237108568]]}},{"type":"Feature","properties":{"name":null,"cls":"tertiary","km":0.27},"geometry":{"type":"LineString","coordinates":[[115.54605858800007,0.30146008266303415],[115.54825036200009,0.3005470826640254]]}},{"type":"Feature","properties":{"name":null,"cls":"tertiary","km":0.27},"geometry":{"type":"LineString","coordinates":[[116.80574024300006,0.7185069091971117],[116.80710394500011,0.7204638311949606]]}},{"type":"Feature","properties":{"name":null,"cls":"tertiary","km":0.27},"geometry":{"type":"LineString","coordinates":[[115.8257370990001,0.20240310277375903],[115.82805293400008,0.20177220877446353]]}},{"type":"Feature","properties":{"name":null,"cls":"tertiary","km":0.27},"geometry":{"type":"LineString","coordinates":[[116.94186114100013,0.4415989695063807],[116.9398266720001,0.4429314075049069]]}},{"type":"Feature","properties":{"name":null,"cls":"tertiary","km":0.27},"geometry":{"type":"LineString","coordinates":[[115.73105623200001,0.3295846706315618],[115.72870358700003,0.32916677063208916]]}},{"type":"Feature","properties":{"name":null,"cls":"tertiary","km":0.27},"geometry":{"type":"LineString","coordinates":[[115.77063420700006,0.32528356863634406],[115.7699448510001,0.32292505863902254]]}},{"type":"Feature","properties":{"name":null,"cls":"tertiary","km":0.27},"geometry":{"type":"LineString","coordinates":[[114.78239675100006,1.359435522483175],[114.78003140200008,1.3588188074838994]]}},{"type":"Feature","properties":{"name":null,"cls":"tertiary","km":0.26},"geometry":{"type":"LineString","coordinates":[[116.3167179400001,0.3627928405944647],[116.31571095100003,0.3646327185923863]]}},{"type":"Feature","properties":{"name":null,"cls":"tertiary","km":0.26},"geometry":{"type":"LineString","coordinates":[[116.03185503600002,0.5362181224006634],[116.02959805800003,0.5355556364014572]]}},{"type":"Feature","properties":{"name":null,"cls":"tertiary","km":0.26},"geometry":{"type":"LineString","coordinates":[[116.96670019400005,0.9767374549090801],[116.96473474800007,0.9778981189078017]]}},{"type":"Feature","properties":{"name":null,"cls":"tertiary","km":0.26},"geometry":{"type":"LineString","coordinates":[[116.901190314,0.5305735124069724],[116.89888547300005,0.5307409984067947]]}},{"type":"Feature","properties":{"name":null,"cls":"tertiary","km":0.26},"geometry":{"type":"LineString","coordinates":[[116.7953535600001,0.9255986509661479],[116.79654982700005,0.9238972509680374]]}},{"type":"Feature","properties":{"name":null,"cls":"tertiary","km":0.26},"geometry":{"type":"LineString","coordinates":[[116.55004179600007,0.7273148481873187],[116.55160334400013,0.7286933291857629]]}},{"type":"Feature","properties":{"name":null,"cls":"tertiary","km":0.26},"geometry":{"type":"LineString","coordinates":[[116.46267993100003,0.45254729449414904],[116.46067413900006,0.45327418849335754]]}},{"type":"Feature","properties":{"name":null,"cls":"tertiary","km":0.26},"geometry":{"type":"LineString","coordinates":[[116.96912339800008,0.45551414949087077],[116.9669425300001,0.45500220549145204]]}},{"type":"Feature","properties":{"name":null,"cls":"tertiary","km":0.26},"geometry":{"type":"LineString","coordinates":[[116.51323888900004,0.45830322948777297],[116.51135798500003,0.45966394448621806]]}},{"type":"Feature","properties":{"name":null,"cls":"tertiary","km":0.26},"geometry":{"type":"LineString","coordinates":[[116.74529105700005,0.8875339220085496],[116.74482016300011,0.8897107790061236]]}},{"type":"Feature","properties":{"name":null,"cls":"tertiary","km":0.25},"geometry":{"type":"LineString","coordinates":[[116.73646685900007,0.6093029103190686],[116.73677701700001,0.611556662316531]]}},{"type":"Feature","properties":{"name":null,"cls":"tertiary","km":0.25},"geometry":{"type":"LineString","coordinates":[[116.91728371600006,0.5048877604356767],[116.91542101300001,0.5036301704370794]]}},{"type":"Feature","properties":{"name":null,"cls":"tertiary","km":0.25},"geometry":{"type":"LineString","coordinates":[[116.9336282710001,0.6131926463147465],[116.93361995200007,0.6109356013172182]]}},{"type":"Feature","properties":{"name":null,"cls":"tertiary","km":0.25},"geometry":{"type":"LineString","coordinates":[[116.64288722200001,0.91751732497511],[116.64473007100003,0.9162794349764847]]}},{"type":"Feature","properties":{"name":null,"cls":"tertiary","km":0.25},"geometry":{"type":"LineString","coordinates":[[116.5215560470001,0.632713711292918],[116.5201015010001,0.6343036372911514]]}},{"type":"Feature","properties":{"name":null,"cls":"tertiary","km":0.25},"geometry":{"type":"LineString","coordinates":[[116.34381297400012,0.4162254955347409],[116.3422025860001,0.41769501353312005]]}},{"type":"Feature","properties":{"name":null,"cls":"tertiary","km":0.25},"geometry":{"type":"LineString","coordinates":[[116.42374163800002,0.2926581706728187],[116.42394571500004,0.2948394256704232]]}},{"type":"Feature","properties":{"name":null,"cls":"tertiary","km":0.25},"geometry":{"type":"LineString","coordinates":[[116.3898697940001,0.2603158467090431],[116.39035459000003,0.2581511627113926]]}},{"type":"Feature","properties":{"name":null,"cls":"tertiary","km":0.25},"geometry":{"type":"LineString","coordinates":[[116.39035459000003,0.2581511627113926],[116.38881756700005,0.25663783771315485]]}},{"type":"Feature","properties":{"name":null,"cls":"tertiary","km":0.25},"geometry":{"type":"LineString","coordinates":[[116.97776388400007,0.6699520342513436],[116.97789737500013,0.6722079472488274]]}},{"type":"Feature","properties":{"name":null,"cls":"tertiary","km":0.25},"geometry":{"type":"LineString","coordinates":[[115.60873266800003,0.20387321977208495],[115.61089191500004,0.20345973277256948]]}},{"type":"Feature","properties":{"name":null,"cls":"tertiary","km":0.25},"geometry":{"type":"LineString","coordinates":[[115.5807732950001,0.20570164977004496],[115.58112658300001,0.2034855317725253]]}},{"type":"Feature","properties":{"name":null,"cls":"tertiary","km":0.25},"geometry":{"type":"LineString","coordinates":[[116.78123077500005,0.7611491541495626],[116.7799134710001,0.7628523831476348]]}},{"type":"Feature","properties":{"name":null,"cls":"tertiary","km":0.25},"geometry":{"type":"LineString","coordinates":[[115.81110605100004,0.008881507990115924],[115.81241705800005,0.010622320988146422]]}},{"type":"Feature","properties":{"name":null,"cls":"tertiary","km":0.25},"geometry":{"type":"LineString","coordinates":[[116.05293693300008,0.49639277044516283],[116.05467768000005,0.4978619044435147]]}},{"type":"Feature","properties":{"name":null,"cls":"tertiary","km":0.24},"geometry":{"type":"LineString","coordinates":[[116.91095038500008,0.8650234220336246],[116.91143016700005,0.862968840035952]]}},{"type":"Feature","properties":{"name":null,"cls":"tertiary","km":0.24},"geometry":{"type":"LineString","coordinates":[[115.565130553,0.2685428456998111],[115.56473017700011,0.26647051170213054]]}},{"type":"Feature","properties":{"name":null,"cls":"tertiary","km":0.24},"geometry":{"type":"LineString","coordinates":[[116.89348131800011,0.5481385733873971],[116.89332456300008,0.5502195083850294]]}},{"type":"Feature","properties":{"name":null,"cls":"tertiary","km":0.24},"geometry":{"type":"LineString","coordinates":[[116.94032579400005,0.6067818223218948],[116.94093165600009,0.6087415213197093]]}},{"type":"Feature","properties":{"name":null,"cls":"tertiary","km":0.24},"geometry":{"type":"LineString","coordinates":[[116.63355144700006,0.9661646679208761],[116.63451295100002,0.9643213789229523]]}},{"type":"Feature","properties":{"name":null,"cls":"tertiary","km":0.24},"geometry":{"type":"LineString","coordinates":[[116.53979170200012,0.7515710791602855],[116.53980510600002,0.7536095591579555]]}},{"type":"Feature","properties":{"name":null,"cls":"tertiary","km":0.24},"geometry":{"type":"LineString","coordinates":[[116.55145672200001,0.5832241273481704],[116.55323577600007,0.5844075513468628]]}},{"type":"Feature","properties":{"name":null,"cls":"tertiary","km":0.24},"geometry":{"type":"LineString","coordinates":[[116.4639812910001,0.4380323005103645],[116.46539473200004,0.4395846485086316]]}},{"type":"Feature","properties":{"name":null,"cls":"tertiary","km":0.24},"geometry":{"type":"LineString","coordinates":[[116.3560044510001,0.43706219551147185],[116.35795840200001,0.4378822565105538]]}},{"type":"Feature","properties":{"name":null,"cls":"tertiary","km":0.24},"geometry":{"type":"LineString","coordinates":[[115.98881610800005,0.09945758988883087],[115.98673516100006,0.09913677788922341]]}},{"type":"Feature","properties":{"name":null,"cls":"tertiary","km":0.24},"geometry":{"type":"LineString","coordinates":[[116.91097129700007,0.4616492394839821],[116.91005724800004,0.45975179348614215]]}},{"type":"Feature","properties":{"name":null,"cls":"tertiary","km":0.24},"geometry":{"type":"LineString","coordinates":[[115.73165352400007,0.027944482968831494],[115.73360150000008,0.028737719967907957]]}},{"type":"Feature","properties":{"name":null,"cls":"tertiary","km":0.24},"geometry":{"type":"LineString","coordinates":[[115.95655244000011,0.4316913125174619],[115.95448156400005,0.4313785845178322]]}},{"type":"Feature","properties":{"name":null,"cls":"tertiary","km":0.24},"geometry":{"type":"LineString","coordinates":[[115.36707111400005,1.747692096052637],[115.36712075700007,1.7498674120502118]]}},{"type":"Feature","properties":{"name":null,"cls":"tertiary","km":0.24},"geometry":{"type":"LineString","coordinates":[[114.25454029600007,1.4317068014029064],[114.25499576100003,1.429649798405184]]}},{"type":"Feature","properties":{"name":null,"cls":"tertiary","km":0.23},"geometry":{"type":"LineString","coordinates":[[116.13988595300009,0.09061256889869818],[116.1391068490001,0.08873519290083393]]}},{"type":"Feature","properties":{"name":null,"cls":"tertiary","km":0.23},"geometry":{"type":"LineString","coordinates":[[116.91637351200006,0.428720663520783],[116.9179693640001,0.42994547351939416]]}},{"type":"Feature","properties":{"name":null,"cls":"tertiary","km":0.23},"geometry":{"type":"LineString","coordinates":[[116.91302626500011,0.49694528744458],[116.914601112,0.495837602445769]]}},{"type":"Feature","properties":{"name":null,"cls":"tertiary","km":0.23},"geometry":{"type":"LineString","coordinates":[[116.65404751900009,0.9901490438941853],[116.65231008700005,0.9889602518955141]]}},{"type":"Feature","properties":{"name":null,"cls":"tertiary","km":0.23},"geometry":{"type":"LineString","coordinates":[[116.49598323800002,0.6522276122711164],[116.49586599200006,0.6502459862733313]]}},{"type":"Feature","properties":{"name":null,"cls":"tertiary","km":0.23},"geometry":{"type":"LineString","coordinates":[[116.50723263600003,0.6283121672978288],[116.5071776100001,0.6304075982954539]]}},{"type":"Feature","properties":{"name":null,"cls":"tertiary","km":0.23},"geometry":{"type":"LineString","coordinates":[[116.89970284300011,0.4451450465024462],[116.90129276500012,0.44390414150383534]]}},{"type":"Feature","properties":{"name":null,"cls":"tertiary","km":0.23},"geometry":{"type":"LineString","coordinates":[[116.90571038100006,0.4585552234874692],[116.90776763000008,0.458513764487465]]}},{"type":"Feature","properties":{"name":null,"cls":"tertiary","km":0.23},"geometry":{"type":"LineString","coordinates":[[116.96724452900003,0.6428350852816354],[116.96701398200003,0.6408060492838825]]}},{"type":"Feature","properties":{"name":null,"cls":"tertiary","km":0.23},"geometry":{"type":"LineString","coordinates":[[115.5198505620001,0.04346887495143559],[115.518303779,0.04476828794998149]]}},{"type":"Feature","properties":{"name":null,"cls":"tertiary","km":0.22},"geometry":{"type":"LineString","coordinates":[[116.13072839500002,0.43884110150943045],[116.12895456800004,0.4395842435086501]]}},{"type":"Feature","properties":{"name":null,"cls":"tertiary","km":0.22},"geometry":{"type":"LineString","coordinates":[[115.50086562700005,0.2632888427057104],[115.50250404300004,0.2621770447069311]]}},{"type":"Feature","properties":{"name":null,"cls":"tertiary","km":0.22},"geometry":{"type":"LineString","coordinates":[[115.54781454700003,0.3053060756587019],[115.54852476700013,0.3035717496606517]]}},{"type":"Feature","properties":{"name":null,"cls":"tertiary","km":0.22},"geometry":{"type":"LineString","coordinates":[[116.67790970600004,0.7644860281458628],[116.67646577500012,0.7632422691471707]]}},{"type":"Feature","properties":{"name":null,"cls":"tertiary","km":0.22},"geometry":{"type":"LineString","coordinates":[[115.45707739300009,1.5443539822779075],[115.45609361200003,1.5460513752760017]]}},{"type":"Feature","properties":{"name":null,"cls":"tertiary","km":0.22},"geometry":{"type":"LineString","coordinates":[[116.45922957500011,0.45204458849471824],[116.45810094300009,0.45363345449295633]]}},{"type":"Feature","properties":{"name":null,"cls":"tertiary","km":0.22},"geometry":{"type":"LineString","coordinates":[[116.11441795300004,0.07692643791401858],[116.11615442900008,0.07762852791325837]]}},{"type":"Feature","properties":{"name":null,"cls":"tertiary","km":0.22},"geometry":{"type":"LineString","coordinates":[[115.82655545900003,0.20351460577252367],[115.82849356100007,0.2030760377729929]]}},{"type":"Feature","properties":{"name":null,"cls":"tertiary","km":0.22},"geometry":{"type":"LineString","coordinates":[[116.52476927600004,0.5356844114012779],[116.52330988800009,0.5344065444026955]]}},{"type":"Feature","properties":{"name":null,"cls":"tertiary","km":0.22},"geometry":{"type":"LineString","coordinates":[[116.90249897500007,0.5173608744217804],[116.90152351600011,0.5190286984198786]]}},{"type":"Feature","properties":{"name":null,"cls":"tertiary","km":0.22},"geometry":{"type":"LineString","coordinates":[[116.852479259,0.654705927268374],[116.85099591700009,0.653447020269747]]}},{"type":"Feature","properties":{"name":null,"cls":"tertiary","km":0.21},"geometry":{"type":"LineString","coordinates":[[116.77381588800006,0.644932243279296],[116.77440603500007,0.6467034962772613]]}},{"type":"Feature","properties":{"name":null,"cls":"tertiary","km":0.21},"geometry":{"type":"LineString","coordinates":[[116.67595326200002,0.7611797701495137],[116.67457421100005,0.7623280551482463]]}},{"type":"Feature","properties":{"name":null,"cls":"tertiary","km":0.21},"geometry":{"type":"LineString","coordinates":[[116.98092367100003,0.6273536732989293],[116.97948091400008,0.6285409192975587]]}},{"type":"Feature","properties":{"name":null,"cls":"tertiary","km":0.21},"geometry":{"type":"LineString","coordinates":[[116.65143986400005,0.9211377649711001],[116.6532196180001,0.9209692259712675]]}},{"type":"Feature","properties":{"name":null,"cls":"tertiary","km":0.21},"geometry":{"type":"LineString","coordinates":[[116.53017545600005,0.6870163832323085],[116.5292293980001,0.6853785312341515]]}},{"type":"Feature","properties":{"name":null,"cls":"tertiary","km":0.21},"geometry":{"type":"LineString","coordinates":[[116.98892313600005,0.682989015236757],[116.9896349600001,0.6813022812386679]]}},{"type":"Feature","properties":{"name":null,"cls":"tertiary","km":0.21},"geometry":{"type":"LineString","coordinates":[[115.6069530310001,0.2424444197289684],[115.60810219200005,0.24378683872748694]]}},{"type":"Feature","properties":{"name":null,"cls":"tertiary","km":0.21},"geometry":{"type":"LineString","coordinates":[[116.77560257600011,0.646954268277023],[116.77581190000002,0.6450426342791536]]}},{"type":"Feature","properties":{"name":null,"cls":"tertiary","km":0.21},"geometry":{"type":"LineString","coordinates":[[115.83143007100011,0.017104968980954607],[115.83207116400003,0.015292539982992915]]}},{"type":"Feature","properties":{"name":null,"cls":"tertiary","km":0.21},"geometry":{"type":"LineString","coordinates":[[115.11216634200004,1.5386106562842696],[115.11100705200012,1.5401623742825827]]}},{"type":"Feature","properties":{"name":null,"cls":"tertiary","km":0.2},"geometry":{"type":"LineString","coordinates":[[116.90576949500007,0.8614292660376872],[116.90726709000002,0.8604896580387147]]}},{"type":"Feature","properties":{"name":null,"cls":"tertiary","km":0.2},"geometry":{"type":"LineString","coordinates":[[116.22265674900005,0.5598603443742916],[116.22199497800013,0.5614977453724229]]}},{"type":"Feature","properties":{"name":null,"cls":"tertiary","km":0.2},"geometry":{"type":"LineString","coordinates":[[116.94947345400008,0.4354896995132626],[116.95096023500003,0.43448871651433996]]}},{"type":"Feature","properties":{"name":null,"cls":"tertiary","km":0.2},"geometry":{"type":"LineString","coordinates":[[116.3932778190001,0.45827546248776824],[116.39503088300012,0.4578977814881781]]}},{"type":"Feature","properties":{"name":null,"cls":"tertiary","km":0.2},"geometry":{"type":"LineString","coordinates":[[116.21661381900005,0.12470090286066451],[116.21841983600008,0.12474526786055683]]}},{"type":"Feature","properties":{"name":null,"cls":"tertiary","km":0.2},"geometry":{"type":"LineString","coordinates":[[116.00150758300003,0.024974541972149465],[116.00148962100002,0.02318098297411382]]}},{"type":"Feature","properties":{"name":null,"cls":"tertiary","km":0.2},"geometry":{"type":"LineString","coordinates":[[116.50858185000006,0.6612011492611086],[116.50841442100011,0.6594074412630822]]}},{"type":"Feature","properties":{"name":null,"cls":"tertiary","km":0.2},"geometry":{"type":"LineString","coordinates":[[116.73813666900003,0.9047439179893451],[116.73969892300012,0.9056731239883172]]}},{"type":"Feature","properties":{"name":null,"cls":"tertiary","km":0.19},"geometry":{"type":"LineString","coordinates":[[116.90827335100006,0.4975342144438854],[116.90665425200007,0.4974237874440102]]}},{"type":"Feature","properties":{"name":null,"cls":"tertiary","km":0.19},"geometry":{"type":"LineString","coordinates":[[116.79902319500003,0.8202129670836061],[116.79738709700005,0.8205418630832931]]}},{"type":"Feature","properties":{"name":null,"cls":"tertiary","km":0.19},"geometry":{"type":"LineString","coordinates":[[116.96625772300001,0.451847484494902],[116.96608719500011,0.45351892249307485]]}},{"type":"Feature","properties":{"name":null,"cls":"tertiary","km":0.19},"geometry":{"type":"LineString","coordinates":[[115.95643796500008,0.4349978135137617],[115.95699869300007,0.4365794635119978]]}},{"type":"Feature","properties":{"name":null,"cls":"tertiary","km":0.19},"geometry":{"type":"LineString","coordinates":[[114.04351629100006,1.057180594819456],[114.04280417600012,1.0587836858177084]]}},{"type":"Feature","properties":{"name":null,"cls":"tertiary","km":0.18},"geometry":{"type":"LineString","coordinates":[[116.79907707400004,0.5974962883322613],[116.80036761500003,0.5965627103332783]]}},{"type":"Feature","properties":{"name":null,"cls":"tertiary","km":0.18},"geometry":{"type":"LineString","coordinates":[[116.64216134900005,0.9871081268975553],[116.64339641000002,0.9880761688964621]]}},{"type":"Feature","properties":{"name":null,"cls":"tertiary","km":0.18},"geometry":{"type":"LineString","coordinates":[[116.969215339,0.6420414312825011],[116.96962062800004,0.6404313382842844]]}},{"type":"Feature","properties":{"name":null,"cls":"tertiary","km":0.18},"geometry":{"type":"LineString","coordinates":[[116.77175749000004,0.6639526212580457],[116.77293875900011,0.664923276256996]]}},{"type":"Feature","properties":{"name":null,"cls":"tertiary","km":0.17},"geometry":{"type":"LineString","coordinates":[[115.94355786500012,0.09170386089749757],[115.94323700400004,0.09323748389579527]]}},{"type":"Feature","properties":{"name":null,"cls":"tertiary","km":0.17},"geometry":{"type":"LineString","coordinates":[[116.74901958500004,0.6109340963172315],[116.7504738900001,0.6113481453168139]]}},{"type":"Feature","properties":{"name":null,"cls":"tertiary","km":0.17},"geometry":{"type":"LineString","coordinates":[[116.9055547160001,0.43949902850873374],[116.90444134600011,0.4405349065075673]]}},{"type":"Feature","properties":{"name":null,"cls":"tertiary","km":0.17},"geometry":{"type":"LineString","coordinates":[[116.00772279700004,0.12171655786399184],[116.0064791850001,0.12255040086303091]]}},{"type":"Feature","properties":{"name":null,"cls":"tertiary","km":0.17},"geometry":{"type":"LineString","coordinates":[[116.99338943900013,0.6842055042354037],[116.99196125900004,0.6847128562348498]]}},{"type":"Feature","properties":{"name":null,"cls":"tertiary","km":0.17},"geometry":{"type":"LineString","coordinates":[[115.85297076000006,0.014952929983320177],[115.85437382700003,0.015200714983061789]]}},{"type":"Feature","properties":{"name":null,"cls":"tertiary","km":0.17},"geometry":{"type":"LineString","coordinates":[[116.90089676900004,0.7391164341741342],[116.902262543,0.7388272811744603]]}},{"type":"Feature","properties":{"name":null,"cls":"tertiary","km":0.17},"geometry":{"type":"LineString","coordinates":[[115.79017280300003,0.04371748595116058],[115.79161941600013,0.04311324395182046]]}},{"type":"Feature","properties":{"name":null,"cls":"tertiary","km":0.17},"geometry":{"type":"LineString","coordinates":[[114.48087378900004,1.126825225741924],[114.47936788400011,1.1268420477419143]]}},{"type":"Feature","properties":{"name":null,"cls":"tertiary","km":0.16},"geometry":{"type":"LineString","coordinates":[[115.94713855500004,0.0909324508984084],[115.94688488500003,0.0923893188967344]]}},{"type":"Feature","properties":{"name":null,"cls":"tertiary","km":0.16},"geometry":{"type":"LineString","coordinates":[[116.91759000700006,0.49864384744264884],[116.91653910000004,0.49768994844374614]]}},{"type":"Feature","properties":{"name":null,"cls":"tertiary","km":0.16},"geometry":{"type":"LineString","coordinates":[[116.725441767,0.6320884202936212],[116.72442905700007,0.633106541292499]]}},{"type":"Feature","properties":{"name":null,"cls":"tertiary","km":0.16},"geometry":{"type":"LineString","coordinates":[[115.79730461800011,0.065918056926329],[115.79712616300003,0.06445144192800221]]}},{"type":"Feature","properties":{"name":null,"cls":"tertiary","km":0.15},"geometry":{"type":"LineString","coordinates":[[116.74586391400008,0.6122586803157706],[116.74671461000003,0.6111547783170156]]}},{"type":"Feature","properties":{"name":null,"cls":"tertiary","km":0.15},"geometry":{"type":"LineString","coordinates":[[116.77293875900011,0.664923276256996],[116.77314746200011,0.6662460732555024]]}},{"type":"Feature","properties":{"name":null,"cls":"tertiary","km":0.14},"geometry":{"type":"LineString","coordinates":[[116.4189545700001,0.22593076474741763],[116.41774123300002,0.22618947774713363]]}},{"type":"Feature","properties":{"name":null,"cls":"tertiary","km":0.02},"geometry":{"type":"LineString","coordinates":[[117.04429079121688,0.537843718185451],[117.04410606700004,0.5378768993988636]]}},{"type":"Feature","properties":{"name":null,"cls":"tertiary","km":0.02},"geometry":{"type":"LineString","coordinates":[[114.16779720843358,1.3857396528527801],[114.16780614900006,1.385598526454123]]}}]}