{"type":"FeatureCollection","features":[{"type":"Feature","properties":{"name":"Mahakam","cls":"primary","km":1584.91},"geometry":{"type":"LineString","coordinates":[[117.27307890400004,-0.5875805703432236],[117.25220912500004,-0.5792720443524666],[117.23113209600001,-0.5802136503514674],[117.18150166000011,-0.5623420953714091],[117.17340291100005,-0.5568549013775123],[117.15211750300011,-0.530411215407102],[117.15232475800009,-0.5137920784256083],[117.13768493400005,-0.5061622394341753],[117.12875585000006,-0.5095071594304258],[117.12356459600007,-0.5155695934236678],[117.11557026400008,-0.5366311294000813],[117.09085929100003,-0.5417531793943705],[117.08670634000009,-0.553668872381057],[117.0867066200001,-0.5726398113599339],[117.07653170100002,-0.593858146336189],[117.0695751610001,-0.5942763303357244],[117.05908834200011,-0.586437218344499],[117.04050302000007,-0.5944856693354905],[117.03271582500008,-0.5924997803377428],[117.01350740100008,-0.574678657357593],[117.01620690700008,-0.5593137413748223],[117.02555140600009,-0.5442101063917085],[117.03489592800007,-0.5410743633951639],[117.035415047,-0.5373115253993848],[117.03344228100002,-0.5313537144060416],[117.02503219100004,-0.525970809412016],[117.01984067100013,-0.4849977294578403],[117.00167089000003,-0.4530136504935345],[117.00135940800011,-0.44381560450381874],[116.9948183360001,-0.42986175151945616],[116.98786204900013,-0.3712242015849342],[116.99243038700001,-0.3640121025929662],[117.00644684500004,-0.3533507306049395],[117.02679663500011,-0.3481245316107144],[117.03209179100008,-0.36453466459242084],[117.05140342800007,-0.37624117357937553],[117.05700993300002,-0.3628621695943037],[117.05794420400002,-0.33688814562332225],[117.06863815700002,-0.3292578826318458],[117.07756717400002,-0.33542468362500416],[117.0752829290001,-0.32371810663802486],[117.05140307700003,-0.3105483296528005],[117.03790586600009,-0.323613792638151],[117.02440858500006,-0.3221505096398062],[117.01859436000008,-0.3146248466481883],[117.0107036180001,-0.2812296726854927],[117.00655062300008,-0.27830302468882],[116.99689491700008,-0.2817522936849366],[116.9689659610001,-0.30960770065383747],[116.93075824900008,-0.3240317196376582],[116.91030467200005,-0.3269582056344324],[116.87770360500008,-0.3262261976352674],[116.85517365400005,-0.3215223646404951],[116.82859438000003,-0.32883854663233114],[116.81011361200002,-0.32674775663468864],[116.8072067490001,-0.3145708086482888],[116.81063307300009,-0.3081949876554328],[116.83285181100008,-0.28959029867616676],[116.80263894600013,-0.2881264926778308],[116.79007642500005,-0.27636747769092324],[116.78665037400002,-0.2682146577000966],[116.79838291500003,-0.24077766773074663],[116.80014818200006,-0.22212040175163839],[116.77118175200007,-0.19719137577951235],[116.76765188200011,-0.1880978747896417],[116.76931314800004,-0.1807813277978377],[116.76256473600007,-0.17315110580638413],[116.75166335800009,-0.16928363981064895],[116.72072416600007,-0.16661790381368774],[116.70271115500009,-0.1506911178314595],[116.69289997900013,-0.14716336983536624],[116.68059703600011,-0.14669284883595643],[116.67576922300009,-0.15198418582998297],[116.67070727700002,-0.1880832397896944],[116.66323204200012,-0.18933735378827593],[116.64477777100002,-0.1827521437956164],[116.63122890500006,-0.18722014679064594],[116.62998249200005,-0.21179564176316412],[116.61775697200007,-0.23041313674236982],[116.60981458700007,-0.23033452874241558],[116.59618821900006,-0.2210056767528658],[116.58419653400007,-0.23096092274170008],[116.57025829500003,-0.23727091973470932],[116.56761044400002,-0.24989166172052427],[116.59431775500002,-0.2758789626915303],[116.5919035600001,-0.2854033206808695],[116.55904380400011,-0.2879105836780801],[116.54814231600005,-0.2931622836722012],[116.53809714400006,-0.3035093366606403],[116.53389239200011,-0.30296042666124073],[116.52820854100003,-0.2941021336711311],[116.50025478200007,-0.29198439367349416],[116.49760628100013,-0.31510915364769837],[116.49410209500003,-0.3197339556424615],[116.47642656200004,-0.3199682316422218],[116.47627176100002,-0.3010764366633198],[116.45929721800007,-0.29888071166581126],[116.46809466600006,-0.3253766436361794],[116.45758212400004,-0.33823186162179275],[116.44730264100009,-0.3595530245979829],[116.43943829600005,-0.35837671259929893],[116.43204187000003,-0.3453637516138612],[116.4259673260001,-0.3625696565945966],[116.42339753700003,-0.366253748590503],[116.41732398700005,-0.36719401358944326],[116.41491037400012,-0.36397993459308314],[116.41576765500008,-0.35190818560651504],[116.41210818700006,-0.3488508096099339],[116.39505465200011,-0.36609509259067424],[116.38843629900009,-0.3637430025933376],[116.38321879600005,-0.37197337058411967],[116.36453067100001,-0.38043789557459995],[116.36133868200012,-0.3741666555816465],[116.36531066300005,-0.36154654159574284],[116.361340046,-0.3548049336033017],[116.35892535800009,-0.367581928588983],[116.34685654300007,-0.3655429765913109],[116.3259896940001,-0.35597821260197154],[116.32668886300007,-0.3774563005779786],[116.32263930100011,-0.38560822456885574],[116.29842499600011,-0.36906669358735356],[116.28425250200006,-0.38587941456858305],[116.27101549500004,-0.3889353385651331],[116.26720047300013,-0.38579956756863243],[116.27054973800011,-0.37200391258408394],[116.24516653800002,-0.37137467858474854],[116.23955995500012,-0.3770179505784982],[116.2368332420001,-0.3941841215592858],[116.23247273100004,-0.3964568935567312],[116.22616647600012,-0.3899111345640889],[116.21861573600006,-0.36874645458770555],[116.21799228100006,-0.37509559258062347],[116.21425461600006,-0.37830904057703896],[116.18529147200002,-0.3627862285943656],[116.16380126400007,-0.36866305758777757],[116.15562596300003,-0.36772167458881805],[116.15554867900006,-0.3615293405957918],[116.16956428800007,-0.35424091560395216],[116.16255681400003,-0.35420108860398464],[116.15617321900005,-0.3431483776163473],[116.14433847800002,-0.34259863361693577],[116.12300571100002,-0.3325244506281511],[116.1128069450001,-0.32280404263909224],[116.10525258900009,-0.34482894961443694],[116.09014823400003,-0.34098676661873006],[116.08446507000009,-0.3351075456253208],[116.0839983940001,-0.32993426663109876],[116.09357575500006,-0.3221360826398676],[116.08493418400008,-0.31327809564976244],[116.08065323000005,-0.29822831766652014],[116.07193269200002,-0.3027345526614834],[116.06430062000004,-0.32468083163697936],[116.04896325800009,-0.3168412336457633],[116.01610729400011,-0.3170340966455229],[115.9963327070001,-0.30527513365861264],[115.99360834900006,-0.2984557926662625],[115.98737963500004,-0.30049310066402407],[115.98169719000008,-0.28865718967719906],[115.96760374400003,-0.3047237376592669],[115.96308804400009,-0.3052719576586053],[115.96955143100001,-0.29088990967476275],[115.96565941300004,-0.28218941668441455],[115.95553866000012,-0.27662357269068666],[115.95623797400003,-0.29206436867344515],[115.95288983000013,-0.29582625966925036],[115.94705075900004,-0.2948067746703186],[115.93895467100005,-0.2854789096807723],[115.92564220500005,-0.27732629268984954],[115.92307408500005,-0.2650206297036157],[115.911395072,-0.27442498769315743],[115.89239872400003,-0.2736394556940476],[115.88040644200011,-0.30236364766190105],[115.868806371,-0.30118678066322674],[115.86452535600007,-0.2921337936733584],[115.87815049000005,-0.2842190616822147],[115.87612766200003,-0.2697190676984193],[115.86390363400005,-0.2809258276858897],[115.85409416200002,-0.2807681096860261],[115.84451911100007,-0.272028191695794],[115.85199331100011,-0.2684235856998305],[115.85269439200009,-0.26403456070479214],[115.84187520600005,-0.2375031587344296],[115.83525817800012,-0.2325257137399884],[115.81618472500008,-0.22946746674338234],[115.81275944400011,-0.22719429074591924],[115.81128105000005,-0.21739723375691145],[115.80053755100003,-0.2177882547564295],[115.78971681000007,-0.21096877076408144],[115.78769348700008,-0.20042720177586462],[115.80209585500006,-0.20089852077533726],[115.80637786200009,-0.19815569877839603],[115.78496963700002,-0.18753435679028857],[115.78193383300005,-0.1822046687962148],[115.78325770300012,-0.17593478580326785],[115.79197723300001,-0.17162473480805843],[115.79688122800007,-0.18095167879763216],[115.80139644200005,-0.18298973479539704],[115.81221850600004,-0.1709990078087799],[115.80863769800011,-0.16531656681508955],[115.79104401700009,-0.15504838282658792],[115.79267905800009,-0.15183510483019036],[115.80046419800011,-0.15050316383164467],[115.80069791500011,-0.14744654383507144],[115.78139161300008,-0.13557173284833743],[115.77874543100006,-0.12028856286548233],[115.77500820300008,-0.1295365778550763],[115.7644982500001,-0.1341601368500053],[115.75009652000006,-0.1256166678594856],[115.74418036400004,-0.11742635086865935],[115.7445698780001,-0.11123485887560887],[115.74916311400011,-0.10786498687938091],[115.754767807,-0.11844568686753433],[115.76348670200001,-0.12385389186146195],[115.76582289000011,-0.10770892387952558],[115.777267455,-0.0901143128991845],[115.76901547400007,-0.0871358119025],[115.75788283700001,-0.0917595048973763],[115.7494752360001,-0.08831076790121885],[115.7464394320001,-0.07851396691212455],[115.73733139000001,-0.06875621392307006],[115.7467514000001,-0.056138314937153315],[115.74052345200006,-0.05786239593528338],[115.72643248400003,-0.07283131691849515],[115.71747991900008,-0.07337967091790609],[115.71522321300006,-0.028550458968050266],[115.69949811500011,-0.008565382990368277],[115.68922227900009,-0.002687460996921914],[115.67886862400007,-0.005273709994032278],[115.67264086400009,-0.010994800987624412],[115.67108382700007,-0.02537591797157585],[115.68392842700007,-0.03556436596019156],[115.68011372100011,-0.04782945594642355],[115.69358105800008,-0.05817481493492705],[115.69443724400004,-0.06373924592868117],[115.67847873000007,-0.05762585993556274],[115.65925013300013,-0.07588581991508743],[115.64516006500003,-0.07361263591766205],[115.63433944300003,-0.07604177491493928],[115.63122573200008,-0.07259339791875431],[115.63231585200005,-0.062405331930177346],[115.62998058200004,-0.05880025393420287],[115.6102858160001,-0.05809444093503386],[115.60164524600007,-0.05060998994333063],[115.60086693000007,-0.04426208895047535],[115.60226828400005,-0.034936204960902266],[115.62624469100002,-0.01343384998495324],[115.63383464300013,-0.0019134969978095802],[115.63319550000006,0.0034216929962313644],[115.61576983100008,0.012363268986231201],[115.57849630800003,0.017325208980675567],[115.57535770800007,0.022573206974789383],[115.57642640200005,0.040015618955289205],[115.57127626800002,0.04567547494896939],[115.5600054680001,0.0411747279539997],[115.5516608580001,0.019656081978063785],[115.54300452500003,0.024314853972891345],[115.54155641000013,0.03801726595753055],[115.53860506500007,0.039839479955531665],[115.5322934520001,0.03410806396194643],[115.53231081900005,0.017540429980417226],[115.52552054700004,0.018436860979446072],[115.5181251790001,0.024894691972174407],[115.51747105700008,0.029626754966922467],[115.52329700100006,0.03521383196067582],[115.52427365300002,0.042626759952407604],[115.51882424200005,0.059098681934004756],[115.51944351800012,0.06670177592550024],[115.51589731700005,0.06677825992537073],[115.51950325800009,0.06886447892305393],[115.52278947600009,0.08571959490420483],[115.50761363300002,0.10320128588467682],[115.51098357300009,0.1035840618842167],[115.51193224200006,0.11121954187572325],[115.52880781700003,0.12093540986485204],[115.513840994,0.14158293084174872],[115.52041402900012,0.16375263981694846],[115.5124592420001,0.1755464468037804],[115.51078586100003,0.18519552779300588],[115.51788887400005,0.19573343578122504],[115.50475730700009,0.20006969377632805],[115.50342919000002,0.20854230176691022],[115.48795147700002,0.20559328477013938],[115.46079707100012,0.23263136873996204],[115.44116359500003,0.24087624773073407],[115.44438378300005,0.25288102771733006],[115.455035231,0.253191772716961],[115.460732484,0.24552870472550078],[115.47377484300011,0.2536500087164893],[115.47226668100006,0.25850259371105566],[115.45425288400007,0.2605638127087148],[115.44232381800009,0.2657990007028978],[115.42036180800004,0.2673088307011862],[115.40988603600012,0.27395730469379415],[115.4014101680001,0.2734191466943237],[115.39950006800007,0.27603175569146854],[115.40152873700005,0.2850874476813313],[115.39712343500003,0.2894553326764113],[115.39767018400005,0.2956087676695171],[115.4123535670001,0.29813088266675],[115.41627153700006,0.3043196386597925],[115.41263314700008,0.3095414546539706],[115.39799730000003,0.3086459426549839],[115.39295671100001,0.31531600164751816],[115.39352434700002,0.32008096764222005],[115.40349329800006,0.32834097963299397],[115.40447654100002,0.33346609962725454],[115.40311077800004,0.34360558361591115],[115.3948210750001,0.35084851360784675],[115.3934688070001,0.3652099635917406],[115.39767871400011,0.3693077355871826],[115.41008158900001,0.3677887775888759],[115.41784538600008,0.37785920357763725],[115.42117692100011,0.3761266225795738],[115.42511375900004,0.36338475359379807],[115.43345365900008,0.3613680335960721],[115.4371002250001,0.3673455945893878],[115.43318810500011,0.3776986595777688],[115.40815884200003,0.3904762305635244],[115.407568619,0.40893080454290415],[115.3977891410001,0.43295489751605576],[115.40235070200005,0.4405489535075907],[115.40978693900001,0.4443803835032921],[115.40802665900004,0.44972382149733436],[115.40385842900002,0.4543226414921649],[115.39215813200008,0.455292032491103],[115.39699638100002,0.43943748450881387],[115.393231376,0.43300323851604716],[115.38930044300002,0.43384118851504255],[115.38098722800011,0.4446201395030114],[115.37538451200011,0.45771196948839193],[115.37008984600004,0.4495163694975403],[115.36401861800006,0.4478926204993628],[115.35893394900008,0.43682773951175],[115.35051753800008,0.4437059805040271],[115.34074394900006,0.4353746885133835],[115.33287033600003,0.43473376551403753],[115.31732341400006,0.44617594150126866],[115.30272181500004,0.44644464550096247],[115.28428192600006,0.4347171625141011],[115.28117061500006,0.46774095047720293],[115.27445507900005,0.4711562634733841],[115.26808734100007,0.4702463674743761],[115.26097263800011,0.48283444646035967],[115.24932915400007,0.4827388434604382],[115.25020226100003,0.4878085864547902],[115.25632274800012,0.4893842914530183],[115.25636471600001,0.4971544084443634],[115.2456306900001,0.5105330854293926],[115.24067438300006,0.5245998694136379],[115.2368411330001,0.5284073334094254],[115.22914036700003,0.5294531004082533],[115.22342996800002,0.5409091673954487],[115.20647439800007,0.5478082183877327],[115.20645278300005,0.5381351413985385],[115.20194349400005,0.5322602434051075],[115.19665878900003,0.5315941314058584],[115.16000376000011,0.5582796783760798],[115.14709012800006,0.5623563523714973],[115.13461675500001,0.5720763603606128],[115.12638412800004,0.5722436993604426],[115.12246291900011,0.5803859253513162],[115.13227208500005,0.5901537383404526],[115.13265911000009,0.6054051263233828],[115.13858301200004,0.6170472513103802],[115.1455106850001,0.6228024143039637],[115.15936492700008,0.6211268183058679],[115.16168143100003,0.6240673243025741],[115.14557639100009,0.6650277362568613],[115.14602892500011,0.6817615242381886],[115.14148094700012,0.6968551092213101],[115.13296020200005,0.7047194532125476],[115.12514751100004,0.7059289282111721],[115.11715999400008,0.7040713322132625],[115.10923007200007,0.7067680982102331],[115.10036014400009,0.7029012652145302],[115.09300415500002,0.7074238962095224],[115.08716746000005,0.7055285272116221],[115.0748552450001,0.7106311952059322],[115.06659956700003,0.707769019209121],[115.06052958700002,0.712981649203352],[115.03758030000006,0.7122415352040914],[115.03391936800007,0.7239993971910035],[115.02018637400009,0.7424333721704384],[115.02097220400003,0.7602982561505188],[114.99833175800006,0.7776193211311613],[115.00353155000005,0.7916445901155136],[115.02479996100011,0.8043115291014005],[115.03060149300008,0.8302332930724605],[115.01778948200001,0.8409566930604981],[115.02079911400006,0.8469999610537623],[115.0187193930001,0.8562138450435041],[114.99813843100003,0.8776826470195603],[114.99238318300002,0.8910419140046665],[114.98251024800004,0.9002635249943632],[114.97757079100006,0.9014188989930784],[114.96993955300003,0.8966193079984695],[114.92103311200005,0.8957168269994348],[114.91568038100002,0.8999339309947278],[114.91204711500006,0.9220055119701063],[114.90490629900012,0.9269146609646726],[114.86103294100006,0.9236952879682228],[114.84865708700012,0.9274985479640103],[114.83485014200006,0.9196009579727696],[114.81966405800006,0.9206075219717098],[114.80961533600009,0.9167967069759495],[114.78967991000002,0.9235578989683914],[114.7767700600001,0.9207625979715136],[114.77193804100011,0.9249568969668591],[114.75950143500006,0.9227729469692526],[114.74869259700007,0.9168435639758487],[114.75059685500003,0.9100477139834672],[114.74498288300003,0.9018738789925465],[114.72833896600004,0.8991839079955479],[114.7279627790001,0.8863930620098542],[114.71430597500012,0.8837225120128059],[114.7088308320001,0.8787188910183907],[114.70049136800002,0.8894466030064414],[114.68137740300006,0.8743700450232005],[114.67233610300002,0.8791046740179652],[114.66227304000006,0.8670680870313725],[114.64114528300003,0.8690704030291561],[114.63451287900013,0.8586830450407417],[114.64051215900008,0.844436314056617],[114.63890125700004,0.831876383070629],[114.63178379200006,0.8303760050722951],[114.62052933500001,0.835090105067048],[114.61580771600006,0.8313760960711923],[114.60305578900011,0.8308828020717567],[114.58244905400011,0.843486429057687],[114.57682003200011,0.833784200068523],[114.56700709900008,0.8313361140712464],[114.56171835900011,0.8116297790932003],[114.55703013100003,0.8106234880943286],[114.5482224550001,0.8149436910895129],[114.54669016200012,0.8059744160995612],[114.54072633200009,0.7977518001087154],[114.53568180600007,0.8003193601058427],[114.53439848900007,0.8117313500931029],[114.52940983000008,0.8146117250899018],[114.51378417900003,0.7954757121112069],[114.50200936800002,0.790406801116907],[114.50417631300002,0.7774616461313735],[114.49685257200008,0.7753752331336271],[114.48682807600007,0.7790528511295733],[114.47458635600003,0.775978484132998],[114.47103125700005,0.7646501501456717],[114.46027334300004,0.7683995121414278],[114.45353747900003,0.7613248661493358],[114.45079621400009,0.7477256601645418],[114.4447653530001,0.742984622169822],[114.4321176410001,0.7430197981697603],[114.43278463700005,0.7365884731769368],[114.42806204800002,0.733156531180814],[114.41033705600012,0.7370514341764542],[114.40397038700007,0.7355953251780758],[114.39861342400002,0.7386836761746051],[114.39092506800012,0.7368048471766878],[114.3773579970001,0.7521428971595961],[114.36510283000007,0.7572221621539431],[114.35588726300011,0.754005232157507],[114.33807188800006,0.7563257001549203],[114.32552852600008,0.7419870091709352],[114.31832319600005,0.7424694461704369],[114.31173011400006,0.7460423591663818],[114.30976208400011,0.7562672291549868],[114.30099116300005,0.7581259201529005],[114.30431830200007,0.7656276071445618],[114.30091652300007,0.7745056771345956],[114.29192499100009,0.7696839051400468],[114.28853925900012,0.7781257721306197],[114.28396228500003,0.7721098621373174],[114.27217778900001,0.7751825631338781],[114.27273491500011,0.7691107651406358],[114.26952380000013,0.7684680201413636],[114.2500372520001,0.7932608421137015],[114.2189238960001,0.7999756411062008],[114.21371154000008,0.8087241540964565],[114.20256419600003,0.8116163080932267],[114.1889209960001,0.8107713480941552],[114.17364281700009,0.8052816331002828],[114.16566600600004,0.7968946801096107],[114.15964708500007,0.800255789105924],[114.1505556300001,0.7950941661116752],[114.12920892300008,0.7992453131070381],[114.12507466400007,0.7949334451118645],[114.12098263500002,0.79728632010923],[114.11349181700007,0.7946379561121397],[114.10539025000003,0.7991159911071793],[114.1159168920001,0.7965765161100352],[114.12156635500003,0.7991040731071988],[114.12472114900004,0.7966323021099462],[114.13037406600006,0.8011018741049605],[114.15005396600009,0.7965926891100212],[114.1597775240001,0.8016288541043859],[114.16511372800005,0.7983274411080766],[114.17195872800005,0.8060516290994529],[114.20242021700005,0.8135017270911324],[114.21486895700002,0.8098536690952087],[114.21944690500004,0.8013504531046816],[114.25067508000006,0.7940846491128297],[114.27027189700004,0.7689995081407637],[114.27120327800003,0.7764583891324738],[114.28403276300004,0.7737870461354246],[114.28529743700005,0.7790938541295149],[114.28956075500002,0.7800837951284183],[114.29178594600002,0.771390404138123],[114.30164876700007,0.7764348201324898],[114.30608778300007,0.7668311471432097],[114.3023174000001,0.7585180131525037],[114.31103594300009,0.7570302541541811],[114.31324745400002,0.7466728001657175],[114.31822811900008,0.7441658091684652],[114.32743519400003,0.7450376501675633],[114.33790218100012,0.7578117851532912],[114.35557391900011,0.755761885155578],[114.36493714500011,0.7588846241520631],[114.37798370200005,0.7534483551581324],[114.39131877800003,0.738405461174945],[114.39891034000004,0.7403748511727537],[114.40356776400006,0.7373536081760705],[114.42988863400001,0.7352208601785115],[114.4301355130001,0.7435610941692244],[114.43720947600002,0.7463918341660027],[114.44340763500009,0.7440257391686316],[114.44904031600004,0.7478357331643903],[114.45153897000012,0.7607493281499695],[114.4611383350001,0.770595026139043],[114.4713423720001,0.7664515761436473],[114.47183720500004,0.7743020801348497],[114.47562346400002,0.7787119061299679],[114.48750835900012,0.7806619191278016],[114.49676613100007,0.7769711781318916],[114.50449855000011,0.7793638831292045],[114.49962288800009,0.7850674151228552],[114.49978558700002,0.7899238581174616],[114.52174401200011,0.8076215500976975],[114.52542921800013,0.8172241140869824],[114.53366102600012,0.8147258680897608],[114.53663759000005,0.8015950881043944],[114.54172263900011,0.8011274831049395],[114.5466735120001,0.8160477030882688],[114.55256691900003,0.8180705940860195],[114.56057263500009,0.8125782090921434],[114.562889401,0.8272888710757595],[114.56901205800011,0.8338435190684527],[114.5756914850001,0.8342936830679599],[114.58104116800007,0.8441525150569481],[114.58616525900004,0.843957234057164],[114.60223996600007,0.832801085069612],[114.61511631400003,0.8323635100700696],[114.62079246800009,0.8358574400661729],[114.6313951940001,0.8312271000713428],[114.63711435900008,0.8326944510697493],[114.63795600700007,0.8505315000498139],[114.63340746100006,0.8591024660402786],[114.64030604800007,0.8698231650283352],[114.66180103800004,0.868350719029937],[114.6713952010001,0.8806459470162288],[114.68135817500001,0.8761640350212202],[114.69884485400007,0.890699961005018],[114.70433712700002,0.889063379006857],[114.70902654800011,0.8799856360169939],[114.71381178400009,0.8847850020116124],[114.72556105400008,0.8866049800096039],[114.72671696000008,0.8999983969946495],[114.7451613950001,0.9034178609908483],[114.74916511200001,0.9112455229820944],[114.74751736000007,0.9177508729748597],[114.75956556400003,0.9245893989672419],[114.77269220200003,0.9261886969654459],[114.77970175900009,0.9229936889690281],[114.79066795000006,0.9253453949664362],[114.80922661300009,0.9180404789745489],[114.8189855820001,0.9224104649696694],[114.83351662000007,0.920782297971484],[114.84825617000001,0.9293043739619916],[114.8620697440001,0.9250906679666748],[114.90588502300011,0.928482620962877],[114.91402911900002,0.923194262968848],[114.91796644700004,0.9003718049942611],[114.92215398100008,0.897013311998007],[114.96722219900006,0.8979031069969687],[114.97806596500004,0.9024602379919386],[114.98446453500003,0.9007862759937904],[114.99401701800004,0.8915263480041254],[114.99878755700001,0.8787347880183237],[115.02022146700006,0.8568615300427531],[115.02246380600002,0.850842465049509],[115.0196305410001,0.8413794050600506],[115.0316260840001,0.8300932010726192],[115.02615397500006,0.8033826571024169],[115.0061880830001,0.7921890091149341],[114.99972804000005,0.7778773631308951],[115.02214932400013,0.7611866631494707],[115.02176642100005,0.7408631051722138],[115.03519287300004,0.7247632941901523],[115.03824210300002,0.7142560072019103],[115.06108334700002,0.714824520201227],[115.06683017300008,0.709805459206836],[115.0747998710001,0.7124436302038821],[115.08669167900007,0.7070164132099742],[115.09417762300008,0.7087224122080542],[115.09996458100012,0.7044247062128757],[115.11026760000004,0.7085618902082177],[115.11524655800007,0.7060106162111078],[115.12494001000005,0.7076139292092825],[115.13386770000012,0.7055364172116078],[115.1430091520001,0.6971776472209528],[115.14743271900012,0.6817576562381531],[115.14603440000008,0.6667746642549016],[115.16275239900006,0.6233993863033321],[115.15963909300001,0.6197597733073861],[115.1458696540001,0.6214705133055135],[115.13930451700004,0.6162651663112774],[115.13388721300011,0.6063913203222977],[115.1333666910001,0.5902156463403719],[115.12398476300007,0.5803653653513557],[115.12751153700003,0.5736660773588601],[115.13536289300008,0.573619755358903],[115.14613384600011,0.564550297369017],[115.16067027300005,0.5594882943746924],[115.1913216250001,0.5399780993965038],[115.19723569700011,0.5332533674039928],[115.20474537100007,0.5391422213974378],[115.20443175300011,0.5484221983870922],[115.22078967200004,0.5480231223875262],[115.23060925100003,0.530047389407586],[115.24226884900008,0.52612676141196],[115.24771030900001,0.5109618144288683],[115.2585396180001,0.49971246644147654],[115.25784133700007,0.4886425394538614],[115.2501588790001,0.4838354854591958],[115.26244045600002,0.48390314445915494],[115.26867796200007,0.472659498471666],[115.27823488400009,0.47249526347186405],[115.28283577400009,0.4688165284759835],[115.28614428100002,0.45697442148921097],[115.28447748100007,0.4375300245109444],[115.30231599400008,0.4488013474983725],[115.31805837800005,0.4476532764995937],[115.33359163400007,0.436612635511966],[115.34071957200001,0.4375004865109623],[115.35064290500009,0.4453181865022515],[115.35878763900006,0.4382712905100985],[115.36101091500007,0.44693982050046294],[115.3693415470001,0.4508249884961126],[115.37159501600001,0.45841393348758375],[115.37552711400008,0.45993219748589387],[115.37884051400009,0.4579549604881378],[115.38230351100002,0.4460320765014483],[115.39214214300013,0.4348057975140029],[115.39526101600006,0.4388261055094707],[115.38995961400009,0.45209501049467493],[115.391244829,0.45665057248959645],[115.40355109900007,0.4557011754906506],[115.40967122000005,0.45054025349637017],[115.41108914300003,0.44442727050322894],[115.4015635070001,0.4377007235107287],[115.39971561900008,0.4323686345167212],[115.40978638000001,0.4084556135434224],[115.41048737200003,0.39007803656394885],[115.43160210700012,0.38370693757106733],[115.43860037700006,0.36758023158910613],[115.43593609900006,0.3604282765970871],[115.42881901800001,0.36011462359744206],[115.42045198400001,0.36467688159233524],[115.41748852700003,0.37589933657977687],[115.40956320900013,0.36575113759117583],[115.3953239760001,0.36545194559149313],[115.39557380500001,0.35935722959832417],[115.40462630300009,0.35133354460726623],[115.40655379200008,0.3334463996272663],[115.4055879980001,0.32787430463346484],[115.3962877140001,0.3202840256419656],[115.39507319600011,0.3149688966478687],[115.40093426000008,0.3090810126544859],[115.41535667200004,0.3104609996529375],[115.41812876900008,0.3057268136582286],[115.41452580100008,0.2973998816675509],[115.39885366300007,0.29368732467170566],[115.40384842800006,0.2838052966827829],[115.40133302300002,0.2768903306904998],[115.41013265000005,0.2755460006920079],[115.42261027200006,0.26820002170015395],[115.44089350900003,0.2674587907009953],[115.45527978300005,0.26152299570767007],[115.47241232100009,0.26029026770905317],[115.47556375000012,0.25403147471599663],[115.46708633900005,0.24576692272529616],[115.45912329500004,0.24374218872753475],[115.44551548900004,0.2503100887202033],[115.44272964000004,0.2416123527299316],[115.46094333500002,0.23432874173807353],[115.48899492400005,0.2078507467676826],[115.50315442300008,0.21076227776440862],[115.50663683700009,0.20088556577545721],[115.5198750200001,0.19787422877881375],[115.51234127300008,0.1845874457936288],[115.52280626000002,0.16312567581765627],[115.515271213,0.1428586348403262],[115.53173985900003,0.12123960086451584],[115.51128880500006,0.10651114388093251],[115.5127022710001,0.09857363488980471],[115.52416313900005,0.08472341690529103],[115.52048166500002,0.06063640193226148],[115.52627139700007,0.03711777495856446],[115.51943075400006,0.030357558966087595],[115.51913605000003,0.026262751970675933],[115.52679971800002,0.020125206977543983],[115.5318500850001,0.020142586977544553],[115.53036244500002,0.03211150096413262],[115.53797480000003,0.04186212395323114],[115.5429557240001,0.03864798895682166],[115.5457520100001,0.023877276973349654],[115.55087803800006,0.021963154975478117],[115.55784206500006,0.04457701495023163],[115.57144885100001,0.047908927946466486],[115.57607219200008,0.04536172294931769],[115.5797277480001,0.03754661595806263],[115.57759291000004,0.024245753972957612],[115.57973495300006,0.018577645979271015],[115.59282114400004,0.016421455981679777],[115.60652613600007,0.018713694979088334],[115.63411555200001,0.0055229529938385785],[115.63626015200009,0.0005176919995021754],[115.63158542700012,-0.010143156988636777],[115.60534504100008,-0.03471872196117139],[115.60343652000006,-0.044164710950561584],[115.61059266500003,-0.05505181593837749],[115.62570065600003,-0.05425165093929726],[115.63126670800013,-0.05713364693605692],[115.63587819100009,-0.07394469891730122],[115.64621540000007,-0.0715434439199063],[115.65909451800009,-0.0733256999179597],[115.67209529900005,-0.05745590593573343],[115.67770032400004,-0.05486977793859912],[115.69225759300002,-0.060747994932011655],[115.67816751800001,-0.049462157944591384],[115.68159301700005,-0.03562964196010445],[115.66905979000002,-0.027753155968913246],[115.66991623800004,-0.009962900988795993],[115.68034771900011,-0.0018906739978400225],[115.6873539500001,-0.0006367319992623589],[115.70300125500012,-0.008591518990307833],[115.71740297100007,-0.027401016969274303],[115.72121716400012,-0.051343953942540446],[115.71981541600007,-0.07152491591995572],[115.72830096200006,-0.06854697792332776],[115.74106848200006,-0.05373473993982846],[115.74729640300006,-0.053264627940422575],[115.74854184900005,-0.05969129193321348],[115.74013390300003,-0.07034988092131177],[115.74737372900007,-0.07477818591633628],[115.75188861300002,-0.08669112490306533],[115.75609237800006,-0.08951272489985788],[115.77321944100004,-0.08457571890536385],[115.77952513900004,-0.08904326990035683],[115.77687791300002,-0.09848730788981641],[115.76714618200003,-0.11141869087537391],[115.76776841900005,-0.1241937148610562],[115.76364227100011,-0.12662311785833666],[115.75725870300006,-0.12466346286053927],[115.74854020000011,-0.11079091187608013],[115.7463603450001,-0.11267178387393406],[115.74791702900008,-0.11945117086644415],[115.76621108200004,-0.1313648788530588],[115.77095998000004,-0.13011112485444093],[115.77461939100012,-0.12007937786570477],[115.77882338000005,-0.1180418288679243],[115.78582906000008,-0.13591158184796961],[115.80202151000003,-0.1449647338378533],[115.80256618500006,-0.15021590383196914],[115.79306812000006,-0.15523137482640845],[115.81136259800007,-0.16342265681726115],[115.81393108500004,-0.17337650580611796],[115.8023304950001,-0.18536717979272171],[115.79797086600001,-0.18505338179308456],[115.79127639700005,-0.17447231180492329],[115.78590458000008,-0.17650970680260655],[115.78388004400007,-0.1829362977954067],[115.78707168100003,-0.18634581879161752],[115.80676738300009,-0.19441983478259542],[115.80886912000007,-0.19786850277872112],[115.80466477800007,-0.20311934277287907],[115.79002893000008,-0.2014723737746783],[115.78995081000006,-0.20507761177067452],[115.79672315700009,-0.21389531976081932],[115.81252682900003,-0.2153856947591689],[115.81688552800006,-0.22776938674532088],[115.84156424600008,-0.2320429157404985],[115.85518583700002,-0.2623366297066373],[115.85495177400001,-0.26782297670056143],[115.84810018200005,-0.2736221916940202],[115.85845401400003,-0.2798933326870353],[115.8726245040001,-0.26704085370139535],[115.87760700900003,-0.2682953506999696],[115.88040827200007,-0.2839318976825192],[115.87651498800005,-0.2901233236755937],[115.86701662800012,-0.2924736816729783],[115.87005224600013,-0.29905766666560696],[115.87978383000006,-0.30023433066431243],[115.8906861910001,-0.2708830146970757],[115.89598042700005,-0.26900243369920085],[115.9085925620001,-0.27166843369617344],[115.92221788700012,-0.2626561377062894],[115.92548760800003,-0.2646942637039983],[115.9272773130001,-0.27558904869183126],[115.94191328500006,-0.28421205668220323],[115.94938655100009,-0.29346148767182795],[115.95405818200004,-0.2902483766754636],[115.95195731500007,-0.2765318116908212],[115.95810805200004,-0.2748080096927058],[115.97064188400009,-0.2856646956805997],[115.97149755100008,-0.2939730246712795],[115.96775974700006,-0.3016538836627459],[115.97796023800002,-0.28699781167904215],[115.98216453000009,-0.28637114867975966],[115.98846990100003,-0.2975016936673181],[115.99407578700006,-0.29515080066998794],[115.99991416800003,-0.3047529336592269],[116.01766465200001,-0.3147873266480315],[116.02763061400003,-0.31251521565056073],[116.04771776600002,-0.31424146364865546],[116.06313293800008,-0.3225513476393154],[116.06835117200002,-0.30311308966106065],[116.07714977900004,-0.2959810656690641],[116.08150986100009,-0.2959814306690756],[116.09669011400001,-0.3222016796397606],[116.09209583000006,-0.32886378563227814],[116.08641193300002,-0.3309012056300403],[116.09217274000004,-0.33921028762074434],[116.1050192560001,-0.3421900396174061],[116.10805740700005,-0.3240838776376056],[116.11327431000007,-0.32040033764175696],[116.11849038000004,-0.3264362906349645],[116.14239223200003,-0.33964600962026137],[116.15695202000008,-0.34090144161882224],[116.16247973600002,-0.3453698166138532],[116.16356921900001,-0.35179740360667183],[116.17081028000008,-0.35179805460667724],[116.17112134,-0.3561092126018265],[116.15656049900008,-0.36551395059133285],[116.16971900500005,-0.365358416591462],[116.1845131120001,-0.35995125359754654],[116.20288775000004,-0.36751702258909313],[116.21402124500003,-0.3759052125797024],[116.21433337300004,-0.3682235085883057],[116.21939455000006,-0.36649948359024914],[116.23192790400003,-0.39417060355932654],[116.23589917700006,-0.39103555456279004],[116.238625898,-0.3736342285822647],[116.24625689900006,-0.36799112658855604],[116.27109498500009,-0.369482540586894],[116.27156070500007,-0.386962670567349],[116.28035936400009,-0.3855524745689087],[116.28767897900002,-0.37994847057520004],[116.29461003499999,-0.36466368259223636],[116.32217235300004,-0.3826164195722402],[116.32474347200004,-0.36145214459581504],[116.3220184600001,-0.3584732375991667],[116.31742395800008,-0.36576286959109],[116.3146211620001,-0.36184331459540875],[116.31695749000004,-0.35619964060171616],[116.32941581400007,-0.35439765860376954],[116.35838049200005,-0.3649820365919329],[116.35721329500007,-0.3540077056041943],[116.36095088600007,-0.35244021460594727],[116.36904830300011,-0.3594172715981652],[116.36943808800005,-0.35259757260577923],[116.37769249000007,-0.3408399636189092],[116.38960443900011,-0.36122160159612277],[116.39443189600001,-0.36365195559343844],[116.41335422600002,-0.34562390261353054],[116.41810356900011,-0.3525223736058207],[116.41716845400005,-0.3641237935928849],[116.42082803900007,-0.3653782455914999],[116.43188627000008,-0.3431557976163052],[116.443020132,-0.35797192359980107],[116.44714711200005,-0.3561692336017499],[116.45843890700006,-0.3334763156271395],[116.46622587500008,-0.32571622963579694],[116.45680545900007,-0.30031771866421286],[116.45929731600006,-0.2968687286680306],[116.47082138500004,-0.2967909016680924],[116.4779069760001,-0.30024036466429843],[116.47650456500001,-0.31725074464527997],[116.49277846600012,-0.3178786756445896],[116.49807460900001,-0.2904818316752],[116.52781932000003,-0.2915021886740835],[116.53653991300006,-0.30130128766309305],[116.54689651700005,-0.2916205626738795],[116.56052337400001,-0.2850363356812602],[116.58980119300008,-0.28448869068191374],[116.59174815200005,-0.27602259069138557],[116.56535232100009,-0.2500353017204232],[116.5672993940001,-0.23690500573511392],[116.59315147700012,-0.21942471875462727],[116.59922506400005,-0.21887614975525319],[116.61285144900012,-0.22781304574525035],[116.61869146400012,-0.22687251474633313],[116.62717931000007,-0.21123377376373756],[116.62686837700005,-0.18752055079029203],[116.6402615620001,-0.18015208779848807],[116.66307637900003,-0.1856399047923859],[116.66953935000005,-0.18407220379415226],[116.67140865900001,-0.15393083282784187],[116.68036347600004,-0.14381849983913012],[116.68931816900012,-0.14256436384054644],[116.7055922600001,-0.14852232783389874],[116.72280067600002,-0.16267222481807747],[116.75480404900009,-0.1658083128145778],[116.76399233900008,-0.1702767578095691],[116.77294696200012,-0.18078137379780332],[116.7752828030001,-0.19512711378178862],[116.802380437,-0.21864505375553003],[116.80401547600002,-0.232481263740017],[116.79085522100002,-0.26967804669843876],[116.80541630000005,-0.2848471426815105],[116.83189153600006,-0.28265258168396024],[116.83710866500006,-0.2860235196801867],[116.83609630300009,-0.29119738567439],[116.81187885900009,-0.31428345764861015],[116.8100099190001,-0.3196924726425725],[116.81343607800011,-0.32259304063928845],[116.82394826600012,-0.3261992646352463],[116.84995650000008,-0.3184388626439157],[116.87791130800007,-0.32188849464008823],[116.92720227400004,-0.3187532736435912],[116.9722883820001,-0.30264384766158503],[116.99019821600007,-0.2803020296865714],[117.00499324900011,-0.2734818886941964],[117.01207929200005,-0.2768527596903921],[117.02025554500007,-0.30550518865843296],[117.03092361100006,-0.3204781186416914],[117.03551787100002,-0.31922382564303003],[117.04275963900012,-0.31013027565321055],[117.05225961900011,-0.3073864976563089],[117.0605915850001,-0.3090326936544317],[117.07772278900006,-0.3196155536425915],[117.08153848200006,-0.3346276626258346],[117.0623827930001,-0.34564193561350703],[117.05771085800006,-0.37848838357687115],[117.04322716100012,-0.3788020375764705],[117.02913277800009,-0.3701005365861633],[117.02804256800003,-0.3573225736005179],[117.02196876000005,-0.3520702966063347],[117.00281295400009,-0.3623005365948972],[116.99222272500005,-0.3771950975782853],[116.9969727470001,-0.4034173715489818],[117.00577203000012,-0.4282285755212385],[117.00452612100004,-0.4434759035042288],[117.01721898200005,-0.46475942748044896],[117.02874390900003,-0.49682188544464306],[117.02983421300007,-0.5219466454165193],[117.04346170699999,-0.5348029174021763],[117.04128137400005,-0.543190917392768],[117.0326376920001,-0.5460522933896048],[117.02414977500008,-0.5566353063777696],[117.02438345900009,-0.5734504733590081],[117.0306911130001,-0.5842685923468943],[117.04338423500009,-0.5890504423415849],[117.05934786600007,-0.5816814133498017],[117.06962700100006,-0.5882662513424264],[117.07640182400009,-0.5871686693436757],[117.08107386000006,-0.5685504283644808],[117.08138510800006,-0.551343309383666],[117.08582363300002,-0.5419361693941755],[117.09041794100007,-0.5362918554004631],[117.10583635900004,-0.5344493874025213],[117.11611518000005,-0.5270019384108643],[117.1192296380001,-0.5069334644333234],[117.12397964200011,-0.5017594884390846],[117.12872973200001,-0.5012890424395999],[117.15415829300002,-0.506938311433286],[117.1584765020001,-0.51273363442683],[117.15567345400007,-0.5245317174136193],[117.1828510890001,-0.5514586303835262],[117.22708234700009,-0.5687032893643476],[117.24740668000005,-0.5697999313630722],[117.27655086300001,-0.5772824423547022]]}},{"type":"Feature","properties":{"name":"Kelinjau","cls":"primary","km":544.39},"geometry":{"type":"LineString","coordinates":[[116.67931932400008,-0.14461592783824728],[116.68210820900003,-0.138708549844859],[116.67361353300011,-0.13385444885027623],[116.6675102160001,-0.12510992986006222],[116.65798047500004,-0.12443178386083316],[116.64420339500008,-0.13317630285108406],[116.63999174900006,-0.1306421768538742],[116.63838561300008,-0.12261149586284059],[116.64727290000008,-0.12043428886531721],[116.65027102100011,-0.1086916488784577],[116.6446673900001,-0.08442114690555366],[116.65366175300005,-0.07821075291248226],[116.64716582400003,-0.06111432593158593],[116.65134177800006,-0.057295290935903284],[116.66708191300006,-0.0633986089290676],[116.66854528100009,-0.04955014594453128],[116.67732549300003,-0.05651006893677939],[116.68535617300006,-0.04694463594748877],[116.67568366400008,-0.03984194495542114],[116.68182267400005,-0.03584444995985549],[116.67600489200004,-0.02792084496868579],[116.6761476590001,-0.021924602975433877],[116.67985961900001,-0.018462487979306233],[116.68535617300006,-0.026350400970488273],[116.68824721900013,-0.020853845976635383],[116.68699800200012,-0.015250214982938796],[116.6941720760001,-0.005720473993518948],[116.70541503000004,-0.01071734198800535],[116.71173249900005,-0.008825670990075755],[116.70462980800005,-0.009182589989681482],[116.70291659600002,-0.005185094994124267],[116.70629026700009,0.003154184996481259],[116.71273953800004,0.0037471529958668843],[116.71641678300011,0.014545482983801419],[116.711026446,0.016126830982050304],[116.71083078800007,0.02648240497040716],[116.72096966200002,0.03153286996479152],[116.7161688860001,0.03254944296366438],[116.71277183400002,0.03760412095804023],[116.70720412200001,0.02826252096843104],[116.70349827100006,0.02820603396851534],[116.69894432200012,0.03936461395599031],[116.70352048000007,0.042470861952577856],[116.70284715200012,0.0508196229432103],[116.69615966900005,0.05947737393354876],[116.70616470200004,0.06546036192688534],[116.69234882,0.07309954191827715],[116.70389893600009,0.078512140912246],[116.70468677400004,0.082644275907653],[116.6999876970001,0.08454049190552451],[116.69500730400011,0.07803093991284504],[116.69182769900011,0.07862526291211668],[116.68652467300002,0.08438892490567083],[116.69359514400003,0.09214911289701812],[116.69323632700002,0.09948098088880875],[116.68805264200013,0.0946208688942384],[116.6846239140001,0.10025009988795831],[116.67667774000004,0.09919516888912215],[116.67385992300001,0.10286360388501374],[116.67469486800007,0.10790817187941024],[116.68794520000006,0.12122366186450964],[116.67840082700002,0.1263282958587975],[116.67887936300008,0.13789680284587263],[116.6724568410001,0.14909240883335542],[116.6825969140001,0.15251761082954443],[116.67951298900005,0.16018851782093504],[116.68586464200008,0.16334952181738543],[116.6728661940001,0.16677798081355855],[116.67251088000012,0.1736999828058585],[116.6663976550001,0.1777986398012581],[116.65754024700003,0.1690983828109892],[116.6539199550001,0.1702654258097016],[116.65209791300005,0.1884934087892931],[116.63346407000007,0.20142964577485883],[116.641772929,0.21006239376517075],[116.62491207700009,0.21735410575707262],[116.62982033100002,0.22703239274623127],[116.62350614200011,0.23196524974068441],[116.62360249100006,0.24238834372906692],[116.61760629500009,0.25034703872017605],[116.62286912300011,0.2548997037150397],[116.6288597480001,0.24762135672324548],[116.63189415600006,0.24832863672241084],[116.63296717000003,0.25316736871701473],[116.62469824200004,0.2712930856967429],[116.6276783930001,0.27394591269376656],[116.63221481500011,0.2697016766985465],[116.63521117600011,0.27773893968953806],[116.62093742700006,0.2795032606875505],[116.6199479920001,0.28517205468119644],[116.63665725000011,0.29985968566479576],[116.63484439900004,0.30218114866219054],[116.62988993300009,0.2962088676688849],[116.62473846700003,0.2997079476649651],[116.62769534100006,0.3203174986419466],[116.63581656800011,0.3189104946435232],[116.64136247200008,0.3277755616336052],[116.63985509500002,0.32949833063164097],[116.63555461700003,0.3233826956385057],[116.63189329300008,0.3260960036354482],[116.63424966900004,0.3491354296097199],[116.62616873500009,0.35844953559931575],[116.62858119100008,0.35938908959826754],[116.63159709800004,0.3550190216031196],[116.6362603980001,0.36623350459057336],[116.63062117400011,0.3747402585810927],[116.62942718700005,0.38963210256449754],[116.63600776800003,0.39292301956082176],[116.63566741600005,0.383341840571517],[116.64274464200004,0.3849656405696927],[116.64186945100003,0.39671330055655174],[116.66001404300006,0.3916361155622129],[116.66367382600004,0.39892673555406116],[116.67110968400004,0.40193084155074144],[116.6625375200001,0.4030712895494853],[116.66384137000013,0.4113985495401671],[116.66073583300009,0.4181735065326096],[116.66698737500008,0.42092560952950947],[116.6836542850001,0.4169431375339322],[116.68542727100011,0.4195303745310584],[116.68455709900003,0.4288068235206879],[116.67552228000011,0.43726780551119915],[116.68057079700009,0.4480192934992395],[116.67393503300002,0.45009470149688924],[116.66930690800007,0.46110778148459736],[116.67232724900009,0.46560877047958016],[116.66863830900003,0.48047387946292147],[116.67579757700004,0.4815900074617202],[116.67879570600007,0.4779615074657584],[116.68705856100007,0.4812376834621298],[116.67785495500004,0.48506770945785765],[116.68018997600008,0.4935124264483919],[116.675151808,0.49183518245027025],[116.66784967600007,0.498140262443197],[116.67156958100009,0.5019684294389408],[116.66857153400008,0.5066431004337311],[116.68001118200006,0.515601157423721],[116.66928593300008,0.5118585054279161],[116.66768281500003,0.5156838804236293],[116.6711677620001,0.5182229004208063],[116.66174489000004,0.5219884704165958],[116.66224819200012,0.5343749284027297],[116.65199109100003,0.5326756374046556],[116.65346069700003,0.5413836083949212],[116.66162611900006,0.5436239323924089],[116.65200310300008,0.547473086388116],[116.64720022200004,0.5562895673782831],[116.6523573180001,0.5642059533694054],[116.65415778500005,0.5609138933731171],[116.65808284700005,0.5654381563681001],[116.66231809600004,0.5645901293690267],[116.66144823200011,0.569349752363671],[116.66612716300007,0.5722225363605042],[116.6655247870001,0.5802885813514518],[116.65934062900011,0.5830824053483583],[116.66498887200011,0.5868760253440855],[116.6651710750001,0.5914118363390497],[116.65860195200003,0.5919882403383736],[116.6601401360001,0.5998629953296354],[116.65360984400002,0.6026648413264493],[116.65552061000005,0.6061381973226069],[116.661325668,0.6060776883226704],[116.66303949200005,0.6114251593166936],[116.65285205900011,0.6162213443113368],[116.65263012900006,0.6235649093031052],[116.64484398700007,0.6261434703002203],[116.64719815800004,0.6304576402953983],[116.654081495,0.6323732472932467],[116.65456330600011,0.6357792592895091],[116.6455973630001,0.6318247112938961],[116.64074487800006,0.6337202102917615],[116.64451000800011,0.6448716632793463],[116.6362608070001,0.6473863402765456],[116.63757138500013,0.655201638267795],[116.6347781600001,0.6590591172635422],[116.64011262800013,0.6686301282528527],[116.63117639300003,0.6693772802519496],[116.632099175,0.6811827512387877],[116.62471765600003,0.6840177622356419],[116.62192065400006,0.6957088342226162],[116.62306284700003,0.6985096972194974],[116.62862531400003,0.6989244782189881],[116.62773389300003,0.708402703208423],[116.63785411400009,0.7050581282121671],[116.63068237200004,0.7130117842032805],[116.63334529600002,0.7187432791969152],[116.62939246300004,0.7258419041889452],[116.63399563100006,0.7312669681828811],[116.62640123300002,0.7354132221782667],[116.62550968800008,0.7493172091627789],[116.63560737300008,0.7505484141613721],[116.63785611300011,0.7548885351565388],[116.6249709870001,0.7543700431571061],[116.61837681200008,0.7629992381474802],[116.59981642000001,0.772718708136662],[116.58930046000012,0.7879795591195949],[116.58543657000007,0.7800825831284446],[116.57347025000003,0.7826413041255326],[116.56486396400008,0.796587708110016],[116.56747288600002,0.8027452451031265],[116.5665516460001,0.819166120084781],[116.55240408100006,0.8190388860849339],[116.55288787100005,0.8238276360796025],[116.55840658800001,0.8288311040740445],[116.55111210599999,0.8368380710650978],[116.54201652700011,0.8339580570683098],[116.54422477200002,0.8245684410787952],[116.53866096100002,0.8206570540831483],[116.53930497400006,0.8158805210884829],[116.53348614300013,0.8127468410919677],[116.52468444100009,0.8156940930886672],[116.52396938400013,0.8258132780774086],[116.50919036100004,0.8291340450736757],[116.51580674100002,0.8359005710661466],[116.52709450500004,0.8374235350644933],[116.52733844400008,0.841478608059923],[116.51745993800012,0.8475512420531465],[116.51313343500011,0.857506908042063],[116.51497548300006,0.8606093180386081],[116.5223419040001,0.8599895870393004],[116.51222766800005,0.8667308050317194],[116.51419593600006,0.8709296360271043],[116.5212178490001,0.8694350030287191],[116.5218819160001,0.8727177680251127],[116.51171051100005,0.8782279520189169],[116.51221240600012,0.8869666800092021],[116.50824611900009,0.8912735960044059],[116.50086156000009,0.8870576400090988],[116.49252238200006,0.8942722710010373],[116.48872273000006,0.9079513869858115],[116.48331170200004,0.9129477659802274],[116.48645706200013,0.9242797009675742],[116.48983175800005,0.9268438619647303],[116.49510484400001,0.9256071279661383],[116.49666934600009,0.9301403149610613],[116.49149846700006,0.9433335709463232],[116.48284666700012,0.948133442941025],[116.48419248200003,0.953655371934821],[116.4911284540001,0.9590026299288599],[116.48556477900003,0.963514595923815],[116.47285234200002,0.9647634359224398],[116.4414830490001,0.9762683089096129],[116.44282355200005,0.9883099398962425],[116.44751341100005,0.9891198228953256],[116.44851721000009,0.9938547088900243],[116.44941409100011,0.9886180628958793],[116.44395692800003,0.9872285888973994],[116.44240330000001,0.9767414019091313],[116.47554491400001,0.9657955869212841],[116.48666141600008,0.9649655729222372],[116.49283583100011,0.9591463169286896],[116.48469592300012,0.9487674989402803],[116.49290467900005,0.943782350945815],[116.49814958300009,0.9302412009609394],[116.49632334200011,0.9240593959678445],[116.48791681300008,0.9242514159676031],[116.48518101000003,0.9123769719808673],[116.49036437300003,0.9085239949851474],[116.49428025600002,0.8946444380006194],[116.4957704730001,0.9018650069925862],[116.50122138900008,0.9023942559919808],[116.50275015900002,0.8980851849967876],[116.49827684600007,0.8946884140006167],[116.50028415000008,0.8890101330068976],[116.50938194100003,0.8925094270030274],[116.51401308600008,0.8875482150085241],[116.51352901000006,0.8785069530186262],[116.52333409800008,0.8739232200237348],[116.52270176400009,0.8681575210301766],[116.51595502100007,0.8695414350285811],[116.51372665300005,0.8669606680314784],[116.51721489000012,0.8630936100358253],[116.52346552200002,0.8629805730359508],[116.52345126300008,0.859037844040333],[116.51554024400002,0.8590368430403404],[116.51461404900012,0.8565041000431639],[116.51826063800003,0.8536794610463163],[116.51776118300006,0.8491055830514062],[116.52748291100012,0.8447190480563114],[116.52939106500004,0.8394845540621731],[116.5279929070001,0.8362428370657408],[116.51761411900009,0.8351222200670267],[116.51064177800004,0.8295257270732065],[116.52462044700007,0.8275378760754889],[116.52569486900005,0.8165042150877754],[116.53258914300011,0.8143649980901208],[116.54286741800001,0.8251149120781868],[116.540889278,0.8342966630678909],[116.54765227500002,0.8384516160632707],[116.55255465100002,0.8377024110641638],[116.56024105400003,0.8294391380733434],[116.55378781200011,0.8195171380843933],[116.56800186300006,0.8206873460831264],[116.56932398100003,0.8038093811019573],[116.56611524300001,0.7973873081091003],[116.5712874410001,0.7928200911142306],[116.57432826700006,0.7832351691249357],[116.58512574800011,0.781577464126772],[116.58553182700008,0.7875151491201191],[116.58934709300001,0.7894866411179061],[116.60018746200002,0.7743196161348632],[116.61980750700003,0.7638759551465222],[116.62643067700002,0.7552743581560896],[116.63789836100011,0.7574611691536509],[116.63962706500003,0.7537182521578267],[116.63610806800011,0.7494531081625798],[116.6269488160001,0.7489123331632143],[116.62784585000009,0.7351703581785515],[116.63538247200007,0.7310518931831361],[116.63120315100004,0.7232297801918524],[116.6344725890001,0.7194681711960655],[116.63906837900004,0.7207380721946823],[116.63972742300007,0.7293869801850181],[116.643068157,0.7317274211823974],[116.64900520700007,0.7269421051877066],[116.64158416100008,0.7153495382006756],[116.63184816100011,0.7157669992001736],[116.63912972100003,0.7069628662100472],[116.63842364700008,0.7037448302136361],[116.62911458500004,0.7071955462097523],[116.63039421200006,0.6992573732186375],[116.62318843800007,0.695656279222631],[116.6268478730001,0.6913140492275173],[116.6263756620001,0.6838812802357693],[116.63356001600005,0.6815775622383776],[116.6329209050001,0.6695446392517814],[116.64134934700009,0.6695963162517837],[116.63615112200011,0.6584578382641866],[116.63885330000006,0.6554234272675625],[116.6374501590001,0.6480962312757376],[116.64581220700006,0.6460857692780202],[116.64237370900003,0.633627583291934],[116.6532099960001,0.6375290132875455],[116.65647634800007,0.6357898282894827],[116.65573901100002,0.632103794293605],[116.64832057800004,0.6300837892958929],[116.64618023800004,0.6258927313005677],[116.65252957300005,0.6251949213013369],[116.65443606200006,0.6165289553109677],[116.66457443000002,0.6120427963160054],[116.66196737600002,0.6049602373238993],[116.65463349000004,0.6028770103262135],[116.66143332000001,0.6009036553284643],[116.66002897300008,0.5923145453380669],[116.66629405000005,0.592021979338344],[116.66635612100005,0.5865229873445019],[116.66069495200009,0.5827324363487714],[116.66593298900011,0.5823267983491639],[116.66721379600006,0.572465710360226],[116.66228726800011,0.5685305453645636],[116.66300673400009,0.5634071483703327],[116.6581910340001,0.5642414933693768],[116.65364225200005,0.5590970563750892],[116.65129201900004,0.5618003753721155],[116.6485887870001,0.5578161693765504],[116.65212119800002,0.5496234173857434],[116.66303587600008,0.5438251723922161],[116.65861700800008,0.5397251883967591],[116.65441823200003,0.540287502396161],[116.65284445900012,0.5334885524037025],[116.66322117800009,0.5364736644004151],[116.66352850200008,0.5219751684165916],[116.67372845400006,0.5183586094206427],[116.66960616000006,0.5133624804262376],[116.68074309800012,0.5166064134225616],[116.66996605500002,0.5052579584352833],[116.67845355800011,0.5036986554370156],[116.67948780800009,0.4993576524418589],[116.66953524400003,0.49867697644265174],[116.67484377100006,0.4934267044485123],[116.68110047100004,0.4949721454467857],[116.67882518300006,0.48576052345705956],[116.68754339600002,0.48424738045875626],[116.68824708700004,0.48122632846211455],[116.67831967100005,0.47687067946700223],[116.67428457000007,0.48090072046251764],[116.67387181800008,0.4646188814806682],[116.67068677600004,0.461220804484484],[116.67502581800011,0.4507837504961484],[116.68173056200011,0.44834455049887695],[116.67668803200002,0.43746058951105043],[116.68604190600003,0.42924975652019065],[116.68723887500005,0.41870465253195155],[116.68350548900004,0.4153615935357301],[116.66666657200005,0.4195916515310202],[116.66171432500005,0.41719968553366404],[116.6652072060001,0.4110127965405839],[116.66401627000006,0.4029948985495101],[116.67236213500007,0.40247167955016533],[116.66455259600002,0.39759048855556767],[116.66081067300001,0.3901429665638845],[116.6482013220001,0.39149531156241785],[116.64210541000011,0.3954834795579508],[116.642956518,0.38329032357154535],[116.63358309600005,0.38277924557209936],[116.63444193400007,0.39201078456180166],[116.63057555800003,0.38808231556621625],[116.63236201000007,0.37393754758202863],[116.63809200100003,0.36541992059154443],[116.63155470200003,0.35263287560579515],[116.63516341100001,0.3505721346081335],[116.63516072400012,0.3452801766140454],[116.63980831300012,0.3493738106094335],[116.64216838100003,0.3473392836117474],[116.63342403800004,0.33952838362049453],[116.63321819600003,0.3262008866353569],[116.63657848000003,0.3252875476363988],[116.64005960600001,0.33131651162964626],[116.64266320600007,0.3268406496346568],[116.63625090900007,0.3177604546447884],[116.62889808200009,0.3198701566423931],[116.62559890500006,0.30079232766378405],[116.63040711700012,0.29803642366680555],[116.6363402930001,0.30430972165978937],[116.63839689400004,0.2999016676647807],[116.62139884700004,0.28350067168308374],[116.62228102000005,0.28067999468624305],[116.63644636100003,0.27917411368795075],[116.63281250600006,0.26870946769961807],[116.6261626800001,0.2716427986963556],[116.63456696500009,0.251474034718913],[116.63050135200002,0.24547376872560317],[116.62318884700007,0.25297120471722945],[116.61911253300002,0.2504216457200698],[116.625095384,0.24375642772752132],[116.62447490000011,0.23296037973960235],[116.6315750120001,0.2264690787468257],[116.62682477600003,0.21705195475737013],[116.64298396100003,0.21106958776403287],[116.63534959800006,0.20102524577527922],[116.65373464200003,0.18847692378932257],[116.65525096400006,0.17135308680846043],[116.66641785300011,0.1798566587989694],[116.67386939400002,0.17405075380545532],[116.67343701700008,0.1683287278118596],[116.68765213600011,0.16367662681700704],[116.68100509900013,0.15885955382244454],[116.68454588400003,0.1522225878298236],[116.6740479560001,0.14765339483492765],[116.68094284300001,0.1377684208459787],[116.67948516900003,0.12726869885775383],[116.68948527200006,0.12174355886393218],[116.67616542900011,0.10780640387948616],[116.67544615200006,0.1030347178848516],[116.67745126200009,0.10047374788775743],[116.68574044900004,0.10133363988675202],[116.68845369300006,0.0958836798928235],[116.69028632200002,0.10100841988709576],[116.69462195100004,0.1002362178879482],[116.6955301380001,0.0925460048965288],[116.68838049100009,0.08579060590410359],[116.69145306000009,0.08015116191041258],[116.69458265900006,0.07947153691122179],[116.70038070900011,0.08616026490369619],[116.70680757600007,0.0822772509080632],[116.70505118000004,0.07782039991305466],[116.69430152100004,0.07304649991835732],[116.7076618420001,0.06670757392542348],[116.70695379000007,0.06336023392922108],[116.69801337900003,0.05934615793367513],[116.70430561800003,0.05117133494285282],[116.70450355800006,0.04175721695334512],[116.70045004600003,0.040022028955293956],[116.70516873500003,0.029450030967160094],[116.71222187500008,0.03894901395646563],[116.72264089900011,0.03197956096432153],[116.72141679700007,0.02853495096812297],[116.7124955810001,0.026209888970728713],[116.71270289000005,0.0167762449813375],[116.71719447600002,0.017804440980162067],[116.71852647100002,0.015000291983245704],[116.71386888100005,0.0029999949966895943],[116.70672267000009,0.00150731299837733],[116.70357630100013,-0.005387348993934609],[116.70495638900003,-0.008385469990544615],[116.71100022000006,-0.006148776993078045],[116.71261825300009,-0.009337254989465676],[116.70438531800005,-0.011383590987226015],[116.69443917100011,-0.006719847992427615],[116.68834775100005,-0.014619657983614634],[116.68656315500004,-0.02654075797027719],[116.68342226700007,-0.02689767696989303],[116.67923441500011,-0.019711704977928696],[116.67652183000007,-0.0234950479736721],[116.68266083900005,-0.035416146960367774],[116.67654562400004,-0.039651587955628044],[116.68613485200001,-0.04764657694669],[116.67802089000008,-0.05747375093571738],[116.66935965200003,-0.050216394943825536],[116.66797956500011,-0.06411244692826407],[116.6527272200001,-0.05809241093501688],[116.64780173500003,-0.06149503993120274],[116.65458319900006,-0.07841300791225085],[116.64530330100001,-0.08517067690471203],[116.65103780200002,-0.1107974718760307],[116.64839660100007,-0.12033911086539362],[116.63925947000007,-0.12431280986092441],[116.64094888800003,-0.13123704185320553],[116.64846798400005,-0.13054699785397433],[116.65760511500002,-0.1235989718617642],[116.66688501300007,-0.12402727486128917],[116.67523692100008,-0.13433034084977138],[116.68285119600013,-0.13770917584595732],[116.68199868400008,-0.1433481758396919]]}},{"type":"Feature","properties":{"name":"Belayan","cls":"primary","km":544.13},"geometry":{"type":"LineString","coordinates":[[116.59922506400005,-0.21887614975525319],[116.58813630300006,-0.21218000176274135],[116.58742246500003,-0.20813491876724838],[116.57466260500009,-0.20236472577366457],[116.5614863400001,-0.20132371077484817],[116.55149260400003,-0.21128770376375966],[116.54102297500003,-0.20566622776994822],[116.53248665900003,-0.20539853777028272],[116.53730506800004,-0.20078833277545105],[116.53525278200003,-0.19641607278037926],[116.52097601600006,-0.19968783177668728],[116.52290932800008,-0.19025921778723312],[116.5292743870001,-0.18303160479528105],[116.52371239700007,-0.18410236179412195],[116.5106551040001,-0.17027174480959434],[116.49608090600009,-0.17827268280059144],[116.49730037900008,-0.17306761180644986],[116.49200607900002,-0.16863586581139742],[116.49735986600002,-0.1590287918221261],[116.48338053200007,-0.1623005508184588],[116.47978159800003,-0.1587611028224296],[116.48311284300009,-0.1487673668336177],[116.49161941600006,-0.14534689083744884],[116.48477846600008,-0.13939823884407362],[116.47799700200007,-0.13829773784529711],[116.47487395900009,-0.12735221685756265],[116.4652979770001,-0.13000892985461845],[116.46547508800008,-0.11435441187212134],[116.4605674500001,-0.11491953387148106],[116.45345881000001,-0.1277091368571586],[116.44682606300013,-0.120094860865663],[116.44040151800004,-0.12830400185646595],[116.42805806400008,-0.1218199708637517],[116.43070521400011,-0.1157523448705216],[116.42900984800008,-0.10923857087778616],[116.4144653930001,-0.10534220288218955],[116.41682026600007,-0.09528025589344759],[116.41192809500001,-0.0881989799013655],[116.41404105600009,-0.08178395290849483],[116.41902840600005,-0.08178395290849484],[116.42252383400013,-0.09219171489687422],[116.43061400200008,-0.09759309189082527],[116.44362965300002,-0.08395877990604236],[116.44115501400006,-0.0787477609118756],[116.43392145300004,-0.07455990891656777],[116.43984631,-0.06877781892302152],[116.43898970500005,-0.06292434492957952],[116.42640235600005,-0.058926849934099766],[116.42288075400005,-0.04472146794994766],[116.42373735900003,-0.04103330395407909],[116.42968601200005,-0.04034325995478388],[116.42807634100008,-0.03346645296254071],[116.43271629000003,-0.023502459973675498],[116.42236563400002,-0.017613293980222308],[116.41487033200006,-0.008035962990949342],[116.41543806600008,0.00673498199253891],[116.42476109000006,0.0114391899872349],[116.41944087099999,0.019389198978356045],[116.42692418500008,0.02883367396782405],[116.44199008500003,0.027521983969287695],[116.43345857700001,0.03672807195899683],[116.4477396640001,0.04613147394844416],[116.44352198900003,0.05922492093383833],[116.434727295,0.0642091589282414],[116.42965686900006,0.07132591392029],[116.43209954500001,0.07674959391422106],[116.440144023,0.0801384939104512],[116.43869600400001,0.08486844090513394],[116.4276609010001,0.08676146990303928],[116.4335676510001,0.10038153388781632],[116.43071917800013,0.10016767088808612],[116.42608523200012,0.09165784389757403],[116.40895675700006,0.1062623558812358],[116.4112257700001,0.11106811487584335],[116.42961647000004,0.10672436788076406],[116.42949021400011,0.11804453986802471],[116.42490225100003,0.11942530886654572],[116.41740233700011,0.11156235987532015],[116.41851076300007,0.12171090886396953],[116.41037935200006,0.11483022487164839],[116.39470918300003,0.12480557186052149],[116.39519775200007,0.12855331285632435],[116.40790086700008,0.13130008285323022],[116.40757374200008,0.14158019684175133],[116.40653020700007,0.13522104284886916],[116.40307597200001,0.13442855084972122],[116.39544362600009,0.14524058783764582],[116.3798957680001,0.1504137348318574],[116.37768139200011,0.1398280498437067],[116.36703127300007,0.14262295784059204],[116.3654068400001,0.16038054882071814],[116.36182953500008,0.1613030348197032],[116.35811147400013,0.1550524938267282],[116.35460656800001,0.15523317282647822],[116.35032544400009,0.16629385381414147],[116.35339974600004,0.1755174918038031],[116.345478447,0.17120286880865387],[116.3426512210001,0.17655724780264515],[116.33626160500012,0.17746671780164164],[116.33552203800001,0.19209755478524734],[116.32988829300008,0.18497785779321338],[116.32577552500004,0.18569983879240134],[116.32317464200003,0.19183762978558036],[116.32779070700009,0.19704465277973257],[116.32586014000003,0.20585152876986096],[116.3158283900001,0.20956852076575325],[116.31345411300003,0.2180552557562804],[116.30522522600005,0.20922981776613422],[116.29130292200011,0.20676566876886338],[116.290283283,0.20984195276540182],[116.296994304,0.21075984276441825],[116.30148934400007,0.21814430275612692],[116.29176606400007,0.2262193957471015],[116.28514011700007,0.21953197175457828],[116.28152047600008,0.220132689753956],[116.28211498300004,0.23077325874204033],[116.27883612500013,0.23525213473701867],[116.27475948600011,0.23477420473757277],[116.27352856500012,0.2221775377516111],[116.27088481800001,0.23235684174027493],[116.25987015600003,0.23196694474070764],[116.26076808000006,0.24044294273123776],[116.25334426400002,0.24383344372745105],[116.25118179200001,0.2573090507123699],[116.24286313100005,0.2598338007095736],[116.24325310600011,0.24852668072219078],[116.23805651200006,0.25670884571302066],[116.22325975600008,0.2503123137201705],[116.22458695800003,0.2580078497116195],[116.23255953500008,0.2650398357036887],[116.23057491300005,0.2730548556947691],[116.22812478600008,0.26411836370476166],[116.22026366700004,0.2661451237024773],[116.21297615300011,0.26129353670790406],[116.20107168000003,0.27125450369679593],[116.19557810100004,0.2659221297027438],[116.18961155500006,0.2651625317035557],[116.19101428800003,0.2731115816947262],[116.17905089900013,0.26771823570075043],[116.16556138500005,0.26861504569972633],[116.15935559000002,0.2776826216895812],[116.17916959600007,0.2936483186717449],[116.16572944000005,0.29697702166799317],[116.17070098700003,0.3177580336448001],[116.16405526000004,0.3045776956594875],[116.15970787600008,0.3028452426614497],[116.15857713100002,0.3155509166472513],[116.14679677100003,0.3251665686364932],[116.14889940700003,0.33292369062786425],[116.14327446900006,0.3407105136191079],[116.15237462300003,0.34892942160994145],[116.14158494900005,0.35073244760792294],[116.142351469,0.36356356959361313],[116.13241751600003,0.36760737058904674],[116.12605054900008,0.36456822259247246],[116.11582960400006,0.36513444059186695],[116.112595843,0.3688985905876585],[116.11307149100003,0.37920928657608766],[116.09963440800004,0.3719048645842712],[116.09082020800007,0.37779746857767477],[116.08381680700006,0.3707084945855915],[116.070834837,0.37020361458615875],[116.04975905500011,0.39189320156195284],[116.04249296100011,0.40756095454446084],[116.04351809200011,0.4121202195393105],[116.05496574900009,0.4208075175296199],[116.04841408200001,0.432181967516945],[116.05053085800012,0.43894167150934976],[116.05836908700007,0.43031388151903655],[116.06764638000004,0.4315307585176364],[116.06846516300004,0.41920488953143437],[116.07431900400003,0.4154233925356216],[116.07855143100005,0.4252334375246684],[116.06986404000008,0.4320692175170281],[116.07278191900001,0.4436779435040812],[116.0790110710001,0.4464329795010126],[116.08539195700007,0.43776432151064093],[116.08997610100005,0.44587490050158185],[116.07958977300007,0.4535423924930137],[116.07601412700001,0.46490508748034254],[116.06537658600007,0.46748268047748415],[116.06253250500005,0.48032400546313453],[116.05928997400008,0.48017009946333744],[116.05526501200006,0.47031996547428273],[116.04962407500012,0.4702762114743563],[116.0475937650001,0.4816715394616063],[116.05490183200006,0.49317126144874396],[116.04895651400011,0.4980740214432809],[116.03936649400008,0.492023381450074],[116.02739613000006,0.4957096634459566],[116.02023235800004,0.4901868124520943],[116.01684790500008,0.4908671084513152],[116.01731168300012,0.4957560294458733],[116.02459730100009,0.502296130438561],[116.02657014700003,0.5148780074245316],[116.0345352060001,0.5166363534225875],[116.04310432600005,0.5139958314254823],[116.05576929400002,0.5173951534217117],[116.04942553100011,0.5244561724138067],[116.05020363000007,0.5293032344084114],[116.04239793600004,0.5360451884008693],[116.04244956800004,0.5435830023924451],[116.03668536600001,0.5497692733855288],[116.03746445000002,0.5574496523769528],[116.04260177100002,0.5645761383690033],[116.0342953500001,0.5639141603697695],[116.03195403900008,0.5708876073619459],[116.0382057810001,0.5764290523557699],[116.03872632300012,0.5826170693488308],[116.03050752200012,0.5848770823463316],[116.03022483000008,0.5738645123586432],[116.01585924800008,0.5666609893666765],[116.01193551700011,0.5690501573640009],[116.00954277000005,0.5798093923520048],[115.9982788100001,0.5754095533569146],[115.98919343900003,0.5867037853443006],[115.97557434200007,0.5825265463489528],[115.9715633410001,0.5867095213442792],[115.96702818900008,0.6031655063259158],[115.982227253,0.6120331433160496],[115.98271964600006,0.6209273503060458],[115.97299193600007,0.620272313306778],[115.96687202600003,0.6233308573033746],[115.96644130900006,0.6140778753137581],[115.96369756100013,0.6135432043143106],[115.9522151550001,0.6252856703011782],[115.93612031800002,0.6337585062917386],[115.95314590700004,0.6265982782997455],[115.96316182200007,0.6152771133123702],[115.96650867400001,0.6251747523013451],[115.98386540100012,0.6218101903051009],[115.98349955100004,0.6109629023171936],[115.96859495300008,0.6019641743272587],[115.97623363200012,0.5840070423472978],[115.99063171500005,0.5882120723425688],[115.99876155800007,0.5772375783548624],[116.00941812000009,0.5818255193497448],[116.01540785800012,0.5687425083643777],[116.02455399100008,0.57416393535831],[116.02983325500009,0.5864155983445745],[116.03982968300012,0.5839127163473977],[116.04004182700008,0.5772609733548518],[116.03322929000001,0.5679241303652628],[116.04397415400001,0.5649645243685996],[116.03866788200003,0.5565685113779713],[116.03854509300004,0.549599446385732],[116.04392285400002,0.5441828373917862],[116.043708303,0.5370269503997697],[116.05160783000007,0.529526015408138],[116.05062850400009,0.5248661524133704],[116.0568985650001,0.5171276994220023],[116.04353186100002,0.5124005974273236],[116.02676939600008,0.51344723642612],[116.02638240700004,0.502793954438034],[116.01798477500006,0.4917947364502978],[116.0276275530001,0.4973571814440778],[116.03899223700012,0.4934647954484595],[116.04883624300008,0.49973626644144653],[116.05655499000011,0.4926279454493625],[116.04887598400002,0.48137877246196165],[116.05054004500005,0.4715934464728751],[116.05521684300004,0.47256733947183005],[116.05952731300012,0.4822901984608945],[116.06388178300006,0.481811776461473],[116.0661277160001,0.4690314304757703],[116.07748717900006,0.46616402247892963],[116.08052772700012,0.4555218214908166],[116.09156769200001,0.4465252225008718],[116.08694973500009,0.4358843075127635],[116.07824743800006,0.444480516503191],[116.07393537900008,0.4421389735057809],[116.07186681200004,0.4316469335175349],[116.08042430100012,0.4256921025242039],[116.07581157000004,0.41422005753700747],[116.06687593800007,0.41864337153200815],[116.06637480100005,0.429931546519394],[116.05700247700008,0.4294675735199499],[116.0502630190001,0.43725427251125176],[116.04963643100007,0.4318684325172472],[116.05589819300008,0.42566584652421124],[116.05632087000004,0.42007909653043934],[116.05360777500006,0.4154916285355542],[116.04542328000004,0.41223486153918953],[116.0442534450001,0.407879258544073],[116.05129665300001,0.3925282455612344],[116.0703433330001,0.37241188958367843],[116.08431034300007,0.37301247258305537],[116.09062626000002,0.379833639575435],[116.10036620700009,0.3736581795823145],[116.11326933200007,0.38070542457444656],[116.11536163700009,0.36768391558896807],[116.1269112110001,0.3667359825900756],[116.13390031600012,0.36950436658694613],[116.14484324700004,0.3639638525931506],[116.14268020400006,0.35133287760725823],[116.14988811300009,0.3522585296062311],[116.15378456600001,0.34944150560938547],[116.14492413700009,0.3416871506180296],[116.15011134400005,0.3334121546273272],[116.14881190900007,0.32450355263728814],[116.160871153,0.3149169926479917],[116.16048394500002,0.30437293165975116],[116.16546416000004,0.30917243965441105],[116.16737478700009,0.31958314564278034],[116.17220116200008,0.3193408186430483],[116.16668137600004,0.2988457066659266],[116.1804915690001,0.29360254667177205],[116.16036379000002,0.2775209746898078],[116.16671876800001,0.2690271126992554],[116.1779919290001,0.2686264006997401],[116.19126458900006,0.27483111669282295],[116.19081923800002,0.26629618170233454],[116.20070101900002,0.27258651269526785],[116.2128566670001,0.2627964567062233],[116.21927772200003,0.26715011770138847],[116.22753838500012,0.26548648170318057],[116.22787385100003,0.27389674069382247],[116.23197702100003,0.2744488856932259],[116.23472265600003,0.2678006367006274],[116.22590825500004,0.25766846271197663],[116.22473566200006,0.251407997718957],[116.23773602000007,0.2581593997114252],[116.24113199600002,0.2560685907137261],[116.2429251100001,0.2614107647077872],[116.25136868600008,0.2583710747112163],[116.25534943500008,0.25307590871711566],[116.25448160400003,0.2448054107263686],[116.26219777200004,0.24066839073097077],[116.26085833200011,0.23258672373998573],[116.27075672700005,0.23359270673889013],[116.27366725300011,0.2239650357496172],[116.2736387760001,0.23527530073702985],[116.2787760770001,0.2369792937350922],[116.28334833800011,0.2314954187412373],[116.2819596700001,0.2208639867530919],[116.29260955500003,0.22772353174542895],[116.30244840900002,0.2197618657543643],[116.30140322500006,0.21325866176159516],[116.29179767200003,0.20763070976789957],[116.30650733900005,0.21126258776384893],[116.31406744800007,0.2193762407547414],[116.31596973,0.21135519276371828],[116.32325732600007,0.2098463577654417],[116.32742191000013,0.20517416277062067],[116.32897086900005,0.19628760078058477],[116.32494114600001,0.1913686987861078],[116.32614528500005,0.18711350479085237],[116.32945642500009,0.1860568717920302],[116.33572530500008,0.19381147078335464],[116.33864953600005,0.18978990578786012],[116.336397217,0.17891999480000934],[116.343620654,0.1779077078010937],[116.34536092400003,0.17254270180714412],[116.35092133700005,0.17736600480175177],[116.35439224800007,0.17647229880273702],[116.35192652600006,0.16683593981353795],[116.3554756090001,0.15646304982513592],[116.36089864100006,0.1628218308179984],[116.36729446200002,0.16016705582096835],[116.3678078810001,0.14388981183918276],[116.37664114200005,0.14073742284269763],[116.3773473220001,0.1509019578313098],[116.37981787100011,0.15220857182988087],[116.39446856300003,0.14749784183516926],[116.40341268600001,0.13590637184808352],[116.40774583600012,0.14313224783999942],[116.40994199600004,0.13197196385249477],[116.39557969700002,0.1257259378595086],[116.4108548260001,0.11657510986969512],[116.41856758900008,0.12314827286232514],[116.42044728400005,0.11930022686665363],[116.41772804400011,0.11330482187333825],[116.42492569200009,0.12124154586446032],[116.43019465300006,0.11926436286671663],[116.43046027100003,0.10569497188187178],[116.4114906950001,0.10899403887815416],[116.41070536500003,0.10523197788238978],[116.42623021200006,0.09336960389562693],[116.42998043300008,0.10181438088622029],[116.43474389000005,0.10131151788678526],[116.43497363300003,0.09570157189303118],[116.42927437300013,0.08699175590276946],[116.43908400500004,0.08673931890309225],[116.44204536100005,0.0808654509095852],[116.43111770600001,0.07143809592018087],[116.44517225400011,0.059671941933277114],[116.44916804500009,0.045428111949234615],[116.43516098500002,0.03688864995880722],[116.4431802700001,0.027005539969866595],[116.42681942200012,0.026852393970049904],[116.42140612500009,0.01988045097783258],[116.42637559900005,0.011465892987194321],[116.41726716800007,0.006768209992491861],[116.41578520100008,-0.008163428990852897],[116.42320911900005,-0.01737670198057201],[116.43335514100012,-0.023068372974158743],[116.4287675400001,-0.033100180962921236],[116.43030943100008,-0.04050506295466993],[116.4234756190001,-0.04336041695147405],[116.42574800400006,-0.05685909893639532],[116.43885883400003,-0.061356279931305685],[116.44050066200009,-0.06951783092221243],[116.4349803130001,-0.07506197591604284],[116.44461713000011,-0.08358044590647143],[116.43114938100007,-0.09842828288991022],[116.42205983900011,-0.09286034389616356],[116.41891895100002,-0.08260486690755989],[116.4150880190001,-0.08231933190789428],[116.4125895850001,-0.08695928090273693],[116.4176102470001,-0.09402627989485134],[116.41530217000002,-0.10528112988225904],[116.429007866,-0.10823166187895175],[116.43145871000003,-0.11510830387121962],[116.42910304400004,-0.12196115186358089],[116.44062341100006,-0.12749455485739308],[116.44685382300008,-0.11905820986681505],[116.45368287600002,-0.12679145785818932],[116.46072608100008,-0.11365683287288378],[116.46638919800012,-0.11418031387227306],[116.46631781400005,-0.12852846385622582],[116.47528838200003,-0.1264821278585699],[116.47847686000011,-0.13771318384597886],[116.48544868100008,-0.1384270218452108],[116.4930153670001,-0.14416152283879535],[116.48337855000013,-0.1501339698320908],[116.48109426700012,-0.16057980382042397],[116.4977029050001,-0.15777203982351642],[116.49268224200011,-0.16916965781079724],[116.49798844000009,-0.17235813580723366],[116.49696527200001,-0.17759294980138948],[116.5112420380001,-0.1695741668103418],[116.51457328300013,-0.17616527380298372],[116.52378179700008,-0.183018120795341],[116.52968286100008,-0.1823280777960964],[116.52996839600007,-0.18630177779164048],[116.5239959490001,-0.1903468607871349],[116.52228273700005,-0.19929363477714326],[116.5345845500001,-0.1953913187814911],[116.53815374200008,-0.2000788567762556],[116.53308549000009,-0.20481398377096752],[116.53996213200003,-0.2045760377712224],[116.55097903700006,-0.21009638776509068],[116.56182937900007,-0.1998647047764739],[116.56751629100006,-0.20272005877328034],[116.57463087900008,-0.20131617677486108],[116.58712304900008,-0.20695549876856226],[116.59497527100008,-0.21604503975838768],[116.604302758,-0.21847208975570137],[116.60451990800004,-0.221463180752343]]}},{"type":"Feature","properties":{"name":"Telen","cls":"primary","km":270.47},"geometry":{"type":"LineString","coordinates":[[116.68236302900004,0.4330899905158664],[116.6863665090001,0.4336603165152422],[116.68938563200004,0.44115675250687064],[116.69934670700003,0.43078385051848006],[116.70254872600005,0.43242256551667113],[116.7023834580001,0.43964995350856767],[116.70615595600009,0.4397216955085052],[116.7062629630001,0.4336005455153226],[116.70996434500012,0.43191826651722187],[116.71792476800009,0.43974496750846465],[116.71350916200005,0.4485787754985967],[116.71979261000001,0.4574603784886752],[116.73861519900004,0.4566858844895518],[116.73863437500005,0.46063562648512646],[116.73262758900013,0.46675469747829323],[116.73820148900006,0.47292322147136423],[116.73196431300006,0.47960323746392575],[116.74064675800003,0.47768894446608273],[116.74596354300003,0.48407542345893023],[116.74306878500012,0.4879081724546705],[116.735158694,0.4866819004560214],[116.73232804400003,0.49283991844916736],[116.74066202000006,0.5005975034404777],[116.73266024800012,0.506966585433362],[116.73840838000001,0.5086417124314901],[116.73932358800005,0.5174828564216292],[116.7495360490001,0.5149855264243854],[116.75696007100008,0.5086318134315334],[116.77517834900006,0.512640813427039],[116.77614902100004,0.5171088524220139],[116.76603766400002,0.5213462614173023],[116.77706847200011,0.5240982464142391],[116.78040534800004,0.5357562184012105],[116.79010835500003,0.5238954324144803],[116.79497609500004,0.5239191324144395],[116.79228131300012,0.5389949283976118],[116.79679615400005,0.5384748583982174],[116.80466206800008,0.54637715338931],[116.80114899300008,0.5530551443818597],[116.80309028500005,0.561265313372685],[116.81093225200004,0.5679566663652371],[116.81644093300007,0.5659669243674628],[116.82669222400011,0.5753565003569682],[116.82387261900008,0.582922863348541],[116.84192522800004,0.5918414133385531],[116.83887283900002,0.5992317643303402],[116.82465911400004,0.6051216333237126],[116.82214355600003,0.6246293293019665],[116.82539402300006,0.6390841412858261],[116.82253696500005,0.6471921732767436],[116.82988426300005,0.652113168271287],[116.82404043000008,0.6650529892568172],[116.83029104600007,0.6749254082457837],[116.82613222700002,0.6822580212376015],[116.817559532,0.6844847462351332],[116.81974150300005,0.6898268082291565],[116.82788941500009,0.692069936226633],[116.83215948100006,0.7098173672068614],[116.8382658590001,0.7092326792074986],[116.85051514900012,0.7210900111942676],[116.84359793400007,0.725814426188983],[116.84091093800009,0.7323767311816471],[116.83126567300008,0.7355539711780993],[116.83173124200005,0.7437153561689761],[116.8235689380001,0.7435039261692636],[116.82168558900003,0.7654959561447044],[116.81521937900004,0.7704980941391186],[116.82272157500007,0.7711654031383771],[116.81853725300004,0.7845662321234071],[116.83068937200005,0.7924075861146735],[116.81870804400012,0.8020629041039075],[116.82561167900009,0.8053311671002545],[116.8276080400001,0.8099301490951366],[116.82678639000005,0.8179664760861156],[116.82204490900006,0.8203475460834968],[116.8235437730001,0.8247663850785154],[116.82046336100007,0.8298929800728686],[116.82354542900009,0.8358152360662049],[116.82053279000002,0.8406492330608561],[116.82624441700013,0.8407931950606814],[116.83539364600006,0.8469951730537386],[116.84800531600003,0.8446419190564213],[116.85136751400012,0.8470432570537353],[116.84453267300012,0.857834415041701],[116.84567994300006,0.8664443570320526],[116.85845982500008,0.8750027470225489],[116.86230579000005,0.8839979990124566],[116.85863030100008,0.8863252220099036],[116.85743050400004,0.8806778080162377],[116.84974761800004,0.8767663350205627],[116.8496341230001,0.8809563810158514],[116.84528094000005,0.883848794012672],[116.84837639700004,0.8881593700078428],[116.84658162400002,0.8934308290019961],[116.85544523200008,0.89310469000238],[116.87060856200004,0.901925352992531],[116.86392658300008,0.9082983799854126],[116.86587398300004,0.9161697589766385],[116.85740627900009,0.9364924609539736],[116.86044549400002,0.9426465709471284],[116.86462645300003,0.9411957349487228],[116.86907203000008,0.9452954239441343],[116.87868772800005,0.9452103909442482],[116.87976074100003,0.9483162049408231],[116.87662940700012,0.9506173509382508],[116.88054499900011,0.9550592239332808],[116.87894587400002,0.960789789926863],[116.87160223100011,0.9604378309272461],[116.87059735800005,0.9709547149155612],[116.86455929700004,0.9756385639103441],[116.8750553430001,0.9724789619138997],[116.87859601000002,0.9746926159113994],[116.87735182600012,0.9785100999071373],[116.87049358800006,0.9789268829066613],[116.876025518,0.9873013958973499],[116.872748827,0.98919405889522],[116.86597769100001,0.9864470108982766],[116.86447731100009,0.993260281890705],[116.85761881100008,0.998101097885293],[116.85790070100005,1.00028486988284],[116.86481578200004,1.0000687828831074],[116.86764396800004,1.0071467528752387],[116.8602287430001,1.007146441875236],[116.86256567600003,1.0144670078670461],[116.85573418600006,1.0205312058602984],[116.85954463000009,1.0270384188530455],[116.84759977600004,1.0369305918419949],[116.85846013200012,1.0266597168534999],[116.85470113900011,1.019378920861591],[116.8616137680001,1.0141572408674189],[116.8593913720001,1.0065848668758512],[116.86658468100008,1.0069582198754274],[116.86414668000009,1.0009975258820705],[116.85741975200006,1.0012081778818545],[116.85615575600004,0.9973212088861722],[116.86329560600008,0.991607338892511],[116.86484353800006,0.9852505128996218],[116.87472389600009,0.9871247988975517],[116.86895660000003,0.9785449109071161],[116.87162210300006,0.9760304839098648],[116.87698410400003,0.977093447908705],[116.87702332100001,0.9748104799112272],[116.864504495,0.9784071849072218],[116.86302189600008,0.9757230749102589],[116.86885405600003,0.971051075915451],[116.87011722700004,0.9597671899280245],[116.8785714730001,0.9584952579294647],[116.87816949700006,0.9527456139358436],[116.87095137500012,0.9578556999301157],[116.86817085400003,0.9527709079358236],[116.87875454000003,0.947559735941647],[116.869596752,0.9472052749419873],[116.86495407100006,0.9423275799474553],[116.85980785000004,0.9440634659455012],[116.85572132900008,0.9365784559539001],[116.86429241300004,0.9157404419771067],[116.86225380400003,0.9080109009857347],[116.8690946370001,0.9020194189924151],[116.85855286800007,0.898886689995887],[116.85545681200007,0.8944570120008296],[116.84497694200002,0.8936964420017116],[116.84672795400002,0.8880299300080244],[116.84404918599999,0.8835666110129736],[116.84877133600004,0.8795601100174683],[116.84850846700009,0.8751109850223815],[116.8573836830001,0.8789136870181712],[116.8591805640001,0.884681209011752],[116.86102868900002,0.8831728270134213],[116.85769289300003,0.8758720060215817],[116.8441027350001,0.866916181031552],[116.84288510700003,0.8578725530416187],[116.84986264900009,0.8478551180527967],[116.83616231300005,0.8490975180514302],[116.81909945300002,0.8403846910611413],[116.82189844400013,0.8355785560664767],[116.8191536170001,0.8294897180733106],[116.82062836800003,0.8194577460844938],[116.82561341000007,0.8166674430876348],[116.8257547950001,0.8095255960955808],[116.81704432900007,0.8021217601038131],[116.8282525420001,0.7919829901151567],[116.81696587700003,0.7856375301221857],[116.82117767900002,0.7726820371366486],[116.81461983100007,0.7735113441357447],[116.81356082100001,0.7702896141393096],[116.81980907600006,0.765628165144549],[116.82224709700006,0.7430439751697466],[116.83012462300007,0.7421486691707713],[116.8299882770001,0.7347677861790063],[116.84074338300002,0.7306737311835757],[116.84231790900002,0.7249663991898987],[116.84880841400003,0.7213774191939565],[116.8379954390001,0.7109915032055427],[116.8317451800001,0.7113084742051912],[116.82669891700006,0.6930059582256333],[116.8177085440001,0.6902212392286956],[116.81592291100003,0.6838267572358877],[116.82557576300007,0.6810211972389822],[116.829105346,0.6743379472464692],[116.82259379200003,0.6658591642558805],[116.8281592290001,0.6525632092707206],[116.82053553200002,0.6478755372759907],[116.8233567190001,0.6391890352857181],[116.81990577600004,0.6220476183048467],[116.82288505800011,0.6054032193234066],[116.83850322900003,0.5972207863325143],[116.84060671200008,0.592909991337352],[116.82244300900003,0.5837843103475346],[116.82500290100006,0.5750721033573213],[116.81538701900001,0.5675320393657448],[116.811149666,0.5697083863632826],[116.80188497200004,0.5621612973716985],[116.79925394500003,0.5533210113815532],[116.80283803500004,0.5459784493897822],[116.79732659600008,0.5403134673960932],[116.7908233300001,0.5404066713960276],[116.79364404300007,0.5249442454133308],[116.77944129900004,0.5370783683997016],[116.77447729200004,0.5232872354151324],[116.76261249700008,0.5230220514154138],[116.7751531130001,0.5145168314248967],[116.75771447000011,0.5102314144296923],[116.74422919800008,0.5192016904196929],[116.73785790300008,0.51767127242142],[116.73743808100006,0.5097579984302376],[116.73117797500004,0.5067604374336107],[116.73921249600005,0.5006305874404252],[116.73128551500008,0.49534426944634535],[116.73125174000006,0.49111033645106916],[116.7347875160001,0.48500802145789],[116.74279010800001,0.4863043634564387],[116.74445180200007,0.4828256024603208],[116.74098065400005,0.4793500284642261],[116.73025443000006,0.48019493646323763],[116.73705455400011,0.47245059547192975],[116.7311230250001,0.46719856347780236],[116.73764946300003,0.4580844254879614],[116.72305466900002,0.4608648224848956],[116.71803614700003,0.45804130548804184],[116.71164745400004,0.4484544864987448],[116.71625388100007,0.43938062050885973],[116.70939805100012,0.4332332665157571],[116.70666070000006,0.44094271350716885],[116.70087149400001,0.4407156175074072],[116.69991114200003,0.43217080751689124],[116.68985543200007,0.443011093504807],[116.68596318100003,0.43547444251324013],[116.68000572600012,0.43516386751359404]]}},{"type":"Feature","properties":{"name":"Ratah","cls":"secondary","km":158.73},"geometry":{"type":"LineString","coordinates":[[114.96610519800002,-0.0648928299274179],[114.96537390700007,-0.050544044943408285],[114.97070569400012,-0.04784284894647726],[114.97537553300003,-0.039370502955909395],[114.96767439000006,-0.028617501967968337],[114.97429551300002,-0.026267076970557468],[114.97460922100004,-0.020846799976658274],[114.98475005300008,-0.01468987198351649],[114.983460734,-0.004726308994686793],[114.98732888000006,-0.00069177399920245],[114.98475011900007,-0.0010776849987076086],[114.98433164000004,0.005152273994325094],[114.98606877200008,0.010023550988886696],[114.99357340800009,0.015145388983140723],[114.99633660500001,0.02638890997053723],[115.00057932600008,0.029037389967580717],[114.99767915600013,0.031739797964549864],[115.00004129300011,0.039003245956423],[114.99697995200005,0.0431109049518199],[115.00365793800006,0.050573618943473425],[115.00155187600002,0.053548331940170335],[115.00455394900007,0.05517103793836647],[115.01028092800004,0.04827193194606517],[115.00804278900011,0.056787795936514604],[115.01262205700004,0.06068232593221528],[115.01180966900006,0.06288600292977144],[115.00743148100004,0.061083595931760694],[115.00698689100011,0.06649968692567129],[115.01076657400007,0.07185272691966778],[115.0060844100001,0.07941148091124281],[115.00832274600009,0.08781868090185062],[115.00689040500004,0.09437311289454962],[115.00119448600003,0.09813225989031958],[115.00417173800008,0.10554901388207133],[115.00746225300009,0.10649792088097057],[115.00752397100005,0.11202640687476341],[115.00264144300003,0.11292561287381025],[115.00745652800003,0.11418471487233586],[115.00898086000007,0.11965126086629527],[115.01236260000009,0.11569546187070438],[115.0152170660001,0.11688363686935334],[115.01527442300004,0.1247012098606506],[115.00871199700009,0.1319867608524904],[115.01277715900007,0.13458122084958074],[115.01150198300002,0.13814316184561265],[115.01419351100004,0.13681355684707402],[115.02081883600009,0.14490525783804734],[115.01928264400009,0.15039931183187943],[115.02224945200011,0.15691059782458025],[115.01965664800004,0.16060030482050397],[115.02693583500002,0.15952894082169997],[115.03177068900004,0.15061958883161755],[115.03526405800005,0.15570766182597043],[115.04047241100011,0.15538968482629756],[115.04175424300001,0.14898117483349715],[115.04830501900005,0.1492082528331994],[115.04688328100008,0.1430379108400963],[115.05590341700008,0.15207586183002533],[115.06435131600006,0.15090275083132207],[115.06915278800011,0.15382047782806366],[115.09031341000002,0.1430123298401316],[115.09770677300003,0.14567544283719822],[115.12859322000008,0.12569275885953538],[115.12907447300007,0.1345215678496007],[115.11771909800007,0.14058629784289653],[115.12074104500006,0.14413478783888956],[115.13559015500003,0.1447136968382141],[115.13912979400004,0.1500885238322363],[115.13592878700001,0.15423942082761483],[115.12825928400002,0.1559087018257235],[115.13163050200002,0.16440568981618917],[115.12126931800005,0.1697533008102803],[115.11974631200007,0.1755538568037917],[115.12298800700012,0.1832131187952433],[115.13383369200005,0.1836030867947879],[115.13509124300005,0.19516175778182762],[115.1443622920001,0.18978021878785953],[115.14243889600004,0.19497215578208482],[115.14862072300002,0.20109746377520668],[115.14717243800008,0.20965097376563055],[115.16022182300001,0.2093991537659315],[115.15451168600009,0.21763908275670446],[115.17082024500009,0.2307538657420601],[115.16270987000009,0.24058895873105457],[115.1662250060001,0.24813311472262176],[115.17560891900008,0.25154509271883146],[115.1806494860001,0.24136261773018558],[115.18289375000006,0.2506478087198072],[115.18941849300008,0.2486809407219879],[115.18840366200004,0.2406826137309255],[115.17643566200003,0.2279632787451604],[115.17918020700007,0.2251135287483546],[115.19081931100004,0.23562284473658102],[115.20034605100012,0.2288931047441241],[115.2117082520001,0.2379520107340221],[115.21326151500013,0.23122445374148706],[115.22176265400003,0.23221528174040787],[115.22490005700001,0.2397644207320094],[115.21834266100007,0.24711198772375917],[115.22225312700004,0.2581704007113627],[115.23022189300004,0.2579383137116909],[115.23445489300002,0.2526485717175722],[115.2414354660001,0.2598386947095264],[115.23950061300002,0.26505487170371117],[115.25115592700001,0.2580563387115665],[115.25485541600005,0.2612389527079599],[115.25184964500012,0.2660557507026183],[115.25404559900004,0.2676534817008363],[115.26119057700011,0.26245785970662566],[115.26777534900009,0.2666619047018869],[115.27344357600009,0.26334634170559484],[115.2734227510001,0.25772731371187074],[115.25910154200007,0.25115423171923973],[115.26856807300011,0.24625091872472277],[115.27589872800003,0.2476746817231192],[115.27672382200001,0.2559035067139225],[115.28577854100001,0.25143654371892266],[115.2890658120001,0.25899946271048785],[115.29187915100009,0.25924474371020656],[115.28629118800006,0.2450958267260359],[115.28947621800012,0.23846842773342478],[115.29346633500006,0.2389522197329003],[115.29587062200005,0.2339209177385037],[115.30366329000003,0.23632207573582134],[115.3118470510001,0.22640537174690467],[115.30137479200003,0.21789901475641188],[115.30748853100012,0.20168586177452003],[115.31165370800012,0.1976758967790505],[115.32110268500004,0.19800826277862354],[115.33019554600003,0.1911828057862759],[115.33126918000006,0.20506966777071986],[115.33934322200002,0.20771752376777874],[115.34037713700002,0.21537018175927106],[115.34484299000007,0.21679297175767218],[115.35067808400004,0.21281601676207063],[115.35296960200003,0.21579921175878727],[115.36060682100005,0.21584857575869956],[115.36834867500012,0.22512750774837645],[115.36159565700008,0.23662102773551053],[115.36587043100008,0.24149816973005572],[115.36494248600003,0.26324625370572585],[115.35836503200004,0.27463537769296636],[115.36203356400004,0.2949701886702356],[115.3673668780001,0.2946479006706774],[115.36820040500004,0.28484999268156064],[115.38317129400004,0.2861645916801262],[115.38836248400003,0.2817838496850207],[115.39339765000011,0.29398618567135926],[115.39040080600012,0.30501427365900274],[115.3996560700001,0.3061629346577498],[115.4007047770001,0.2973348966676003]]}},{"type":"Feature","properties":{"name":"Belayan","cls":"secondary","km":152.81},"geometry":{"type":"LineString","coordinates":[[115.9362193180001,0.6337970432917007],[115.925350148,0.6453825702787481],[115.91813158800007,0.6607715982615926],[115.90504773600001,0.6671829502544305],[115.89969685100003,0.6755721132450527],[115.90608881700007,0.6892866022297574],[115.90285910900002,0.6926279602259964],[115.90545406300011,0.6955844842227024],[115.90314267400004,0.7049231992123044],[115.90514019500007,0.7193189491962392],[115.90148322100003,0.7230889271920208],[115.90064101800012,0.7308626491833613],[115.90474866700004,0.7603437711504542],[115.89616158500009,0.7750853491339788],[115.89540902600005,0.788310597119247],[115.88929100300004,0.7949731481118084],[115.88992483300001,0.8080503240972278],[115.88054889600006,0.8134776360911571],[115.87390667700004,0.8275986270753696],[115.87804521400005,0.8502992490500887],[115.8868404100001,0.8524942780476289],[115.8919432360001,0.857390878042159],[115.89198932300008,0.8682895030300546],[115.91456336800002,0.884834609011569],[115.91907165000009,0.8955219019996503],[115.93179994700006,0.9058131649881729],[115.93566573200007,0.9188242759736556],[115.92338259000007,0.9312645679597948],[115.91539341400005,0.9334552109573762],[115.91380409400007,0.9409729329489692],[115.90089203900004,0.9533628379351444],[115.90052054400007,0.9692005039175055],[115.8894888210001,0.9757380849102144],[115.87050939400001,0.9975658738858613],[115.84771181800012,1.0031599228796695],[115.84287304500005,0.9987535348845621],[115.8353106600001,0.9975730858858739],[115.8290155720001,1.0041075298785997],[115.82168469500004,0.9979071578854928],[115.81167018700012,0.9965099388870983],[115.80759161300013,0.9916520258924778],[115.79711470800011,0.9958597888878197],[115.80055145000006,1.0021218148808162],[115.79879554800004,1.0084699698737574],[115.77982830700012,1.0129073478687918],[115.7757945400001,1.0230488748575148],[115.77811470800009,1.0336391428457117],[115.77342554400002,1.042375864835962],[115.77936224200006,1.0751824267994308],[115.77654248100008,1.082426929791337],[115.80745832700008,1.1085051917623072],[115.81726175500013,1.1105624417600257],[115.82339134200002,1.1085658787622996],[115.83310847300005,1.113151240757164],[115.84127078100003,1.1067231877642836],[115.85395649500005,1.1153982207546498],[115.8557494810001,1.126579116742212],[115.86838225600003,1.133069708734926],[115.86744356200005,1.1549187437106139],[115.87048790400002,1.1604331997044934],[115.86845431500001,1.1668773016973275],[115.87394632000009,1.1755225126876838],[115.87524584200001,1.1844238336778414],[115.88676490000013,1.2010497246593268],[115.894671388,1.206227026653551],[115.91049695800005,1.2078752316516834],[115.91092547300002,1.2262199396313096],[115.91631806300006,1.2254984906320698],[115.92306524600008,1.2309738566259898],[115.92619855700002,1.2278046196295698],[115.92256501000007,1.2233572046345065],[115.92457440700002,1.2214448566365979],[115.93630128200006,1.230864109626166],[115.9395087140001,1.2389768996171278],[115.95737705600006,1.2349677176215768],[115.96362203400008,1.2381090626180984],[115.96829538500002,1.2343921676222314],[115.97456339700011,1.2400852416158965],[115.97894441300002,1.239332615616728],[115.98746370000003,1.2525616616019863],[115.98559521200002,1.2688083295839274],[115.98871521400008,1.2750412555769823],[116.0078432580001,1.2857872525650667],[116.027024298,1.2882977705622183],[116.03841012300008,1.2966919055529158],[116.04761780800004,1.3098480365383078],[116.04877373700003,1.3222995765244756],[116.0430524620001,1.3286978615173715],[116.04441855700009,1.3483606214955284],[116.04788887400002,1.3574215654854607],[116.0555714320001,1.3588619544838367],[116.06964451900001,1.3830207434569959],[116.06123432800007,1.4031774614345502],[116.05190948000008,1.4076265074296561],[116.04621877000011,1.4158524214205142],[116.0496925440001,1.4748573773550333],[116.05711462200009,1.4948838343327568],[116.04265763100013,1.5094508673165934]]}},{"type":"Feature","properties":{"name":"Atan","cls":"secondary","km":148.27},"geometry":{"type":"LineString","coordinates":[[116.45138329900011,0.8194761420844526],[116.44276992200002,0.8191452850848229],[116.4460040680001,0.8134404340912323],[116.44367298600001,0.808605589096605],[116.44080245000009,0.8137644170908309],[116.4365336400001,0.8133308770913151],[116.43279286600011,0.8002545701059007],[116.42224748900004,0.7980297251083914],[116.41778846900003,0.8034530761023378],[116.40490481600013,0.8022957001036299],[116.40432722300011,0.7967074051098859],[116.40951223200011,0.7966880241098858],[116.4098209020001,0.7911249391160623],[116.41667029000007,0.7893333731180837],[116.41240905000006,0.7881082371194955],[116.40923560100009,0.7824200251258264],[116.40168721900011,0.7832907081248134],[116.40326220600004,0.772143841137256],[116.39530721100003,0.7758018691332044],[116.39249075800001,0.7666488701434119],[116.3836594930001,0.7602183781505578],[116.38123599200003,0.7613981741493134],[116.38166091400001,0.7735352631357238],[116.37920417400005,0.7758753771330765],[116.37387136000007,0.7748343751343024],[116.37156551600003,0.7686641701411799],[116.36368732000004,0.7646683421456257],[116.36186499200005,0.7758913251330645],[116.35858935700001,0.776901944131953],[116.34822688800013,0.7622120811483684],[116.34050129900004,0.7706099211390145],[116.33970318700007,0.778666606129982],[116.3293882260001,0.7765377031323382],[116.32254387900002,0.7818040781264903],[116.31445090500007,0.7740747891351193],[116.31573527800005,0.767865455142033],[116.3107416260001,0.7627169501478307],[116.30972682600007,0.7559461261553918],[116.30502401900003,0.763186135147297],[116.29324945400002,0.7602022841505794],[116.28988514000002,0.755515622155837],[116.29202668100005,0.749743323162295],[116.28445887700003,0.7547201741567338],[116.28019650300007,0.7462343101661671],[116.27565146500002,0.7449796961676078],[116.27923028300006,0.7370185151764851],[116.27421222200007,0.7348994121788404],[116.27044708900007,0.7208669011945287],[116.26652463500012,0.7258771961889179],[116.26151102000006,0.7251190641897856],[116.25149696400003,0.7314635881826822],[116.24971956500008,0.727292291187361],[116.2446391220001,0.7258636701889299],[116.24752868100005,0.7189853511965945],[116.24097888300004,0.722829369192334],[116.23635809800008,0.7216917741936164],[116.23529372700011,0.7249682931899403],[116.2398816130001,0.7240663061909116],[116.24043473500001,0.7295492091848529],[116.23430355500011,0.7405590051725254],[116.23155007900003,0.735047794178704],[116.22402696400003,0.736774170176723],[116.21551780200002,0.7306557551835502],[116.20876404700005,0.7310444061831551],[116.20178381100004,0.7383836631749506],[116.19552128500004,0.7337848891800848],[116.18661739700008,0.7408364981722337],[116.1781753480001,0.7385686421747443],[116.17237201000012,0.7480035301642187],[116.17455078100011,0.7604956351502753],[116.17261098500002,0.7657966121443424],[116.160580202,0.7613269691493205],[116.15380628500007,0.7715339001379773],[116.13331414400012,0.7866076771211532],[116.13049826400004,0.8152811170891238],[116.14196857700007,0.8233576740801725],[116.14611515800004,0.8335064110687899],[116.14679851500011,0.850459967049901],[116.14190479400008,0.854894502044935],[116.12985500300009,0.8553386500445009],[116.12561006100009,0.8623728110365959],[116.11687930900008,0.8630509620358382],[116.12726794200013,0.8913799220042674],[116.12185297300005,0.9016224029928431],[116.12792175100003,0.9047145999893921],[116.13892108400012,0.92301293296898],[116.14600197300001,0.9269233059646443],[116.14644434700006,0.9344617799562457],[116.15130022900007,0.9410666429488826],[116.14462793600002,0.9490653119399566],[116.14451247000011,0.9641033989231806],[116.14139586600005,0.9650975559220583],[116.13790401100005,0.974914904911107],[116.14134637100005,0.99070563489352],[116.13569237400009,0.995709099887953],[116.13971626900002,1.0227225498578887],[116.13409672500008,1.0370790998419168],[116.13438141100005,1.0583611058181668],[116.11998745200003,1.0664967508090732],[116.11124789900009,1.0633978788125091],[116.10647875400002,1.0515742738257245],[116.08814224400011,1.0552026058217159],[116.07731726600002,1.0647790938110304],[116.07297566800003,1.0806757907932871],[116.08348916900003,1.097817177774222],[116.08472033700002,1.1189380177506725],[116.07986962700012,1.1374222377301344],[116.09192377200009,1.1411977677258922],[116.09955054400007,1.1532448587125148],[116.1032586870001,1.1788431606840082],[116.10880892500005,1.1802688326824242],[116.11137029300005,1.1850919796770534],[116.11562092300007,1.2265115756310023],[116.11102965600004,1.2339902706226102],[116.11847841600003,1.242561000613134],[116.12349016200007,1.2609536915926467],[116.13954089100002,1.2727956925794626],[116.14050319800005,1.2883884655621551]]}},{"type":"Feature","properties":{"name":"Senyiur","cls":"secondary","km":126.52},"geometry":{"type":"LineString","coordinates":[[116.62717331800002,0.31559536364721763],[116.62159375200008,0.3159314916468455],[116.60844050500009,0.3340712406265645],[116.60182513600013,0.33746791362278983],[116.59968513000001,0.3422106016174336],[116.59454400900006,0.34145480961832464],[116.59281148100001,0.3465479766126189],[116.58741721500007,0.3471288336119835],[116.58503221400008,0.35080170360785995],[116.58085567500005,0.34865996861024234],[116.57751844000005,0.3521369456063809],[116.57318176700005,0.3514721916071337],[116.56731253900011,0.3588426195989174],[116.56227568100007,0.3567248936012086],[116.55910724900004,0.3596892155979332],[116.55601811100007,0.3579583235998758],[116.55462614500004,0.3612549005961637],[116.55218950900007,0.359380828598253],[116.55125108900008,0.36450721459255775],[116.54340129300009,0.3606794765968543],[116.54134964900004,0.36511620159185915],[116.53455111400002,0.3619297065954384],[116.53326692000006,0.36444109759263227],[116.52930261400002,0.3635633895935773],[116.53035473900003,0.36800298558861855],[116.52682622100008,0.37011442158625774],[116.52592711000013,0.37602127657968876],[116.51833033100002,0.379372683575927],[116.51679488300009,0.3840693245706951],[116.51341756000012,0.38454218657012823],[116.51567920600007,0.38728018756706356],[116.49827564100009,0.40011902555273204],[116.491618345,0.39844936255462066],[116.49271269400002,0.3953662975580809],[116.48832410600005,0.3976721765554858],[116.4885953500001,0.393546524560071],[116.48500857800002,0.3949762575584954],[116.48265291100006,0.39108818656284533],[116.48255509,0.3970857795561318],[116.478518548,0.39279989656089354],[116.4644218970001,0.39975185455313855],[116.46297550400004,0.3963652625569743],[116.45470866200004,0.3963682365569281],[116.45154848300002,0.40038501555242356],[116.44278000000008,0.3970568845561391],[116.43994783900007,0.4003949465524393],[116.43964995200008,0.3977777575554065],[116.43487620500004,0.39955039055337305],[116.433718869,0.3958535405575117],[116.4330220370001,0.4004718315523547],[116.42771098200001,0.39923744655376864],[116.42827688700005,0.40301399954950723],[116.42008979700006,0.4054615985467698],[116.4233243320001,0.4084726355434118],[116.41730447500002,0.41137076254014554],[116.41446470800008,0.4193383375312756],[116.41088333900008,0.4170037135338668],[116.40885935800009,0.42321811852693886],[116.40369128400005,0.42119252952917],[116.40675559200008,0.42619551652360516],[116.40294301900006,0.42641070452335567],[116.40581558600003,0.428938756520525],[116.40073672000004,0.4316040745175663],[116.40139870400002,0.435677869513028],[116.3973703580001,0.4349045305138749],[116.39898767000011,0.438907889509421],[116.39525585200009,0.44052239950755606],[116.39364352700011,0.43809932851032823],[116.39208565500009,0.443939718503818],[116.38553044600008,0.44400620650368583],[116.38133768500006,0.4517227994950511],[116.38287570000011,0.45821220648783795],[116.38728062100006,0.45545984949092205],[116.38701233900008,0.4678639654770453],[116.39205450200006,0.4732248174710636],[116.38943556600007,0.47586813246811727],[116.38998063200006,0.4838976744591322],[116.39261251200003,0.4833163384597961],[116.38975289100006,0.4941758624476908],[116.39175564300002,0.4985854094427332],[116.38698404400009,0.5093436474306804],[116.38382015400009,0.5101212944298251],[116.38286641700006,0.5058417064346413],[116.3782644490001,0.5087686314313535],[116.37857791300006,0.5141061494253562],[116.37438597000005,0.516433423422788],[116.37612572500007,0.5194826364194104],[116.37297457800003,0.5190725454198659],[116.37454695699999,0.5221717464163842],[116.3674289500001,0.5280324874098608],[116.3669709610001,0.5389317793976423],[116.36485599200012,0.5368399933999919],[116.3628350140001,0.5414443023948524],[116.35994285700009,0.5398622113966108],[116.36036577400013,0.5467033283889324],[116.35610769300001,0.552094014382943],[116.35269182400009,0.5508723673843157],[116.35689055000012,0.5567359773777776],[116.35460312900011,0.5621356493717664],[116.36012611000002,0.5649545843685883],[116.35803354500003,0.5718987523608027],[116.36169467400009,0.5767500023554009],[116.35645285800003,0.5846271403466173],[116.35704187300007,0.5904303773401393],[116.35405142700006,0.5901336853404648],[116.35169438000003,0.5977207933320203],[116.3471844930001,0.5995773103299582],[116.34634116100005,0.6069153283217225],[116.34279067200009,0.6046145883242947],[116.33999436800002,0.6097139773186138],[116.33643544500002,0.6062197083225174],[116.33668400900001,0.6106707863175576],[116.33285884600004,0.6096988683186088],[116.33075465500009,0.6125890653153921],[116.32851959300001,0.6104866303177663],[116.32779058100004,0.626598006299733],[116.32391183900006,0.6250471723014663],[116.32349567300002,0.6294212692965754],[116.31706419800003,0.6308944502949567],[116.31915906100006,0.6351414192901753],[116.31705265700009,0.6403735002843572],[116.31368198500002,0.641181733283475],[116.30747197500013,0.634686263290691],[116.30278080700009,0.640560491284137],[116.29927665300012,0.6380993822868991],[116.29775607000012,0.6450204422791306],[116.29543563300001,0.6443103232799805],[116.29614665300006,0.6395311282852956],[116.29292634300009,0.6393414052854869],[116.29467816900001,0.6423701082821608],[116.29126808700005,0.6446882992795254],[116.29401448100008,0.6472912692766262],[116.28950814500001,0.6494893862741982],[116.29017066600011,0.6529911372702782],[116.28657163400008,0.6518076332715765],[116.28684975700003,0.6548864482681521],[116.28309414900002,0.6508833142726359],[116.28227666200007,0.6539899202691654],[116.28000733900001,0.6522208032710981],[116.28162007500009,0.6486533832751176],[116.27962263900008,0.6501724392734479],[116.27921951600003,0.6471030982768345],[116.27497365300007,0.6517147802717124],[116.27353113300002,0.6484705582753307],[116.26972941200006,0.6485254642752513],[116.26609303200009,0.6574518172652701],[116.25645727300001,0.6587184142638983],[116.25315836200004,0.6638352732581764],[116.25681551700008,0.6664065502552967],[116.24968384500006,0.6671885092544555],[116.24468415800006,0.6818483222380711],[116.24144320200003,0.681924755237993],[116.24344340300001,0.69342631422516],[116.2390323630001,0.6940598132244667],[116.22978352700011,0.7054273552117176]]}},{"type":"Feature","properties":{"name":null,"cls":"secondary","km":120.7},"geometry":{"type":"LineString","coordinates":[[116.84258458700005,1.321100614525749],[116.83617470500006,1.3154589095320985],[116.83376423800007,1.3238402025227094],[116.81729164400006,1.3224680295242566],[116.81030652100002,1.3068253885416525],[116.79544954300003,1.3082173155401418],[116.80103192800004,1.3056166935430058],[116.7976523970001,1.3013958985477032],[116.79889325600003,1.2966281185529924],[116.78356429600001,1.286772092563967],[116.77698792,1.2875835965630362],[116.77966093500004,1.3014079525477127],[116.7722222220001,1.3012886115478417],[116.77005214400003,1.3051485935435452],[116.76622889900013,1.2926799285573742],[116.76172045000008,1.2904496255598776],[116.75175471500008,1.300857989548317],[116.75378975800002,1.3107060485373392],[116.7509400450001,1.3127278095351205],[116.7515057820001,1.3184863965287095],[116.74438733800002,1.3129923855348316],[116.72934533600005,1.3222890365245117],[116.7222936180001,1.3307473855150647],[116.71388821500013,1.3282695945178022],[116.71513272500012,1.325043289521402],[116.71949510500009,1.3261377415202051],[116.71610360100011,1.3171747385301504],[116.70848821000004,1.3178456755294106],[116.70884630000013,1.312085536535864],[116.70261194700004,1.312234955535634],[116.699699645,1.3160636455313797],[116.70052345400006,1.34439031949992],[116.69754104400012,1.3515593154919727],[116.6834206200001,1.3627380394795243],[116.66814242100007,1.3636995834784593],[116.66492972700006,1.3730627164680427],[116.62330473000009,1.362906505479331],[116.59969945700004,1.3733277964677224],[116.59593675400004,1.385287099454495],[116.60390692100009,1.3869915734525509],[116.60534953100012,1.3902234324490157],[116.60187797100002,1.4015580774363976],[116.59571126000003,1.407869823429343],[116.58589405700002,1.4123793374243645],[116.583851265,1.4182192324178589],[116.5750321280001,1.425026413410298],[116.56259987100009,1.4234258364121342],[116.5445631,1.430483830404277],[116.53589507000004,1.4302426004044961],[116.52925076600002,1.4365671353975185],[116.52825119400005,1.4448850863882632],[116.53479968900002,1.4459460013871295],[116.54185809600006,1.4550336943769835],[116.5322294880001,1.4676081983630138],[116.5283116290001,1.4783657303510997],[116.51170765800009,1.4819993483470522],[116.4963008410001,1.477497219352065],[116.48386783100011,1.4816233883474925],[116.48643827200011,1.4907520523373394],[116.48312110900008,1.499452375327715],[116.47261456300009,1.5092468053168548],[116.47188524300009,1.5146192783108527],[116.46614121400013,1.5177965713073611],[116.46524980100003,1.5248768802995232],[116.45005649300005,1.5346093262886993],[116.44667082300009,1.544201263278028],[116.445413883,1.541747367280806],[116.43368276800005,1.5417585202808093],[116.43269559900013,1.5440791912782483],[116.42552154300006,1.5414247102811394],[116.419202561,1.5441263872781352],[116.4240561790001,1.5478975862739819],[116.4194898510001,1.549346610272351],[116.41877218500008,1.5560524162649187],[116.42453525600003,1.5633488792568213],[116.42555358100002,1.5693995962501373],[116.42250490700009,1.570604154248795],[116.42579088900006,1.5766051052421184],[116.43416231500011,1.5804188512378599],[116.43402538400004,1.5833366542346532],[116.44814266200001,1.5826756892353633],[116.44396269000005,1.5886604102287403],[116.44473333400005,1.5949932532217168],[116.44960955200008,1.596687837219829],[116.45018473300001,1.6064701432090205],[116.45562453600009,1.605129830210501],[116.45281455000008,1.6098774422052475],[116.45857291000003,1.6165648211978254],[116.4596895000001,1.6232002801904635],[116.46828600100001,1.6267111521865616],[116.45690709200005,1.6321607891805565],[116.4602603960001,1.6357227471765834],[116.45461991800003,1.6432438761682429],[116.4562586200001,1.6495720031612455],[116.44780921000006,1.6516167831589719],[116.4436930060001,1.6607570901488395],[116.43324497300011,1.6711467991373223],[116.43292260500003,1.6825048631247959],[116.44266175300004,1.6959238321098955],[116.44797846200005,1.7170555960865233]]}},{"type":"Feature","properties":{"name":"Patah","cls":"secondary","km":118.35},"geometry":{"type":"LineString","coordinates":[[115.29428427900007,0.8190943920849288],[115.297837629,0.8269545020761128],[115.30496842600006,0.832270519070216],[115.30410372600012,0.8479331510527158],[115.31022675400003,0.8568977910427047],[115.30880709200005,0.8675728090308371],[115.31637367300004,0.872785183025016],[115.32284017900008,0.887090217009036],[115.33393496900008,0.8979835679969324],[115.33350918200004,0.9057607319882075],[115.33988662600007,0.9090442579845663],[115.33832777600003,0.9157547989771149],[115.34743241700005,0.9201372789722266],[115.35785516700003,0.9077750669859724],[115.37114059500006,0.9126330149805761],[115.38536783700012,0.9111291789822453],[115.39644628700012,0.8990924399956781],[115.42404295800009,0.8982053589966427],[115.44173206100004,0.8887071460072481],[115.44438873100013,0.8845028430119666],[115.45198877700011,0.8865183260096615],[115.45522525600006,0.8923892310031304],[115.46273234600005,0.8912076320044445],[115.466684095,0.8838610140126445],[115.47336462400006,0.8826609240139967],[115.47894255400001,0.8752968190222459],[115.49164754300011,0.8846762340117315],[115.50396822200003,0.8830677180135513],[115.5046104810001,0.8807513620161321],[115.51135343900013,0.8827676640139167],[115.51304845300002,0.8794956690175142],[115.51808779900013,0.8852029290111469],[115.52319173100013,0.8844930630119129],[115.52272259100005,0.8808259590160304],[115.52561264700013,0.8810210130158276],[115.53038147100007,0.8730532750247225],[115.53852621600004,0.8694581830287361],[115.55336518800006,0.8731617060246142],[115.56022308000001,0.884546008011908],[115.5613079840001,0.8775136350197658],[115.561792189,0.8813625310154094],[115.56707144100005,0.8815423240152507],[115.56640466500006,0.878891157018181],[115.57122395200008,0.8793442940176958],[115.5700155950001,0.8748846020226655],[115.57298154600007,0.8724210380254258],[115.58027756600008,0.8738450150238424],[115.580833944,0.8765704470207929],[115.5908037580001,0.8765090650208371],[115.59129390100009,0.882877528013754],[115.59654288400009,0.8836812890128564],[115.59818471600012,0.880831323016026],[115.59919561100003,0.8843540910120848],[115.60939984400011,0.8841710500123321],[115.60574906300006,0.8908945270048283],[115.61088956900005,0.8975564859973612],[115.60613133000004,0.8993379979954277],[115.60934997300001,0.8992392629955336],[115.61284130400009,0.906532417987348],[115.6138035470001,0.9035748759906594],[115.62318527000002,0.9106454969828173],[115.62892124100006,0.9091851249844466],[115.6277825860001,0.912348407980904],[115.63244359100008,0.9130587939800898],[115.63033751700004,0.9163769239764175],[115.63398850100009,0.9156824449771748],[115.63181757600013,0.9187540139737408],[115.6367004670001,0.9177279699748798],[115.64032157100007,0.9217157129704879],[115.63774573100011,0.9327212589581597],[115.64309106900009,0.928944481962396],[115.64249987500013,0.9332875589575595],[115.65602706300001,0.9359036559546269],[115.65495393300012,0.939572998950552],[115.65826787800006,0.943617934946047],[115.6707932480001,0.9522525689363999],[115.67248792100008,0.9451049279443416],[115.67756210900006,0.9449916469444877],[115.67854544700005,0.9378558249524177],[115.682774923,0.9333898099574303],[115.697707304,0.9272568149642826],[115.69886619400008,0.9157238979771248],[115.6943565470001,0.912431563980757],[115.69883123000012,0.9019255919924868],[115.70913252800004,0.8991491979955683],[115.72216503200004,0.8887653590071651],[115.72887730000004,0.8917857920038024],[115.73455964800007,0.8873243990088153],[115.74353936500007,0.8873864280087079],[115.74800822800012,0.8922030640033374],[115.75079071800009,0.9059708289880325],[115.76387276800006,0.9070827159867546],[115.77235947400004,0.9202322309720855],[115.77731733400002,0.915816154977014],[115.78357558200003,0.9153341599775284],[115.77794421400007,0.9192883579731755],[115.78034008100008,0.9281422679632673],[115.80371865400002,0.9323789399585418],[115.78960884800004,0.9410996279488456],[115.77988741800006,0.9389952609511818],[115.7766994950001,0.944489302945062],[115.78560788200004,0.9451381679443643],[115.79280894899999,0.9541944739342467],[115.7902521000001,0.9610446519266048],[115.79616721200011,0.9687100809180299],[115.79404364300002,0.9729826999132963],[115.80484840000007,0.9801894069052804],[115.80759161300013,0.9916520258924778]]}},{"type":"Feature","properties":{"name":"Marah","cls":"secondary","km":112.43},"geometry":{"type":"LineString","coordinates":[[116.82109564300004,0.8430587090581635],[116.80852834100006,0.8373999980645055],[116.80781724000008,0.8431762620580006],[116.80297190400006,0.8460962210547449],[116.79948878900007,0.8402061910613354],[116.7922608790001,0.8378826060639025],[116.7871243300001,0.8505761390497626],[116.77755028100012,0.8396353400619939],[116.77423323400001,0.8400561970615086],[116.7716242240001,0.8483474860522779],[116.77331138600006,0.8534588530465538],[116.76446271400005,0.8539420360459905],[116.76625077500013,0.8586001590407977],[116.7626379950001,0.8624844900364584],[116.769113188,0.8632411040356521],[116.76581132700004,0.8688364980294139],[116.77046876700001,0.8749291060226487],[116.76591906600002,0.8732386590244947],[116.76465208900005,0.8799762770170281],[116.75775838600009,0.875807559021629],[116.75999251300004,0.8797512500172749],[116.75814572600007,0.8826819480139979],[116.75482786500002,0.8788513520182577],[116.7480431,0.8797385720172328],[116.73722133600008,0.8711280560268372],[116.73084098900004,0.8707373520272981],[116.72543965700005,0.8744120530231869],[116.70181858800004,0.8729403430248168],[116.6997077740001,0.8820634500146235],[116.68152431300008,0.8871739270089554],[116.68753865800011,0.8935551400018353],[116.68290326200007,0.8954237629997557],[116.68641892700009,0.9003972279942115],[116.68148296500011,0.9020093069924194],[116.68677530700005,0.9021883029922142],[116.68906210900002,0.9058064729881495],[116.68404810300002,0.9061173079877884],[116.67985273400006,0.9107675799826851],[116.67420690700011,0.9088440849847719],[116.66234934900002,0.9139276569791245],[116.65604652600007,0.9110303479823514],[116.65546481300011,0.916441770976325],[116.6504570520001,0.9141860799787982],[116.64431222400003,0.90135598999316],[116.64110514100004,0.9034465879908327],[116.63762693700006,0.9015316579929409],[116.63856662700005,0.9057391079882079],[116.63490022300005,0.9056205529883897],[116.63170181700002,0.8947425220005015],[116.62920575300006,0.9073687799864454],[116.6357375570001,0.9103807789830657],[116.63211969400004,0.9133420999797981],[116.63749915200003,0.9187312039737471],[116.63177468700007,0.9166688689760593],[116.62881440100013,0.9228912799691354],[116.63355972900003,0.9248850259669292],[116.6339041980001,0.9281479069632418],[116.61947692800004,0.9323609679585799],[116.6208846930001,0.9370080529534036],[116.61832304000006,0.9391912469509602],[116.61349352100001,0.9339160309568474],[116.61005334100003,0.9391167309510414],[116.61566387200003,0.940810159949162],[116.61492408600009,0.9468127349424355],[116.60488660200008,0.9473759659418244],[116.60769904900006,0.9529460899356353],[116.59908004400008,0.9518101299368883],[116.60173297200004,0.9578240659301664],[116.59889248200011,0.9648269939224122],[116.59248398800003,0.9666181799203797],[116.59682413900009,0.9791287699064122],[116.59409894900011,0.9813168319040085],[116.59049210400008,0.9792462909063068],[116.58986286700008,0.9844933069004519],[116.58150246900004,0.9896767308946602],[116.58322379000003,0.9931669948908305],[116.58055333200004,0.9926966598912922],[116.57573462500011,0.9991580158841604],[116.5734181790001,0.9943628328894984],[116.56332847700003,1.0013324028817066],[116.56259049800008,1.0097782848722838],[116.56945728300002,1.023962244856503],[116.56502660900004,1.0339186538453842],[116.56984236100004,1.0345425738446912],[116.57212886800005,1.041732192836729],[116.5643364980001,1.0422228268361158],[116.56294448300001,1.0556187288212313],[116.55948599200006,1.059796281816549],[116.56495234700003,1.0613820578147939],[116.56450498700008,1.0649478038108],[116.55524596800001,1.0647674468110242],[116.55343384000003,1.0719957408029925],[116.54776302300003,1.067684007807791],[116.54330462500002,1.070008421805198],[116.54393675800009,1.0802632837937929],[116.54825342800005,1.0872413597860229],[116.54413991900003,1.0915873307811828],[116.54665853700011,1.1106633117598985],[116.54292708500009,1.1129199177573916],[116.54542997200008,1.1240891087449867],[116.54851052400011,1.123928659745127],[116.54620671500005,1.1336919687342522],[116.54815976500004,1.1412616607258552],[116.55825087300002,1.1474620417189594],[116.55792690800001,1.1561991257092255],[116.54845972600005,1.1590279297060702],[116.53802754500009,1.1705142356932527],[116.5367327670001,1.1800031076826965],[116.54032118700003,1.1884270866733446],[116.53263175900008,1.1918309706695467],[116.5228819350001,1.20197472665825],[116.52413132600009,1.2060674126537563],[116.51762336,1.2106713296486098],[116.5194106240001,1.2223913826355841],[116.51500405200011,1.2304127126266415],[116.50874154300003,1.2355463666209],[116.4802346130001,1.2329942046237636]]}},{"type":"Feature","properties":{"name":"Pari","cls":"secondary","km":111.67},"geometry":{"type":"LineString","coordinates":[[115.74895273100005,0.4807312994626806],[115.73952370900008,0.47506106146904575],[115.73938685300006,0.45762812648846507],[115.73596534400009,0.4500339584969691],[115.73903077700005,0.4440526755036818],[115.72748250100005,0.4162961675346333],[115.71715255000002,0.4159890725350058],[115.71136642800003,0.4098242555418758],[115.70295519100013,0.4108272145407917],[115.70309984200004,0.405785353546405],[115.69785857500004,0.40288705454968976],[115.69231065700001,0.40833836454352473],[115.67627249000009,0.4105958185410221],[115.67518433300008,0.4132760255380423],[115.679223341,0.417698514533097],[115.6738729540001,0.41782291153292955],[115.67303633900008,0.42149831252884246],[115.66575247100002,0.42503207652487096],[115.66095353100002,0.42213023952816314],[115.65865044800012,0.425209917524735],[115.6534874690001,0.41763136653321076],[115.65010677800001,0.4243475525256789],[115.65103421900004,0.4325318975165361],[115.64810047500009,0.4317149685174091],[115.64888531100009,0.4288603485206548],[115.6444238680001,0.43152876551764174],[115.64204744500012,0.4293017925201448],[115.64337498100008,0.4365867805120189],[115.63750043700009,0.4401549155079854],[115.63241250700004,0.4405621775075609],[115.63096479400009,0.43692523451161597],[115.62843879600008,0.44048722450761024],[115.62506167400012,0.43493509851383455],[115.62121847300013,0.4369567515116124],[115.62299977900011,0.43348427751545243],[115.62025208500006,0.42895266852054337],[115.61448455700008,0.43453398751428973],[115.61351288700007,0.4409563215070782],[115.60768551600005,0.43785564651058795],[115.60898131100008,0.4296861745196845],[115.60140914400006,0.43248395851654897],[115.59423460300002,0.4250208115249571],[115.59218401300006,0.42911618452036276],[115.58874724400003,0.42636964652342835],[115.58882360500002,0.4292571055201773],[115.58641465100003,0.42812230452145494],[115.5845030160001,0.4248218195251196],[115.58970654300003,0.4213771435290191],[115.58874270000001,0.4159698455350252],[115.58410153600005,0.42096018752945236],[115.5707651130001,0.4201327825303856],[115.57267293900009,0.4121326595393226],[115.56785117900006,0.4140511105371831],[115.5662748210001,0.41134156654019677],[115.57393084600004,0.40868558254316395],[115.57361998600004,0.4049621605473785],[115.56698955900004,0.4062910585458664],[115.5657919250001,0.40188457855080945],[115.56304274600008,0.40818172154371873],[115.55717486600008,0.4072453745447825],[115.55725260700002,0.40376065054865756],[115.5651862200001,0.40034947655245423],[115.56277167100008,0.3929548655607391],[115.56938292400002,0.3924695365613308],[115.56802126300012,0.38647983956798676],[115.56342970600008,0.3862704715682179],[115.55842993400007,0.39464237855888584],[115.556037413,0.3900866965639945],[115.55965837500003,0.3849316175697271],[115.55520759000001,0.3847417215699243],[115.55204739100009,0.3921083345616978],[115.54961054600004,0.38682899656762354],[115.55374773500013,0.3831994165716515],[115.5463180910001,0.3765798325790744],[115.54013193700008,0.3808308955742873],[115.54025227000011,0.37562336158012016],[115.53340543400009,0.3703172675860565],[115.53708620200007,0.3659160875909902],[115.52471375300001,0.36662221459019617],[115.519697113,0.3562322896017723],[115.51606756900003,0.3556638066024345],[115.51395718400012,0.359091812598574],[115.51365951600006,0.35047217160818883],[115.50850000199999,0.3495564066092258],[115.51511658300001,0.3423353566173087],[115.5054593740001,0.3333684736273598],[115.50744128699999,0.32885839363242825],[115.5026993250001,0.3332448896275158],[115.49698056300006,0.3308559286301874],[115.49077256300008,0.3339789296266581],[115.49044856400009,0.3386849306214267],[115.48633756300002,0.33584393062459394],[115.48565356100005,0.32789292963349503],[115.47980856100003,0.32971793163142393],[115.48182456100005,0.32472793063698574],[115.48861244300008,0.32135955364072266],[115.48888367100004,0.31857053564389753],[115.48350756000002,0.31711292964552495],[115.48919155900002,0.3124079276507466],[115.47887255900002,0.31504292964783487],[115.47693755800005,0.309687928653838],[115.48451655800011,0.30908092865452474],[115.48737955800003,0.304131926660036],[115.49233755800002,0.3028749256614379],[115.49150955700009,0.29522292467001277],[115.49868455700003,0.29688692366811764],[115.50220726700002,0.29165358567397587],[115.49957023000003,0.2836130716829646],[115.5083384730001,0.2860614686802474],[115.51308299900005,0.28200876268473973],[115.51456144800012,0.2887816006771641],[115.52068270500001,0.2892954856766393],[115.52749185800009,0.28296386568367354],[115.52218678800011,0.27810823668908136],[115.52133108500006,0.2711811246968647],[115.53061586800004,0.2720022696959056],[115.53889557000002,0.2671079487014123],[115.54070583400006,0.2618751147072536],[115.54810788300006,0.2592439847102084],[115.54017717500005,0.2570774587126659],[115.53649525700006,0.2507834357196726],[115.53204785300011,0.2538939977161684],[115.528410656,0.244386584726776],[115.52280406200009,0.24497655072616098],[115.5212951520001,0.23612726473603474],[115.51778640600003,0.23310994773943106],[115.52341880100005,0.2321522657405238],[115.52646520700013,0.2276165967455817],[115.50562892500011,0.20859586776680777]]}},{"type":"Feature","properties":{"name":"Kedangpahu","cls":"secondary","km":108.89},"geometry":{"type":"LineString","coordinates":[[116.06227629400007,-0.32475902463685535],[116.04239232000009,-0.3250482626364951],[116.03949282600001,-0.3278544466334073],[116.04294918500011,-0.3321767326285451],[116.03709429800006,-0.33908004562087013],[116.02912193900012,-0.333915374626636],[116.0160196070001,-0.33503663862538546],[116.00336287900008,-0.34081659561893474],[116.00648460300012,-0.34558785461361924],[116.00152186700006,-0.35167727960675205],[116.0019117060001,-0.3557747066022038],[115.99600176600006,-0.356054703601923],[115.99075868600005,-0.37597969857962027],[115.98284209600001,-0.3721059255839646],[115.97052034200009,-0.3739567105818804],[115.97051965700005,-0.37979402457537553],[115.97938328300008,-0.3898420245641516],[115.97196736300009,-0.3954258565579339],[115.96923537400004,-0.3959306675573213],[115.96215565600005,-0.38795962156620245],[115.95630095700007,-0.39278588356088573],[115.95379117100005,-0.39985765955293107],[115.9463767090001,-0.3941316915593526],[115.94548388300007,-0.4002494825524883],[115.94225010600009,-0.40097871955171516],[115.93466818500009,-0.3971049425560091],[115.92870241300011,-0.3987318565542075],[115.92312796800003,-0.39222037456148257],[115.92134281300004,-0.4004708295522721],[115.91693871600013,-0.39766389355538906],[115.91822035100006,-0.40282775154962963],[115.91331401900004,-0.403556745548794],[115.90422718100001,-0.3973254425557526],[115.9035006040001,-0.41071158354082926],[115.89853872100002,-0.4100935035415431],[115.8869412350001,-0.41733220253337544],[115.88409715600005,-0.42238317452775587],[115.877073503,-0.4145244775365784],[115.87512154600006,-0.41901429753157793],[115.88047313600009,-0.42328067052675655],[115.87595727200005,-0.4228871295271878],[115.87645841200003,-0.42723698852231556],[115.87222056400005,-0.43195096151709456],[115.87456095900006,-0.4399773615081121],[115.87049057600008,-0.4431478695045875],[115.86893026300005,-0.43820853151010375],[115.86307549600009,-0.4435396095041626],[115.87043458500011,-0.44471939350279854],[115.86725589000001,-0.450107006496767],[115.85638474100006,-0.44696224950031654],[115.86056694200012,-0.44168706450621614],[115.85382139800005,-0.4388797295093009],[115.85069873400005,-0.4425835475051968],[115.85610525600009,-0.4516206524951029],[115.85270421700011,-0.45274262849382707],[115.84679449400005,-0.45296618749360346],[115.84122093200006,-0.4427504395050053],[115.84227905200011,-0.45015918249668463],[115.83447449500011,-0.44600464950138957],[115.82750544300008,-0.44684541450040166],[115.82092804900003,-0.4389307075092497],[115.81735833200003,-0.4493132804976949],[115.81144974800007,-0.4429140695048562],[115.807714141,-0.4447655865027717],[115.80648632200007,-0.4527912414937537],[115.79444204200001,-0.4653892124797687],[115.7985122670001,-0.46292042448247894],[115.80152136300002,-0.47147996347292076],[115.78925482200009,-0.4792791324642133],[115.78434890900007,-0.4784363914651176],[115.78858695900009,-0.4727124474715121],[115.785967184,-0.46979351647481354],[115.76957586200001,-0.47371931647042603],[115.76606453300009,-0.4683869064763711],[115.77203009300001,-0.46676036147818084],[115.76757113100007,-0.46064205448503326],[115.75954221200004,-0.4658601724792233],[115.75909809000008,-0.4550001244913342],[115.74900572000001,-0.4644832684807843],[115.746554123,-0.45651327948965426],[115.7387489250001,-0.45797111448802036],[115.74070114200003,-0.4523029884943487],[115.73702206300005,-0.4500574094968121],[115.72988566000004,-0.45286232349372774],[115.73083233600003,-0.45892380248692005],[115.71762050800011,-0.454768330491615],[115.7117106180001,-0.45757341248848626],[115.70764159900011,-0.45392469749255543],[115.69571096800007,-0.45622356248996254],[115.69582426400007,-0.4461215365012542],[115.69298126100011,-0.4451669465023347],[115.69242271200005,-0.45117194449557824],[115.68495205700003,-0.45324711249329125],[115.68484006200003,-0.4559970814901967],[115.68935547700005,-0.45712035748893676],[115.68511796400003,-0.46059915648505406],[115.67664454800003,-0.4588577934869985],[115.68054663400004,-0.4604299394852534],[115.67892912600009,-0.4648071614803418],[115.67525062700007,-0.4600360964857059],[115.67084658000009,-0.45975466248603286],[115.67039898200005,-0.4683973524763484],[115.66833740900006,-0.4625041624829446],[115.66488063700001,-0.4646361364805644],[115.66237264300004,-0.4610999904845277],[115.66254084500007,-0.4559368234902538],[115.66003150600012,-0.459640383486153],[115.65044314900001,-0.45834777248757097],[115.65105563400004,-0.462276391483232],[115.65557133000006,-0.46154767248398976],[115.65306200700002,-0.46513897148002953],[115.64670714400006,-0.46322962048209626],[115.64587174800012,-0.45890811648697777],[115.6429166150001,-0.46165749548383506],[115.63558256100009,-0.46059153548507986],[115.63250796400007,-0.4685618814761581],[115.62855793300002,-0.4631314044822472],[115.624637117,-0.4688128744759107],[115.61971401100004,-0.4685593554762013],[115.62115574500002,-0.47222152147206936],[115.61764424700004,-0.46937970947524094],[115.61645199200007,-0.4727572334715219]]}},{"type":"Feature","properties":{"name":null,"cls":"secondary","km":105.26},"geometry":{"type":"LineString","coordinates":[[116.17536697400011,1.38123579445898],[116.19223318500009,1.3754837714653394],[116.2017589070001,1.3685849494730393],[116.21684747800009,1.366928271474873],[116.22208788900002,1.3626362134796564],[116.23576576400002,1.3750710684658167],[116.25214263700003,1.377494261463144],[116.25720328000011,1.3884221174509594],[116.261595294,1.3903336024488535],[116.2576139690001,1.3961071364424529],[116.25906690400006,1.4047501734328773],[116.26226922800004,1.404430981433193],[116.28043076300001,1.4218937404138319],[116.29898145200004,1.4192282264167864],[116.30906071800008,1.4249306344104486],[116.32200014400009,1.4250792494102662],[116.32902086000001,1.423701706411825],[116.33005597400006,1.4188711054171284],[116.33326973300007,1.4180397484180887],[116.33575917400005,1.4197095754162066],[116.33288140600008,1.4243315754110728],[116.33994026000005,1.4265027694087014],[116.3509460360001,1.413382882423248],[116.36081763800007,1.4127959634238991],[116.36224840700004,1.407160267430147],[116.37074328800009,1.408223035428963],[116.38102028800007,1.4034214014342945],[116.3925377160001,1.4044107344332324],[116.399018435,1.3965940524418894],[116.42165520200003,1.3864162894532062],[116.43676737600003,1.3638274434782678],[116.44519482600003,1.3602710504822437],[116.44849625300003,1.3540541034891589],[116.44492064300005,1.3513035864922236],[116.44879478000007,1.3452297004989642],[116.4627902430001,1.335862850509373],[116.4685211420001,1.3384811055065022],[116.47173235000002,1.3327965245127726],[116.48164213599999,1.3331318035124295],[116.49543270500011,1.3351240435102065],[116.50475527700009,1.3415039365031136],[116.52033077300005,1.3418807125027346],[116.52914638100003,1.3489674024948495],[116.53205140700003,1.3558606974871639],[116.53616415800003,1.3559717784870358],[116.53826591600011,1.3421769425024064],[116.55018523900003,1.3420299025025644],[116.55289193500006,1.336339846508816],[116.55969681500007,1.3330499375124674],[116.56927460700001,1.3341443695112563],[116.57429120200005,1.329599124516343],[116.59201356100004,1.3252188475212385],[116.59417148300008,1.3216230065252437],[116.60812286800001,1.3177485995295235],[116.61048335100008,1.3119588565359384],[116.61723807400006,1.3147373535328422],[116.63361746700002,1.303657153545184],[116.63497856300012,1.308637770539657],[116.63997643500012,1.3083173255400067],[116.64806404800004,1.293178166556839],[116.64806482800009,1.287505637563168],[116.65723935900006,1.2767996465750762],[116.65776158000004,1.2701953285823862],[116.66458884700013,1.267975163584859],[116.67207432700003,1.2494204836054585],[116.67730552700004,1.2513662676033448],[116.67760585200006,1.257880235596094],[116.68614106400004,1.2546559795996615],[116.6909220130001,1.2637263075895904],[116.69721901300011,1.2606826905929556],[116.68871277600009,1.246776232608415],[116.69825499900003,1.2407519526151671],[116.69447596100007,1.2344954176220984],[116.69901119700012,1.2305740006264114],[116.70954920600002,1.2282199256290918],[116.71861080700012,1.2305474016264955],[116.71761903800007,1.2260016996315402],[116.70655393400011,1.219261381639035],[116.71619725300002,1.1969165196639155],[116.71448541300003,1.1943747396667383],[116.71130535700003,1.1986377346619561],[116.69817344300009,1.1858514646761908],[116.69310457100005,1.1845211096776784],[116.69753036500005,1.1734338296900626],[116.68711254100003,1.1703413006934975]]}},{"type":"Feature","properties":{"name":null,"cls":"secondary","km":98.29},"geometry":{"type":"LineString","coordinates":[[116.73997136300012,-0.07372746191751683],[116.74375896300002,-0.06000049793287177],[116.73273311100002,-0.0466547769477872],[116.7361840000001,-0.03640192295928346],[116.74763077300008,-0.024242554972839274],[116.75436415400009,-0.025344116971619212],[116.77145014300005,-0.016362273981660402],[116.7759951900001,-0.008820892990101121],[116.76867795000011,0.0005037839995061764],[116.7592458790001,-0.008947983989973821],[116.75183915900003,-0.0012371359985421356],[116.75669937500004,0.010470563988349375],[116.75412724600005,0.019193015978562197],[116.76420074400006,0.02436274997275943],[116.76575721600013,0.03283659896335166],[116.76055353700008,0.03559554896023177],[116.76078757900008,0.046608287947949245],[116.75703102800003,0.05305704594072243],[116.76988619400004,0.06398181292850692],[116.76551789700011,0.07193020091960756],[116.75709017500003,0.07262525091883901],[116.75659339800006,0.0835495559066146],[116.7612372970001,0.09018390389921827],[116.75797178900008,0.09497929089386631],[116.76527821800005,0.10291880688496416],[116.77414980300011,0.09888212688947033],[116.78552829800003,0.10331756588452407],[116.78802570200004,0.11393803087263703],[116.81258137400003,0.12484470786049442],[116.81946038000001,0.13434200884983882],[116.81683033500009,0.13837892684529401],[116.81220610800007,0.1345356558496009],[116.80543491800006,0.13467401884945396],[116.80410799800006,0.14162799284166938],[116.79781368600004,0.1385844388451313],[116.7945881820001,0.1454402698374221],[116.77690206000013,0.14312399384001964],[116.7749962910001,0.14946913683294114],[116.77106064200005,0.150612952831646],[116.77156783200007,0.15995290582120575],[116.76865779800005,0.1589123838223725],[116.76442775600002,0.16520483681531722],[116.76939658200003,0.16957758881043541],[116.76665469400007,0.17485394780449695],[116.76820230800001,0.18552847679262105],[116.76546684100003,0.19929049177723782],[116.77482700700011,0.2051206627707376],[116.76937481400013,0.20789310676763215],[116.77174750600012,0.21547353475913336],[116.77724628300007,0.22071841075328805],[116.778797197,0.22981048174311006],[116.79294325400008,0.23614607973601048],[116.78900271100008,0.2384725947334512],[116.79217402000008,0.2407202827308818],[116.79354785400004,0.250480746720003],[116.78961851600002,0.251516288718859],[116.78632055500009,0.2598846907094662],[116.78275258300006,0.25881094071067334],[116.78230375100009,0.2648026507039724],[116.78546012800007,0.2681732767002361],[116.78161908200002,0.2695421106986675],[116.78270942200005,0.27786210368940567],[116.77845881300006,0.2813347286855174],[116.77762639700006,0.2875036636786115],[116.7827183390001,0.28972522167616416],[116.77846504500009,0.29185213367377494],[116.78265073600005,0.29870765166611185],[116.78073256300002,0.3148353536480554],[116.7828729900001,0.3181075026443687],[116.78039754300005,0.31737513364519016],[116.77431184300008,0.3255442246361032],[116.76537337000002,0.32612292163544443],[116.75854768500005,0.3381092236220708],[116.7598529400001,0.34265116961698927],[116.74778783100011,0.348748880610157],[116.74857370300003,0.35207473660645006],[116.7427477110001,0.35212068460639595],[116.74029153200003,0.3590750485986284],[116.73643764600001,0.36014554659741554],[116.73433789200011,0.36982571658655816],[116.73925397800006,0.3772086975783833],[116.73570963100009,0.3798689045753678],[116.73689379900009,0.3836025685712033],[116.73363306200008,0.3891357415650477],[116.7180026200001,0.3915999855622994],[116.71490649500004,0.3997826115531032],[116.70904236500007,0.40005077355279994],[116.70548880000003,0.4054267375468343],[116.7071970720001,0.40994125854178093],[116.69072950700001,0.43046802951881075],[116.69410337900001,0.43630653251229706]]}},{"type":"Feature","properties":{"name":"Ritan","cls":"secondary","km":92.7},"geometry":{"type":"LineString","coordinates":[[115.70830448300002,0.3214937076406173],[115.71803357400006,0.32149494164064885],[115.72026220900013,0.33658908962376094],[115.73559518800006,0.3485813786103523],[115.7496589210001,0.3716691275845561],[115.75158852100004,0.3709119655854061],[115.75010636100002,0.37500879658077396],[115.75733815500007,0.3692048325872839],[115.7644270510001,0.3708172505854824],[115.77168796200012,0.3655367385914078],[115.78142515200012,0.36560753359133435],[115.78245537500005,0.36874628358782063],[115.78517201400008,0.3654503955914819],[115.7938169580001,0.36576881359114194],[115.79470183500007,0.37026931658611156],[115.80101770700003,0.3715888105846164],[115.79401888200006,0.38052788057461373],[115.80033667100007,0.3783113505770814],[115.80199281500008,0.3824122675725322],[115.80764405100001,0.3816175465734644],[115.809430141,0.38428782557043567],[115.81093128000009,0.3811163885740069],[115.81285476100003,0.3850413925696079],[115.81531709300009,0.38121963557382943],[115.8181414620001,0.38260898057228715],[115.81939124700013,0.3960218295573039],[115.82572953700002,0.3944692445590437],[115.8283733180001,0.40073045455201844],[115.82329754500006,0.40366612154881054],[115.82326540300005,0.40820255054370336],[115.82577816900005,0.41008761054161974],[115.82561172400007,0.4055389775466712],[115.83037879900009,0.4056659955465236],[115.82963435600004,0.4150391005360595],[115.8359606800001,0.41517726553591827],[115.83802985000013,0.40834651454357035],[115.84074941100006,0.4128173835385795],[115.84815533300004,0.40941571154238615],[115.84994006500007,0.41386126453737554],[115.85380925800007,0.4081749895437147],[115.85709447900001,0.4133737925379492],[115.8572091760001,0.4062486825459243],[115.86132766000003,0.4093858755423707],[115.86514368300004,0.40770526554426995],[115.8667325030001,0.4131193135382082],[115.871837732,0.41266648353873614],[115.86709556100003,0.41745521953333115],[115.86763531300005,0.4207726765297017],[115.87656519600013,0.4155285915355286],[115.8795810900001,0.4217328975286404],[115.89385564400006,0.42495638752499015],[115.88586325400001,0.4265525535232501],[115.88742553600001,0.4312964895178793],[115.87972064100006,0.43198054951715065],[115.87743774900002,0.4392583945090046],[115.88710657100012,0.43678079051179125],[115.8914224140001,0.4419191195060164],[115.90059465800005,0.4396516375085764],[115.89989733900008,0.44313253050469015],[115.8942064160001,0.4434251865043811],[115.89869573100009,0.45034275449665584],[115.90187643099999,0.44932120549774673],[115.90032617200005,0.44676353050061773],[115.90460079500009,0.44488353050275936],[115.90631391200007,0.4395436485086925],[115.90880275300002,0.4415404405064374],[115.90874048700005,0.4333527655156231],[115.91545430200006,0.4334151335155054],[115.91270812500011,0.4259588305238855],[115.91850775900002,0.4281247865214513],[115.91696217500008,0.422112000528185],[115.91963394800007,0.4198593435306504],[115.9150865150001,0.41897057153165135],[115.91632546300002,0.41338455453790984],[115.91243282700009,0.41167036753982567],[115.91612018700005,0.4107998645408316],[115.91418148600009,0.4059149585462455],[115.920287421,0.40954462154223353],[115.92395648600007,0.4038868575485021],[115.92800216900002,0.4065252945456128],[115.92966602100013,0.3999313335529445],[115.92683821300012,0.39542260155799913],[115.92366796400006,0.3963540625569551],[115.92927016100009,0.38830966356597385],[115.93592859600007,0.39586986755747966],[115.95136406400003,0.3914502025624126],[115.96075283000005,0.4004454095523684],[115.96730936100003,0.39911648855388826],[115.97024802700004,0.401904846550739],[115.97088251900006,0.3996544855532594],[115.97216817000002,0.4080675055438934],[115.98282551300008,0.40649036854559767],[115.98568504000002,0.4009090075518375],[115.99115446500001,0.4017866725508948],[115.99123701000009,0.39897313055401273],[115.9944549800001,0.40526096754700874],[116.00738937000006,0.4019645505506846],[116.01235732500004,0.4059370885462293],[116.01462018600012,0.4035241285489633],[116.01866458400004,0.40823852454365867],[116.02712989100009,0.4034620735490099],[116.03289283300002,0.40760606954436573],[116.03120750700008,0.4042519225481619],[116.0341846450001,0.40567030854658026],[116.03576872700012,0.39734546655582176],[116.03996940700004,0.3988680455541695],[116.03947231100007,0.4021192845504765],[116.04312811000011,0.3997185855532204],[116.04628263500003,0.40280529454975955]]}},{"type":"Feature","properties":{"name":"Lawa","cls":"secondary","km":91.71},"geometry":{"type":"LineString","coordinates":[[115.75814889900005,-0.4633624144819793],[115.75574661100008,-0.4610806044845488],[115.75097469400009,-0.4643412904808726],[115.75604041500004,-0.46523169947989834],[115.75097385700008,-0.46908533047561496],[115.75639169200008,-0.4773883914663392],[115.75432939300005,-0.4807088474625746],[115.75156106400006,-0.47940372646409185],[115.7513829280001,-0.4871720614553718],[115.74413655600006,-0.492448437449467],[115.74755230500013,-0.49659270144483825],[115.74618205800006,-0.500239413440826],[115.75563493100002,-0.5081800944319336],[115.75603159700007,-0.5131169474263613],[115.75059689800004,-0.5163181084228122],[115.75497009900005,-0.5192321124195349],[115.74851920900005,-0.5226999064156846],[115.75205375200005,-0.5217666314167773],[115.75465959900009,-0.5255475634125133],[115.74993241400011,-0.5254131864126708],[115.75010828900008,-0.5296383814079625],[115.74555879900004,-0.5246562244135179],[115.74537939300002,-0.5379765333986286],[115.74087362400006,-0.5353515624015506],[115.73857577500007,-0.537886171398735],[115.73703008000007,-0.5350394404019366],[115.73362701600001,-0.5411318193951251],[115.73186052500012,-0.5378402943987692],[115.72951827600002,-0.5414422793947697],[115.71988707000003,-0.5421296003939902],[115.72311092000008,-0.5479564953874827],[115.7201500990001,-0.5517806953832449],[115.7163507790001,-0.5513795983836822],[115.72006108400002,-0.5548494403797746],[115.71789557800004,-0.5582068163759843],[115.72054531800008,-0.562877255370858],[115.71281338000006,-0.5654995503678625],[115.71175108000011,-0.5745054373578329],[115.70830537300003,-0.5733038393591309],[115.70658167700005,-0.5764611433556106],[115.71011512100006,-0.580397957351221],[115.70706512100003,-0.5875576683432653],[115.70874323500004,-0.5905823343398786],[115.71302894600001,-0.5892046183413793],[115.7144845360001,-0.5992784833301549],[115.7101968620001,-0.6089062323194289],[115.71859049900003,-0.6109096143171812],[115.71925070200005,-0.6213391163055115],[115.72437478300004,-0.6245425563019185],[115.72282754200012,-0.6284559672975778],[115.71752578300003,-0.6292107312966935],[115.72039696900005,-0.6312572832944768],[115.71664022500009,-0.6371937322878051],[115.71955563200002,-0.6390624042857302],[115.71783196500009,-0.6416859842827899],[115.7217203140001,-0.6395966452851535],[115.7267992730001,-0.6466027202773081],[115.7354144530001,-0.6463825112775545],[115.73704654000005,-0.656745623265984],[115.74168676300009,-0.6515876782717357],[115.74292109500004,-0.6624621792596366],[115.75144734900005,-0.6648215432569596],[115.75232925000012,-0.6716042622493754],[115.74914803800003,-0.672403999248526],[115.74790873200006,-0.6811653132387399],[115.75210427800005,-0.6874596732317205],[115.74954138500006,-0.6890156352299952],[115.75435720200007,-0.6886166262304092],[115.75448858700008,-0.6930642012254512],[115.75890597200011,-0.6958006112223953],[115.76177814600008,-0.6942447272241268],[115.76160033100007,-0.698425380219444],[115.76778362100004,-0.7063436782105696],[115.76217056100006,-0.7140142062020347],[115.76238976500007,-0.7203520301949747],[115.76632171600012,-0.7210647121942199],[115.76252123900008,-0.7243103881905305],[115.76786670900002,-0.7260908791885574],[115.76168072700013,-0.7282240031861906],[115.76287230500009,-0.7330499291808049],[115.75907175600003,-0.7364734821769712],[115.76181029400004,-0.7390538291740972],[115.75902686100007,-0.7390530471741235],[115.76891727300006,-0.76142706414912],[115.76087505500003,-0.7653830651447461],[115.76215326400008,-0.7759908481328831],[115.75751496100008,-0.7732764771359281],[115.75428887400005,-0.7760774741328141],[115.76060613300001,-0.7786144461299579],[115.76223789300003,-0.7887331101186611],[115.75786295200011,-0.791845079115217],[115.76227985000004,-0.7962272471103509],[115.76179224900012,-0.8015641611043631],[115.7529990590001,-0.8047192261008459],[115.75856437600011,-0.8100802270948503],[115.75471806500003,-0.8181068460859299],[115.7595326710001,-0.8222000900813345],[115.7550670710001,-0.8324280310699095],[115.75767140500011,-0.8401453460613518],[115.74865620800006,-0.8463467510543706],[115.73928896200005,-0.8481671770523156],[115.74290843800009,-0.8588646420404388],[115.73981414900004,-0.863489029035224],[115.74644002200012,-0.8680721830301896],[115.7496172540001,-0.879925906016973],[115.74475506600004,-0.8861285540100291],[115.74881776200004,-0.8924454260029439],[115.74280535400011,-0.9027838379914621],[115.72857621700008,-0.9092499579842849]]}},{"type":"Feature","properties":{"name":"Jembayan","cls":"secondary","km":89.51},"geometry":{"type":"LineString","coordinates":[[117.0196332270001,-0.5535126933812601],[117.01602595700001,-0.5505203023845635],[117.00977569500003,-0.551315868383744],[117.00683017100003,-0.5531239443816935],[117.00862623000012,-0.5577526083765669],[117.0015138550001,-0.5604285613735401],[116.99799358800011,-0.5518221363831272],[116.9915996410001,-0.550737287384345],[116.98793570200007,-0.5462532613893644],[116.98190095600012,-0.5508819113842452],[116.97723122000004,-0.5505202803845798],[116.9762254000001,-0.5581141803761234],[116.98132613000006,-0.5787623853530568],[116.96983130500007,-0.5851990723459042],[116.95812101700007,-0.5793408443524216],[116.95280477300003,-0.567624496365478],[116.94985914600011,-0.5782559333536443],[116.93276056300012,-0.5858496543451477],[116.94066307700007,-0.6010013813282231],[116.9306768890001,-0.6052683103235009],[116.91776289400002,-0.6224899983042058],[116.91075839200006,-0.6114244953165913],[116.90585493100004,-0.6222728293044726],[116.89782659200011,-0.6167399863106959],[116.894378114,-0.6178247603094398],[116.89324677000002,-0.608712069319639],[116.88635000800001,-0.6021215173269399],[116.87487301300006,-0.6082506153201614],[116.87525010200011,-0.6119390823159802],[116.86689821100003,-0.619071705308027],[116.86754495900004,-0.6125084373153701],[116.86436600600007,-0.6090368683192883],[116.85827731100005,-0.6102842773178312],[116.859193215,-0.6137015473140606],[116.85267354400003,-0.6118029013161841],[116.85434375600005,-0.6165762413108218],[116.84410629400008,-0.6123993193155057],[116.83801754200012,-0.6153824443121728],[116.83494631500002,-0.6139178173138158],[116.83704784000008,-0.6096327693186168],[116.82794183500003,-0.608466282319889],[116.82567897700005,-0.6028250503262194],[116.82131446800008,-0.6053200353234316],[116.81565705600009,-0.6000041393293605],[116.8117235850001,-0.6029873083260308],[116.80525785900012,-0.6005461963287535],[116.80633541200007,-0.6028786343261614],[116.80234814000006,-0.6034751493254881],[116.79879207600004,-0.5998950583294892],[116.79431973200008,-0.6042342363245953],[116.7937271390001,-0.6014136393277734],[116.78855451100002,-0.601033747328204],[116.78871600700008,-0.6048849203239086],[116.78435156300007,-0.6055356493231939],[116.78451283700008,-0.6148652423127347],[116.7819266880001,-0.6104715533176432],[116.77675381800009,-0.6158412723116807],[116.77217406300008,-0.6112034093168707],[116.77168891100007,-0.6163021113111928],[116.76511543300002,-0.6140779133136572],[116.76182830800008,-0.621725845305083],[116.75913429700007,-0.619989989307018],[116.76075053800004,-0.6247090893017285],[116.75714048100006,-0.6241665063023517],[116.75595482000007,-0.6298075842960988],[116.7514287250001,-0.6302413022955611],[116.74674133500001,-0.6234066293032471],[116.74528602400007,-0.6337938292916122],[116.74022124500003,-0.6315154292941904],[116.73779627400006,-0.6372649152877118],[116.73521017200005,-0.6328169722926683],[116.73477895500002,-0.6360172032891386],[116.73089947300001,-0.6358542762893226],[116.7313303410001,-0.6394342422852799],[116.72346352700005,-0.6406813762839201],[116.72173887500003,-0.6486819062750175],[116.71753627400005,-0.6453186982787829],[116.7140335990001,-0.6516647552716334],[116.721145846,-0.6546484382683706],[116.715434296,-0.6557871862670281],[116.71327878900003,-0.6598009322625699],[116.71613450600012,-0.6602892702620411],[116.71807390100003,-0.6666085152549751],[116.71247000000007,-0.6694829872517737],[116.70239304400002,-0.6860531332332777],[116.69474176100006,-0.6862153722330815],[116.69091519500012,-0.7005890832170084],[116.68423336700005,-0.7068806282100224],[116.67798286500012,-0.709049847207574],[116.67431924400012,-0.7036254632136564],[116.67216388900009,-0.704547412212616],[116.67302550000011,-0.7117615602045397],[116.66855319600005,-0.7127375812034454],[116.6719475450001,-0.7161007821997193],[116.66618194100012,-0.7187039421968574],[116.66626802100008,-0.7241712621907125]]}},{"type":"Feature","properties":{"name":"Nyuatan","cls":"secondary","km":88.6},"geometry":{"type":"LineString","coordinates":[[115.63778787000001,-0.46160038748395216],[115.64180252600012,-0.45711146048899615],[115.63856908600009,-0.4576159344884574],[115.63818096700003,-0.44627938550104884],[115.63277396100013,-0.4437529295039033],[115.63595166800008,-0.4430800665046349],[115.6328311640001,-0.43575569151280547],[115.63584225600005,-0.43154715751753364],[115.63327775400002,-0.43233238951664976],[115.6324981360001,-0.4276180815218966],[115.63550896900006,-0.4247845045250558],[115.6293768710001,-0.4244466865254528],[115.6328339900001,-0.4197892555306811],[115.62664623300009,-0.4190024715315421],[115.62519774300007,-0.41367073353749506],[115.62865425800011,-0.4123805545389861],[115.62910135100003,-0.40578641954631833],[115.62369417500008,-0.40432635354800034],[115.62135385500005,-0.39815266855484904],[115.61633700800006,-0.39618759955708144],[115.61973773000011,-0.3950096355583452],[115.6138290240001,-0.39256739856110523],[115.61378665400002,-0.39595567255726566],[115.61044202900007,-0.39507121155828334],[115.61144605100004,-0.39149369556230484],[115.60797646300011,-0.38778916656643264],[115.60417148700003,-0.38968259756437323],[115.59953115100008,-0.3865671485678229],[115.59990633700012,-0.39321746156034926],[115.59384518500009,-0.38593485056847654],[115.57958797800006,-0.38765814856657127],[115.57908700200005,-0.38323863257153795],[115.57465410800013,-0.3900985185638428],[115.56855080100003,-0.38538343756913174],[115.56733792200009,-0.3879086085663207],[115.56106705600006,-0.38525589956925005],[115.55676044000008,-0.387191279567142],[115.55533938100008,-0.38462358356996584],[115.5522863640001,-0.39047347856344505],[115.54919229500001,-0.3918618865618933],[115.54634981200002,-0.38899932356505945],[115.54057919900005,-0.3951012405582797],[115.5378209380001,-0.3888294845652796],[115.53489402000001,-0.3908071555630124],[115.53564724300008,-0.3868930105674112],[115.53418350500009,-0.3895022725645185],[115.53054689900013,-0.3854190105690538],[115.52130700500005,-0.38726930456703423],[115.52176759700002,-0.3831867775715419],[115.51098339800002,-0.3700953605861568],[115.5166380510001,-0.3691440595872531],[115.51472550300001,-0.3681967445883427],[115.51958696200006,-0.36019544359726446],[115.5104323160001,-0.35247595760589556],[115.51008843700002,-0.3459100916132236],[115.5062001660001,-0.34701429761199015],[115.50720420800009,-0.3427687836167242],[115.50281522600007,-0.3375912216225338],[115.49369130700006,-0.33419644162631895],[115.49748563700007,-0.3320505246286896],[115.49450722600011,-0.3297141716313174],[115.4969219070001,-0.32759960363370033],[115.48967917200001,-0.32524683263631554],[115.49127894900005,-0.32079624964130243],[115.48692023000001,-0.323068358638726],[115.49055800700013,-0.31921783764304945],[115.48397324500002,-0.32032167264187883],[115.4867648280001,-0.31364586764931307],[115.4819991170001,-0.31171964665144647],[115.48638918200002,-0.3093212636541451],[115.47905309800001,-0.3020758236622005],[115.48247083000001,-0.30188690866245405],[115.481530603,-0.29879331066588816],[115.47757980200004,-0.29925046566537516],[115.47544811000013,-0.2959673146690419],[115.47259421600006,-0.30025987466426785],[115.4687385090001,-0.2933464236719392],[115.46513289200006,-0.2919254676735392],[115.46209104900005,-0.29505005267008955],[115.45362640200005,-0.2867313446793944],[115.453186963,-0.2902350616754804],[115.44976947600003,-0.2890035366768006],[115.45196447000001,-0.28774121567827793],[115.44860970900002,-0.28638344067975446],[115.4479528490001,-0.2743411196932594],[115.44491151700002,-0.273914588693691],[115.44553903200006,-0.2706002996973893],[115.44096130500009,-0.270410314697583],[115.44469315300013,-0.26510780470353396],[115.4426549870001,-0.26611763870245586],[115.43516241500005,-0.25704166371253245],[115.44055580000008,-0.25339652671662455],[115.42864221500007,-0.24460417172646048],[115.43052434600008,-0.23690247973510273],[115.42124427800002,-0.23019383974258684],[115.41867443500009,-0.21916156975488774],[115.41268665400004,-0.21125391276374175],[115.41619853200005,-0.20883955076644614],[115.4076080540001,-0.204072380771781],[115.40625958300006,-0.2066921297688738],[115.40497472000004,-0.20017386277614305],[115.39917427300007,-0.20036268177588332],[115.40190212600011,-0.1994791357769521],[115.40042893400005,-0.1949652307819577],[115.40779713800008,-0.19405055278299504],[115.40638668500004,-0.18901582478862242],[115.41127817000007,-0.18570195879234952],[115.40848780300009,-0.18437598079381504],[115.41378651700006,-0.18522871079287379],[115.41162328000009,-0.1832399247950673],[115.41394365000008,-0.18107793179750434]]}},{"type":"Feature","properties":{"name":"Tuang","cls":"secondary","km":86.87},"geometry":{"type":"LineString","coordinates":[[115.8694118310001,-1.0396857498388863],[115.87721601600002,-1.0338488378454302],[115.8753515310001,-1.0261793548538805],[115.86738422100007,-1.0219309988586156],[115.86782115400001,-1.0119298328697863],[115.85665196200011,-1.0108351448710353],[115.85128546900013,-1.0064031478759279],[115.84324935500003,-1.008514644873641],[115.83891620700003,-1.0049052688776088],[115.84785643100008,-0.991567857892469],[115.85229011900003,-0.9937508928900527],[115.85455904000004,-0.988851731895506],[115.84929298400006,-0.9832451659017429],[115.85082746400009,-0.9809970919042217],[115.8557940820001,-0.9847576759000607],[115.85749606400007,-0.9801771369051627],[115.8627641830001,-0.9797762039056287],[115.86496891600008,-0.9672753139195557],[115.87387034900009,-0.9696611709169333],[115.87773836600002,-0.9614548699260353],[115.88361844400004,-0.959690156928027],[115.8812499510001,-0.957039399930966],[115.88748225800009,-0.9514764729371905],[115.88766238400001,-0.9369457809533576],[115.89520984700006,-0.9348281919557011],[115.89915762900013,-0.9384510999516806],[115.89810723000005,-0.929959742961198],[115.90324291300008,-0.9231376059687728],[115.90508857000009,-0.9138300509791696],[115.89732712800003,-0.8982258219965672],[115.90503145200012,-0.8846468970116877],[115.90200403700011,-0.8844803720118829],[115.90253196800006,-0.8796442810172608],[115.89557863000003,-0.8761199340212075],[115.8990913340001,-0.8671109880312844],[115.89426658500007,-0.8615445900374444],[115.9047800820001,-0.8431301360579568],[115.89872567000009,-0.8415384200597302],[115.90471785100009,-0.830211361072381],[115.9001802900001,-0.8171919790869225],[115.90084046600009,-0.8096396670953233],[115.9082799030001,-0.8000685461060486],[115.90387205600005,-0.7939061101128762],[115.90576898700012,-0.785926490121795],[115.90114814000003,-0.7836684301243297],[115.90475454000011,-0.7728836141363553],[115.90049303400009,-0.7638689961464477],[115.90228240200008,-0.7586358031522291],[115.89702841200007,-0.7582329351527103],[115.89540674500007,-0.7529988771585776],[115.8862755880001,-0.7467798761654854],[115.89150346600002,-0.7414644971714193],[115.886167697,-0.7382232851750182],[115.8873239840001,-0.734402197179291],[115.88220946600006,-0.7263981821882359],[115.88683219500003,-0.7207088001945758],[115.88441207200003,-0.7183267661972398],[115.88620045800008,-0.7168041921989454],[115.88089212200008,-0.7139368612021324],[115.8836982790001,-0.7124837642037678],[115.88028867199999,-0.7067785662101654],[115.87828033500013,-0.7078857212089193],[115.87789604900003,-0.7044519352127208],[115.86840730400002,-0.6984960652194023],[115.87080084900005,-0.6969182582211686],[115.86832732800009,-0.687765791231362],[115.87215141400009,-0.685523730233861],[115.86887861000001,-0.6829476922367218],[115.87297717600008,-0.6832394162363937],[115.8704750920001,-0.6784759732417578],[115.87331090600004,-0.6674417632540403],[115.85937069100011,-0.6405229772841157],[115.8637736410001,-0.6323689792932363],[115.86737694400006,-0.6330620472923982],[115.865947429,-0.6290742342968861],[115.86922179600003,-0.6244090173020821],[115.88325230200009,-0.6160077783114847],[115.88341844000001,-0.6107326523173757],[115.88991111300004,-0.6061649603224245],[115.89101307800003,-0.5978993623316708],[115.88812465800005,-0.5986464363308621],[115.88578766900004,-0.5930108083371478],[115.89159257000006,-0.5886644623419828],[115.88446897900008,-0.5846616613465],[115.88691773800007,-0.5815330493499961],[115.88240841600009,-0.5719925603606106]]}},{"type":"Feature","properties":{"name":"Sentekan","cls":"secondary","km":86.85},"geometry":{"type":"LineString","coordinates":[[116.15935559000002,0.2776826216895812],[116.15643485000011,0.2743609716933221],[116.15178318500013,0.27661659369081704],[116.1541204770001,0.2720992016958339],[116.15156293700011,0.27250820269534476],[116.15229214600004,0.26897710469931796],[116.14781006400005,0.266451391702109],[116.13964071300006,0.27412146069358706],[116.13902887000008,0.2683038387001089],[116.13576613700003,0.27088984669717736],[116.12857812300001,0.2672037957013184],[116.13145974700001,0.266459612702129],[116.12685977100011,0.25902315971042417],[116.12236032800001,0.25993258470943503],[116.1200475600001,0.2549091727150608],[116.11738252000009,0.25728882271240766],[116.1078401110001,0.25393600171613745],[116.10918256300012,0.24875640472192145],[116.10480859200004,0.24896022872168394],[116.10693247100006,0.24488840072625],[116.10031127200011,0.2420533537294155],[116.09777121500007,0.24284728172855755],[116.09907641100007,0.24624240572472392],[116.09389957400002,0.24603655572494412],[116.09194591600009,0.24016729973154036],[116.08618682800012,0.2403711287312804],[116.08408822600008,0.23655283773555294],[116.07043571400004,0.24395844672732092],[116.06454559900011,0.23970283873208686],[116.06487366400006,0.24394691972731056],[116.06277650900006,0.2406984697309426],[116.05860461100008,0.24221747372919078],[116.06058224600007,0.24074584273091482],[116.05679833200008,0.23551631873673867],[116.05418978800003,0.2379134727340405],[116.05179261100012,0.23567695573654202],[116.04758015000006,0.2421403607293555],[116.048566294,0.23961407573218926],[116.04390717800004,0.23958557173218095],[116.03849456000012,0.23469891073765248],[116.03167601100006,0.23537233773689326],[116.0314238000001,0.23136393974137873],[116.02620418700009,0.22839466774466174],[116.01555184500012,0.22868971174439848],[116.0120960700001,0.23194435774068536],[116.0070644870001,0.22885271474419416],[116.00116244500008,0.2349191497374091],[115.99699989500004,0.22910392574391159],[115.98664158200008,0.22766163374554618],[115.9827697070001,0.2283975007447128],[115.97102614800009,0.24441573072681036],[115.96051478100001,0.2387681037330801],[115.95933304100005,0.24171939872976778],[115.95535207500005,0.24113306373044638],[115.95502270300005,0.24463454772651383],[115.94887887900005,0.24329083372805624],[115.94339831900004,0.24721079072366225],[115.94344362100003,0.244926795726226],[115.93570852900007,0.2450231297261173],[115.93284943900007,0.2406806967309799],[115.91614727600006,0.23617140473597786],[115.91121437600009,0.23994457973177916],[115.89607464000005,0.2406862847309584],[115.89177037200011,0.24756728972325154],[115.88795571100002,0.24549193672559932],[115.88244827800007,0.247757675723053],[115.8743162510001,0.2588961087105703],[115.86503942500009,0.2563100777134902],[115.8562547790001,0.2582136727113773],[115.85045164700011,0.25397230271611926],[115.84842671000001,0.2559874127138827],[115.8509082800001,0.2631818147058031],[115.84454388400003,0.2651782187036111],[115.83086127900003,0.29625131966886764],[115.82394743300006,0.29837326666647823],[115.82308983100006,0.30177278666266666],[115.81711143200006,0.30211018566229597],[115.81403771800002,0.2999476636647077],[115.81151732100012,0.3019267256624656],[115.80772968200006,0.29446820367082494],[115.79630187200009,0.29640302166867494],[115.78417610600002,0.3128719416502723],[115.77012963300002,0.3135408016495055]]}},{"type":"Feature","properties":{"name":"Bongan Kanan","cls":"secondary","km":85.47},"geometry":{"type":"LineString","coordinates":[[116.29686264700001,-0.5746857523576087],[116.29440606700007,-0.5773014773546733],[116.29675493400009,-0.5821575543493074],[116.29458252800009,-0.5895753383409885],[116.30127376100006,-0.5991444203302977],[116.29981356100006,-0.6044479693243973],[116.29109102300005,-0.6120619793158752],[116.29140983300012,-0.6239416553025986],[116.29785253600005,-0.6283145222977707],[116.2958941170001,-0.6321307942934699],[116.30201603500007,-0.6395676122851637],[116.30197985300003,-0.6438679352803384],[116.30774674800011,-0.6442987602798882],[116.3092412430001,-0.6490472522745805],[116.30546685600007,-0.6559272632669244],[116.31176678400004,-0.6633641392585781],[116.30806314200002,-0.6732364702475436],[116.31286863900003,-0.6756023402448991],[116.31187113700004,-0.6808163572391253],[116.31642730400004,-0.6842214472353259],[116.31475340200006,-0.6895249592294086],[116.31728041500003,-0.6930910252253869],[116.30919912800006,-0.6954191932227904],[116.31104914900004,-0.7031063172141873],[116.30278901600002,-0.7110427732053832],[116.30624155200009,-0.7148060862011513],[116.30061646200011,-0.717779620197873],[116.30314334600008,-0.7220265821931428],[116.29726654000001,-0.7411083561718087],[116.29004007700009,-0.7401217061728982],[116.28936265800006,-0.7466079071656546],[116.27857524700005,-0.7520352741596704],[116.28298732600001,-0.765456553144668],[116.27469158600002,-0.7721385341372217],[116.278286266,-0.7771203361316057],[116.27408524600004,-0.7789114031296118],[116.27707504400009,-0.782083394126126],[116.26966979500003,-0.7855223401222555],[116.26906202100008,-0.8002686621058022],[116.26521658,-0.8042278221013788],[116.26767250600007,-0.8066650990986984],[116.2617980230001,-0.8098534110950947],[116.26311427800012,-0.8149602460893958],[116.25902023900005,-0.8154970260888064],[116.26079807000008,-0.8271618820758103],[116.2567398330001,-0.8265519120764807],[116.2534637980001,-0.8312457650712138],[116.25545643400007,-0.8362452210656669],[116.25962143000005,-0.8371060700646862],[116.25873068300005,-0.841119500060261],[116.2614719610001,-0.8405824870608167],[116.25798275500004,-0.8428932230582596],[116.26040225200006,-0.8496666370507373],[116.25410034700006,-0.8535535860463579],[116.25659177400007,-0.8564567620430927],[116.25335232400005,-0.8557752510438814],[116.2549536480001,-0.8592157880400422],[116.25061075100007,-0.8577815080416364],[116.25897590200007,-0.8619580070369519],[116.25640974900011,-0.8770980770201153],[116.26078763400004,-0.8817575920149333],[116.25804526500008,-0.8876161790083842],[116.27061134700011,-0.8915785500039293],[116.26922196700001,-0.8964877729985004],[116.27477634700007,-0.8927619600026272],[116.28040089800004,-0.8943040140008797],[116.2842074350001,-0.9081553359854347],[116.28869373200007,-0.9049309949891058],[116.2922535150001,-0.9063292979874689],[116.29075541300007,-0.9210038209711366],[116.29531266400011,-0.9191770959731744],[116.29769628500003,-0.9274736019639337],[116.30260877600006,-0.929642658961498],[116.2965197850001,-0.9359127399544863],[116.31008248,-0.9423659479473543],[116.31435518400009,-0.9394282349505906],[116.31958794600007,-0.942511173947171],[116.32727825800009,-0.9401116519498701],[116.32862898500004,-0.9511315529375718],[116.3357108790001,-0.9655032769215656],[116.34404063600006,-0.9707011729157636],[116.3547227460001,-0.9621383399252846],[116.36579955700005,-0.9580769709298078],[116.36902882000004,-0.9504961579382877],[116.38396688800002,-0.9436500969459208],[116.39789389600004,-0.9271835929642556]]}},{"type":"Feature","properties":{"name":null,"cls":"secondary","km":85.11},"geometry":{"type":"LineString","coordinates":[[115.4855519230001,1.5772427962414164],[115.49556645100004,1.5717077302475653],[115.49777391600004,1.562750067257512],[115.4946900640001,1.5548749722662087],[115.49662715500007,1.548404125273388],[115.49249199000008,1.543983095278277],[115.49920229100009,1.5349235182883574],[115.49928635100002,1.5079414533182982],[115.49576237400002,1.501615422325283],[115.49850557800005,1.490545878337594],[115.49350267500006,1.4851005383436626],[115.49829056300005,1.4761785203535507],[115.4916547790001,1.470685636359616],[115.49190691000003,1.4679750253626143],[115.49426377900011,1.4686968583618274],[115.49197282800004,1.4656665753651912],[115.48536854200005,1.468535066362032],[115.48852449900005,1.4654104843655187],[115.48838371100011,1.4589430763726992],[115.48345073000007,1.4573626133743975],[115.48022280200007,1.4517652093806561],[115.46606802100007,1.4520128163803772],[115.46330985400004,1.4463617843866556],[115.4585577370001,1.4505162273820578],[115.45156445900011,1.4447800763883991],[115.4524159660001,1.4396183413941133],[115.44787843400002,1.441209112392383],[115.44609322200006,1.4364267693976962],[115.44018164100011,1.4341010184002962],[115.43719761900002,1.434911433399364],[115.43548513400003,1.4412458393923502],[115.42802645600013,1.4401610713935649],[115.42461549100007,1.4363276833977754],[115.42492719000006,1.4303862164043555],[115.42006886900005,1.4257498264095196],[115.413330771,1.4263960954088302],[115.40677284000004,1.4194314364165561],[115.40053016200011,1.4211009884147041],[115.39590126700011,1.3994543084387585],[115.3786823370001,1.386612040452949],[115.37833244800005,1.360197314482346],[115.38121977600008,1.3473271144966497],[115.37321719400006,1.3343376345110642],[115.37066892400003,1.3211992045257284],[115.37206571000003,1.3010007825481413],[115.36600847700004,1.2970107555525936],[115.3681394350001,1.288898711561574],[115.3607037930001,1.2735994345785981],[115.36720631300011,1.2555147435987184],[115.3487972600001,1.2374213046188365],[115.32844620300011,1.2312883456256363],[115.32008916800011,1.2255123146320945],[115.31504914300002,1.202775937657368],[115.29975518300012,1.185383113676729],[115.29029767200007,1.1690522026948846],[115.28184324500013,1.167045394697148],[115.27088406300004,1.1710024806927544],[115.26782189100004,1.1676403336964534],[115.25779772300008,1.1698201396940735],[115.24760013800005,1.1811144326815135],[115.24236257200005,1.1805459566820926],[115.23364174300002,1.1728220206907094],[115.22826523600007,1.1760577406871346],[115.21233735800001,1.1762541836868934],[115.19288386600012,1.1871501516747727],[115.18315706200008,1.196547928664334]]}},{"type":"Feature","properties":{"name":"Kelewit","cls":"secondary","km":84.62},"geometry":{"type":"LineString","coordinates":[[115.89701436700012,-0.573961484358419],[115.89949912200007,-0.5766483503554287],[115.89800525800003,-0.581413442350162],[115.91803034000009,-0.5933675353367838],[115.92461879000007,-0.6057772623228819],[115.92745585700006,-0.6218886433049342],[115.95308720800007,-0.6426419412817291],[115.95749161000002,-0.6511657162722344],[115.96120633200009,-0.6490036932746043],[115.96415536300005,-0.6516803052716184],[115.95992964600008,-0.6595791252628128],[115.96153020200006,-0.667662451253807],[115.95774236800004,-0.6710341332500216],[115.95551787800002,-0.6859532462333608],[115.95974074700007,-0.6916727462269822],[115.94619146000002,-0.7051779732119424],[115.94710040100006,-0.7115015762048899],[115.95303466100007,-0.717514755198163],[115.951876791,-0.7364469821769897],[115.95876188800003,-0.7490451791629722],[115.95520247700004,-0.7514711861602609],[115.95335063200004,-0.7762282081326247],[115.95541769500007,-0.8031560311025905],[115.96035985100004,-0.8084139690967073],[115.95165209700008,-0.8254783210777319],[115.9624434750001,-0.8285650850742559],[115.9696125370001,-0.8383444020633399],[115.96793783400005,-0.8521515070479037],[115.97531495200008,-0.8650148660336023],[115.95880766300002,-0.8848805370114166],[115.96145192700008,-0.8906285750049908],[115.96263998800009,-0.9263521749651562],[115.9668462200001,-0.9326201569581974],[115.9630947710001,-0.948024774941037],[115.96741626000006,-0.9543508449339505],[115.9615346700001,-0.9603256699273087],[115.96354974700012,-0.9685948969180777],[115.95957151900006,-0.9709146809154919],[115.96418081600005,-0.9785174269070273],[115.96054726700005,-0.9846379629002124],[115.95339815000011,-0.9881172198963013],[115.95397378600002,-0.990728534893425],[115.96135188700009,-0.9924136038915633],[115.95408771800011,-0.9950514448886117],[115.9504542320001,-1.0007947668822044],[115.95494861700001,-1.0070049058753012],[115.952525508,-1.0132128108683602],[115.95569544300008,-1.0150416338662895],[115.95154276600012,-1.0217711938587852],[115.95661643600009,-1.0192197478616776],[115.9605933050001,-1.0214260018591912],[115.954826216,-1.0290834398506905],[115.95027295100009,-1.0267029068533065],[115.95188526900006,-1.0321287868472815],[115.947210831,-1.0475328738301282],[115.9406972500001,-1.0461960918316116],[115.93948819800006,-1.0416697418366199],[115.93055291300004,-1.0421308988361713],[115.92674471200009,-1.0526320528244812],[115.930083996,-1.0648474038108635],[115.92460906500003,-1.0606096918155368],[115.92397262600002,-1.0673403188080766],[115.92091899000002,-1.0626972808132429],[115.91867010600005,-1.064669320811023],[115.91821228900005,-1.0758440637985982],[115.91344877500002,-1.0764338947979415],[115.91384975200003,-1.0795940807944293]]}},{"type":"Feature","properties":{"name":"Topai","cls":"secondary","km":83.87},"geometry":{"type":"LineString","coordinates":[[114.8128899610001,0.919111130973367],[114.80738158200006,0.9233429979686516],[114.803727868,0.9351839159554621],[114.8090364110001,0.9414524169484565],[114.80973519300005,0.9514156419373756],[114.8054595770001,0.9521903989364894],[114.81122087500013,0.9525828349359992],[114.8134253610001,0.9603772929273875],[114.83141047900007,0.9679107509189451],[114.82717666300005,0.9734138339128016],[114.82213378300004,0.97303536891323],[114.81823103200009,0.9804507139050158],[114.81998186700002,0.9882223428963025],[114.81745435700007,0.993875618889994],[114.80570065100005,0.9960239628876434],[114.8044364980001,1.0025349288803227],[114.79794861800008,0.9987977358845471],[114.79862564200005,1.0036520268790976],[114.79488777600012,1.0081733038741048],[114.79782934500008,1.0136972538679314],[114.79277659000002,1.0135112358681235],[114.79092834800008,1.0173131438639247],[114.78738953600009,1.0155156098659204],[114.78001868800004,1.0349627868441886],[114.77314876400008,1.039872221838746],[114.77335059000006,1.0453545428326387],[114.78033798800004,1.0483526608293252],[114.78054570200005,1.0514625068258197],[114.77426925800013,1.0524336888247794],[114.7721165800001,1.0646168148112025],[114.774804732,1.0662847248093312],[114.77143840300005,1.071544662803463],[114.77526440600003,1.074012407800701],[114.7709525690001,1.0770473717973092],[114.77269229900003,1.0800962267939596],[114.76802835700006,1.0922627907804157],[114.77075810800012,1.0953951357768872],[114.76580792400011,1.0950649507772754],[114.76366362200008,1.1039614137673863],[114.76067548000003,1.1033808877680333],[114.7630004570001,1.1069389597640535],[114.7590336300001,1.1085550757622766],[114.75979838800004,1.1129371097574132],[114.75316638900007,1.1131673477571078],[114.7463957560001,1.1299690877384077],[114.74374176500008,1.1280960397405027],[114.74273714100002,1.1307460547375174],[114.73705983100002,1.1310725117371885],[114.73562811500005,1.138703714728711],[114.73083813500011,1.1391457787281702],[114.73083686900009,1.1443691527224142],[114.72725624200007,1.1474583137189658],[114.7189029760001,1.1519925537139113],[114.71553270800008,1.1505004327155546],[114.71383028700006,1.1535958587121216],[114.70905979500003,1.1528317867129927],[114.70909117700002,1.1566124077087436],[114.70714499400002,1.1538034307119243],[114.697646856,1.15320816371252],[114.69188304400008,1.1621735897025842],[114.68517004300008,1.1663348026979241],[114.68026359500004,1.1640511817004608],[114.68006885000011,1.1685547546954642],[114.67537998700004,1.1696795586942053],[114.67056814200009,1.1784857916843967],[114.67214496700001,1.1835084316787985],[114.66772642700006,1.1855795466764902],[114.67005403700011,1.1887643896729905],[114.66463830400005,1.196148821664761],[114.66704032200006,1.1984024896622287],[114.66229435800005,1.2067396786529894],[114.66336881100004,1.2219939606360313],[114.6601921450001,1.2281764496290972],[114.65558786500003,1.2320739346247849],[114.64943991200005,1.2303299936267165],[114.65010659700012,1.238032009618133],[114.64508300500005,1.238648368617463],[114.64168637700004,1.2486127626063839],[114.63767924,1.2521747546023996],[114.63004998300005,1.2491095876058578],[114.6248572500001,1.2583268545956094],[114.62826116500004,1.2673834515855065],[114.62795624500006,1.2819751725692887],[114.63149484600001,1.2813653255699775],[114.63518726400002,1.2913908415588087],[114.62835768600009,1.3054884355431549],[114.62676195600012,1.3176308085296264],[114.62075660300002,1.3248730305215852],[114.62133357500011,1.3306380275152123],[114.61489381200012,1.3360737825091518],[114.60389533400007,1.3577792834850166],[114.59071261700001,1.3617627814806479]]}},{"type":"Feature","properties":{"name":"Mau","cls":"secondary","km":82.96},"geometry":{"type":"LineString","coordinates":[[115.11488106100002,1.1812790986812844],[115.11743355700003,1.1921144066692912],[115.10180028800005,1.19718869966362],[115.0943079660001,1.2127313816463352],[115.0935462770001,1.2226044496352992],[115.10027047000004,1.2403310796155975],[115.0989516850001,1.2491261856058125],[115.07893878200002,1.268528600584259],[115.0619815000001,1.268173883584681],[115.05325589200004,1.2649072285882887],[115.0451261280001,1.2665093555865214],[115.04015704700011,1.2745929855775118],[115.03971274400011,1.2704854365820695],[115.03439242000002,1.2720535775803228],[115.03412411300009,1.2692957705833727],[115.01939632100004,1.2722905655800236],[115.00069625800006,1.2701775375824058],[115.00000713200006,1.2653166235877877],[114.99279858600005,1.2640098665892967],[114.97812977200012,1.2453345556100424],[114.98007811800005,1.2382640366179358],[114.97485705200005,1.231157330625829],[114.96887081600003,1.231874378625007],[114.96834947300012,1.2259399066316015],[114.96513760800008,1.224206235633538],[114.9605200000001,1.2248720016327732],[114.95813229900013,1.23389822162276],[114.94383540500007,1.2359060226205147],[114.9445823740001,1.2406809356152055],[114.9384186420001,1.2456895396096408],[114.92978738200009,1.2428727946127616],[114.92555156800006,1.2503105106045107],[114.91806039000006,1.247158010608009],[114.90590172400005,1.252317742602278],[114.89815637900006,1.2496736046051988],[114.891747914,1.252537312602012],[114.87724558100001,1.2499960886048276],[114.85767090500008,1.2290498956281335],[114.85107391300005,1.230165480626948],[114.84897572700004,1.2269473006305012],[114.84126789300002,1.2332604996235217],[114.84088759300005,1.2303114306267715],[114.83762216600009,1.2307753886262576],[114.83653192800011,1.2382262546179639],[114.82846968200012,1.2451116876102928],[114.82643209900006,1.2556214095985694],[114.82886589000009,1.2600778825936465],[114.82537431800006,1.265149342588017],[114.8158868180001,1.2668758235860804],[114.82387175800012,1.2889399945615754],[114.81270812400008,1.3102703175378234],[114.80452743900003,1.3104451535376236],[114.78427021900006,1.327283752518955],[114.7784406620001,1.3253988735210427],[114.76985737700011,1.3371408595079362],[114.7556070050001,1.342538569501937],[114.74519700300006,1.3578285014849805],[114.70850088400005,1.359328236483299]]}},{"type":"Feature","properties":{"name":null,"cls":"secondary","km":81.83},"geometry":{"type":"LineString","coordinates":[[116.94119171400008,1.1853721886767459],[116.9357893980001,1.191221127670234],[116.95391931500001,1.2053985666544305],[116.94743074000009,1.2059123076538967],[116.94146721900007,1.2137167066452133],[116.95829436600002,1.2298536626272691],[116.95540197900006,1.2342277166224007],[116.93767155700004,1.2335578596231462],[116.94039504000011,1.2392577006167598],[116.938224149,1.2430620256125864],[116.93027810400008,1.2395379176164627],[116.92994538800008,1.2444596196109952],[116.93654767800003,1.2452152346101673],[116.93637683300004,1.2475629956075682],[116.9307632550001,1.248960655606027],[116.93287547600005,1.2553345085989467],[116.92433597000002,1.2576413255963221],[116.9222144470001,1.2625358315909465],[116.93127606600001,1.269212851583509],[116.91678382400005,1.2749166735771478],[116.90950317600004,1.271798843580596],[116.90443019200008,1.2767664505750744],[116.90832198700002,1.2825646355686464],[116.90469343000007,1.2846583175663298],[116.90146613700006,1.280848364570532],[116.90014426600011,1.2656852955874216],[116.89117473800002,1.2654272245876903],[116.88694030500005,1.279211607572393],[116.890233469,1.2981964195512674],[116.88459072900001,1.3017148525473508],[116.88622734600006,1.3066581075418773],[116.87918020600011,1.3078138675405333],[116.87583237800003,1.3048685775438644],[116.86868264500004,1.3129575395348283],[116.86396561400011,1.3071139365413555],[116.85114187300006,1.3094541165387814],[116.84294055600002,1.3037647195450797],[116.84472060400003,1.319025645528085],[116.84167394400004,1.324725771521804],[116.84764993900002,1.3242330075223097],[116.84248894600012,1.3277861365183423],[116.84657865100007,1.329843836516066],[116.84071935400004,1.3368597425082578],[116.8411214260001,1.3410883255035746],[116.84517599800006,1.3393369075055281],[116.84376477700005,1.34952515549423],[116.84059125100009,1.3476235554962916],[116.83573097700004,1.3540487944891646],[116.83868965200008,1.3629655184792562],[116.83152169400013,1.3610733724813557],[116.83443643900013,1.3667209904751023],[116.82677286800003,1.3684644894731763],[116.82635692800011,1.3728757024682423],[116.82262937800009,1.3732637524678408],[116.83100026900001,1.3805684414597172],[116.83097880500007,1.3914011204476593],[116.8379362830001,1.391903607447135],[116.84100295500002,1.4021678664357038],[116.82627900800004,1.4350018803992517],[116.81997482600003,1.4796498633496937],[116.80560043000001,1.498331606328957],[116.80593628800011,1.5125493093131681],[116.81074014000001,1.5263467162978657],[116.80840255300006,1.5288435352950926],[116.80964224500008,1.5391574522836924],[116.80450661600003,1.5451623122770004],[116.80666155500002,1.5495837922720863],[116.80207685500012,1.5599684712605637],[116.8032593580001,1.5749625482439926]]}},{"type":"Feature","properties":{"name":"Wahau","cls":"secondary","km":81.53},"geometry":{"type":"LineString","coordinates":[[116.84729351300008,1.0367986178421371],[116.84773974000007,1.0404678928381317],[116.8583367010001,1.0430513818351923],[116.857195078,1.0457383648321992],[116.84671931500009,1.045959524831979],[116.84470127500005,1.0497954588276845],[116.8482335110001,1.0525324268246918],[116.8523098390001,1.0489318168286557],[116.85539271900006,1.0506147518267877],[116.85145108500001,1.056952165819724],[116.85656980600004,1.0586849568178092],[116.85715834200005,1.062923622813109],[116.85240354200005,1.0631948158127813],[116.84523650400001,1.0708019318043187],[116.85346361000008,1.0747210657999424],[116.85654181900007,1.0807150177932192],[116.85373738700002,1.0823795777914302],[116.8490950890001,1.0790499607951187],[116.84895110900004,1.0824517197913355],[116.85377322800001,1.0847273407888054],[116.85366512200004,1.0898299857830909],[116.85017309800001,1.0909878607817927],[116.84830379900006,1.0854870387879454],[116.84406137500002,1.0842925847892748],[116.84061831600003,1.0944841267779006],[116.85684196400008,1.1010984917705566],[116.85432008200009,1.1143028307558358],[116.86027903200011,1.1219978087472717],[116.86325421300012,1.1217898637475263],[116.86409031600012,1.1179222017518082],[116.87554596100007,1.120311188749166],[116.87499728600005,1.1292589027391995],[116.88708691400005,1.1254505037434654],[116.88641243900007,1.1342308437336839],[116.89129311900003,1.135954535731735],[116.889733297,1.1443819997223967],[116.89910824800005,1.1463139377202138],[116.8948069480001,1.1543387037112942],[116.9039798870001,1.1504803717155905],[116.90368752500002,1.1574693727078311],[116.90994357700004,1.1569629327083506],[116.90934567800002,1.1620022407027364],[116.91578146200003,1.163160491701455],[116.91195217500001,1.1680730386959572],[116.91440138300003,1.174121211689248],[116.90763286300012,1.1770523086859985],[116.90835178300007,1.182227366680252],[116.91742567600011,1.186850806675079],[116.92017629200008,1.183765769678512],[116.91773606500008,1.17731047368576],[116.92229768800009,1.1810471266815654],[116.93144365500005,1.179862176682903],[116.9324815970001,1.1899770486716366],[116.93626596000001,1.1841597456780677],[116.9417220460001,1.185277203676853],[116.94528163500003,1.1810748196815144],[116.94927704700002,1.1832236226791386],[116.95654896600001,1.176623761686502],[116.97329923200006,1.1811023746815061],[116.97889021000003,1.175597156687668],[116.98190138600012,1.1778363776851042],[116.98743390300001,1.1749458046883576],[116.98980688900009,1.1777776116851977],[116.99271921600008,1.1740999026893064],[116.9980539620001,1.1758867486873146],[117.00247000000002,1.1724849986911008],[117.01077600000009,1.175648998687535],[117.01032700000007,1.181975998680492],[117.01751200000001,1.1824279986800377],[117.02155300000003,1.1887549986730037],[117.02604300000007,1.1901109986714897],[117.02918600000008,1.1853659986767477],[117.03592200000003,1.1835579986788045],[117.04175900000008,1.1862689986757287],[117.04422900000007,1.1973419986634393],[117.05006600000003,1.2036699986563844],[117.05590300000006,1.2079629986516354],[117.05792400000009,1.2054769986543608],[117.06174100000011,1.2088669986505933],[117.06735300000004,1.2084149986511132],[117.07206800000006,1.2179059986405207],[117.0756610000001,1.2174539986410347],[117.0788040000001,1.2364359986198992],[117.08396800000004,1.2425369986131347],[117.082397,1.2579029985960648],[117.08486700000003,1.2576769985963299],[117.08920600000012,1.2666839985862899],[117.09901200000003,1.2685239985842667],[117.10305300000006,1.2723649985799521],[117.10013500000002,1.2825339985686917],[117.10326468694907,1.2889409076885754]]}},{"type":"Feature","properties":{"name":"Kiau","cls":"secondary","km":80.33},"geometry":{"type":"LineString","coordinates":[[115.41171513700012,1.1363283327313087],[115.42379221800003,1.122449209746808],[115.42579419300012,1.1103715297602517],[115.43644579400006,1.099503132772327],[115.45226343400009,1.091877443780811],[115.46738685000003,1.093545663778928],[115.48456274800004,1.1045252467667759],[115.49595802300009,1.1208824287485342],[115.49660958900007,1.1372657957303074],[115.50184588200011,1.1459044927206687],[115.50773257000003,1.1478112107185316],[115.50744758100006,1.1566946407086756],[115.51327179300006,1.1585114537066534],[115.5134916090001,1.1627451667019615],[115.52422368400006,1.1650209436993735],[115.52848854500007,1.1713632256923316],[115.53243311700011,1.1716004586920423],[115.53209252400006,1.1785553376843583],[115.54290653000011,1.1790811026837449],[115.54435525400005,1.1751792336880766],[115.54451560200005,1.1778700086851055],[115.56036376200007,1.1831195256792644],[115.5627608960001,1.1871455406747822],[115.56538202300008,1.1837281186786126],[115.57454035900003,1.1890510146726496],[115.57541797300007,1.1861391536758696],[115.58352503000005,1.19143889366999],[115.58679207300008,1.1901426956714578],[115.59832166000002,1.1977912636629187],[115.60021055400011,1.1941698896669788],[115.612060971,1.1984133356622402],[115.6154862400001,1.1952585086657466],[115.62024712100005,1.1987204936618596],[115.62276556500002,1.194027598667094],[115.63609626400013,1.194391553666713],[115.63498420400003,1.1898867416717318],[115.63780534300008,1.190905674670587],[115.64041373200007,1.1859730796760906],[115.6429560800001,1.187457669674454],[115.64346987500004,1.1842018226780953],[115.6456763760001,1.18336174867899],[115.6454639210001,1.1859981836760747],[115.65160346500011,1.1818451366806513],[115.65104991600003,1.1743784226890004],[115.65782530300011,1.174702794688605],[115.67025231500008,1.1669844946972263],[115.6803760800001,1.1748176216884758],[115.68345697400002,1.168157535695915],[115.68708965300003,1.1729892156905515],[115.69076577300008,1.171390001692296],[115.68999460400006,1.1678349946962971],[115.697736802,1.1666582536976111],[115.70428298000003,1.1475674067188248],[115.70196541200006,1.1456216867209983],[115.6921062460001,1.1485070217177864],[115.69319688900009,1.1311910417370932],[115.70449535400007,1.1348503017330045],[115.70463478200008,1.1243853547446578],[115.71978336300002,1.110368124760206],[115.73508962800008,1.1125361987577937],[115.76395263800009,1.1038968147674468],[115.76940526500003,1.097969974774068],[115.76967288000004,1.0806847417933279],[115.77915045500005,1.0739013548008207]]}},{"type":"Feature","properties":{"name":"Muyuo","cls":"secondary","km":80.21},"geometry":{"type":"LineString","coordinates":[[115.71335493400012,-0.021209539976234374],[115.71383823700012,-0.018565438979182364],[115.71497671600002,-0.02115357797626538],[115.71945727700007,-0.019859546977752718],[115.71978783600002,-0.01616221198184317],[115.73124633200008,-0.01590346998217451],[115.73914247800009,-0.007196222991874755],[115.73653492400003,-0.0069004279922055545],[115.73759999000004,-0.002426619997214706],[115.74002390900013,-0.005680305993603096],[115.7452940930001,0.0024577559973199777],[115.74809950000008,0.0018371749979963217],[115.74657607700011,0.004563135994946413],[115.7522822520001,0.005892899993477308],[115.7530647120001,0.015757315982389896],[115.76090610500013,0.018881588978925837],[115.75682300300004,0.01971165597797288],[115.75909931100011,0.023295897974001403],[115.76244948900002,0.02541793997164781],[115.76741726400007,0.022609044974753755],[115.77113279400011,0.031601131964724014],[115.77694619300006,0.03202394196419618],[115.77645959300004,0.039588638955791705],[115.77271941800007,0.04325264195163937],[115.7766672780001,0.0474817569469654],[115.77590479300011,0.05742568193581151],[115.78341786700003,0.06307347892948924],[115.78194327500012,0.07143381492016591],[115.79591264700002,0.08108493290938323],[115.7938873490001,0.08385401990630377],[115.79710838300002,0.08707773490268467],[115.79390250300003,0.09128836589800045],[115.79152328000009,0.09009821589931297],[115.78898743300009,0.10001369288824277],[115.7974145170001,0.10586459188166619],[115.79595380800005,0.11053577387642342],[115.80269163900006,0.11303503987366552],[115.80104137500005,0.11560846087074585],[115.80727280500001,0.12698108285807555],[115.81853632700006,0.13218779885227164],[115.81606051200004,0.14157070984177406],[115.8104778290001,0.14080023584267104],[115.80850623200001,0.15183943783025927],[115.7992870500001,0.16032614782077156],[115.799218085,0.1644875608161415],[115.79633254100008,0.16150248881947105],[115.78312924800002,0.16901963781109772],[115.77422724300004,0.16823760581191727],[115.77265889600007,0.17578550480349778],[115.76614494000013,0.17724369280187688],[115.76217553100001,0.18442875379383328],[115.74997136200011,0.18537886079277438],[115.74311018300011,0.1902418357873238],[115.73490658700008,0.18809146178973762],[115.73466893800004,0.1910800357864362],[115.72870944400005,0.192991453784253],[115.72811547800008,0.1990558007774675],[115.73373242800004,0.20270750377340818],[115.73330457900009,0.20637427076934284],[115.73700570400003,0.20628429976942256],[115.73758681800007,0.21618636575834682],[115.74125416600009,0.21476908475994214],[115.74981972100012,0.2232737467504364],[115.74533200000006,0.2248506737486647],[115.7458010810001,0.23231032574031993],[115.7471395560001,0.23628888973584733],[115.75270781100006,0.23743327773457354],[115.7497025670001,0.24877516372190692],[115.75575634200004,0.25164620471868016],[115.75829511000008,0.2597102727096666],[115.75601825300011,0.27092147769715347],[115.74784328800001,0.27121888669679245],[115.74964903500006,0.28059888568637165],[115.74358850600004,0.2916914836739518]]}},{"type":"Feature","properties":{"name":"Muluk","cls":"secondary","km":80.13},"geometry":{"type":"LineString","coordinates":[[115.61645199200007,-0.4727572334715219],[115.60701355900005,-0.47179251847254905],[115.60691858500002,-0.4763066844675221],[115.60096041100007,-0.4775681764661268],[115.59970533100011,-0.48141917046182814],[115.59459486100003,-0.4775668684660778],[115.5923050550001,-0.4811019614621884],[115.5845288390001,-0.4792062954642871],[115.58042066300006,-0.48106791446215696],[115.58104722100006,-0.4838933264590653],[115.5787272550001,-0.48165155546156724],[115.57289353200008,-0.4878690804545821],[115.56762545200002,-0.48830989445408157],[115.56702906500004,-0.4911508124509166],[115.55586637500005,-0.48934907345297285],[115.55172643900005,-0.4932151284486586],[115.5511002810001,-0.48866934845373516],[115.54692976900004,-0.488952543453402],[115.54671145100006,-0.48344407145954743],[115.5457076250001,-0.48536943445736863],[115.53730496100003,-0.4810745294621739],[115.53278886900013,-0.48457745745825564],[115.53131572200006,-0.4817361354614301],[115.52971589700006,-0.4847346194580767],[115.52250435600001,-0.48271278046038624],[115.51318296800001,-0.4860449384566074],[115.51050283600011,-0.48225637646084024],[115.51243202200008,-0.47865823046488587],[115.49874529400006,-0.4776727294659704],[115.494136571,-0.4748781084691658],[115.49319715000001,-0.4690421134755968],[115.48724689500011,-0.47128990147313393],[115.48475478800005,-0.46814064647661713],[115.48357840100005,-0.4706735614738245],[115.48397926000007,-0.46567832947942095],[115.4797934500001,-0.4648488154803072],[115.48007512400011,-0.4673110204775926],[115.46855134799999,-0.4700310484745505],[115.46598709000011,-0.47433920546974856],[115.46492965700007,-0.47062210547386873],[115.46142520200011,-0.4728230324713954],[115.46645661900004,-0.47797331546566024],[115.46363386300004,-0.48138177646185654],[115.46036581500005,-0.47797194346564303],[115.45088738600009,-0.4835924054593817],[115.45253455000011,-0.47911836846437084],[115.44555133600012,-0.4738729694702114],[115.44089406700006,-0.47844100146517465],[115.44228379700007,-0.4682969934764696],[115.42661984200004,-0.477727505465943],[115.42234034400008,-0.47576159046815947],[115.41928078600007,-0.48644959445621583],[115.41020381000008,-0.48542948045729495],[115.40895687800003,-0.4879149194546008],[115.40312630100006,-0.4819714574611868],[115.40785385600009,-0.4783268304652303],[115.40456301800008,-0.4722301074721017],[115.40009499599999,-0.47222907347204546],[115.39732190400001,-0.4643924944808662],[115.38956267200001,-0.46005848048569603],[115.38944825100009,-0.44575970150164523],[115.38429957400002,-0.43999409950812685],[115.35620159200005,-0.42625755752346706],[115.35213288800004,-0.42895540152042516],[115.34684277900011,-0.42521393052462164],[115.33661239100003,-0.43143766551763746],[115.33035760000007,-0.4305603945185834],[115.33259457000008,-0.41628621553457745],[115.31616267000004,-0.3922432175614419],[115.31809210200005,-0.3860295555683616],[115.31554162300006,-0.3686750075878102]]}},{"type":"Feature","properties":{"name":"Boh","cls":"secondary","km":79.37},"geometry":{"type":"LineString","coordinates":[[114.9954746310001,0.8881131480079097],[114.99916993400008,0.8943347170009817],[115.0199080860001,0.8958073959993416],[115.0222331770001,0.9007982029937946],[115.03133178600001,0.9000253049946181],[115.04387998900006,0.9156828759771588],[115.04770546300007,0.9148306229781111],[115.052831351,0.9068509979869792],[115.05944184300006,0.9049159929891657],[115.06650297300007,0.9174084969752424],[115.07943920600009,0.9247014879670985],[115.09315609900011,0.9449450479445561],[115.0939908900001,0.9550869139332385],[115.09965155700002,0.963813876923535],[115.10262162300013,0.9778265829079335],[115.07912984300005,0.995508660888155],[115.07982818200004,1.0112794718706215],[115.08417219000013,1.0183546298627],[115.08302672400009,1.0344089928448523],[115.08767398600001,1.0425637458357362],[115.0860276090001,1.0477697698299493],[115.08063774500012,1.0503894598270704],[115.07592541200006,1.064247101811626],[115.08209911000006,1.08204851479177],[115.08054562400002,1.0951020007772228],[115.08945291100008,1.100036324771761],[115.09131971700003,1.1091908297615376],[115.08207727500009,1.144044348722764],[115.08329617200002,1.152345989713506],[115.10059649400011,1.1716101226920732],[115.12262691600007,1.1865100086755112],[115.13147707100006,1.1887412486729896],[115.14362070300001,1.186842867675081],[115.16687327100009,1.191614392669839],[115.18786872200009,1.1977891426629457],[115.1869750510001,1.2000974476603636],[115.19494186600004,1.2067807846528795],[115.19524513400006,1.2154264466433422],[115.20487937800011,1.2324648786243673],[115.20043456400005,1.2424037156132912],[115.20399267900007,1.243852322611672],[115.20224650800003,1.2557421625984568],[115.207060307,1.2687962085839477],[115.20757269500008,1.2840436485670046],[115.21165937100011,1.2934682865564986],[115.20990385300001,1.2960220695536513],[115.2170693280001,1.2975621285519787],[115.21674931000007,1.3296236495162819],[115.22106600700009,1.3346487595107002],[115.22032368900011,1.3525053494908894]]}},{"type":"Feature","properties":{"name":"Trengu","cls":"secondary","km":76.8},"geometry":{"type":"LineString","coordinates":[[115.04234258200005,1.2733953415788262],[115.04760768600009,1.2776303255741353],[115.04606708100005,1.2926547725573923],[115.03012472800003,1.3090483725391608],[115.02012421600013,1.3317736235139024],[115.02211656200006,1.3347130225106507],[115.01747029100011,1.3376733345073673],[115.0193424350001,1.3439649725004101],[115.01712462900002,1.347631458496331],[115.00478354600013,1.3477700514961584],[115.00170864800009,1.352946251490391],[114.98807747000001,1.353722001489522],[114.9732361020001,1.3665519194752862],[114.95464833600012,1.3729930754681137],[114.9303472680001,1.4016948574362342],[114.92040922200012,1.3993269804388835],[114.90935367100008,1.4030610034346964],[114.9046836450001,1.4247884254105987],[114.89820396800009,1.4258029444094302],[114.90048178000006,1.4299892764048119],[114.89193631700006,1.4318639214027147],[114.89405066800008,1.4355077053986978],[114.890532183,1.4388289393950018],[114.88864642800002,1.4358263783983278],[114.8831571080001,1.4377739953961564],[114.88153307000005,1.444760468388424],[114.87623442200004,1.4428912203905264],[114.87439565400005,1.4464107943866176],[114.87292332300002,1.4433236343900269],[114.86630985300008,1.4482373533845823],[114.86197232100004,1.457471288374295],[114.85954047400004,1.4550608403769603],[114.84500177500001,1.4583580413732933],[114.84530213600009,1.455269031376753],[114.83397542800004,1.4496309043830184],[114.82259573400005,1.4506304923819056],[114.81751086000008,1.443158995390234],[114.80518106500007,1.443725399389559],[114.78216180400011,1.4686624003618933],[114.76452167000002,1.4687217733618292],[114.76124013100002,1.4705491293597852],[114.76278304000006,1.4747956983550858],[114.75996150100002,1.4776494823518704],[114.73581318600009,1.4727688313572802],[114.7264811330001,1.4751100413547216],[114.72457499400004,1.4779886983514994],[114.72786232200008,1.4831040683458458],[114.72006559400005,1.4908933183372084],[114.71994779200008,1.4985424773286995],[114.71133930700013,1.5013823503255874],[114.70152447300006,1.5118391293139706],[114.6803447960001,1.5409738462816007],[114.66277264600001,1.5494904662721694],[114.65325431700002,1.562224643258091],[114.63966802000004,1.571883808247353],[114.6358612900001,1.5765014982422698],[114.6370167020001,1.5803964632379068]]}},{"type":"Feature","properties":{"name":"Bengen","cls":"secondary","km":75.8},"geometry":{"type":"LineString","coordinates":[[116.01436727100008,0.5667163113666155],[116.01442528400003,0.5573823773770676],[116.00327659600008,0.5458532063899201],[115.99249483100003,0.5472677453883601],[115.98794142500003,0.5539387843809281],[115.98107485700007,0.5498674723854468],[115.97703154300007,0.5548789853798605],[115.97159560200011,0.5522142093828228],[115.97197611500006,0.5474921853880885],[115.96423299000004,0.5475913323879859],[115.96663156600006,0.5434214413926555],[115.95953880600008,0.5415919263947171],[115.95469081700003,0.5228653854156134],[115.94742840900007,0.5162790634229589],[115.94863713200003,0.5031960074375642],[115.94401975500013,0.5030080694377557],[115.94006277200003,0.5078392164323772],[115.93254457900002,0.5050580104355237],[115.92738111100005,0.5086574524314843],[115.92602276600007,0.5043406094362745],[115.92087292400004,0.5028289374380074],[115.91271740100001,0.5102377354296912],[115.91157025300004,0.5026581454381678],[115.90677673300002,0.49918897044204075],[115.89860684500002,0.5024835734383659],[115.89383278100001,0.4998995974412903],[115.88836035200008,0.5013215124396646],[115.88025667800002,0.49530349444637595],[115.84781002800004,0.5042957644363477],[115.8491983560001,0.4967379874448053],[115.8377716120001,0.49118787845096873],[115.81979127100011,0.49617950644537656],[115.8207158890001,0.5036019564371421],[115.82893112500007,0.5038012274368957],[115.83287948800012,0.5121582784275626],[115.82713652600013,0.5173676174217474],[115.82035807800004,0.5150328714243497],[115.82294600000012,0.5233055234150742],[115.8196782990001,0.5310432874064467],[115.81572258800009,0.5306410064068945],[115.81294114000002,0.5215860714170399],[115.80686937500002,0.5203316284184302],[115.79580123500013,0.5397803353966988],[115.7866993020001,0.5432995543927623],[115.78881212800003,0.5382071853984425],[115.78542711400007,0.5391700233974023],[115.78065417000005,0.5346602054024463],[115.78357191600003,0.5413250043949622],[115.76801042600005,0.5494856643858335],[115.76844740200012,0.5553804913792678],[115.76225799500004,0.554040990380745],[115.75882648800008,0.5637753833698975],[115.75511859900008,0.5634416033702838],[115.75463266100007,0.5595356483746672],[115.75174401700009,0.5638974793697724],[115.7489752020001,0.5612892793726947],[115.74776715400004,0.566891269366415],[115.74302693100005,0.5673965223658901],[115.74386479200007,0.5724595713602483],[115.73799353900006,0.5657921823676598],[115.73350360200003,0.5727948003598109],[115.72724507400005,0.5698819673630913],[115.72104981400003,0.5759778513562679],[115.71332092200011,0.5737721043587369],[115.71278852900002,0.5687042053644111],[115.70712819700009,0.5706451213621957],[115.70782830000009,0.5664260343669612],[115.69822489900002,0.5703197153625623],[115.69760355700011,0.5665947123667183],[115.69215234300009,0.565520719367975],[115.68668474200003,0.5581150563762485],[115.67034755200008,0.5558137603787878],[115.65463282100006,0.559737410374421],[115.64606190600011,0.5587296733755428]]}},{"type":"Feature","properties":{"name":"Bongan Kiri","cls":"secondary","km":75.44},"geometry":{"type":"LineString","coordinates":[[116.29686264700001,-0.5746857523576087],[116.29135811000003,-0.5790645643527472],[116.27537941500009,-0.5807909963507821],[116.26823037300005,-0.5869278703439345],[116.26171299400005,-0.5858687683451164],[116.25848865800005,-0.5905775053398759],[116.25098832500011,-0.6031166073258397],[116.25319430600008,-0.6144929723131641],[116.24972507100006,-0.6161151133113484],[116.25399970000002,-0.6183556543088604],[116.25581922800008,-0.6366105282884698],[116.24635585600005,-0.652941257270222],[116.22231447200011,-0.6755131482450051],[116.22403017300007,-0.6836088882360111],[116.2167049400001,-0.6941723412241865],[116.21842089900008,-0.7004690892172082],[116.21558244100005,-0.7013857432161252],[116.21081766100006,-0.6967992862212918],[116.20265287800008,-0.6985968842192926],[116.1827506530001,-0.6937961792246234],[116.18022734700003,-0.6960885482221146],[116.1817323250001,-0.706230081210738],[116.17822694600012,-0.7137428112023696],[116.18306136200012,-0.7204280991948618],[116.18001041700008,-0.733778744179994],[116.1833027890001,-0.741780667171047],[116.17084018100002,-0.7612181611494173],[116.17639471800011,-0.768522895141252],[116.18242211400002,-0.7667250871431827],[116.18708215800007,-0.768912970140802],[116.18238567000004,-0.7740797051350334],[116.1797196990001,-0.7887707891186335],[116.17092344200012,-0.7934604591133956],[116.16790722200007,-0.8067757270985499],[116.17141057700007,-0.8105683880943407],[116.16972619,-0.8222965990812273],[116.17515649500001,-0.8276946390752085],[116.17266814600009,-0.829651818073008],[116.17603141200006,-0.83310936806913],[116.17441846400004,-0.8380826480636197],[116.17865559000006,-0.8519109260481894],[116.17339869600005,-0.8549080750448815],[116.17143674600004,-0.8531086820468693],[116.16418157300008,-0.8602853210388203],[116.16487882500009,-0.8765996100206482],[116.16246075200003,-0.8774456370196957],[116.16498285800003,-0.8815203290151465],[116.1606376530001,-0.881589894015079],[116.16270389200007,-0.8870754350090103],[116.16067114400005,-0.8884859220074246],[116.16466566800011,-0.8896155940061207],[116.16021450500011,-0.893318322002031],[116.161089402,-0.8983803089963408],[116.15734042700002,-0.8961219219988902],[116.15895159100012,-0.8994732999951413],[116.15502561300003,-0.9050103599889721],[116.15884305000009,-0.9142706109786308],[116.17040525700008,-0.921698463970361],[116.16616269400005,-0.9321561499587113],[116.1702969600001,-0.9352965039551799],[116.17215219500007,-0.9438508559456661],[116.19113074800009,-0.9613941699261107],[116.18935323000004,-0.9647371469223399],[116.19541429700007,-0.9705059029159325],[116.1954832560001,-0.9752679169106219],[116.21120691400006,-0.9861814688984932],[116.20911130600007,-0.9910916338930187]]}},{"type":"Feature","properties":{"name":"Seley","cls":"secondary","km":74.04},"geometry":{"type":"LineString","coordinates":[[116.16673175500013,1.3530615324902997],[116.1721151810001,1.3502171764934148],[116.1821878930001,1.3355435105097595],[116.2072526070001,1.3201886215267904],[116.21053891400003,1.3103491175377184],[116.23396799600005,1.304386924544372],[116.2452980160001,1.296189136553497],[116.25003980100007,1.283935610567105],[116.26118486100006,1.2812842985700386],[116.26719569700003,1.2735150715786994],[116.27641264600005,1.278092440573613],[116.28348960600012,1.2735148615787102],[116.28516133300002,1.2769754575748111],[116.31974852500002,1.2638938175893846],[116.3241314600001,1.2537278066007165],[116.32508551500007,1.2322328486246212],[116.30543030400007,1.2110401056481508],[116.304496072,1.1869751636749564],[116.30662871000004,1.1811819136813784],[116.315299202,1.1757906096873825],[116.31899187600004,1.1667318646974698],[116.32704506500012,1.1608871967040122],[116.33907014400008,1.164418252700091],[116.3418088310001,1.1564442527089713],[116.34688343600011,1.15252821771328],[116.34821636100004,1.1405642787266226],[116.361851343,1.1362898167313542],[116.3945741440001,1.1373824197301454],[116.41053630200007,1.130931593737338],[116.41628703800005,1.1096054877610757],[116.42981864000002,1.1046690397665486],[116.43467377400007,1.0983648277735953],[116.45231444500008,1.0953669307769403],[116.45519269600004,1.079610802794453],[116.44735987600008,1.0719952258029948],[116.44739387100005,1.0648135538109857],[116.4410793310001,1.0654244788103047],[116.4427158960001,1.060413449815861],[116.43887097600009,1.0509410108264678],[116.44342558000007,1.0464485458314396],[116.45405643400011,1.0453075408326804],[116.46329823200006,1.0385775968402287],[116.46845589800013,1.0295999458502172],[116.47847891100004,1.0242566378561688],[116.46981383900005,1.0203562188605158],[116.46583320500008,1.0145836408669175],[116.46405450200008,0.9987203168846163],[116.45888630100002,1.0040727468786683],[116.44851721000009,0.9938547088900243]]}},{"type":"Feature","properties":{"name":"Perian","cls":"secondary","km":72.18},"geometry":{"type":"LineString","coordinates":[[116.35725129100003,-0.4715011194729286],[116.36191219500006,-0.4845431994583458],[116.37035377100005,-0.4832798214597158],[116.38155014600011,-0.4919018314500822],[116.39951428600011,-0.49443184244727867],[116.40743205800004,-0.5003145144407233],[116.41901279700005,-0.5029843894376871],[116.42117506200007,-0.5080764374320068],[116.42755853300002,-0.5085159634315662],[116.42752330200007,-0.5124489834271436],[116.42340689500008,-0.5153632604238889],[116.42403419700008,-0.5218422664166409],[116.417580701,-0.5241242224140994],[116.42232383500004,-0.5339045374031512],[116.42193958900009,-0.5396108903967676],[116.41939321000007,-0.5389785533974744],[116.4179626350001,-0.5430167803929662],[116.42671737900001,-0.5517088993832587],[116.42172797000002,-0.563665491369893],[116.42406514100003,-0.5634901433701379],[116.43023819200005,-0.5759219193562487],[116.42556162300002,-0.5979744553316285],[116.43421183600005,-0.6057536213229362],[116.43135131200006,-0.606736577321808],[116.43525773700001,-0.6114776903165248],[116.44401350300006,-0.6108465163172716],[116.4550722890001,-0.6031220413258633],[116.46013043300002,-0.6024904523265934],[116.46975775600005,-0.6074779493210277],[116.49013047100003,-0.5992626323301922],[116.49710667300009,-0.6047063653241302],[116.49857193000003,-0.6030911343258917],[116.49899022400007,-0.6064623733221242],[116.5021998100001,-0.6031968193257924],[116.50628101500001,-0.6051286133236469],[116.50066399100001,-0.6134507503143309],[116.49954678900009,-0.6233359903033132],[116.49665147400005,-0.623019663303684],[116.49801164000007,-0.6261451763001596],[116.50191890300003,-0.6230904003036019],[116.51419755200003,-0.6277094072984213],[116.5189409740001,-0.6361378752890193],[116.52947607700003,-0.6343127782910573],[116.52595229700012,-0.6398433532848454],[116.52951057100007,-0.6386145942862654],[116.52895189800005,-0.6444088192797541],[116.53212652000002,-0.6424425712819406],[116.53320749200009,-0.6471834452766242],[116.54757991300005,-0.6450250652790988],[116.54618298900003,-0.662425371259664],[116.54925264500002,-0.6641112662577798],[116.54757709000012,-0.6762440072442311],[116.54366957800005,-0.6812829132386224],[116.54572732100007,-0.6858834242334554],[116.53477181300002,-0.7045645302126241],[116.53442163600005,-0.7178737801977749],[116.5285259640001,-0.7196992471956954],[116.5260129170001,-0.7327799931811052],[116.51924462400007,-0.7391529601739923],[116.52158160700003,-0.7418220901710244],[116.51746469300006,-0.7466677521655894],[116.51868508000008,-0.7519529591597008],[116.52712659400005,-0.7574496681535653],[116.52768392500003,-0.7650349591451588],[116.5215772040001,-0.781749862126469]]}},{"type":"Feature","properties":{"name":"Tabang","cls":"secondary","km":71.3},"geometry":{"type":"LineString","coordinates":[[115.89996826200002,0.6752217792454892],[115.89620047300004,0.671795201249287],[115.89176617800003,0.6736906122471902],[115.86684524500005,0.696279201221909],[115.85441262300004,0.6884672922306393],[115.85070301200005,0.6923139292263831],[115.84667341000011,0.6910206442278014],[115.84788185800005,0.6979764832200223],[115.84493454500011,0.7059601392111555],[115.83305689200006,0.7094359112072961],[115.8283486810001,0.7061655232109053],[115.82324259600011,0.7106575302059148],[115.81676784600005,0.6970045722211659],[115.8098855610001,0.6982115022197681],[115.80807051900001,0.6870320612322824],[115.80264665900006,0.6851345512343636],[115.8034685880001,0.6727418612482322],[115.80023080900003,0.6701920522510769],[115.79703829100004,0.674486812246249],[115.79384996900001,0.6627812152593284],[115.78710007600013,0.6652663232565993],[115.78749106700002,0.671455684249683],[115.78350088300012,0.6765641942439077],[115.77924931599999,0.6734974192473744],[115.78418079100004,0.6662696532554716],[115.7767680840001,0.6636941342583245],[115.77812156500012,0.668728272252735],[115.77221298900008,0.6706948852504843],[115.7669924170001,0.678050778242306],[115.76051217800011,0.6747680322459223],[115.7618146860001,0.6686098412528124],[115.75210397400008,0.6661089012556664],[115.74754842300001,0.6730034762479374],[115.7431299550001,0.6710023302502014],[115.74003530200001,0.676334864244238],[115.7324877970001,0.6739703662468348],[115.72603168600006,0.6802648022398609],[115.72311700000012,0.6745936052461551],[115.7069181170001,0.6790474032412157],[115.7009957470001,0.6751263672455973],[115.69525577400009,0.6772669322431619],[115.68804295400003,0.6606004082617599],[115.6772674660001,0.6638136022582094],[115.67550560600012,0.6575014282652404],[115.66896366000003,0.6657713212560343],[115.66410967000002,0.6610362372612936],[115.65751975400008,0.6634760662585618],[115.65459822000003,0.6578446032648736],[115.64384773800009,0.6565249792663146],[115.63385843200001,0.6701864682510899],[115.62306626200007,0.6761725702444058],[115.61367805300004,0.6671172902545407],[115.60255346600002,0.6688294092526019],[115.59850293400008,0.6658779562558497],[115.59474584300006,0.6687592942526376],[115.59625290100007,0.6730957172478668],[115.59272016400007,0.6860905502333506],[115.596277955,0.6913695782274203],[115.5905931960001,0.6979337992200875],[115.59192571900007,0.7083136032085215],[115.58822984800008,0.7180363681976656],[115.59052674500003,0.7275219071870456],[115.59764969900004,0.7353335881783573],[115.55928723800004,0.7560934291551454]]}},{"type":"Feature","properties":{"name":"Nyaan","cls":"secondary","km":67.87},"geometry":{"type":"LineString","coordinates":[[114.98196290400007,0.9017150749927607],[114.97765222500004,0.9138128209792674],[114.97976618800011,0.925009674966789],[114.97419857400008,0.9298504059613765],[114.9649211520001,0.9321107999588312],[114.94874184500009,0.9295422869617292],[114.94081099100005,0.9218757099702682],[114.93434233100004,0.9247101969671138],[114.92303080600003,0.9372282909531408],[114.92354672300009,0.9438762209457222],[114.92800084800001,0.9467919079425067],[114.92888536700002,0.9581922799297773],[114.91476887500006,0.96849114891828],[114.91794960300003,0.9731800099130931],[114.9160157350001,0.9780337899076366],[114.92499544900011,0.9882722558962682],[114.92298684600007,0.9937982258901036],[114.93131056900005,1.0145011818670082],[114.93068408200007,1.0318430788476933],[114.94111491200012,1.0366363918423391],[114.94254322100007,1.0449793948330457],[114.94829055300009,1.0480319908296765],[114.9468511460001,1.0542280028227609],[114.95196845400005,1.054557429822378],[114.95571250700004,1.0625155328135303],[114.9451106590001,1.060564313815685],[114.9464306220001,1.0752089737994162],[114.94324134600004,1.075391121799189],[114.93883342900006,1.0688018068065261],[114.93081715900007,1.071237908803814],[114.93026912900007,1.0783278777958865],[114.92785772000002,1.0814286567924836],[114.92453964700007,1.0804303107935709],[114.92856018900012,1.0873677277858695],[114.9251507150001,1.09599218677624],[114.93095833900009,1.0948027617775944],[114.92715017800003,1.0988947577730381],[114.9273335910001,1.1052922777658831],[114.92869531200006,1.1078897657630227],[114.93335608000007,1.1069161177640865],[114.9266321990001,1.116737746753139],[114.93158300600011,1.1185287747511434],[114.93060123200007,1.1299772997384194],[114.9336506960001,1.13657131773106],[114.91779657800011,1.1383161937291364],[114.91457401900004,1.1361011167315946],[114.91208956600008,1.1410986107260248],[114.90460589200006,1.13602135773166],[114.90296171400009,1.1403835907268038],[114.89883616100009,1.1419748707250446],[114.89694276400007,1.1394518207278683],[114.8950770250001,1.142484693724492],[114.88228700500008,1.1356340077321185],[114.88340721400004,1.129843814738583],[114.87886547500011,1.1246436697443518],[114.86822052000002,1.1214592787478959],[114.86293858900002,1.123995889745073],[114.86414515600006,1.1263257357424872],[114.85269542000003,1.1300920827383132],[114.84963298200013,1.135337886732429],[114.83179508800002,1.14156211372551],[114.81704372500008,1.1545962357109758],[114.81094688300006,1.1564016677089903],[114.80875493700013,1.1608490297040475]]}},{"type":"Feature","properties":{"name":"Merah","cls":"secondary","km":67.8},"geometry":{"type":"LineString","coordinates":[[115.4254853970001,0.3859820595685563],[115.42859640500002,0.39419906755934836],[115.43987059900009,0.40285287554970195],[115.43213543000002,0.4101745155415071],[115.44017605600006,0.41602489353497446],[115.445794308,0.42694550452275903],[115.44948218900004,0.4267246935230154],[115.45173988900002,0.4219061605283873],[115.45768641400004,0.4287474855207423],[115.46250796100003,0.4275763905220777],[115.45896075700011,0.416572265534356],[115.46499858800007,0.4148571465362725],[115.47226885700003,0.42580719852406046],[115.47262815500007,0.4353650825133205],[115.47893350600009,0.43738905351108714],[115.47887024300007,0.43234594051672565],[115.49156880900013,0.4296253215197656],[115.49232653900003,0.43420450751464923],[115.48297028500006,0.4334394535155358],[115.486860609,0.44350826250428455],[115.49128667000001,0.43991590250827156],[115.49270776300011,0.4465303565008704],[115.49684810600002,0.44907512449803305],[115.50000141300006,0.44349425950424026],[115.50285583800009,0.4439910025037257],[115.50181980400008,0.45652677148973764],[115.5099100320001,0.4571262704890326],[115.50711582699999,0.4636392444817499],[115.50917890400002,0.46732816947761363],[115.51756071700004,0.46690072947808436],[115.51057606100007,0.47352744047070644],[115.51115995500004,0.4832113024599375],[115.50449476400003,0.48751278045506463],[115.50550206000004,0.49389159944795763],[115.5107252350001,0.4946174884471852],[115.50825136800007,0.49791816444347875],[115.510749841,0.5007043364403866],[115.51192104600011,0.4986890034425875],[115.51464841000006,0.5081700174320046],[115.52173931700008,0.5091560714309034],[115.5192088870001,0.5144265524249959],[115.52210665100004,0.5196254084192344],[115.52417492400002,0.514503780424928],[115.529073421,0.515906766423382],[115.52380335600003,0.5223462144161629],[115.5322231340001,0.5217649864168467],[115.52720767500013,0.5260661904119999],[115.52912447800009,0.5291461074085637],[115.53608072400006,0.5276404354102794],[115.53323463500011,0.537997538398709],[115.5386077910001,0.5388983203977045],[115.53926098500007,0.5479638323875515],[115.54314237300002,0.5511090783840731],[115.54756422300011,0.5490297063863658],[115.54894428200011,0.552748827382217],[115.553707325,0.5519511383830957],[115.55864280400012,0.5582046763761279],[115.58007082900008,0.5693542793636512],[115.5816068570001,0.5751654703571656],[115.58842759800008,0.5719392263607826],[115.58549495900002,0.5770494053551248],[115.5877979820001,0.5778868543541362],[115.58792829900007,0.5750918143572725],[115.58937423000009,0.5804075693513275],[115.59291921300007,0.5812074883504453],[115.58771926800013,0.5871299473438032],[115.59824190000006,0.5911476593393438],[115.60236803400007,0.588932382341817],[115.60931776200005,0.5995755543299319],[115.61627687000009,0.6036688463253693],[115.62491597000007,0.6030172203260892],[115.63884670400013,0.6172804823101397],[115.64757336200013,0.6197361923074141]]}},{"type":"Feature","properties":{"name":"Betenuang","cls":"secondary","km":67.79},"geometry":{"type":"LineString","coordinates":[[115.23938584000008,0.563122901370615],[115.25436544600007,0.5668023543665373],[115.27075216400011,0.5756194633566827],[115.29091870000003,0.5796194203522423],[115.35138079400006,0.5702062163627174],[115.3862875870001,0.5560195383785377],[115.39493644900004,0.5466734823890197],[115.40446686100007,0.528002112409868],[115.43336575700005,0.5218307884167261],[115.4475387860001,0.5346051354024869],[115.45944666700007,0.5577616163766279],[115.47937826400006,0.5665126553668414],[115.51236738800003,0.5974758483322533],[115.53864840400001,0.5992792893302177],[115.54101538799999,0.6066975823219439],[115.53378308400012,0.6165231883109809],[115.53902073800009,0.6340064502914939],[115.53119425000013,0.6430603192813913],[115.53004298600001,0.6498177952737929],[115.52460700200005,0.6516749492717223],[115.51639619600007,0.6478056222760822],[115.50899699100012,0.6550049142680366],[115.50615253700006,0.6459393452781472],[115.49877255300008,0.6454964452786368],[115.50282207500005,0.6487488862750368],[115.4908254070001,0.6696605472516521],[115.48729502600007,0.6828322232369413],[115.4419659580001,0.6954881992228498],[115.43683155700002,0.709056879207673],[115.42691950400001,0.7168719221989719],[115.41949920700007,0.7411837001718526]]}},{"type":"Feature","properties":{"name":"Poh","cls":"secondary","km":66.92},"geometry":{"type":"LineString","coordinates":[[116.45195536200002,0.819951591083922],[116.44894703100009,0.8257674680774522],[116.45035243100007,0.8311360830714632],[116.44647975600004,0.8361354310658903],[116.4424998180001,0.8374607070644166],[116.433955071,0.8335070020688],[116.43180739000003,0.8378254030640199],[116.42631798700006,0.8379136430638753],[116.42403939300004,0.8444249650566173],[116.4327998990001,0.848053772052612],[116.42403841000008,0.8479091910527302],[116.41937192900002,0.8533172580467323],[116.40847178500007,0.8478874330527579],[116.39984716600009,0.8501049310502682],[116.398828406,0.844421118056657],[116.39325781900004,0.8456831850552341],[116.38713772800007,0.8393568410622658],[116.38192086500011,0.8436594130574891],[116.37620413000002,0.8378358510640019],[116.37083788400003,0.8407599620607238],[116.36942118400009,0.8357152340663652],[116.36545894000005,0.8388948170627957],[116.36778440900002,0.8431720510580283],[116.36550176800004,0.8464970510543387],[116.36208126300006,0.8471186120536038],[116.36011695800006,0.8433855430578184],[116.35371251500011,0.845177655055762],[116.35251494500005,0.8403114830612025],[116.35982262000005,0.8364547830655611],[116.3524863560001,0.8346988060674786],[116.34918245500012,0.8370006510649172],[116.34553177000011,0.8335027360688284],[116.34293530900004,0.8410627360603883],[116.33456170700003,0.8478296950528459],[116.3351088400001,0.8526598650474869],[116.32055529100002,0.8445459200564938],[116.32455835400003,0.8630664110358246],[116.32155238300005,0.8829488680136793],[116.31352848100003,0.8825300780141326],[116.30823807800004,0.8886717450073154],[116.30337177700005,0.888241094007807],[116.29875135100008,0.8826593380140001],[116.29029926300007,0.8876040240084613],[116.27979525400009,0.8790671580179926],[116.27679021100006,0.8816566170151018],[116.277320325,0.8875269010085656],[116.27218939200009,0.8903514040054048],[116.25459222200006,0.8896326700062288],[116.25243230300009,0.8941032890012075],[116.24447123700008,0.8944636350008458],[116.24375247600005,0.9013293189931901],[116.23356211500004,0.9060142719879329],[116.22220838600003,0.9198130699725363],[116.21267797100006,0.9401437299498739],[116.21562611100002,0.9470028199422695],[116.21539095700007,0.9613938719261664],[116.21941125100012,0.9615405909260657],[116.21823238800005,0.9699007349167489],[116.22226541800002,0.9757746239101809],[116.21492336400003,0.9863241838984432],[116.21657320400004,1.000000891883191],[116.22287731600012,1.0103212038716691],[116.21800299000007,1.0174285468637585],[116.22106714800009,1.0298563538499355],[116.21895112000003,1.0357324018433676]]}},{"type":"Feature","properties":{"name":null,"cls":"secondary","km":63.12},"geometry":{"type":"LineString","coordinates":[[116.60215244200003,1.1833575026790146],[116.60463317300004,1.1812813546812917],[116.60179417900008,1.170444216693364],[116.60596946300008,1.165039176699359],[116.60274855400009,1.1559413557095373],[116.60421352200001,1.1507620327152552],[116.62565672700009,1.142225956724748],[116.6307888670001,1.1292042047392687],[116.62837221500003,1.1244581767445543],[116.63446591600007,1.1167506577531505],[116.64002907200006,1.116028864753923],[116.63936109200006,1.1134189017568035],[116.64382180800011,1.1125298927578366],[116.64421791200004,1.1149622557551178],[116.64658618100009,1.1104772907601037],[116.64956910100011,1.112970114757351],[116.6506238060001,1.1082582217625945],[116.65970808100009,1.112202090758242],[116.66363881600012,1.1079461297629525],[116.66842012600013,1.1108680797596613],[116.67332767300002,1.1087057157620717],[116.67400881900005,1.1050311997661684],[116.6694313610001,1.1044219107668234],[116.66879216700012,1.101206172770405],[116.67411542500007,1.0986227477733426],[116.67343389300004,1.090351317782526],[116.68473645900009,1.0849056267886177],[116.69055814500007,1.0709216008041702],[116.68997008800012,1.07883803279536],[116.69483892100006,1.0804167667935616],[116.69995020900002,1.0768681287975452],[116.70494003800003,1.0828170157909116],[116.70838389300002,1.0747601017999049],[116.71398815300006,1.0775655077968118],[116.7209006510001,1.0713914568036387],[116.72540373400012,1.0714687678035266],[116.72561442500012,1.0774308767968923],[116.72811800400008,1.0733779658014513],[116.73229707900008,1.0784719007957662],[116.73292644900006,1.0762463497982575],[116.74568499600004,1.0791968317949283],[116.75216994000006,1.0752891527993365],[116.75382928400006,1.067458766808022],[116.75778423500002,1.0657220198099797],[116.76213403100009,1.0722046828027434],[116.7657404350001,1.069138175806165],[116.77030959900003,1.0741159448006192],[116.77517074400008,1.0743909588003189],[116.7779485640001,1.0713484178037043],[116.77673584900005,1.0663070068093115],[116.78274737200003,1.0646031038112194],[116.77868331100001,1.0604057688158872],[116.78835882500005,1.0584738028180596],[116.78084719300011,1.0491668658283848],[116.79126660600002,1.053767115823283],[116.79673046300002,1.0489685308286243],[116.79513946100008,1.0432869938349627],[116.80340490700006,1.0472977828304628],[116.80740283800002,1.0442454788338735],[116.80253851600003,1.0353129748438532],[116.80382402600003,1.0319836738475556],[116.81492875300012,1.0341828218450821],[116.81174218500007,1.0387152978400436],[116.81527887300001,1.0413980138370234],[116.82256786100005,1.0313082358483303],[116.825903163,1.0365673948424414],[116.83293198600006,1.0351337878440487],[116.84000548500002,1.0403767938381683],[116.84285488100011,1.0360118818430906],[116.8468422950001,1.0379272238409152]]}},{"type":"Feature","properties":{"name":"Menawangkiwa","cls":"secondary","km":61.47},"geometry":{"type":"LineString","coordinates":[[116.9808259460001,0.46050573448526216],[116.97968344900005,0.4517250384950886],[116.97485169900007,0.45057997249638354],[116.971826684,0.43943560050885383],[116.96817686500003,0.4385668275097503],[116.9741470360001,0.43378252351511953],[116.97594234900009,0.4260278655237821],[116.97288886900003,0.42297505852721884],[116.96873102300003,0.42399984352603737],[116.96333801000004,0.415841100535212],[116.96576864400005,0.41441718853679627],[116.9631956190001,0.4104756435411725],[116.96659127300006,0.41086067154074085],[116.96742883500009,0.4065421835455587],[116.96456964700009,0.4041353555482689],[116.97386180400008,0.39026439156378456],[116.97094710700003,0.38317825557170426],[116.97718185200007,0.3699459465865009],[116.977082902,0.3650107285920021],[116.97180898900002,0.3627125565945691],[116.96998932800011,0.34539544961392865],[116.9642092690001,0.34570168261359],[116.96627909800009,0.3413778186184215],[116.94438624200008,0.3190914506432573],[116.93575213500004,0.307549902656187],[116.93672689400012,0.30366652666058874],[116.92853942300009,0.2982397306665972],[116.92777981600011,0.2905604556751782],[116.92500876100009,0.2912097866744739],[116.92679746800003,0.2855069516808434],[116.92395086400008,0.27526909769228913],[116.92625249000004,0.27073621769734385],[116.92135909400008,0.2657783027028877],[116.92078899900002,0.2543152287156824],[116.91445880200001,0.2518186457185135],[116.90479268900005,0.24045803573121072],[116.90259427900003,0.23180358974085782],[116.89816656100002,0.23167385474104044],[116.89521695400005,0.22707895474614018],[116.8961123680001,0.22244597075137168],[116.88947057800011,0.2212666847526778],[116.88162127700004,0.21470273876000948],[116.88281153600008,0.21057660376461237],[116.88055910100002,0.21112725476401453],[116.87949781000009,0.2053961277704481],[116.85661462400003,0.20242259977371704],[116.84977737100007,0.19746682077924113],[116.84838534500012,0.18366575879473435],[116.84529719400005,0.1812878327973735],[116.84587016500006,0.17441867780504955],[116.84897086600006,0.17291866180670046],[116.84797900900004,0.16525759281527108],[116.83260012300002,0.15199884183012402],[116.82347030000007,0.14952841683287146],[116.81683033500009,0.13837892684529401]]}},{"type":"Feature","properties":{"name":"Usok","cls":"secondary","km":58.23},"geometry":{"type":"LineString","coordinates":[[114.28217153600008,1.2636408115896771],[114.27929285700009,1.2734320805787904],[114.28171022200002,1.2821865435690476],[114.28684082900008,1.2847793025661798],[114.2872483880001,1.2979144885515825],[114.29127470900005,1.3015518295475175],[114.29015090100006,1.3214915735253314],[114.29825757800006,1.3249117175215905],[114.29911137200008,1.3302056325156453],[114.30322200800003,1.3314799635142593],[114.2997325230001,1.3337619345117135],[114.30188507300011,1.3382627855067466],[114.31068660500011,1.3390098565058826],[114.31374047500003,1.352472327490892],[114.321380008,1.3537022424895377],[114.32525419000001,1.3581353444846063],[114.33146047800005,1.359373134483275],[114.33453463100012,1.3564098584865447],[114.33973370700005,1.3611487194812861],[114.34657449800011,1.3606638144818382],[114.34991745000002,1.366969502474826],[114.35367914200005,1.3614064274810265],[114.35943807300009,1.3634882994786939],[114.3597644460001,1.3600618154824733],[114.36249935500007,1.3604225774820682],[114.36499474100003,1.3546325964884802],[114.36138433300005,1.3515122884920219],[114.36548885600007,1.3510744194924575],[114.37526293600003,1.353651196489596],[114.37665909300006,1.3579353414848754],[114.38101578300008,1.3568118934860725],[114.39030603200001,1.3644607604775776],[114.3946826880001,1.361161133481236],[114.40119895700002,1.365541280476389],[114.40059622500007,1.3683075514733083],[114.41165711600001,1.3640478324780934],[114.4204036540001,1.3693209704721834],[114.43619030700007,1.3662728534755657],[114.43993310600001,1.3740172954669643],[114.44709547800005,1.3719510764692957],[114.451685397,1.3750921374657954],[114.45423853700004,1.3794750344608961],[114.45153911200009,1.3896759804495624],[114.46617790900008,1.4017443374362142],[114.47287840100012,1.4028047554350151],[114.47701952400007,1.3996134774385296],[114.4799737940001,1.4053584194321829],[114.4894829960001,1.4025017614353452],[114.49751614700006,1.4120280544247854],[114.5032255970001,1.413889538422729],[114.51011487200005,1.4116320754251737],[114.51694706700006,1.4185711014174807],[114.53517089000002,1.4261964694090066],[114.55697141100006,1.4215779784141565]]}},{"type":"Feature","properties":{"name":"Langsa","cls":"secondary","km":58.13},"geometry":{"type":"LineString","coordinates":[[114.37910419900004,1.0303659768493116],[114.38073989800012,1.043615639834575],[114.39313484900003,1.0527002798244511],[114.39494277800009,1.0590175788174252],[114.4024063500001,1.0569936448196666],[114.40748102100008,1.0654380378102932],[114.4310649250001,1.0633033688126214],[114.4382899100001,1.0579992818185857],[114.442924489,1.0490725758285133],[114.44788634600002,1.051463456825839],[114.45942302600008,1.0473269058304844],[114.471321579,1.0262731188539105],[114.46875618900003,1.0238439298566206],[114.47287576400004,1.0168678348644273],[114.47769148100008,1.0178591058632656],[114.48478427600003,1.0072185358751256],[114.4959965810001,1.0033406778795104],[114.49846009500004,0.9981518498852314],[114.49430734700002,0.9881793588963593],[114.49753373700003,0.9802028769052588],[114.50704339800006,0.9728630289134206],[114.50673366100011,0.9667798089201919],[114.50205235200008,0.9610972359265327],[114.51411973600011,0.9507423719380504],[114.51115096300009,0.9391077469510565],[114.51515826400009,0.9392921779508742],[114.52473418900001,0.9145466929784068],[114.5347223330001,0.9123348759808727],[114.54853410200008,0.9171185189755475],[114.5548236950001,0.9137530599792941],[114.55943807800008,0.9176890939749517],[114.57023936300004,0.9196489469727221],[114.57314650100011,0.9239038979679742],[114.59050965800009,0.9160774169767246],[114.59945962500001,0.921203077971047],[114.60980879000012,0.9135141069796111],[114.62004049700012,0.9120707969811904],[114.63584571900003,0.9036013019906715],[114.6445332500001,0.8943237550010179],[114.64722337300009,0.8978172799971096],[114.65232731600007,0.8936874320016834],[114.65643265300002,0.8968360779981871],[114.65941606500007,0.892628985002845],[114.66232393900009,0.8967328389982795],[114.66716658200004,0.8972820369977137],[114.67011175300001,0.8935914610018321],[114.66634000300007,0.8807701260161218],[114.67686548700011,0.8855073170108363],[114.67533881500005,0.8809090280159525]]}},{"type":"Feature","properties":{"name":"Betong deret","cls":"secondary","km":55.55},"geometry":{"type":"LineString","coordinates":[[116.8337464010001,0.7971076401093758],[116.83781394200004,0.7949844871118213],[116.84694756900001,0.7981341411082882],[116.85515703100009,0.7947127221120939],[116.85882074200005,0.796057621110568],[116.85986666400004,0.8032508501025618],[116.86650845500004,0.8060545540994438],[116.86904058200004,0.8107948480941275],[116.88968288500007,0.8164579750878195],[116.89383193900005,0.8215764790821065],[116.89316455800008,0.8292299290736078],[116.89875741000004,0.8316156520709129],[116.90044675600008,0.8385982010631471],[116.89710632700006,0.8521109910480917],[116.91164070800005,0.852316913047826],[116.91007431900006,0.8563317220433553],[116.91331175200004,0.8577243090417894],[116.91854172800005,0.8552432520445524],[116.92249658000003,0.8588935000405014],[116.92157599200004,0.864453852034302],[116.92338540100002,0.8621139860368963],[116.9282732590001,0.8707275870272728],[116.93527091400004,0.8728878760248738],[116.937918351,0.8838256280127145],[116.94161948800003,0.8815418100152204],[116.94719617700001,0.8894010770064527],[116.95125948500002,0.8868033010093632],[116.95095843100012,0.8924025090031458],[116.95698764400004,0.8907555220049718],[116.95581040900005,0.8963965179986985],[116.96372187800011,0.9059431719880179],[116.9666590600001,0.8996149069950661],[116.97428704900007,0.9075006399863078],[116.97814005400004,0.9020819089923531],[116.98195030600004,0.9045107369896354],[116.98456371700003,0.9002421209944039],[116.98651024300013,0.9018023549926644],[116.98673594000003,0.8984640849963488],[116.99179195700003,0.9012536999932451],[116.99557528200012,0.8992123299955623],[116.99671682100006,0.8932053480022218],[117.0121112270001,0.8929946280024537],[117.01246239000011,0.8865925860096137],[117.01838863400008,0.8854887600108073],[117.02331724200008,0.8914937630041624],[117.02923931100007,0.9103346209831586],[117.03017430700004,0.9244882419673351],[117.05105688100004,0.9541728009343027],[117.07148318800013,0.9692757789174077]]}},{"type":"Feature","properties":{"name":null,"cls":"secondary","km":54.81},"geometry":{"type":"LineString","coordinates":[[116.33994026000005,1.4265027694087014],[116.34534513900006,1.4480066383848338],[116.34624312100004,1.4696461803607757],[116.33607633600002,1.481606132347526],[116.33763649100001,1.4993717993277804],[116.33218331800005,1.5326885112908306],[116.32092972600003,1.5464512202755434],[116.32044948400005,1.5566715872642458],[116.32128083100008,1.5633705392568036],[116.3398742920001,1.5803578642379565],[116.337403321,1.588743364228721],[116.34169328300005,1.598076644218314],[116.33551178400002,1.597819508218589],[116.3306909260001,1.6076932152077015],[116.32374399500007,1.6048765332107964],[116.31709516500008,1.607588170207757],[116.30444919000003,1.6237203481898903],[116.30008953700008,1.6357303171766078],[116.29588908900008,1.6401834621716886],[116.28449936100003,1.6428408881687142],[116.27852544100006,1.6984461211071327],[116.28106894800008,1.7055439990992152],[116.30106417200012,1.718326682085083],[116.3165172030001,1.7079280540966488],[116.32237966600007,1.7122775460917827],[116.32557873200007,1.7071051470975238],[116.33655202800001,1.7051771260997008],[116.35260346200005,1.7082763250962187],[116.3539987160001,1.7158567610878188],[116.36449192900011,1.726200015076419],[116.36497466900005,1.7304070310717508],[116.37389162600006,1.7347756680668736],[116.37952117500005,1.7564981040428669]]}},{"type":"Feature","properties":{"name":"Pedahan","cls":"secondary","km":53.63},"geometry":{"type":"LineString","coordinates":[[116.07259844500003,0.8036275721021542],[116.06774822000013,0.7962929061103671],[116.07487325900001,0.7815958241267461],[116.09024165100004,0.7628127361476713],[116.09952247500006,0.7427139431701246],[116.08594957900004,0.732952473181011],[116.09260771700008,0.7183957141972468],[116.09376833700004,0.7064590312105639],[116.08978690800006,0.6945155802239411],[116.09280114000002,0.6918052752269008],[116.08353701200008,0.6906043572282795],[116.08247383900006,0.688082525231145],[116.0935910070001,0.6720528372490125],[116.10110832100008,0.6690121252523802],[116.104512107,0.6622386542599571],[116.10711763900008,0.6637099982582959],[116.11150892300009,0.6559856122669055],[116.11664377900001,0.660059329262344],[116.12318889300002,0.6529268842703458],[116.11736854100002,0.6467328802772763],[116.1105340040001,0.6474874152764379],[116.11648281200007,0.6405273272842084],[116.12132979000013,0.6431151112813007],[116.11793740200007,0.6323160312934],[116.12287372400012,0.6291189082969181],[116.1154260510001,0.6231393723036147],[116.1150697070001,0.6134566003144266],[116.10034769100004,0.6199615233071883],[116.09575248100009,0.6183707633089884],[116.09655824000004,0.6261855533002241],[116.09099175500013,0.6239475163026937],[116.09160225200003,0.6193290453078952],[116.0877218080001,0.619333760307884],[116.08824639500004,0.6161714033114156],[116.08069160200012,0.620789193306256],[116.07724037800006,0.6167627193107558],[116.07413932300004,0.6280247072981463],[116.07136035300006,0.6209670763060154],[116.07250064900006,0.6096047933187436],[116.05863810000007,0.612829913315103],[116.04083783800002,0.5934659653367697],[116.03895626000006,0.598178683331492],[116.03701930300008,0.5909369373395614],[116.02787168700003,0.5928121033375184],[116.02961149100008,0.5862127593448103]]}},{"type":"Feature","properties":{"name":"Tohan","cls":"secondary","km":53.6},"geometry":{"type":"LineString","coordinates":[[115.56544582600009,-0.5586726323755116],[115.56944556000009,-0.5637357063698998],[115.56481048200011,-0.5657415413676374],[115.56786339300004,-0.5750083243572314],[115.56387553600007,-0.577222817354794],[115.56654065800002,-0.5840133603472173],[115.56226826600005,-0.5851069783459374],[115.56519232800008,-0.5917151423385518],[115.56306803300004,-0.5962889443334997],[115.56643348900003,-0.5980622303315356],[115.56371434800008,-0.600042433329277],[115.56656256400004,-0.599534923329884],[115.56790805100003,-0.6029236963260779],[115.55905298800008,-0.6033383793256575],[115.56044996700008,-0.6077697453207324],[115.55327746300009,-0.6097356933184463],[115.5532245280001,-0.6140363363137119],[115.55744439900003,-0.6157707833117385],[115.55410314300003,-0.6203311773066398],[115.55814080200003,-0.6256364423007276],[115.5549036880001,-0.6280074252980762],[115.55692280200002,-0.6296109612962878],[115.55487592200006,-0.6347972472904707],[115.5609598440001,-0.6371187122879102],[115.5628488860001,-0.6409377212836298],[115.56038715900002,-0.6480657132756593],[115.56527975200004,-0.6515206872718338],[115.56509751700001,-0.6550133072679301],[115.56828199300001,-0.6558482972669928],[115.57195980000006,-0.6518093112715129],[115.5728385660001,-0.6573353022653611],[115.57654127300009,-0.656841133265845],[115.57568563100006,-0.6610764252611518],[115.57956998800012,-0.6591748092633081],[115.58640314400009,-0.6675566532538963],[115.58280231300012,-0.673850289246929],[115.58733099300002,-0.6823618272373821],[115.58046970800001,-0.6817603012380159],[115.57912260600007,-0.6841578702354337],[115.5826164560001,-0.6896195112293108],[115.57932747400002,-0.6918340402267731],[115.58406316199999,-0.7005802502170486],[115.58299985500003,-0.706275113210701],[115.59071542500011,-0.7075546602092897],[115.59050502700006,-0.7182673131972651],[115.5946991740001,-0.7197543221956445],[115.59493110400001,-0.7233513721916606],[115.59902248300011,-0.7222579111929096],[115.60228397900005,-0.7254779671892482],[115.600314829,-0.7296999031845719],[115.60513014300012,-0.7321124371818583],[115.60279866500002,-0.7357347601778127],[115.60745978800004,-0.7344069031793238],[115.6060081070001,-0.7398149711732674],[115.61157481300006,-0.7406768821722733],[115.61002009700009,-0.7443255221681981],[115.62431382400008,-0.7418147251710628],[115.637075503,-0.7536394141578291],[115.63673586900005,-0.763296580147089],[115.63966086700009,-0.7663211161436942],[115.63810628600002,-0.769409384140271],[115.63178816300002,-0.7698504611397353],[115.628471051,-0.7784640101301243],[115.63921268600006,-0.7912396281158526],[115.65027027300005,-0.7880893201194203]]}},{"type":"Feature","properties":{"name":null,"cls":"secondary","km":52.69},"geometry":{"type":"LineString","coordinates":[[116.71340604200009,1.3189997745281479],[116.70844665300002,1.3217406235251186],[116.7082348030001,1.3269807545192756],[116.72702139900002,1.343883721500443],[116.72594199800004,1.3502301824934264],[116.73285381300003,1.3577491494850669],[116.73769456400008,1.3569218674860082],[116.74291201500012,1.364056125478015],[116.73218716100007,1.3708991264704755],[116.74218322300011,1.3823705064577188],[116.73777956400012,1.3883256444511087],[116.73832318400002,1.3956426734429275],[116.73329522100005,1.3981305034402125],[116.73586903300009,1.4130179854236684],[116.73190553200006,1.4261985394090526],[116.72623843300005,1.4312528814034193],[116.73197743400009,1.4304984604042437],[116.7322670430001,1.4381065963957849],[116.72888019100003,1.439693335394054],[116.73083945300004,1.4434571853898253],[116.71798812200008,1.4505350103820247],[116.71828871100001,1.4550495733769866],[116.71407652500012,1.4597897423717305],[116.7118968430001,1.4575910073741727],[116.71035858000006,1.4658191813650479],[116.70504060100008,1.4708532123594293],[116.70737284600013,1.4750559153547513],[116.69982094800001,1.4798724993494219],[116.70375323700013,1.484858000343913],[116.69684296900006,1.4910158243370348],[116.69230239700005,1.501220128325746],[116.68027849900012,1.5051464953213831],[116.67643016500006,1.5096522653163646],[116.67238519200009,1.5070279963193267],[116.669785411,1.5186802653063634],[116.66448522200007,1.5234834513010416],[116.66313579900009,1.5296578792941813],[116.651318833,1.5291357732947664],[116.64834252800007,1.533396458290073],[116.64331754300008,1.53159525429205],[116.63556606600001,1.5451826322770055],[116.6236099690001,1.5432218482791704],[116.61296934400002,1.5744819702444728],[116.59834143300009,1.5814453932367998],[116.5888370460001,1.5917752052253122],[116.58074639400002,1.590249147226994]]}},{"type":"Feature","properties":{"name":"Temujan","cls":"secondary","km":52.13},"geometry":{"type":"LineString","coordinates":[[114.19084973500004,1.0035452128792424],[114.17692638800008,1.0495951458279345],[114.17625480800007,1.0583023338182314],[114.18368612100005,1.0784108547958384],[114.1817089340001,1.0815137357923406],[114.20329506400003,1.1037683797676214],[114.20728311100004,1.1014820277701425],[114.21134572500011,1.1060492057650753],[114.22723678600005,1.1096887737610095],[114.23260279200008,1.1192794977503482],[114.24896267200006,1.1335476107344271],[114.25619801000005,1.1533759777123336],[114.26349031300003,1.1571524577081422],[114.2621102820001,1.1628388187018346],[114.27140756600011,1.1669537936972387],[114.27605424400008,1.1814996556811],[114.28710049000006,1.1940368036671152],[114.28773321100005,1.2087846206507153],[114.2933898010001,1.2272495376302035],[114.28821936000008,1.2614662755921027],[114.29794231900007,1.2648948415882593],[114.298923564,1.2625129655908849],[114.30847196700006,1.2628201325905781],[114.31339894400003,1.2586290475952415],[114.31739191800011,1.2638734865894246],[114.31898733800006,1.2618684035916286],[114.3263655730001,1.264910934588277],[114.33300881900004,1.2751918525768449],[114.33239943800004,1.2793127765722885],[114.33642206500008,1.2801537455713283],[114.33552065700007,1.2846610945662909],[114.33928915100012,1.2825783475686512],[114.33956160900004,1.2857257115651202],[114.34735742200007,1.2763611145755391],[114.35306174900006,1.2610762355925311]]}},{"type":"Feature","properties":{"name":"Batang","cls":"secondary","km":51.78},"geometry":{"type":"LineString","coordinates":[[115.35864335600002,-0.013653276984697675],[115.36893758600002,-0.018233546979567722],[115.37861503900001,-0.01536129298279578],[115.383974222,-0.021222479976218542],[115.38231624800005,-0.027821097968851665],[115.39261059500006,-0.030732416965599915],[115.3918009680001,-0.02751070296921968],[115.39681329300004,-0.022619982974665578],[115.40317501300001,-0.024366767972662257],[115.40633665400004,-0.020524025977034163],[115.41096339,-0.02095104897654625],[115.41632277300006,-0.013090832985337258],[115.42468947600003,-0.01755476098030136],[115.42580763400007,-0.014837626983403946],[115.4388012300001,-0.011480086987106897],[115.43729743800009,-0.02168882997572035],[115.44435334800004,-0.01939871897829739],[115.44975126900009,-0.02353275597364441],[115.44639661600003,-0.03764259395789675],[115.44886417100008,-0.042223015952782834],[115.45480182800009,-0.047793355946496016],[115.46343865900006,-0.04600796794855031],[115.46016068499999,-0.06896813392280414],[115.46359222600006,-0.07044329292113306],[115.47087980000005,-0.06229192893032381],[115.47546801800002,-0.0659797019261589],[115.47585371600006,-0.06178744993086916],[115.47943959200006,-0.060623033932168384],[115.48221560100001,-0.06516474392708509],[115.48595574400008,-0.06318516892930584],[115.48518445700007,-0.06768796792430579],[115.49227927800007,-0.060448715932322795],[115.4983714880001,-0.05730465593584648],[115.50103188900005,-0.060681865932045484],[115.50280567800007,-0.0559073339373869],[115.51414181400003,-0.05243341894133929],[115.5138720330001,-0.0468048109476532],[115.52528518400004,-0.05014341394387046],[115.53091478900001,-0.04606762594844909],[115.52817725500006,-0.04036129595486456],[115.52648060300011,-0.04490298894976463],[115.52166088600006,-0.0414674919535486],[115.51815232600008,-0.02584317597108923],[115.52077430700001,-0.023630577973513013],[115.52860160600004,-0.026270297970558066],[115.52532421300009,-0.020078766977519428],[115.52983553100012,-0.020699898976829233],[115.53612062700006,-0.00940382498942914],[115.5269437280001,-0.010277193988460567],[115.52767635400005,-0.004842652994557959],[115.5319177770001,-0.0023582939973584797],[115.52690519300008,-0.0013490159984171917],[115.52548146200003,0.005974762993337107],[115.52980825400006,0.009390706989523157],[115.52774201800003,0.012264650986353792],[115.53048641300006,0.012422260986152114],[115.53082348700003,0.017139350980853278]]}},{"type":"Feature","properties":{"name":"Perak","cls":"secondary","km":51.67},"geometry":{"type":"LineString","coordinates":[[115.56544582600009,-0.5586726323755116],[115.55873558600003,-0.5577555343765367],[115.55726275400002,-0.5538092903809102],[115.54616056400005,-0.5610038103729259],[115.54415457900006,-0.5574836033768411],[115.54123721300003,-0.5621863323715912],[115.53763153400008,-0.5606702193732647],[115.53700353800004,-0.5641108383694436],[115.53264590000005,-0.5601954633737743],[115.53132813000003,-0.5633202323703367],[115.52687585900003,-0.5617092023721145],[115.52442853200013,-0.5676430993654612],[115.52110524000011,-0.5655588533677889],[115.52220183800011,-0.5690630203639547],[115.51684025000009,-0.5674201793657269],[115.51975563000009,-0.5705460153623025],[115.51486255200008,-0.5760846563560805],[115.5116332120001,-0.574537054357787],[115.50099809400001,-0.5942631573357445],[115.49776777400005,-0.5964403403333451],[115.49353520400007,-0.5943558113356644],[115.49290476600002,-0.6064296793221732],[115.48026316100005,-0.623882084302661],[115.48653401000003,-0.6254937713009079],[115.48044815200001,-0.6347566032905597],[115.48734315500008,-0.6465327692774032],[115.48088062700003,-0.6567108432660649],[115.47608281600003,-0.6574985192651278],[115.47943702200008,-0.6606561412616313],[115.469275046,-0.6685286582528498],[115.47451033200002,-0.6726496412482322],[115.47306638700003,-0.6775734552427018],[115.46005009500006,-0.6879070512312006],[115.46284002900008,-0.6904174272283935],[115.46691756900007,-0.6867571282324408],[115.46663368200007,-0.691996947226638],[115.47133662000012,-0.6937977252246279],[115.47315320500002,-0.7003482242173202],[115.480490239,-0.7018657892156196],[115.47998727500011,-0.7057324502113017],[115.47017148700003,-0.7089804852077006],[115.47039240100003,-0.7046560472125294],[115.46622241600005,-0.7032026422141279],[115.46324034700002,-0.7128449692033324],[115.45793947200002,-0.7175780231981252],[115.45884780200004,-0.7206086301946666],[115.44743445200005,-0.7191369351963348],[115.44921942500002,-0.7260819471885747],[115.43902756300008,-0.7288719451854916],[115.43730165400007,-0.7326276121813116],[115.43466880900007,-0.7294385971848492],[115.42742571000008,-0.7287416211856163],[115.41161929799999,-0.7368324321766019],[115.41287139300005,-0.7428933431698009]]}},{"type":"Feature","properties":{"name":"Menamang Kanan","cls":"secondary","km":51.27},"geometry":{"type":"LineString","coordinates":[[116.89639519400009,0.22309628675061147],[116.90094109600012,0.22283079775093617],[116.902913538,0.21525694975934337],[116.91802338900006,0.22493203474857584],[116.94026049800004,0.23088817474191956],[116.95017693700005,0.22744931674572003],[116.96887954600004,0.23070212974210574],[116.98021904400002,0.24859613372208514],[116.9924625100001,0.25058796571989767],[116.99305621500002,0.25730795071234636],[116.99648804800007,0.25289345371732364],[117.00743876100012,0.253973857716095],[117.01204970300012,0.26127050770795146],[117.0229315260001,0.2662173757023985],[117.03270670500001,0.26213617470693773],[117.05490716700002,0.26303837970598354],[117.05718469900013,0.25725688971245325],[117.07049131100005,0.26057334270870197],[117.07520959400007,0.2546346757153307],[117.08405188900008,0.2513420997190381],[117.095476716,0.2543325727157042],[117.10390286900008,0.26205104670706914],[117.11714510900002,0.26133112870788267],[117.12512406300004,0.2793532416877319],[117.12723016800011,0.27585868169161826],[117.13430673700009,0.2848615686815737],[117.14795379000007,0.29069707567506337],[117.15263845600008,0.30247442766185506],[117.15269260200012,0.3274785746339375],[117.15828581400002,0.3353121836251596],[117.15386095600002,0.3519644516065728],[117.1478997050001,0.3605867315969455],[117.15518234900003,0.369365845587127]]}},{"type":"Feature","properties":{"name":"Pantun","cls":"secondary","km":51.03},"geometry":{"type":"LineString","coordinates":[[116.87033443500002,0.9039410409902696],[116.87428336700007,0.90503258798903],[116.87056846100006,0.907809029985981],[116.87252387400008,0.9113213239820624],[116.88025817700009,0.9060572639879273],[116.8856673580001,0.9061857489877142],[116.8898351570001,0.9107958489826311],[116.89052562500001,0.9053948639886553],[116.89538682600005,0.9030839269912272],[116.89402508,0.9057001769883324],[116.90015123700005,0.9068768439869932],[116.90148197100007,0.910078274983426],[116.9163683910001,0.91443566697859],[116.91496689100008,0.9279939389634163],[116.91780568700007,0.9309302969601455],[116.92146875100003,0.92781069596365],[116.92308053100008,0.935877101954653],[116.92545398900006,0.9350337809556238],[116.92564882000009,0.9423804459474237],[116.92865295800003,0.9445240399449669],[116.92580639200001,0.9543857149340308],[116.93768228200008,0.9612141799264217],[116.93613417400002,0.9761488449097793],[116.94757688000006,0.9877967118967426],[116.94619477500011,0.9969739238865414],[116.94974127800005,0.9954572948882563],[116.95064463900007,1.0103458408716561],[116.9575405920001,1.0120843048696966],[116.95566410200001,1.0147903378667036],[116.96286844500003,1.02190600785876],[116.96168840900008,1.024941215855384],[116.96607866800004,1.0257139248544997],[116.96963233000008,1.0309439798487379],[116.97640812800012,1.0300441538496894],[116.97337356000004,1.0303353428493833],[116.97206397800005,1.038753227840027],[116.97709777300007,1.046099125831847],[116.98143485000003,1.0457309068322405],[116.99438998600009,1.0817432387921],[116.99952460200008,1.0810704877928836],[117.0008527560001,1.08476483978876],[117.01045534600007,1.0771565437971988],[117.00974961400004,1.065367934810314],[117.01276068900007,1.0572330838194492]]}},{"type":"Feature","properties":{"name":null,"cls":"secondary","km":50.73},"geometry":{"type":"LineString","coordinates":[[115.18359674900013,1.5590161302616745],[115.17311425100002,1.5858820122318573],[115.17389675600009,1.5910288122261005],[115.17875152100011,1.5961523872204382],[115.17982643800008,1.6072246882082037],[115.18659027600008,1.6132572732014827],[115.19309658200007,1.641077510170668],[115.19807112500007,1.6383921101736203],[115.216567628,1.6510084071596658],[115.22179484900005,1.6414550431702324],[115.22123939900007,1.6326032831800756],[115.22404835000007,1.6357594321765312],[115.23086343900002,1.6357623521765778],[115.23002706300008,1.6404186221714252],[115.23609968300002,1.6428668501686705],[115.23704203900003,1.6383010131737443],[115.2564653720001,1.6320891911806386],[115.26763079600003,1.6184085361957634],[115.27414444300008,1.6155204321990357],[115.28579023000007,1.6166547461977123],[115.2907814140001,1.5992042172170922],[115.29522380900006,1.60003521521613],[115.29309199900003,1.6022401522137422],[115.2963437850001,1.6090931332060694],[115.31058760700012,1.6092975312059028],[115.32367336300001,1.604310734211428],[115.32749106200004,1.5966656162198625],[115.34486941300008,1.5948653162218998],[115.35419364600011,1.5901833552270976],[115.36466818500003,1.5665678012532713],[115.37633353900003,1.561819719258523],[115.37143207000008,1.5502832882713011],[115.37571289200004,1.5496826322719515],[115.37506338200001,1.5426575532797766],[115.39268530200003,1.531048791292623],[115.39608805500006,1.5198625613050585]]}},{"type":"Feature","properties":{"name":"Berambai","cls":"secondary","km":50.65},"geometry":{"type":"LineString","coordinates":[[116.03445607700007,0.04699946394752967],[116.04902341600008,0.02525085697183094],[116.06410727900005,0.02862084996805353],[116.07176700100001,0.026725171970164347],[116.09160894500008,0.033906559962149835],[116.1051168580001,0.03412876996188965],[116.11107381700005,0.04085667995438902],[116.11224101399999,0.05241693094141275],[116.11670283600006,0.05498464893858397],[116.11681509600008,0.05902604093405288],[116.12473615100009,0.062160360930530505],[116.13903676400002,0.05218819094164917],[116.15777595800013,0.049942462944219224],[116.16954402100009,0.03585849795994539],[116.1717758330001,0.02456140997258723],[116.17694215000007,0.02335336297398148],[116.17853615600006,0.01907514697871183],[116.19464314900007,0.01742324098057957],[116.20572293300008,0.021943154975511265],[116.21115964100011,0.0197309039779575],[116.2243219390001,0.025641478971368606],[116.23594835100003,0.02369138597357554],[116.2398417620001,0.026855548970047393],[116.24851544400009,0.02236812397502271],[116.24901181500002,0.01927942297850155],[116.25580875000001,0.017719769980224943],[116.25599969100006,0.010863889987912892],[116.26352536800003,0.011757457986895438],[116.27735776200007,0.0003921869996216144],[116.28552374900005,-0.003796387995688072],[116.29093954500001,-0.0026191919969993176],[116.29629379600011,-0.009093806989755352],[116.31332077300009,-0.015341294982787159],[116.31791600600002,-0.019554472978116223],[116.32054180700004,-0.030624371965724193],[116.32940407500007,-0.03268970896340531]]}},{"type":"Feature","properties":{"name":null,"cls":"secondary","km":50.61},"geometry":{"type":"LineString","coordinates":[[115.37521252700002,1.0382375658406078],[115.3764515920001,1.0334246558459521],[115.3825156050001,1.0322243778472835],[115.39027195900009,1.0197633658611533],[115.39629691800008,1.0168782338643683],[115.39815906800006,1.011306119870604],[115.41013271100009,1.0100346118720245],[115.41889081000011,1.0006251138824733],[115.42445375200009,0.9992626088840331],[115.43028519800009,1.0038301138789092],[115.4386695610001,0.9969116968865896],[115.46222493400002,0.9931515048908205],[115.47246697300012,0.9946621208891009],[115.48210882300008,0.9824525529027164],[115.48006138100006,0.9799916249055075],[115.48570401200003,0.9797138299057836],[115.48614084600001,0.977335427908443],[115.49505401600005,0.977018392908764],[115.49517372200012,0.9805863629048006],[115.49864272100001,0.9787655329068589],[115.50062333500013,0.9824097269028093],[115.50504631700005,0.9828034989023395],[115.50704424100003,0.9783100299073446],[115.51165742600006,0.976853400909005],[115.51303694700005,0.9705437319160416],[115.52434910600003,0.9605873219271084],[115.5270600020001,0.9612197209264325],[115.52856605800002,0.9487166689403523],[115.53974337900003,0.9458506729435391],[115.53791870900011,0.9382205319520394],[115.544538557,0.940550387949479],[115.54496467700004,0.934669961956],[115.55124597600002,0.9320282069589266],[115.55360654500011,0.923664345968258],[115.55899425900007,0.9212575019709363],[115.55673105300001,0.9176233749749922],[115.56120627900009,0.9180602279745348],[115.56419647200005,0.9122263089810261],[115.57787579100011,0.9207786529714894],[115.58281030600006,0.917580704975016],[115.5867035780001,0.9218818549702337],[115.59235019500011,0.9189035019735675],[115.59597964500007,0.9223724479696904],[115.5968789210001,0.9202999689719885],[115.60415802400007,0.930498867960682],[115.60792390700009,0.9262159469654198],[115.61419611000008,0.9283811549630052],[115.61204264800004,0.925134807966608],[115.61594501700007,0.9246894899671239],[115.616498932,0.921589375970556],[115.62386050900012,0.9252876209664562],[115.62570039200011,0.9194934969729618],[115.63098858800004,0.9196659129727542],[115.63079032600001,0.9165120849762514]]}},{"type":"Feature","properties":{"name":null,"cls":"secondary","km":50.01},"geometry":{"type":"LineString","coordinates":[[116.16785635800011,0.9020368349923775],[116.16290780100007,0.891834867003752],[116.15963320300013,0.8595603080397973],[116.16663880600005,0.8547591070451401],[116.17532259700012,0.8565826950430663],[116.1764340000001,0.8505386970497973],[116.18498586300007,0.8409730320605147],[116.17960292500004,0.8270934750759837],[116.18676181500008,0.8237956030796495],[116.19178231300009,0.8141370780904077],[116.19280516100002,0.802786368103082],[116.18953299300007,0.7971932971093035],[116.19898713300007,0.7983747301079981],[116.20558690500002,0.7924414141146383],[116.20637055000009,0.7854193241224425],[116.2013224230001,0.7809462141274424],[116.20236128300007,0.7768997721319586],[116.20996193500002,0.7770014151318867],[116.20957047,0.7803401131281756],[116.21751838600007,0.7759254381330603],[116.2248565230001,0.7791548291294266],[116.22958536500006,0.7747603281343935],[116.23223577100009,0.7809970291273676],[116.23944398300013,0.7789992701296278],[116.23899333500002,0.7751528101339279],[116.24645026200005,0.772130168137274],[116.2478167060001,0.7669205301431143],[116.25390378300006,0.7691137991406874],[116.25501576700003,0.7757319671332765],[116.25831159000005,0.7741093221350899],[116.2582133630001,0.7698301141398723],[116.26559601100007,0.7682901841415911],[116.26385117500003,0.7729912741363326],[116.27432791300008,0.7732427331360577],[116.27683454600005,0.7812353191271395],[116.27373996800009,0.7848259321231051],[116.27863989500008,0.7872207301204414],[116.27492050100011,0.7954167291113041],[116.28025838500004,0.79355903511337],[116.28117771100007,0.7970815621094552],[116.28274222700007,0.7913496511158535],[116.2860810730001,0.7910874931161596],[116.28526430800002,0.7995197611067201],[116.28978076400006,0.7968052421097777],[116.29375054900004,0.8024004781034887],[116.30459907300008,0.7869244771208179],[116.30879204600001,0.7931026001138981],[116.30912453200004,0.7841587171238732],[116.31375870400007,0.7828031551253671],[116.31889917600006,0.7868266731209117],[116.3214690010001,0.7807554531276645]]}},{"type":"Feature","properties":{"name":"Maruwei","cls":"secondary","km":49.7},"geometry":{"type":"LineString","coordinates":[[114.99376014800009,0.016032215982120644],[114.98503750500004,0.019156702978604067],[114.9714879070001,0.015987693982187096],[114.95770904400003,7.55019999977344e-05],[114.95237141400004,0.009202805989776944],[114.93651965800008,0.015401923982849088],[114.92014217200006,0.00041961499960284186],[114.90323851900007,0.007929145991167195],[114.89879304400006,0.013733566984662209],[114.89779154400003,0.026061211970904788],[114.89091697100002,0.018575028979270672],[114.89358425400006,0.015125858983108871],[114.89142893500002,0.01142800898729009],[114.88426243100002,0.00907274798989558],[114.8833867830001,0.014529046983787184],[114.88005947800002,0.015134767983137539],[114.88203516500003,0.01849807297936714],[114.87281211200003,0.021449860976080624],[114.86242176000006,0.015912116982243207],[114.85358948600003,0.01816321497975369],[114.85424464900007,0.021351445976157672],[114.85044639300008,0.02284749097449304],[114.85797178400003,0.027796397968941122],[114.85647648300004,0.03099234296537326],[114.8605086020001,0.03535469096054311],[114.85513214300009,0.04232522495275155],[114.85266230700006,0.04096417495423514],[114.8461439350001,0.053268856940470725],[114.8342002050001,0.05029853094382906],[114.8332214740001,0.04652396294800469],[114.82785565300004,0.05005421794411902],[114.82782884300003,0.04589094294876008],[114.82403902600004,0.05082255394318671],[114.79544968800009,0.053495226940235265],[114.79855395400011,0.056358218937054526],[114.79271572000006,0.056143324937275384],[114.78497138100012,0.06009994393285469],[114.78751378800008,0.06269902992994783],[114.78003355400004,0.06394295892853886],[114.78007258300012,0.06948473392238981],[114.77266751800005,0.07458808591668824],[114.77269962900006,0.0808071629096822],[114.76772836600003,0.07855204991220292],[114.7606008690001,0.0835860439066227],[114.75456858700011,0.07705491591389688],[114.75562693300003,0.07288061791857875]]}},{"type":"Feature","properties":{"name":"Sehuwi","cls":"secondary","km":48.85},"geometry":{"type":"LineString","coordinates":[[116.62925319100009,0.3587700645989717],[116.63156830900003,0.3597755255978095],[116.62991697100006,0.36481775159217084],[116.62564892400007,0.3636602805934587],[116.62583975600002,0.36016148259743047],[116.61356065400004,0.36597965559087337],[116.61261548200001,0.37391191158203396],[116.60518333900006,0.3842012975705347],[116.60512371600008,0.38999949556404306],[116.61115050100013,0.39430185355926295],[116.61046534800003,0.39827157855478623],[116.616521723,0.4009323595518459],[116.6124724240001,0.41188846153959285],[116.60796524400006,0.4129532515383826],[116.61244958300006,0.42352651052655815],[116.60710581500007,0.4291259845203359],[116.60665375000008,0.4352433695134733],[116.59681042600003,0.4363653935122691],[116.59030266400009,0.4463758135010178],[116.59135703400013,0.4590683934868645],[116.58419326100012,0.471216785473328],[116.58510730700006,0.4816766494616127],[116.57956356000011,0.4860294774567383],[116.58046388600008,0.48929943145310856],[116.57385415200008,0.4932896204486058],[116.57255612900008,0.4985440464427706],[116.56673686600006,0.49810031044325326],[116.56366796700001,0.5039990024366671],[116.55102706100003,0.5080858814321043],[116.54384229800006,0.5168637264223201],[116.54047003900007,0.5160724144231978],[116.54065634500012,0.5188929294200497],[116.53564152000003,0.5168424364223182],[116.52848543800008,0.527994156409842],[116.52834485200003,0.5340892644030582],[116.52045285100009,0.5423882143938217],[116.50870357200006,0.547032008388593],[116.50251020200007,0.5537835253810833],[116.4998245270001,0.5522857333827645],[116.49554097200009,0.5572899803771584],[116.49166405000004,0.5570543723773698],[116.48626211500003,0.5644312863691785],[116.47534353900004,0.5698743983631104],[116.46865506100005,0.5809639193506809]]}},{"type":"Feature","properties":{"name":null,"cls":"secondary","km":47.89},"geometry":{"type":"LineString","coordinates":[[115.30748853100012,0.20168586177452003],[115.29737488800004,0.19811664177855073],[115.30625010500012,0.1940170017831209],[115.30469994200008,0.18916417678855005],[115.30139619700002,0.18844737278931623],[115.30771427200011,0.18441425879384468],[115.30101185600006,0.17976106579902526],[115.30175462800003,0.17294844080672783],[115.30483596700003,0.1720206698077067],[115.30688800600001,0.17875537080013676],[115.30673936100004,0.1725843668071082],[115.31193037500009,0.17440341980502538],[115.32099487200001,0.17032328880962494],[115.32131499100001,0.17664871380257144],[115.3247248140001,0.16545920681502754],[115.31866138500004,0.16507625981545312],[115.31713470600006,0.15842259382292123],[115.32154785100012,0.15409959782777952],[115.31368531000011,0.15540255682631887],[115.31433286100003,0.15044518583187838],[115.31734254400008,0.14940445883299502],[115.31499348700004,0.1460926938367277],[115.31788688600011,0.14587665583693307],[115.31268232700008,0.14001546984346816],[115.31476473900011,0.13532640184870273],[115.30960191200006,0.13767293584611584],[115.31008970000006,0.13163176085285738],[115.30153545400003,0.13248830785193336],[115.30185116700011,0.12303303086248477],[115.29792107700005,0.12094403986480559],[115.30021554600012,0.11735356186885701],[115.29409885200005,0.11493212087154543],[115.29767790500013,0.11136911187550012],[115.29540509900006,0.10510176488252883],[115.2895060080001,0.09819750689026667],[115.2846357530001,0.10250065688543951],[115.28365852500008,0.08637164990345636],[115.2784175600001,0.08637423790349423],[115.28039781700012,0.08453188790554256],[115.27684337200003,0.08094444190953601],[115.28271168600008,0.07470465891647801],[115.28123891900009,0.06782778092423282],[115.27517158900002,0.06137830893138337],[115.26842509200003,0.06496292692744571],[115.27134700900001,0.06208496193061072],[115.2695646410001,0.05804499693512728],[115.27870160000009,0.04840055894594876],[115.27422489100002,0.0464004719482162],[115.27110439600007,0.03563557196022158],[115.26388100000008,0.029068952967553335],[115.26571114500008,0.013369283985067475],[115.26270648700006,0.011908128986756304],[115.26616644800005,0.00796590299116709],[115.2663570420001,4.785819272944334e-14]]}},{"type":"Feature","properties":{"name":"Enggelam","cls":"secondary","km":47.82},"geometry":{"type":"LineString","coordinates":[[116.3378267810001,-0.25177580471846056],[116.32214342200005,-0.23786018673402048],[116.3144671550001,-0.2362668897358089],[116.31377853900004,-0.22180444375191546],[116.30679171600003,-0.21746697675684035],[116.29382035400009,-0.21683551575750956],[116.28774266500011,-0.201805128774355],[116.27691296400006,-0.18707423879078836],[116.24910573400008,-0.15466846782702037],[116.24348005500008,-0.1534346078283628],[116.23027965400001,-0.13809756884555183],[116.22348471700003,-0.1233215558620771],[116.22471039400011,-0.11320003087337027],[116.2187506470001,-0.10815311687904448],[116.19095645000006,-0.11230190887435529],[116.18304720600008,-0.11005870487694194],[116.16934500100002,-0.1173479908687788],[116.1584280180001,-0.11650654886968476],[116.14990598300005,-0.12003895786576013],[116.13464474400008,-0.11325353987334295],[116.13018864200001,-0.12037477686531528],[116.12378333200002,-0.11986990786593471],[116.11793477300013,-0.1267667708582468],[116.11119521700006,-0.1285608908561879],[116.0959900030001,-0.11723355486885523],[116.06602435900002,-0.1243538088608937],[116.04530519900004,-0.1166711358695182],[116.02291511500003,-0.11324996487332904]]}},{"type":"Feature","properties":{"name":"Penoon","cls":"secondary","km":47.73},"geometry":{"type":"LineString","coordinates":[[116.15336047900007,0.35072077960799714],[116.152577263,0.3544016756038736],[116.15590712100006,0.3570172856009199],[116.15274152300003,0.36057100159692224],[116.15936032900005,0.3696211105868267],[116.15569664300004,0.3751379715806672],[116.16300604500009,0.3798368915754528],[116.16040255000007,0.381247853573827],[116.16418871700012,0.3895966875645069],[116.17203816000006,0.39132575356256605],[116.1734651270001,0.3985703485545055],[116.17955443000004,0.39961898955326064],[116.18436580900004,0.4058219785463733],[116.1834171160001,0.4111508485404069],[116.18684888800011,0.4179133785328439],[116.1924240840001,0.4180701745326793],[116.19544206,0.4236271795264864],[116.20040284700006,0.424485218525568],[116.20363949400007,0.4326234185164107],[116.20846232200006,0.4345217165143203],[116.20788823500003,0.4390201515092848],[116.21109295600002,0.4386073415097784],[116.20882974500013,0.44111375050692647],[116.2192317150001,0.4562768724899974],[116.21014784700003,0.4616060914840709],[116.21204397200006,0.47194399247247765],[116.20696708500009,0.480444861462996],[116.20861268500006,0.49017197645213373],[116.20180204400005,0.49461588644717114],[116.21057291300008,0.5143289754251497],[116.20975843800012,0.518439217420528],[116.20577138500006,0.5179644454210847],[116.20744135600013,0.5300866964075565],[116.20440261600004,0.5366376024001808],[116.2088918410001,0.539303255397249],[116.20880444400007,0.5431309183929341],[116.21663139500004,0.5446647663912407],[116.21729298500007,0.5533290703816058],[116.22507402600003,0.5616262113722876],[116.2255576870001,0.5667549803665715],[116.2423915500001,0.5766861073554742]]}},{"type":"Feature","properties":{"name":"Oedang","cls":"secondary","km":46.17},"geometry":{"type":"LineString","coordinates":[[115.22063652800013,0.5481110933874023],[115.22303967500011,0.5517453953833676],[115.23082732500006,0.5533121653816273],[115.22831568800007,0.5564447933781367],[115.23296699300012,0.5605529593735089],[115.23376606300009,0.5551764783795461],[115.2360387010001,0.5556586613789443],[115.23938584000008,0.563122901370615],[115.23270320000006,0.5796069803522264],[115.22393060800005,0.5862308643448372],[115.21936427100002,0.5851900523459552],[115.21766700900002,0.5913511343390713],[115.21890206400008,0.6122863973157349],[115.21355829100003,0.6226341793041373],[115.21971920600004,0.6266422862996878],[115.21543730000008,0.6312119982945928],[115.21847729700006,0.633315522292225],[115.21750125100004,0.6373980522876558],[115.22220326300011,0.6390138492858466],[115.21698211300009,0.6449712942792581],[115.21880077300013,0.6588437472637082],[115.21193599100003,0.6638962342581076],[115.21699523200004,0.6670483672545996],[115.21878965400003,0.6772460472431642],[115.21669482300001,0.6821329542377275],[115.21098670200001,0.6805980562394768],[115.20897224400007,0.6867328782325749],[115.20393202800007,0.6888108242303186],[115.20530533700004,0.7035511642138267],[115.20145639600004,0.7145050412016113],[115.20556838900008,0.7450542691674807],[115.20820238900001,0.7482358141639501],[115.23661081400009,0.7474258241648599],[115.24486518100004,0.7579108341531954],[115.24058176300002,0.765961767144209],[115.24228546600013,0.7808059391276297],[115.25467999800003,0.7902745451170491],[115.2611224420001,0.7891055881183079],[115.26576498700001,0.7923680461146823],[115.26957316600009,0.8094583160956537],[115.28116740900009,0.8110435360938545]]}},{"type":"Feature","properties":{"name":null,"cls":"secondary","km":45.91},"geometry":{"type":"LineString","coordinates":[[116.41894965100006,1.0344193788448266],[116.41473061500005,1.0307821028488549],[116.41244718700013,1.0337671258455414],[116.4077294220001,1.029500677850275],[116.3908329180001,1.027620268852411],[116.38522595000006,1.0206034248602258],[116.36888821600009,1.0114494698704484],[116.36676354000008,1.0068533148755632],[116.35576785300007,1.0038069288789317],[116.34576762500001,1.0071510568751854],[116.35026151400008,1.0131206268685247],[116.34691764800004,1.0199964948609117],[116.33359776100009,1.021509764859221],[116.3281627680001,1.026782997853317],[116.3150312350001,1.0278155858521378],[116.3067151570001,1.0388208668399421],[116.2782856980001,1.0525504518246267],[116.27764046900006,1.0639816308118792],[116.25538649800001,1.0704451988046941],[116.2360942370001,1.0883319007848007],[116.21279072000004,1.0862605547870992],[116.21264091000013,1.0969000097752393],[116.20840523100003,1.100257095771495],[116.21151402300008,1.1092078807614891],[116.20755508800005,1.1223706037469185],[116.2116312280001,1.1346271487331936],[116.20504161600002,1.1510698997149118],[116.20535410900006,1.1652578866991532],[116.21122399400008,1.1703987946933738],[116.22104571200009,1.190030797671554],[116.23699713500002,1.200450059659942]]}},{"type":"Feature","properties":{"name":null,"cls":"secondary","km":45.48},"geometry":{"type":"LineString","coordinates":[[114.57704803100012,0.9233506209686296],[114.57902239000009,0.9399586139500569],[114.54826321200005,0.9414024529485305],[114.5234449400001,0.9636678679236844],[114.52009598400002,1.0071170348752674],[114.5236677910001,1.0090827738730315],[114.51926719200003,1.0090580178731055],[114.51836366100008,1.0134723808681583],[114.52164353300009,1.016036940865296],[114.52220295100005,1.02835322085158],[114.52613732400005,1.0313750828482158],[114.52296807200003,1.0374562028414236],[114.53156195500003,1.040715599837807],[114.52998462000005,1.0539716198230686],[114.53118929100003,1.059929022816394],[114.53399734900007,1.0605046698157892],[114.53114758700008,1.0718864388031],[114.53687810200006,1.0713811008036378],[114.53264656300007,1.0785141577957078],[114.53421647000005,1.08608251378727],[114.53069463800011,1.0940227167784629],[114.5255648100001,1.1013032977703494],[114.52020084000003,1.102511040768998],[114.51770467100005,1.1288322197396576],[114.51155551900001,1.1329301917351198],[114.50867516900007,1.1445310147221734],[114.49776689200007,1.1603249247046163],[114.5007916190001,1.1749156336884048],[114.51067615500006,1.1933813576678385],[114.50489243300001,1.21294905464611]]}},{"type":"Feature","properties":{"name":null,"cls":"secondary","km":45.27},"geometry":{"type":"LineString","coordinates":[[116.89282265000008,1.5863740432313416],[116.90169218000005,1.5842330362336625],[116.90730869100003,1.5755160312433225],[116.90897529200004,1.5639243812561672],[116.90663743300001,1.5570190112638411],[116.91140980900002,1.5444569472777985],[116.90848155400012,1.5443662622779344],[116.90592818200003,1.5381872512847334],[116.91243138500012,1.5327989832907158],[116.91643844100008,1.5151070133103675],[116.91464142600012,1.5036354993230823],[116.90547868000012,1.4984924823287673],[116.89274579000006,1.4739374693560214],[116.89525727700003,1.4581906463734822],[116.88743192000005,1.455964646375962],[116.89482644500004,1.4436743293896421],[116.89001772200002,1.4291397104057657],[116.89462954800003,1.4245710704108305],[116.89347910300012,1.4200021594159147],[116.90148443800001,1.415089863421345],[116.89059438100003,1.4083358544288653],[116.88927059400011,1.3987051804395985],[116.8801137050001,1.3817045364584828],[116.90491572100007,1.3700618564713865],[116.90354951300003,1.3659588744759288],[116.907292718,1.3599669204826328],[116.89376111700005,1.3448467074994015],[116.88924849300008,1.3459593164981467],[116.88986445900002,1.3413633435032668],[116.87918998800001,1.337784651507211],[116.87386375000006,1.3409237755037702],[116.8700928940001,1.3390100855058504],[116.86337400900004,1.3297046325162538],[116.86392712800011,1.3244301235220888],[116.85417440500011,1.3166082295307826],[116.85394993100012,1.3122429245356377]]}},{"type":"Feature","properties":{"name":"Nyeribungan","cls":"secondary","km":44.33},"geometry":{"type":"LineString","coordinates":[[115.08559899600006,-0.030501495965827272],[115.09019221900009,-0.012783800985668213],[115.09968733200003,-0.02043123497705376],[115.10132141800013,-0.01820818197958176],[115.0925770660001,-0.01073860198793497],[115.09471903400002,-0.0023131999973540376],[115.08613854200007,0.005930523993420828],[115.09676601000002,0.020210371977483408],[115.09267435400012,0.026297914970644824],[115.09936282500007,0.032965475963211956],[115.08847430900006,0.03692645595875561],[115.07393540100009,0.035995238959802174],[115.0888175990001,0.0423220449527243],[115.075756608,0.05804058793512965],[115.07063157300003,0.0702413359215148],[115.06696033500009,0.06823471992371863],[115.06077051400007,0.07157929792005786],[115.06525922800007,0.07529380691582306],[115.07703146100006,0.07455529591666514],[115.07150223800012,0.08806124290156349],[115.07563538700003,0.09112642589816129],[115.07800942700011,0.1027894458851226],[115.0843791970001,0.10728018388009071],[115.07894142200007,0.10518303688247073],[115.07479642000011,0.11036296087664905],[115.06874436600003,0.10436869288332144],[115.06909124000003,0.10933638587779264],[115.05666976200007,0.11184573387498098],[115.05054963200008,0.12203463186360805],[115.05933202900006,0.131182043853402],[115.06329555200011,0.12009285086577395],[115.06693786900007,0.11855845586753111],[115.07060129500009,0.12739122985762588],[115.0641275050001,0.13766539784610682],[115.06489732700004,0.14110595684225402],[115.07041922200007,0.14431200783868892],[115.07268353100005,0.13981164684372208],[115.07462355700011,0.14398894783907598],[115.0828119370001,0.14529990683758967]]}},{"type":"Feature","properties":{"name":"Meribu","cls":"secondary","km":44.1},"geometry":{"type":"LineString","coordinates":[[115.5260870940001,0.23005530574283312],[115.52926628000012,0.22810228674505342],[115.534034936,0.23052741574229071],[115.53968284700011,0.22444025074909696],[115.54875456000003,0.22734709274587073],[115.54772785800003,0.2241858837493949],[115.54318641300006,0.22376157674987873],[115.54128017800008,0.2153463717592929],[115.54436429000009,0.21744533875693858],[115.5451476500001,0.21251356576242447],[115.55006494300005,0.2132947997615574],[115.5536165620001,0.20718126576840049],[115.55758333300003,0.21252186276246282],[115.55855280500008,0.20435725677152902],[115.56220180100001,0.20328275477272523],[115.56647858800011,0.20790722476757825],[115.56470328500008,0.21270144376225644],[115.56819816400002,0.21216492976279902],[115.56963762300006,0.21639902575806666],[115.57898451500012,0.22175019175213745],[115.57560385700003,0.2304217367423869],[115.58043218500006,0.23176318174094532],[115.58068642600006,0.23563615773657548],[115.57471500200006,0.23639178273573797],[115.57688326800007,0.24088827173072608],[115.5735097600001,0.23980016073194524],[115.57451539400007,0.24252809572891945],[115.57206886000004,0.24156326172997458],[115.5695352130001,0.24547835672558316],[115.57110841699999,0.2508726177195946],[115.5755890910001,0.2502657467202514],[115.58397571000012,0.2582166907113428],[115.58601932500007,0.25392598871614236],[115.5938486780001,0.2619267607072057],[115.59120328600012,0.2660487007025846],[115.59523159900006,0.2654453987032531],[115.5975184570001,0.2692129456990437],[115.60521488000006,0.2725398666953057],[115.61266730800003,0.27069656869738634],[115.61602083600006,0.2807055476862365],[115.62544892100004,0.28695608767925873],[115.631060262,0.3006003416639824],[115.64106822500003,0.29661938366842416],[115.64101024,0.2990397506657285],[115.64356383300004,0.298277933666573],[115.64061188500011,0.3023533346619741],[115.64814972600004,0.29650361866852687],[115.66382751100002,0.3058716596580736],[115.66695888200002,0.3111243836522086],[115.69468625600008,0.32502040763669104]]}},{"type":"Feature","properties":{"name":"Jelau","cls":"secondary","km":43.28},"geometry":{"type":"LineString","coordinates":[[115.95769502000007,-0.3909338415628868],[115.959511388,-0.39479322755863827],[115.95623667800011,-0.40557877654654906],[115.94638775400006,-0.41615573253468735],[115.95018318900009,-0.42025462253015383],[115.94842244400002,-0.42241434052775195],[115.95180580000012,-0.42258095052753236],[115.95053963000011,-0.42879758052063816],[115.95474761900005,-0.4332703855156037],[115.95271051200007,-0.4445821955029577],[115.94949191600007,-0.44635400750098164],[115.950564041,-0.4509648404958563],[115.94553005100012,-0.45212715949454024],[115.94585959600009,-0.45586559049035624],[115.93945089200007,-0.45262471849398994],[115.93906503300002,-0.45781684748814244],[115.93452632000003,-0.45803770248794073],[115.93592857400007,-0.46216396548330185],[115.93130743400002,-0.4617617394837432],[115.93276494700001,-0.46419882048105177],[115.92616119200011,-0.47758667446608916],[115.93075433000003,-0.48117345446212184],[115.92148381200002,-0.4850487954577144],[115.91988661399999,-0.49618051544530467],[115.914247337,-0.49811798644311733],[115.91595227400002,-0.5011920194397281],[115.91124879100005,-0.4997789714413029],[115.91080753100005,-0.5066879014336019],[115.90337946300008,-0.5135263984259122],[115.9051656480001,-0.523855578414373],[115.90134123100007,-0.529157790408438],[115.91435166800011,-0.5317907814055637],[115.90959167300002,-0.5388373943976883],[115.91080046700006,-0.5473527153881953],[115.91489911000009,-0.5470488573884678],[115.90813065800013,-0.5561442363783194],[115.91239302600003,-0.5630263433706758],[115.90496648200006,-0.5606711803732677],[115.90405809600009,-0.5641324253694324],[115.89874929500002,-0.5635775903700475],[115.89605217700012,-0.5710121783617538],[115.89838996800007,-0.5727294893598088],[115.8942360220001,-0.5745424603577773],[115.88664488200006,-0.5701103893627243],[115.87759461800012,-0.5722685243603408],[115.87773437700001,-0.5607075253732045]]}},{"type":"Feature","properties":{"name":null,"cls":"secondary","km":42.25},"geometry":{"type":"LineString","coordinates":[[115.18137587100011,1.4858048033428566],[115.18457635900006,1.4543827253777257],[115.19121406700003,1.4355666013985982],[115.20422965200008,1.4271065304079964],[115.20952581100006,1.4168334484194476],[115.21575970800005,1.416061066420284],[115.21711629200001,1.4101065964268766],[115.22643065800004,1.4100382424269213],[115.22892482700001,1.4127024094240315],[115.23920039300002,1.407621818429629],[115.23724324000013,1.4015938214363695],[115.24298782200005,1.4040743004335883],[115.24592175400007,1.3982017614400926],[115.24961390400006,1.40122759343675],[115.25394906600002,1.3966372724418554],[115.25874880000002,1.395991266442566],[115.25970720700003,1.399373391438871],[115.26990639700011,1.3945699344441438],[115.27102181600003,1.3985392154397556],[115.27549563500008,1.3978149764405285],[115.29256331700005,1.416308417420037],[115.29612012200005,1.4106292734263643],[115.30315316300005,1.4092320684278605],[115.31799238500004,1.4132346764234118],[115.31720814000006,1.4094544164276304],[115.32721829100001,1.4085725164285996],[115.32672667500005,1.404805678432797],[115.33142804700002,1.401577074436346],[115.33608593800012,1.406002658431479],[115.33393348800007,1.401129482436841],[115.3377670440001,1.4014085934365406],[115.33637556500004,1.3989427364393117],[115.33936730900007,1.3965919084419083],[115.3451946880001,1.3999580824381768],[115.34756193900012,1.3968891654415772],[115.34785984000007,1.4003270694377432],[115.3633599760001,1.3974190494409633],[115.37414669600003,1.403475460434273],[115.3859984400001,1.3949196104437527],[115.38579120400003,1.3918871114471458]]}},{"type":"Feature","properties":{"name":null,"cls":"secondary","km":42.23},"geometry":{"type":"LineString","coordinates":[[116.6070340890001,1.262693547590749],[116.60400888000004,1.2377037196185492],[116.61569988400005,1.2323242886245358],[116.6210937420001,1.2241385856335956],[116.62644614500006,1.2246095116331417],[116.62768583700007,1.2191778526391395],[116.6339985080001,1.2184778296398981],[116.63667574700004,1.2068811616528412],[116.64781672400011,1.2070170106526703],[116.64886296400005,1.2039446086560797],[116.65057320800008,1.2077729826518047],[116.65996793000011,1.206499214653253],[116.66712918900011,1.2016653446585897],[116.67156484600004,1.2031609426569652],[116.67027666900003,1.20060005065979],[116.67906452600003,1.1971046696636771],[116.67559820300004,1.1890986096725822],[116.68053956900008,1.1835915296787167],[116.68026821100013,1.1793057406834897],[116.6845906420001,1.178981031683887],[116.68169956600003,1.1715882206920583],[116.68711254100003,1.1703413006934975],[116.6857736390001,1.166912283697272],[116.69313729300005,1.15875124070637],[116.69263661300009,1.1512514707147492],[116.69716784600007,1.1524465637133827],[116.6978337170001,1.1475617597188168],[116.71220221100008,1.138436566728972],[116.71202233300005,1.1323025177358195],[116.71461985200006,1.1323724347357087],[116.71886185700009,1.1454065797211996],[116.72951602200011,1.1511511157148424],[116.7250244380001,1.1306693017376175],[116.73834388500005,1.116397859753539],[116.73755025600008,1.10673752876428],[116.74539018400003,1.1084426817623556],[116.75461324400011,1.1001120487716762],[116.74284471100009,1.079196590794958]]}},{"type":"Feature","properties":{"name":null,"cls":"secondary","km":41.91},"geometry":{"type":"LineString","coordinates":[[115.55632372500008,1.3086082165397113],[115.54414563500008,1.2882197345623154],[115.52855493600009,1.2801794115712775],[115.5228954480001,1.2850826385658072],[115.51208041100006,1.2858179455650138],[115.50494718000004,1.2907789995594923],[115.50273463800009,1.2991523895502108],[115.49122632000001,1.301988706547065],[115.48567593000008,1.3068165185416734],[115.48022475000005,1.3056328385429694],[115.47606806200007,1.299269685550049],[115.46871878000003,1.3036358795451974],[115.46312988600005,1.300293109548894],[115.45751075700002,1.3075812825408046],[115.45458824700006,1.3059212865426402],[115.45828439400009,1.301696446547334],[115.45508622600003,1.2977518625517073],[115.44384498400007,1.294369522555516],[115.43766506300004,1.3001178255491541],[115.43062732500005,1.3002839405488955],[115.43199473700008,1.3083648635399385],[115.4261748780001,1.3116249185363074],[115.43145581400007,1.3275697515185862],[115.42814320900003,1.3286476865173957],[115.43611785000007,1.3356149155096686],[115.43036718200007,1.3482726354955863],[115.43610874300009,1.35280437349058],[115.43872233300011,1.3618719894804805],[115.43321669900001,1.3656279024763345],[115.43133226300006,1.3722995994688951],[115.42553304600006,1.3706781614707058],[115.42539553400002,1.3793600734610123],[115.41672352600004,1.3757022664651],[115.4172557920001,1.383020933456988],[115.41402346900009,1.3777997544628071],[115.40654459200005,1.3774270874632124],[115.40664771200011,1.3867277394528719],[115.39969327100006,1.3895091874497532],[115.40134620400012,1.3994321824387272],[115.39750868700003,1.4023016374355621]]}},{"type":"Feature","properties":{"name":null,"cls":"secondary","km":41.85},"geometry":{"type":"LineString","coordinates":[[116.56087772700005,0.6750145472456826],[116.54816337400007,0.6614618962607901],[116.54152420800006,0.6653985132564408],[116.53830216600011,0.6594407512630308],[116.53202885400003,0.6632213762588628],[116.53007284100012,0.6598416412626237],[116.52314872400008,0.6660326762556947],[116.51984009400007,0.6631933162588625],[116.52244017500006,0.6609935692613617],[116.51517574800006,0.6611501322611684],[116.51640073400006,0.6553170442676849],[116.50666634100001,0.6466188242774285],[116.50210977800009,0.6460867672779761],[116.50109382000005,0.6403388492843903],[116.49710838400007,0.6390026012859307],[116.4955908290001,0.6278685682983329],[116.494026426,0.632556500293129],[116.4897489240001,0.6273117522989788],[116.48705916000004,0.6310875612947363],[116.4830411820001,0.6222606063045669],[116.4802155980001,0.6262174663001888],[116.47179872400011,0.6273828782988737],[116.46428202200002,0.6242819393023685],[116.46819138500007,0.629172037296849],[116.46621093200008,0.6322981502933781],[116.4600193120001,0.627700294298545],[116.4551474210001,0.6309993732948572],[116.44902737100006,0.6284789552976555],[116.44831867300003,0.6316215132941708],[116.44205612400003,0.6235380953031656],[116.43906049500004,0.6275022632987258],[116.43593701700001,0.6247814263018239],[116.43013707500006,0.6269717012993475],[116.42640874000007,0.6211421203058437],[116.4242915230001,0.623930603302771],[116.4172328210001,0.6221728543046475],[116.41615885800003,0.625283742301235],[116.41336781100006,0.6219578733048999],[116.40694535700005,0.6221641843046639],[116.399157553,0.6288484612972474],[116.39991150100002,0.6376118172874544],[116.392412465,0.641595915282979],[116.38925662800011,0.6506172432729227],[116.3859964840001,0.6497272082739194]]}},{"type":"Feature","properties":{"name":"Ketangui","cls":"secondary","km":41.83},"geometry":{"type":"LineString","coordinates":[[114.30458669200004,1.3380407865069948],[114.32310973900007,1.3180289655291955],[114.3297818850001,1.3211245505257956],[114.33460011900002,1.3182797155289483],[114.34157830000004,1.3205196025264387],[114.35095446800005,1.311888598536018],[114.35176190700008,1.3147989085327996],[114.36044517100004,1.3178026995294638],[114.37347352900008,1.3106220905374715],[114.38056503000008,1.3132881575344406],[114.38462713000001,1.3065067985419685],[114.40043231100003,1.3045567895441923],[114.43496773100003,1.2879682705626307],[114.44021466900006,1.2888360265616834],[114.44025528700001,1.2865884865641597],[114.44326288200011,1.2917102535584783],[114.44929570500005,1.2893957355610717],[114.45958045300007,1.2924569165576254],[114.47136261500009,1.2821017535691426],[114.48142189300006,1.2835016955675493],[114.4867784280001,1.290919636559345],[114.48813876700002,1.287819317562804],[114.49265298600007,1.2897592415606458],[114.50109094700008,1.2860603175647614],[114.50224474200002,1.2815656305697356],[114.50762884100004,1.2785849425730675],[114.51545067200004,1.2817667695695205],[114.52224485200009,1.2798355215716615],[114.54200784900002,1.2578170475961368],[114.54769086200008,1.2447034936107595]]}},{"type":"Feature","properties":{"name":"Sedulang","cls":"secondary","km":41.62},"geometry":{"type":"LineString","coordinates":[[116.90846559600004,0.2193150577548503],[116.90913844900001,0.20993902076528934],[116.91582293100011,0.20492392677089688],[116.90811852500008,0.20404287577192537],[116.90794812900002,0.20040096977596025],[116.92264312800012,0.1899240727876867],[116.92665953000005,0.18915344778859342],[116.92983711500005,0.19392522378321556],[116.94396050700004,0.1911188867863994],[116.94773243500003,0.19292997478429896],[116.94878745100004,0.18842305678934362],[116.95571015100008,0.18648427079153077],[116.96175654800003,0.19053814978703243],[116.96076388000006,0.17776432180127372],[116.95321853600001,0.1724005238073032],[116.9583116140001,0.16441359081620113],[116.95602654300001,0.15870365582261592],[116.95958145900012,0.15552576682613703],[116.97161084800008,0.15651646482502782],[116.97373919600011,0.14855974283390996],[116.98825979800006,0.14241594684081843],[116.99683393900011,0.1270566208580191],[117.01225203800004,0.12234221186325721],[117.02727116600012,0.11161801687525595],[117.03863211300005,0.11675391986952742],[117.05983078600003,0.11390607787271252],[117.08307529800005,0.09709030089146074],[117.09686537400012,0.09539896389336629],[117.10186393700006,0.08282664890744217],[117.111142717,0.07367394791761857],[117.11715785200012,0.08273439490753169],[117.12598171600006,0.0815585089088595]]}},{"type":"Feature","properties":{"name":null,"cls":"secondary","km":41.0},"geometry":{"type":"LineString","coordinates":[[116.13865234300012,1.674694998133397],[116.159356118,1.6483543181626084],[116.16970815500008,1.6418682811697958],[116.18216489600002,1.6175297461967713],[116.18834171900006,1.6135846632011677],[116.2082577850001,1.5847029412331262],[116.21121471100004,1.5862158012314953],[116.21742277700002,1.5755829822432819],[116.22422149100008,1.5743484842446576],[116.23149727400003,1.5682217832514092],[116.2357317840001,1.5621859032581074],[116.23512261400005,1.554848402266249],[116.24312466100002,1.5595254882610725],[116.24703046000002,1.5585149602622175],[116.24799375700003,1.5634280402567309],[116.2675142070001,1.555109477265988],[116.26901364700007,1.5422820342802135],[116.27294381500006,1.5392931682835307],[116.2696424090001,1.534481543288867],[116.27545624300002,1.510706496315223],[116.26640203400007,1.5078458483183599],[116.26733717200013,1.504510552322076],[116.26441787600002,1.5026701123241601],[116.2664712720001,1.5003071413267366],[116.26356958200007,1.4949479843327258],[116.2692081240001,1.4886777083396747],[116.26984876800009,1.4789657283504134],[116.261139575,1.4690065623614956],[116.26252188900003,1.4557735623761774],[116.26968055200007,1.436424133397645]]}},{"type":"Feature","properties":{"name":null,"cls":"secondary","km":40.35},"geometry":{"type":"LineString","coordinates":[[116.47368040900005,0.845512523055465],[116.47058958900004,0.8485026200520677],[116.47396519499999,0.8531537070468878],[116.4698198100001,0.8528347290472756],[116.46934493000002,0.8562579930434308],[116.46590113500008,0.8569629720426765],[116.46693061500002,0.8611914900379327],[116.46342175300003,0.8612927470378083],[116.46664870800011,0.8645344090341875],[116.46265069300011,0.8691354970290849],[116.46549404200005,0.8777500640194809],[116.46213376400009,0.8791885630178801],[116.45692178900005,0.8749907250225181],[116.45585487400001,0.8805813370163382],[116.45031833800012,0.8836249550129223],[116.45394456200007,0.886884375009294],[116.45261920500002,0.891799640003777],[116.44028542100011,0.8920645780034777],[116.4383506700001,0.8846533310117571],[116.43735425700004,0.8906925730050548],[116.43119627200008,0.8890338970068866],[116.43355886100005,0.8859350150103712],[116.43180060100008,0.8813605200154296],[116.42908494400001,0.8852867300110656],[116.42491945400003,0.8835801310129568],[116.42504393600007,0.8899494390058669],[116.4192008980001,0.8907760850049687],[116.42098406700008,0.8950622070001852],[116.40898394100009,0.8991023489956398],[116.40937699400001,0.9063763899875285],[116.40175715700003,0.9112428679821127],[116.40500206300008,0.9157415259770719],[116.39739487100007,0.91443872597856],[116.39440902600006,0.91734054197531],[116.39664731200003,0.920560222971723],[116.39149241000007,0.9207012059715493],[116.39419635099999,0.9298844159613193],[116.38928571300004,0.9290529569622481],[116.38703974500004,0.9318838919590571],[116.38566335900009,0.9297051359615264],[116.37507910700003,0.9363345349541661],[116.37100343800013,0.9346806139559782],[116.35637429500004,0.947490618941703],[116.3493727770001,0.9452257569442469],[116.35057266100011,0.9499684739389744],[116.34539501200005,0.949984004938898],[116.34026285900006,0.9561368079320656],[116.33160578700006,0.9555590619327531]]}},{"type":"Feature","properties":{"name":"Temahak","cls":"secondary","km":39.66},"geometry":{"type":"LineString","coordinates":[[115.04565931600007,1.2931153085569507],[115.05135853200011,1.3040531035447318],[115.06051956100009,1.3094123005387797],[115.06161559300006,1.315684506531814],[115.05841713300002,1.3228223405238841],[115.05136606600003,1.3265031225197939],[115.04742993700006,1.3376081155074657],[115.0504907200001,1.3480622194957854],[115.04779499100005,1.3528751544904534],[115.05106598300004,1.3579761724847925],[115.04751598300003,1.366122519475721],[115.04717692300005,1.3847102774550943],[115.04274222200002,1.390971775448162],[115.03735387200004,1.3922821974466881],[115.03786492900007,1.3949171334437667],[115.01542823800003,1.4076301144296761],[115.01366972800008,1.4126710554240607],[115.00843394900005,1.4132767454233859],[115.01213060400005,1.4159687024203593],[115.0096750580001,1.4212560774145304],[115.01464805100012,1.4308732234038148],[115.00825509500011,1.4513283013811051],[115.01285651900002,1.4646814783662858],[115.01199356200006,1.4725500243575609],[114.99527940100006,1.4893681713389206],[114.99270949300002,1.5049924383215345],[114.97131650500012,1.5308279662928796],[114.97513113900004,1.5369260122861665]]}},{"type":"Feature","properties":{"name":null,"cls":"secondary","km":39.64},"geometry":{"type":"LineString","coordinates":[[116.63222013500001,0.668071433253484],[116.62830000800011,0.6647264692571765],[116.61867093100011,0.6666383652550313],[116.61813207900003,0.663727643258308],[116.61530703100004,0.666976965254646],[116.6136492060001,0.6637357352582628],[116.59996966400003,0.671194768249963],[116.59657282900004,0.6696348072516978],[116.59870931900002,0.6717200342493367],[116.59662656400006,0.6748921712458411],[116.5937949890001,0.6733486212475533],[116.59291857000007,0.6769908442434612],[116.58810845800008,0.6782263182421038],[116.58088671500003,0.6735361862473251],[116.57996938200007,0.6765594832439621],[116.5727040910001,0.673734359247113],[116.57235285900005,0.6758860172446857],[116.5706958730001,0.6723402302486455],[116.56312766200007,0.6783064092420406],[116.56257259100005,0.6747390322459922],[116.55651425200006,0.6739337492469003],[116.55326779200004,0.6786422692416649],[116.54478741600009,0.6729742102479863],[116.54294657000003,0.6778261972425337],[116.53764000900004,0.6760442952445161],[116.53759014600007,0.6805152342395223],[116.53515982300007,0.6787085072415754],[116.52778874500007,0.6830656022366983],[116.52538661000006,0.6797497812404063],[116.5231075050001,0.683004507236788],[116.5199390470001,0.6805562422395204],[116.51807567700007,0.6848991582346687],[116.52055940100001,0.686926193232353],[116.51244584900007,0.6891431462298873],[116.51182957500009,0.6937691572247732],[116.51064353100001,0.6906530172282211],[116.50476411700005,0.6928906312257674],[116.50019055200003,0.6876303322316449],[116.49383435100003,0.6912654922275463],[116.4955956970001,0.6988677672190993],[116.48799866500006,0.7045761832127261],[116.48520558800011,0.7119889812043897],[116.47266342500006,0.7185585471970699],[116.46821605900006,0.7269134581877725],[116.46322415200007,0.7267536891879709],[116.45940675500005,0.7360087211776326]]}},{"type":"Feature","properties":{"name":"Jarumai","cls":"secondary","km":38.95},"geometry":{"type":"LineString","coordinates":[[114.8189299820001,0.1436108148394778],[114.82234136700004,0.13732713284649412],[114.83256982400007,0.13467470284944474],[114.83746939900004,0.1254620378597403],[114.8502071490001,0.11897400586702386],[114.8496750800001,0.11598460287040044],[114.85504878600011,0.11112369987582274],[114.8592601920001,0.11431761287219401],[114.86508591000006,0.11035425087666326],[114.86596745800011,0.11445004887207473],[114.86728410800004,0.11009100987699345],[114.86967588300001,0.11519501087121718],[114.87581429500005,0.11032955587672424],[114.88920463800002,0.1095222968775921],[114.89273157800005,0.1031916368846947],[114.89627950400005,0.10492735288272388],[114.91354071300009,0.10069720088748003],[114.91810714900011,0.10514581488250743],[114.92138535500011,0.10185499388615385],[114.92781957500007,0.1048053628828406],[114.92882098700011,0.10932816287781912],[114.93394471700002,0.10719474988024554],[114.95082851300003,0.11235406187446584],[114.95328946000006,0.11008481787697162],[114.9504787400001,0.1051750968824362],[114.95822057600004,0.10178955388625427],[114.95774492500004,0.09618377689245963],[114.96318056700011,0.09533813589346506],[114.96485254400011,0.10986409687724788],[114.96266083700004,0.11464692987187919],[114.97366282000007,0.1122923748744797],[114.97296273500001,0.10569194788190411],[114.97840080700009,0.1056109298819863],[114.97985967900003,0.11398811587256348],[114.98454796800003,0.11216654887463055],[114.99182159200008,0.12776401785721653],[114.99634915200012,0.1252532158599705],[114.99781132400004,0.13709557784678766],[115.00359512300008,0.13872810584492998],[115.00839502400004,0.14574043783713922],[115.01850832000004,0.14370766783936278]]}},{"type":"Feature","properties":{"name":null,"cls":"secondary","km":38.71},"geometry":{"type":"LineString","coordinates":[[116.84317588300006,0.730324328183944],[116.84732430000008,0.7296696211847122],[116.84450050100007,0.7319918941820848],[116.84618838200004,0.7352476711784935],[116.84773817100005,0.7332653301806582],[116.854425117,0.7361837671773855],[116.85964314100012,0.7535982761579537],[116.87619155800009,0.7551426851562724],[116.87603622900006,0.7579908301530531],[116.870461448,0.7597081831511254],[116.87083668800007,0.7629006211475967],[116.874809518,0.7629530761475183],[116.87561632400002,0.7720651501373548],[116.87969739000005,0.7627811891477254],[116.8798874360001,0.7702180041394188],[116.88404703700009,0.7728787711364785],[116.88715796500001,0.7663623881437085],[116.90980686100009,0.7786716521300325],[116.91542464800011,0.7740271691351773],[116.91699198700007,0.7779655191307892],[116.9195253910001,0.7730448461362748],[116.92754926500004,0.783166204124975],[116.93472829700012,0.7759823401329753],[116.93812472000002,0.7789484671297155],[116.93429522600003,0.7860082551218297],[116.93766090700001,0.7946431171122066],[116.94260977700003,0.7972600271092558],[116.94919301700008,0.7929163911141036],[116.95394868000007,0.7937038811132082],[116.95258902700004,0.7874552011201754],[116.96211084700008,0.7875467611200748],[116.9577711170001,0.784837015123101],[116.95952072500008,0.7803491591281275],[116.96545467800003,0.7803812641281203],[116.96592088100012,0.7837747581242926],[116.96989634500005,0.779983477128501],[116.97513959300011,0.7874506831201477],[116.98643141900006,0.7898134821175439],[116.98601990300007,0.7979903711084777],[116.99202637800012,0.7982466011081605]]}},{"type":"Feature","properties":{"name":"Pedahan","cls":"secondary","km":38.61},"geometry":{"type":"LineString","coordinates":[[116.26723707400004,0.6038424623251581],[116.26190979500007,0.6096455633187104],[116.25368471500008,0.6076446413208971],[116.24692349400006,0.614497228313255],[116.23980029000006,0.6152672993123701],[116.24058805000006,0.622838724303953],[116.23669465700003,0.6269950512992762],[116.2332185,0.622867344303904],[116.23197050500005,0.624975900301544],[116.22474841000007,0.6222664063045733],[116.22617486200012,0.6189750463082426],[116.219561655,0.6189940923082102],[116.22180089200003,0.6231940083035458],[116.2161928700001,0.6251609723013537],[116.21191431300008,0.6205822793064859],[116.20700718400008,0.6230829813036582],[116.20457621900005,0.6177137643097111],[116.19320505400005,0.6239860343026553],[116.19417361100011,0.6292973512967414],[116.18889993800008,0.62772896929844],[116.19103618100007,0.6339842452915069],[116.18262406400004,0.6328517892927914],[116.18076841600009,0.6447461242794538],[116.17464892200009,0.6460370212780067],[116.17507731400008,0.6513516152721358],[116.16944158500006,0.647847238276027],[116.16541755500009,0.6495856312740494],[116.16540687200006,0.644154627280122],[116.16201909400002,0.6413048702833203],[116.15601908600001,0.6464763922775771],[116.15429591700001,0.6389180112859668],[116.15064699800008,0.6490188542747278],[116.15236338400008,0.6519529232714343],[116.14671525000006,0.6517425462716466],[116.14551715100005,0.6485356782752255],[116.14385396500006,0.651896595271485],[116.13695272300004,0.6471593652768016],[116.13682727200002,0.6529065592703537],[116.13422122600001,0.6533943272698072],[116.13269968400006,0.6476897252762016],[116.12873629600007,0.6486654832750927],[116.12636702400005,0.6444805492797733],[116.12063783700012,0.6434134862809499]]}},{"type":"Feature","properties":{"name":"Siat","cls":"secondary","km":38.44},"geometry":{"type":"LineString","coordinates":[[115.40027213600001,-0.19528086278162016],[115.39873607800006,-0.1924083247848714],[115.3961648940001,-0.1944282227825366],[115.39453472600006,-0.1921238457851363],[115.378607191,-0.19210654878515349],[115.373967449,-0.1862982647916309],[115.37644499100008,-0.17921229079956666],[115.37030001500013,-0.17637095480273904],[115.369548054,-0.17035789280949337],[115.35772853400012,-0.1634916928171932],[115.35362110700008,-0.16592178381443676],[115.34863655300002,-0.15922980882193222],[115.3470060520001,-0.16118663981971976],[115.34794731900001,-0.15245928882951865],[115.3390435570001,-0.14717166283541164],[115.34020398400003,-0.1419321578412693],[115.3365669870001,-0.14328913683974948],[115.33835457100008,-0.1363610168475214],[115.33609731800004,-0.13443547084966087],[115.33612844600009,-0.1377181028459621],[115.33123763900005,-0.13506641084895715],[115.3280082230001,-0.13673905884707357],[115.33061122800007,-0.12536054185975187],[115.3423995170001,-0.1294645958551662],[115.34443772000009,-0.12504578786015366],[115.32979659900003,-0.11663314286953168],[115.32813551100003,-0.1061697038812543],[115.33227421700008,-0.10260323288523882],[115.33806840600003,-0.08682069690288038],[115.32890991100011,-0.07359422291762698],[115.32089473600003,-0.07028160792137521],[115.32167883400005,-0.061554324931130125],[115.31013184100004,-0.04582728994875082],[115.3074593340001,-0.027941558968700392]]}},{"type":"Feature","properties":{"name":null,"cls":"secondary","km":38.33},"geometry":{"type":"LineString","coordinates":[[116.21243195300008,0.1471131528355269],[116.2155103570001,0.14153079384182993],[116.22209840600009,0.1388321298448213],[116.23498992600003,0.1383028938454164],[116.23910800700003,0.14156887884175515],[116.25427833400012,0.13374845785052214],[116.25443170200003,0.12909734185568952],[116.26309822000006,0.12976119685494458],[116.27507452200007,0.11853752586753283],[116.2800080940001,0.11741274286877046],[116.28216577800004,0.10897659087821451],[116.29561069100009,0.10071676288741953],[116.300800847,0.09300522389603783],[116.31132983700002,0.09507466189375366],[116.32027825200011,0.0918891238972723],[116.3217350320001,0.08371164890644794],[116.32829678700011,0.08092761090955512],[116.32924761200003,0.07149408592008555],[116.33668653400004,0.06107236393174493],[116.34814408000011,0.05141094594256734],[116.35016620300009,0.04559046294906775],[116.36449642300012,0.03601712695976037],[116.36359529600008,0.03222673896401786],[116.36841185700007,0.02716660696967241],[116.36550197500004,0.026542234970361154],[116.36575859000006,0.02288849597444531],[116.36969370400006,0.020241868977437207],[116.37633355300011,0.022357305975082033],[116.37684150400003,0.01768853398029708],[116.38487732700004,0.014979177983270722],[116.38236451500006,-0.00035030399953574703],[116.37899516000004,0.00040635499960673494],[116.37549383800001,-0.004616096994770094],[116.37228701400011,-0.0014840279982577607],[116.36797933700007,-0.006977183992132286],[116.36146997000004,-0.008037255990979333],[116.36400670100011,-0.011169320987463097],[116.3598904600001,-0.020180000977386297],[116.36286914700008,-0.023510815973679357]]}},{"type":"Feature","properties":{"name":"Cihan","cls":"secondary","km":38.26},"geometry":{"type":"LineString","coordinates":[[114.244039412,0.524549160413713],[114.2383621250001,0.5319644544054332],[114.23730041500005,0.5436278743923676],[114.22823984600006,0.5564858793780157],[114.23091246700005,0.5729053513596797],[114.2362652270001,0.5821335483493773],[114.2352159290001,0.5927283973375553],[114.22992502400007,0.6026724753264946],[114.2362639690001,0.6168659653105932],[114.23669920100008,0.6300524852959087],[114.24506910500008,0.6471815482767482],[114.24590123000007,0.659162535263394],[114.23559323000006,0.663953588258071],[114.23535026100001,0.6730657682478886],[114.2385515000001,0.6765542472439836],[114.23906194300004,0.693829877224688],[114.24376309300011,0.695922958222338],[114.24662700400006,0.6934391652251457],[114.25815450400012,0.6941090692243439],[114.26073381200001,0.6973574622207406],[114.24834470000009,0.7101395002065155],[114.2517854780001,0.7283236581862002],[114.2579806230001,0.7267460061879321],[114.25061455000002,0.7347435981790246],[114.25177337100001,0.7407854341722623],[114.24415563400011,0.7480205191642046],[114.24800730700008,0.7526547981590046],[114.24446209000007,0.7618500671487488],[114.25023950400009,0.7664766021436054],[114.26722259600002,0.7644202501458809],[114.26952380000013,0.7684680201413636]]}},{"type":"Feature","properties":{"name":null,"cls":"secondary","km":38.2},"geometry":{"type":"LineString","coordinates":[[115.94653020200009,0.9119542339813346],[115.94716253900005,0.9145531499784287],[115.95167069700007,0.914209801978825],[115.95312943300007,0.9331592849576835],[115.95811444500009,0.9334494009573961],[115.95638971700008,0.936877259953545],[115.97051088800005,0.94246399694731],[115.96965616400006,0.9518517359368341],[115.96655127400004,0.9531307089353908],[115.9720400230001,0.9698957979167177],[115.97509549900008,0.9745893979114834],[115.97991252600002,0.9739549019121997],[115.98490067600005,0.981886097903392],[115.98548023700005,0.9921442408919406],[115.98961941100004,0.9991852508841255],[115.99633879300008,0.9995611538836425],[116.00011893600004,1.0059485988765648],[116.00091367300001,1.0290877418507756],[116.00786547700012,1.0461760088317527],[116.00783668100007,1.0555522928212835],[116.0245472370001,1.0651557938106],[116.02810945700003,1.0747324377999432],[116.02451846500003,1.0831514497905514],[116.00285953800005,1.1016387607699396],[116.00553770500004,1.1158291127541546],[116.00275515900012,1.1189309087507355],[116.00758880200011,1.12311629374603],[116.00902123800007,1.1399185507273157],[116.0043528760001,1.1557384667096995],[116.0090309620001,1.165918621698388]]}},{"type":"Feature","properties":{"name":null,"cls":"secondary","km":38.11},"geometry":{"type":"LineString","coordinates":[[116.38133762400003,0.4524448684942678],[116.37527502600005,0.46678383447825694],[116.3683079550001,0.4716777734727724],[116.37062965000007,0.4758471124681287],[116.36816098100007,0.4800376164634516],[116.36500361300011,0.4793587934642362],[116.36731457800012,0.48284415746028647],[116.3644614210001,0.488573920453948],[116.35982966800009,0.4870744014556137],[116.35425398300002,0.4932024524487366],[116.3529326360001,0.49048258945177253],[116.33305971800007,0.4902834574519699],[116.32502701800003,0.4867572674558996],[116.31734167800005,0.4934016674485053],[116.31629316300005,0.5092938904307512],[116.30930324200007,0.5087849914313685],[116.31124894000006,0.5117369364280331],[116.30949675700003,0.5153793954240001],[116.30515558400009,0.5155640484237375],[116.30439247400011,0.5216579174169785],[116.29813020000005,0.5227992294156676],[116.29428273500004,0.5168162524223461],[116.29237289000002,0.5227997254156795],[116.27656290100003,0.5235890604148056],[116.27964283900008,0.5295464964081414],[116.27355654100008,0.5326003644047345],[116.27813966200006,0.5388490523977248],[116.27032335100012,0.5463149293893981],[116.2724721090001,0.5502178423850351],[116.27883741900007,0.5488527013865618],[116.28053451400002,0.5511578943840125],[116.26822166900001,0.568385404364774],[116.27132978300006,0.5719440083608017]]}},{"type":"Feature","properties":{"name":null,"cls":"secondary","km":37.69},"geometry":{"type":"LineString","coordinates":[[116.82995144900006,0.6523543892709548],[116.83424531600009,0.658164267264508],[116.84039800200004,0.6572561362655266],[116.83847784900001,0.6607773742616048],[116.84214051000004,0.6618125472604423],[116.84560104700007,0.6579674542647265],[116.84931963900011,0.6599367562624959],[116.85372148900002,0.6577080822650059],[116.85262625400003,0.6536888912694866],[116.85648093900011,0.6579079892648019],[116.86088317100007,0.657753976264954],[116.8603648510001,0.6605834922618096],[116.86175049000008,0.6558471982671071],[116.86435326200002,0.6580144382646724],[116.86675112000013,0.655519852267447],[116.87005747,0.6603669802620177],[116.87634291800008,0.6604593372619487],[116.87733598100012,0.6661903642555279],[116.87968198300005,0.6624063002597422],[116.88314329400009,0.6626654452595101],[116.8851168770001,0.6732348962476861],[116.89095727900009,0.6760398082445312],[116.89282471700005,0.684417365235186],[116.9023053940001,0.6872204992320373],[116.90392816300006,0.6844056612352105],[116.90660602000004,0.6888017732303156],[116.90931981700011,0.6870924882322107],[116.91148217000013,0.6952078162231483],[116.91498155800004,0.6935808342249636],[116.91563359800011,0.6977528012202892],[116.92046448700013,0.6979963292200001],[116.92659454000012,0.6922836582264404],[116.94408202400007,0.6983460662196418],[116.94195621300003,0.7075226892094497],[116.94542831500007,0.7094364822072645],[116.94686777100002,0.7073061952096392],[116.94656553600008,0.711069076205442],[116.95841172500002,0.7158673842000722],[116.95817544100011,0.722727849192424],[116.96200381300004,0.720531849194899],[116.96146200700002,0.7254987611893002],[116.96579177700005,0.7254653041893927],[116.97258768200003,0.7368437551766838],[116.98779663800008,0.7351848321785569],[116.99011990600002,0.7382538541750974]]}},{"type":"Feature","properties":{"name":"Puyuh","cls":"secondary","km":37.67},"geometry":{"type":"LineString","coordinates":[[115.33844050900007,0.5725375773601318],[115.34005299700006,0.5838219853475191],[115.34582195000007,0.5918526913385342],[115.33820027900005,0.6047664163241551],[115.36272640000003,0.607405264321208],[115.36995896300003,0.613900748313898],[115.37995770600001,0.612941999314976],[115.37389795400009,0.6328784582927227],[115.36441626700001,0.6422530732822906],[115.36256518900008,0.6560271612669022],[115.35676592100005,0.6685083812529128],[115.35720273400013,0.6821925682376832],[115.36499003300003,0.697427674220651],[115.36307773300008,0.721563455193734],[115.36542896000003,0.7284765641860281],[115.35881853200009,0.7416380921713436],[115.3612812770001,0.7562737271549773],[115.35378791300002,0.7691421381406423],[115.34485007700005,0.7762434141327135],[115.33189041600008,0.7770101411318525],[115.32916824400002,0.7807451151276867],[115.32173808300001,0.7821628831261359],[115.31508948400007,0.7917370611154179],[115.30225696900004,0.7933029371136798],[115.28951060400006,0.8088725500962872]]}},{"type":"Feature","properties":{"name":"Sabintulung","cls":"secondary","km":37.66},"geometry":{"type":"LineString","coordinates":[[116.73997136300012,-0.07372746191751683],[116.75877050200006,-0.08016579191031149],[116.76574599000001,-0.07955030791102845],[116.76817373300004,-0.07448965991664307],[116.77508083300008,-0.07260901291877224],[116.77716664100001,-0.06329126692918491],[116.78267180500006,-0.06541126792680697],[116.77976535200003,-0.06048739493230715],[116.78800600100011,-0.06253900893005467],[116.79416084300011,-0.054349648939190864],[116.79607568300004,-0.06033352393246291],[116.80643633300006,-0.050622550943358276],[116.81402556400008,-0.04866456594556275],[116.81285372100001,-0.037035423958543236],[116.81787602600002,-0.035644992960090584],[116.83139436800002,-0.04820113194605234],[116.84725649600013,-0.04702139994734236],[116.84863762200007,-0.05157194394226663],[116.85462255500012,-0.04592591394860673],[116.86391381000008,-0.05761830393557033],[116.86981503000005,-0.05820820393484693],[116.87115432200005,-0.05471102793873273],[116.87667887200008,-0.054331826939181586],[116.87726480200001,-0.0574919309356877],[116.88132451100013,-0.05673351493650906],[116.87939928200001,-0.06006215093279365],[116.891955068,-0.06625598092585289],[116.89015541000005,-0.06313800792935809],[116.89735407900002,-0.05858747293445262],[116.89739594000002,-0.05391051893964302],[116.90074415400011,-0.05369985093995233],[116.89768891300002,-0.051256031942667944],[116.90492942900003,-0.04889649794530892],[116.90739873500003,-0.050918968942992526],[116.908570617,-0.04569426294885447],[116.91145845300004,-0.045947075948588725],[116.90961694200008,-0.039184447956167094],[116.915978558,-0.03073643796560647],[116.90999363000003,-0.023426055973720404]]}},{"type":"Feature","properties":{"name":null,"cls":"secondary","km":37.22},"geometry":{"type":"LineString","coordinates":[[116.9616971590001,0.18099218079765803],[116.9715545560001,0.18134411179729185],[116.97345180700006,0.1923390777849872],[116.98673384600009,0.20472645077118304],[116.99003467200009,0.20003723877636598],[116.99638880900011,0.20904936776628122],[117.00316289800003,0.2099171437653425],[117.00799101000007,0.2067197837689219],[117.00744098500003,0.21858690175562098],[117.0169749910001,0.21440572876031505],[117.02058078700009,0.207949524767555],[117.02349951900011,0.21486509675979618],[117.03004262500008,0.2161816827583389],[117.0338915010001,0.21292891676199194],[117.03073541100004,0.20866936276675294],[117.032351929,0.20518427677064702],[117.04332908200003,0.20583450576989365],[117.04967846600006,0.20301690477305778],[117.05864236800005,0.21034259776489878],[117.08045765600004,0.21367092976116012],[117.092438603,0.20496759077089238],[117.10135055800004,0.20484341077101823],[117.10296604000007,0.19900337977750485],[117.11708294300001,0.20836529076708496],[117.12235429400006,0.22038081575365653],[117.14362176100008,0.2258553667475356],[117.1463603950001,0.23275289673983035],[117.14285022600008,0.235034064737235],[117.14133197500007,0.24324535772805625],[117.14627762400005,0.26256698370649434],[117.1447120250001,0.27362451369416546]]}},{"type":"Feature","properties":{"name":null,"cls":"secondary","km":37.22},"geometry":{"type":"LineString","coordinates":[[116.31084966700007,0.21853028975572103],[116.30751086900013,0.22184583175199254],[116.31012795100003,0.22790407574528146],[116.3081919350001,0.2306064027421976],[116.31151081100005,0.24321086672815612],[116.31782802300008,0.2526666797175687],[116.31740028200011,0.2722921146955926],[116.32898785600004,0.2796485086873971],[116.32812422400004,0.2829310436837465],[116.33469915000002,0.2917739806738616],[116.33940949100008,0.29576168166937356],[116.33948166000006,0.29321054167225086],[116.34098546900007,0.3071885066565872],[116.34717603900003,0.31050571265291615],[116.35327838900002,0.32416960163760544],[116.34450546300003,0.3328148416279935],[116.34188316900007,0.34043473661944945],[116.34569768700008,0.3522012956062847],[116.33666906500002,0.36317076459406367],[116.33933488900004,0.3712946095849547],[116.33525880700007,0.383794129571004],[116.33800627000005,0.38466974756997785],[116.3374441630001,0.38873439556551215],[116.32350251000003,0.4021706225504761],[116.31857232800006,0.4148074065363584],[116.309860747,0.41653954953440453],[116.30437237600006,0.42137012952899905]]}},{"type":"Feature","properties":{"name":"Kenohan","cls":"secondary","km":36.61},"geometry":{"type":"LineString","coordinates":[[116.03288082900008,-1.0097553018722436],[116.0467854320001,-1.0026363328801084],[116.05135602600002,-1.0059785978764058],[116.05160504500009,-1.0110846178707404],[116.05893355800004,-1.0059808068763847],[116.07640712900002,-1.0011950318817469],[116.09106053500011,-1.0039727858786576],[116.09369136900011,-1.0018302578810732],[116.0959450680001,-1.0047305958778154],[116.09882755500007,-0.9983646358849035],[116.10202070600006,-1.0010130818819503],[116.1023973970001,-0.9975461338858027],[116.1048376670001,-1.0053003968771717],[116.10897154000007,-1.0030321878797033],[116.10909820200006,-0.9978001168854822],[116.11404414500011,-1.0031596488795742],[116.12456539900006,-1.0024060468803897],[116.1243167670001,-0.9953457598882636],[116.13101734400004,-0.9966082998869149],[116.12857425800007,-0.9992552358838989],[116.13151692400002,-1.0020296828808486],[116.13358562000009,-0.9941820248895906],[116.13659081800007,-0.9973347108860354],[116.13797005200003,-0.9916616638923456],[116.14122597200004,-0.9939949198898096],[116.13965919100008,-0.9984071648848524],[116.1434794170001,-0.9981560168851914],[116.14454538500001,-0.9929871788909149],[116.14748773400005,-0.9970854178863628],[116.14972303600007,-0.980320869905011],[116.14405825300004,-0.9754128479104743],[116.14755788200011,-0.9752879319106117],[116.14971299900002,-0.9661435459208203],[116.15332556300008,-0.9650378109220425],[116.14945251900009,-0.9609791499265802],[116.15526684100007,-0.947648177941453],[116.15060833400004,-0.9443534519451412],[116.15427411100006,-0.9395588949504523],[116.15350703600006,-0.9309323539600706],[116.15739185300005,-0.9290671389621713],[116.15911467800005,-0.9233802299684731],[116.16410240900005,-0.924047897967755],[116.16322290000005,-0.9160706039766513]]}},{"type":"Feature","properties":{"name":"Bubuh","cls":"secondary","km":36.03},"geometry":{"type":"LineString","coordinates":[[114.23143374800009,0.8000001481061675],[114.23676358500006,0.8035902071022171],[114.23357537100003,0.8055851400999722],[114.23342105400003,0.8147120850897733],[114.2303949300001,0.8159434950884287],[114.22919222300004,0.8221508400814709],[114.231676676,0.8253425210779051],[114.23846825700004,0.8248050730784975],[114.23449579400005,0.8313810060712078],[114.24576330600009,0.8362100600657648],[114.24632027200005,0.8418064140595682],[114.25348455000005,0.8479091750527344],[114.25959327100009,0.8484376750521608],[114.25739980700008,0.858977613040382],[114.26387100700003,0.8611059600380144],[114.27056387200003,0.8734055840243101],[114.26951109400011,0.882902654013737],[114.27375412800006,0.8935920290017905],[114.26760569300006,0.8980245659968679],[114.26954495600012,0.9039045649903102],[114.2645234370001,0.9079764079857778],[114.26868745800004,0.9100716329834533],[114.26783075200002,0.9151497409777534],[114.27299951100008,0.9241590549677428],[114.26830477400006,0.929265813962047],[114.27471063700013,0.940517335949501],[114.28360875700002,0.9448033709446862],[114.29178399000011,0.9436168989460222],[114.29777690300013,0.9511444939376348],[114.33031640500008,0.9637465299235639],[114.33719322500008,0.9742077819119255],[114.34260550900001,1.0000002228831908],[114.35099916500009,1.0076070088747584]]}},{"type":"Feature","properties":{"name":null,"cls":"secondary","km":36.0},"geometry":{"type":"LineString","coordinates":[[115.19713737800011,0.5314859534060004],[115.193793894,0.5090312104310227],[115.1896239140001,0.5037517894369429],[115.17428630800009,0.4949504864467555],[115.14936481300005,0.47347114547080765],[115.14137385600009,0.4717089334727623],[115.1324854400001,0.46243970848306926],[115.11536046400012,0.46195284148369303],[115.11402934400009,0.46859411047627314],[115.1166094570001,0.4734057504708301],[115.10625827700005,0.4742479784699355],[115.096889626,0.4865731514561573],[115.09319274300003,0.49425489744759554],[115.09427753400007,0.5013579144396239],[115.08509619300001,0.5169906834221886],[115.08181198000013,0.5305214374070538],[115.06172962300002,0.554873781379881],[115.02652297500003,0.6255984313008602]]}},{"type":"Feature","properties":{"name":null,"cls":"secondary","km":35.77},"geometry":{"type":"LineString","coordinates":[[116.6245889170001,0.6985751322193697],[116.60349922300009,0.7115628212049159],[116.59373348200006,0.7099079872067338],[116.58701392400009,0.7135352892026735],[116.58497116000001,0.7104466782061214],[116.57554396000012,0.7148899162011607],[116.57083424200005,0.7126743442036142],[116.56435306700007,0.7144178722017286],[116.56543825800009,0.7187417221968804],[116.55848114300011,0.7172582301985648],[116.5562164280001,0.7220340331932056],[116.55120795200003,0.7193897191961468],[116.55165185700001,0.7255638491892815],[116.5429751260001,0.7204541271949533],[116.54323757800012,0.7289054331855418],[116.53349414200011,0.7419816981709647],[116.52981759900001,0.7384656191748615],[116.52120762000004,0.7428621021699383],[116.51900022300003,0.739307996173902],[116.51208899500011,0.7421822771707025],[116.51326450200008,0.7471087251652032],[116.5105290350001,0.7498194931622],[116.50454069900002,0.7483275761638375],[116.5031559140001,0.7517768581600358],[116.49593803700007,0.7458688191665986],[116.49380871300004,0.7533281171582903],[116.48766196500003,0.7547467431566905],[116.48951480900008,0.7665697971434833],[116.48463186300013,0.7745378011345996]]}},{"type":"Feature","properties":{"name":"Sike","cls":"secondary","km":35.66},"geometry":{"type":"LineString","coordinates":[[114.2877733140001,1.2072593336524227],[114.29508876400007,1.2085630346509522],[114.29921062500013,1.2036395846564434],[114.31936250900003,1.2176977916407865],[114.32401224000012,1.2153895886433197],[114.32566282400002,1.217472555641053],[114.33013763400004,1.21208637864705],[114.33360431300002,1.218757303639615],[114.34273697800006,1.2199759626382825],[114.34519164200003,1.217736802640729],[114.34886665700003,1.2209178656371629],[114.35120705000008,1.2179934246404294],[114.35274815800005,1.2219822226360135],[114.35573695700009,1.2182381076401438],[114.35984115500003,1.2198482126383439],[114.36078793900003,1.2166832826418987],[114.36828577700011,1.2194231806388907],[114.38734109600011,1.212349747646735],[114.39075356000001,1.2159922426426821],[114.39458078200006,1.2131515086458475],[114.41453452500002,1.2288198596283988],[114.437032079,1.2233553866345028],[114.46709004000002,1.2227685966351598],[114.47594804500011,1.2255838396320218],[114.48227399300004,1.2234242646344238],[114.48435968000001,1.2163382486422945],[114.49747103400011,1.2257646016318386],[114.50544180400004,1.2230820086347594],[114.51200549700002,1.2161923186424934]]}},{"type":"Feature","properties":{"name":null,"cls":"secondary","km":35.58},"geometry":{"type":"LineString","coordinates":[[114.96227959100008,0.28938618967653523],[114.95906981400003,0.28513898168121926],[114.94896651200008,0.28163361568512707],[114.94098894100011,0.2841112776824193],[114.93746575900002,0.27778047668944633],[114.93817901600005,0.2707975876972716],[114.934015595,0.2664617557021351],[114.9352087430001,0.2585359727110112],[114.92731212600007,0.2505036047199795],[114.92878847700001,0.24269702072867497],[114.92509470100005,0.23018806674267792],[114.93098450300012,0.22721585074599765],[114.93088747700004,0.22273109175104536],[114.93578304700009,0.22146011975249125],[114.93660576700006,0.21438081276035503],[114.93322726300005,0.20718973576836688],[114.94279803400002,0.20187244877436955],[114.94650936300003,0.19211467078527744],[114.94382468000003,0.18905392478867183],[114.94726690000003,0.18382973579453646],[114.96079979600007,0.17622084280302341],[114.96354999700009,0.1790114907999029],[114.96705872700011,0.16952066581051808],[114.97151629000007,0.17660952280256972],[114.9756388820001,0.17236765080733854],[114.97990917200002,0.17659185180263406],[114.984972201,0.17391924880558654],[114.98821395700008,0.16568805281479654],[114.97252214000002,0.14087628484252157],[114.97694223500004,0.13312235285117557],[114.9841070650001,0.13096221385359716],[114.98728654700007,0.12170120486395317],[114.99114827200003,0.12422865386113606]]}},{"type":"Feature","properties":{"name":null,"cls":"secondary","km":35.48},"geometry":{"type":"LineString","coordinates":[[116.73691395800006,0.4561182044901737],[116.73581446700005,0.44960345949743274],[116.74055076600006,0.45145235149537283],[116.74382471600005,0.443077389504747],[116.74654290800005,0.44305014750478533],[116.74632491700002,0.43810321151030723],[116.75134099200011,0.4376516225107745],[116.75448416000005,0.43301357251596184],[116.79378605600004,0.4201297645304095],[116.80698833500003,0.4080704845438673],[116.81658416600011,0.40649966354560074],[116.81874941800005,0.40202564255061957],[116.82136519100003,0.40640099654573514],[116.8294464720001,0.4027735965497708],[116.82940126800008,0.4058603415463053],[116.84525955100003,0.410796519540788],[116.8471310640001,0.4220638415282409],[116.85766439800011,0.43059549651869783],[116.8606618890001,0.43939688350887307],[116.86508339800004,0.44129736550675647],[116.86843969900009,0.43856638850980445],[116.87319451300006,0.4457423965017793],[116.87112555600004,0.45192566949484375],[116.88539277100004,0.46811506347679366],[116.89017576100004,0.505403026435108],[116.89954395600012,0.5108724874290324],[116.90402711600007,0.5193884674194905],[116.90779881500009,0.5174263594216963],[116.91312328900004,0.5196280154192199]]}},{"type":"Feature","properties":{"name":"Batu","cls":"secondary","km":35.02},"geometry":{"type":"LineString","coordinates":[[115.9635476200001,4.785819272944335e-14],[115.95617981100008,0.006865503992407125],[115.94218186800002,0.009873889989009356],[115.92404602600006,0.021310991976217584],[115.905125966,0.053642945940034666],[115.89756748600007,0.05853567693461387],[115.88599037100003,0.055644191937815106],[115.8800265110001,0.047070883947417944],[115.87516499700006,0.047915713946478956],[115.87222188200008,0.04161193895352586],[115.86731419300008,0.0408949619543083],[115.85992351600011,0.03258544196357967],[115.85367036900004,0.03414110096186142],[115.84996174100003,0.03943632395597087],[115.84601702500005,0.038266953957282905],[115.8391180950001,0.04562774694900383],[115.8330907300001,0.04240085495261182],[115.8282966050001,0.043651358951234905],[115.82291488600004,0.039836992955518194],[115.8239114910001,0.03610751095969379],[115.82015805100002,0.036894134958801166],[115.81750466000005,0.033582536962465256],[115.815876504,0.03975969295561594],[115.81437753500006,0.03762679295800334],[115.8125514840001,0.039793396955530344],[115.79085318700004,0.031767519964541545],[115.78071151400002,0.03739179495827294],[115.77702631300009,0.03243331596377473]]}},{"type":"Feature","properties":{"name":"Karomoe","cls":"secondary","km":34.9},"geometry":{"type":"LineString","coordinates":[[114.06732178000004,0.9398872159501793],[114.06719741300003,0.9437000349459286],[114.07228757200005,0.9482265759409123],[114.08495163100008,0.9498772869390579],[114.08307371100011,0.9615155769260557],[114.09081807100006,0.9677595339190715],[114.10121889400011,0.9693748459173201],[114.1058388560001,0.9739984539121838],[114.11937827500003,0.9709540189155423],[114.12674875300002,0.9731725819130833],[114.1290932730001,0.980647147904748],[114.1360255080001,0.9828731309022681],[114.13907357500011,0.9984479868849429],[114.13422891800008,1.0134205838682682],[114.12685984400002,1.0186199028624647],[114.12058727100009,1.0179296608631772],[114.11347886800002,1.0384229508403826],[114.10627311500002,1.03944293783923],[114.10446662000004,1.045722053832258],[114.11201797900003,1.0519803588252725],[114.11132033000003,1.05584251682095],[114.10482660900004,1.0593022808170791],[114.10181896800009,1.0849013597886037],[114.09181788000002,1.0919131767807797],[114.08665825100002,1.0997995387720032],[114.08778302100006,1.1153475417546983],[114.07658651300005,1.1362770297313611]]}},{"type":"Feature","properties":{"name":"Ngahan","cls":"secondary","km":34.89},"geometry":{"type":"LineString","coordinates":[[115.41905003800002,-0.22522209974814286],[115.41478571100004,-0.22696954374616982],[115.41165843000012,-0.22448345974895736],[115.4066962070001,-0.2288625407440897],[115.39872437700002,-0.23014001774259393],[115.38903618100005,-0.22952340974334148],[115.38515668700008,-0.22500135174835864],[115.3807120020001,-0.22803104274497651],[115.36810831800005,-0.2249757677484707],[115.36592073300004,-0.2311778907414928],[115.35884263600008,-0.2323133767402519],[115.35475040100003,-0.23798258873390396],[115.3597105680001,-0.24998543972045698],[115.35764080600006,-0.25364266771633964],[115.35237325199999,-0.25553583471421787],[115.34449669200002,-0.2486459987219549],[115.32904721600005,-0.25186352871834194],[115.31846310000003,-0.2716050996962578],[115.31956692900006,-0.28119265868556004],[115.31011399500007,-0.28230389168434894],[115.299766061,-0.2935585816717568],[115.29586338400007,-0.28906024367676914],[115.28375328600009,-0.29139011567416123],[115.28144807900001,-0.2968580246680681],[115.28046086300002,-0.2944433126707214],[115.2783676910001,-0.2972362956676458],[115.273453732,-0.2943238626708469],[115.26790248900011,-0.30686913665688276]]}},{"type":"Feature","properties":{"name":"Batu","cls":"secondary","km":34.79},"geometry":{"type":"LineString","coordinates":[[115.08559899600006,-0.030501495965827272],[115.0864379520001,-0.03803766295742884],[115.0826398270001,-0.041194307953878635],[115.08029925400001,-0.03759291695791184],[115.08188889500002,-0.0472409789471916],[115.07155459100012,-0.05126438294258363],[115.07265843900008,-0.05842259193459195],[115.06727044400007,-0.061401262931278885],[115.07332028100006,-0.07405056191716637],[115.06435518300009,-0.07420577891698173],[115.06214652000006,-0.08532079190453791],[115.05225401400004,-0.0864317929033324],[115.05662576200007,-0.0931232918958774],[115.04249380300007,-0.09223330589687613],[115.03931366400002,-0.10016920988793548],[115.03357263400007,-0.09923520988900564],[115.03370478900001,-0.104703758882892],[115.02694786600011,-0.10679292688054122],[115.03233517900003,-0.11370674887281035],[115.02646102700011,-0.12224256586327338],[115.03586719100008,-0.12711160185782763],[115.03312866700003,-0.13315790585106674],[115.02619519500003,-0.13351302385068456],[115.0201446420001,-0.1381140728455112],[115.01409484800003,-0.1336676488505374],[115.01352004600005,-0.14211483784103648],[115.00689553100005,-0.145359766837405],[115.01056093000011,-0.14544900983732567],[115.0105164150001,-0.1494280918328605],[115.00645334100011,-0.15178404483024888],[115.0113989580001,-0.15689729682452433],[115.00985301700007,-0.159875903821148],[115.00654111900008,-0.15760817482372383],[115.00300790900009,-0.16067549382033647],[115.0014619970001,-0.1633650998172911],[115.00477389100001,-0.16549945781490866],[115.00101984800006,-0.1687001108113376],[115.00543587200002,-0.1698564988100212],[115.00923311300006,-0.17610338380304175],[115.00689199600004,-0.18123814079727507]]}},{"type":"Feature","properties":{"name":"Pengata","cls":"secondary","km":34.53},"geometry":{"type":"LineString","coordinates":[[114.35943807300009,1.3634882994786939],[114.35924266000006,1.3754996064653113],[114.36302076700008,1.3911669004479577],[114.3670055350001,1.3953561054432864],[114.36383146600008,1.3966446594418527],[114.36654643200006,1.4011152514369185],[114.3558730210001,1.4192144804167564],[114.35941558900004,1.4266558274084942],[114.3560360240001,1.4346873453995732],[114.35244427600003,1.4346533173996598],[114.35333983500004,1.442049586391424],[114.34931491100008,1.4478964233849416],[114.33910338400005,1.447923983384904],[114.33620529500001,1.4440543973891988],[114.31731589100002,1.4406697263929529],[114.31594444900009,1.4367592763972932],[114.31074507900007,1.437719341396193],[114.30877204500007,1.4351568173990585],[114.30555430700008,1.437361947396596],[114.29465299300011,1.432716418401742],[114.29251973200009,1.434523717399768],[114.28948784500005,1.429110119405817],[114.2849958600001,1.4289602484059634],[114.28324604700003,1.4341789874001625],[114.28023846300005,1.4361155533980172],[114.27952933400002,1.433872385400496],[114.27527959700001,1.438596150395268],[114.27114370100003,1.435292088398954],[114.26816567200001,1.4376932653962515],[114.25629381600005,1.4360796393980326],[114.25388120200012,1.4299874644048303],[114.24949415300011,1.4308090164039249],[114.24533971100004,1.4250528854102877],[114.23047904700002,1.4272367204078618],[114.22708057300008,1.4241921114112797]]}},{"type":"Feature","properties":{"name":null,"cls":"secondary","km":34.49},"geometry":{"type":"LineString","coordinates":[[116.28778276000003,0.22582381674755547],[116.28405564600007,0.23029208074258498],[116.29037543000005,0.2487930707218538],[116.2814679060001,0.26500517770375],[116.2867958060001,0.2708943166971832],[116.28745773300011,0.28073991568622264],[116.28408312900002,0.28488184468150207],[116.28947173800009,0.29305682867239025],[116.29548759800001,0.3176710626448741],[116.28944853100006,0.3338693956268275],[116.27811759700002,0.3389691406211042],[116.26681067000005,0.35948495759816823],[116.27714035400004,0.376572809579053],[116.28359126300006,0.37837226957708825],[116.29085887600003,0.4029244185496157],[116.28814489900002,0.4125358815388823],[116.28538450500004,0.41224730353919903],[116.2797122700001,0.42336961952679175],[116.26529140200013,0.4263202765234737],[116.25236549400007,0.43382029051510407]]}},{"type":"Feature","properties":{"name":null,"cls":"secondary","km":34.4},"geometry":{"type":"LineString","coordinates":[[115.39703111200004,1.4100490334269695],[115.39783918600006,1.4145905514218964],[115.3879079930001,1.4227877574128382],[115.38781572700007,1.4329992284014956],[115.38289403500006,1.4308121404038774],[115.37276491000011,1.434208173400117],[115.3799168900001,1.4501755783824357],[115.368814412,1.454804575377278],[115.37051478900001,1.4657030043652004],[115.37917915700008,1.4791017323502895],[115.38435934500002,1.479726209349626],[115.38664230500001,1.4843762953444322],[115.38709403000007,1.4902326533379526],[115.38041762500005,1.4932574633345745],[115.38756658400006,1.5008237183261681],[115.38602195700004,1.5082208763179668],[115.39688660700006,1.5155275153098855],[115.39608805500006,1.5198625613050585],[115.40032080300013,1.5251044262991997],[115.40599985100005,1.5240827593003852],[115.40958420000005,1.5272766832968447],[115.4077353020001,1.5300347192937942],[115.41129254600004,1.5385132192844153],[115.4151938890001,1.5414632452810673],[115.41763258700007,1.5372852862857027],[115.42300200400008,1.543865129278452],[115.425507809,1.5717328832475594],[115.41688326100007,1.5755392292433104],[115.41368371800002,1.601039250214994]]}},{"type":"Feature","properties":{"name":null,"cls":"secondary","km":33.6},"geometry":{"type":"LineString","coordinates":[[115.16745529200011,1.4770656913525364],[115.15237121600002,1.4918280303361733],[115.14279497500003,1.487035361341514],[115.13840916500011,1.4880559223403416],[115.13597646000004,1.4928824573349937],[115.1226144420001,1.4685184243620526],[115.11745457100004,1.4689664133615625],[115.11668585300005,1.4649814223659459],[115.12279942500003,1.4649865863659612],[115.1238529940001,1.4560492013758657],[115.10512317500002,1.4119116374248637],[115.09157826900001,1.390946361448198],[115.07129886300004,1.3886387654507468],[115.06702851500006,1.3785714944619314],[115.06984936500011,1.3768293114638588],[115.06898610500001,1.3727241004684325],[115.06399547500008,1.3705942354707614],[115.06283139000004,1.3570696594857725],[115.05563383100001,1.3495318794942144],[115.05066813600003,1.3293545655166177]]}},{"type":"Feature","properties":{"name":"Ahong","cls":"secondary","km":33.27},"geometry":{"type":"LineString","coordinates":[[116.13366295700008,-0.4333450545155287],[116.13073595000004,-0.4368871565115626],[116.114004528,-0.439441768508692],[116.11213535800005,-0.45493140149140493],[116.10438062800006,-0.45132703149543474],[116.09533669600013,-0.4540857274923119],[116.09577736100006,-0.45797174148799064],[116.08812021000007,-0.4583197074876435],[116.07923350100009,-0.46379059948147766],[116.08156426300002,-0.47168967647270854],[116.07343381300008,-0.4769385674668524],[116.07601669200005,-0.4843459864585049],[116.07028102900007,-0.489595166452668],[116.06237171200009,-0.490640877451534],[116.06180360400005,-0.49717548644419474],[116.0658053620001,-0.49785807744344923],[116.06394537200002,-0.5039166784366285],[116.06734836600005,-0.5050591564353968],[116.06649661300003,-0.5117682014278878],[116.07015176100003,-0.5124666174271412],[116.06844882600001,-0.5217450104167702],[116.07487700200011,-0.5219997404164659],[116.0761377980001,-0.5195256174192008],[116.07749243400008,-0.5218097964166758],[116.07484465100003,-0.5277255414100809],[116.08357225500004,-0.5340236564030799],[116.08026273200005,-0.5398282773965886],[116.08665794000001,-0.5500120143851881],[116.08366336300003,-0.5566731693777324],[116.08832674100006,-0.5584503303757647],[116.08892488700009,-0.562114318371641],[116.08407045000001,-0.5730100573595291],[116.07575115500003,-0.5751340813571559],[116.07477335700004,-0.5810183353505392],[116.08167329300011,-0.5873004173435044],[116.0771353040001,-0.5895360613410733]]}},{"type":"Feature","properties":{"name":"Jangau","cls":"secondary","km":33.26},"geometry":{"type":"LineString","coordinates":[[114.77221997600007,1.0648773528108963],[114.76432112900011,1.074784019799831],[114.75983131800001,1.072148185802785],[114.75459910400002,1.079125682795048],[114.75267671400003,1.0872021867860133],[114.75491887900012,1.092996841779576],[114.74839440100003,1.102667906768806],[114.74821354000007,1.1090194817617438],[114.73021279300008,1.1241543497449256],[114.72734272600006,1.1300413977383374],[114.71623280500012,1.1312071997370297],[114.71561268800008,1.1348762757329554],[114.70804357200008,1.1369053747307054],[114.70746822000001,1.1401433337270934],[114.69917975500005,1.1399780197272786],[114.6931478460001,1.1448508947218545],[114.67712523300008,1.1484974037177988],[114.67396187500003,1.1573405047079308],[114.6657177960001,1.1585869617065885],[114.66415941900004,1.1635965437010225],[114.65563953100002,1.1638387797007133],[114.64797114700004,1.1701066086937402],[114.63329886100007,1.1679343176961277],[114.60863100000006,1.1830985266792955],[114.60077280800012,1.1845525656776434],[114.59529568300002,1.208009177651539]]}},{"type":"Feature","properties":{"name":"Bekau","cls":"secondary","km":33.0},"geometry":{"type":"LineString","coordinates":[[116.12597997100012,-0.3116134816515356],[116.13263814700008,-0.30823825265535426],[116.13897216500004,-0.30973331865367904],[116.14481202000002,-0.3026595876615347],[116.15530294700011,-0.30295932666124004],[116.16322092400003,-0.29957228066500935],[116.17123834900009,-0.2898084306759102],[116.17430713200008,-0.2805423716862804],[116.1752975400001,-0.2704790546975439],[116.16698626200001,-0.23386177973846062],[116.16203805100008,-0.22803270974503817],[116.16451307300008,-0.21468146575992486],[116.16065395200008,-0.20058259777564613],[116.16035816800002,-0.17706822080195625],[116.1538265910001,-0.16620749281412764],[116.13937709800007,-0.16261994781812505],[116.13096443800009,-0.16770103881242276],[116.10533173000012,-0.15913120882201248],[116.09761200300011,-0.16251847581824502],[116.08771544100011,-0.15542732382617974],[116.07148474300004,-0.15290253282904379],[116.05868514300005,-0.14705675483550854],[116.0576297230001,-0.14134434084191183]]}},{"type":"Feature","properties":{"name":"Kasso","cls":"secondary","km":32.4},"geometry":{"type":"LineString","coordinates":[[113.94289884700004,0.6839710132357096],[113.94324148900012,0.6868834732324677],[113.95009433700011,0.685912653233535],[113.95780379100006,0.6927083942259292],[113.96231524900008,0.6900814692288859],[113.97042445200009,0.6963061392219319],[113.9780196910001,0.6919660022267635],[113.97590673000002,0.6872261152320501],[113.99834980600008,0.6961348172221429],[114.00043738500005,0.699826773217957],[114.00408600200002,0.6975654642205092],[114.00604069200006,0.7043916922129007],[114.01345407500003,0.7028821462145604],[114.01055214600001,0.7110737732054231],[114.01603065900008,0.7091398982075668],[114.02205574700008,0.7173668741984206],[114.02398089700011,0.7138854712023396],[114.02653713000008,0.7150391442010247],[114.0295684030001,0.7235516471915385],[114.03515293200007,0.7189712161966167],[114.03642438600004,0.7224005531927732],[114.04450655700009,0.72429134019067],[114.0508673170001,0.7348109671789393],[114.06510056000002,0.7435777911691646],[114.06544667100002,0.7610432041496542],[114.07434694900007,0.7761208601328391],[114.07268502400007,0.7821780611261113],[114.09339346700006,0.7957484891109492],[114.09727730000009,0.8045145091011567]]}},{"type":"Feature","properties":{"name":null,"cls":"secondary","km":32.32},"geometry":{"type":"LineString","coordinates":[[115.27413534000004,0.8159324370884152],[115.25792303200001,0.8228925720806747],[115.24800800000001,0.8160521230883199],[115.23615361900009,0.8130934190915658],[115.21332377000009,0.8197305910841891],[115.20562610300009,0.8181878020859007],[115.20389379500011,0.8142631240902551],[115.20051554500004,0.8191187480848602],[115.18443786400007,0.8191114460848855],[115.16598981900006,0.8246180850787409],[115.14616990300011,0.8245618750788406],[115.13704647900009,0.8309953720716335],[115.11832061700012,0.8277836090751999],[115.10889104000012,0.8395811370620042],[115.10094317800008,0.8604825400387537],[115.0896321560001,0.8621451340368569],[115.09190527400004,0.893807696001559],[115.07942103000005,0.9056301479883713],[115.07703948500013,0.9224063099696643]]}},{"type":"Feature","properties":{"name":"Atan","cls":"primary","km":32.23},"geometry":{"type":"LineString","coordinates":[[116.51647351300007,0.8512835900489691],[116.50333360600007,0.8483738580522461],[116.50771480500009,0.8517283040484827],[116.50710538200006,0.8550405140447649],[116.49568170000009,0.858088228041379],[116.49206401300012,0.8473452440533665],[116.4963692240001,0.840283360061267],[116.49300729100003,0.8406767350608074],[116.48733246300003,0.8490662980514853],[116.48323694100009,0.8458648590550585],[116.4747735950001,0.8463837530544529],[116.47382972300011,0.8434803520577185],[116.47892778100005,0.8409546860604797],[116.47426308700004,0.8383762030633833],[116.47466733800003,0.8298211580729487],[116.468972484,0.8257987440773928],[116.46758267500003,0.8195358350844265],[116.46262473000002,0.8218943710817684],[116.45135372300001,0.8188335840851879],[116.46856318100005,0.8182039510858842],[116.4705248560001,0.8249947050783115],[116.4764299520001,0.8301434640725528],[116.47601876000009,0.8379901910638181],[116.48041542100009,0.8409136960605702],[116.47589214900005,0.8451473800558699],[116.4830692290001,0.8442722570568049],[116.48729217800009,0.8476328350530751],[116.49302990600006,0.8389926140626783],[116.49706356200011,0.83911187306255],[116.49833994700008,0.8424075410588897],[116.49389261000012,0.8476733330530098],[116.49613191700007,0.8564073980432814],[116.5061613040001,0.8537513640462268],[116.50140917000009,0.8503814080499853],[116.50340337500006,0.8466832550541442],[116.50843939900007,0.8465725870542586],[116.51228506100007,0.8507752200495563],[116.51620122200006,0.8493566500511462]]}},{"type":"Feature","properties":{"name":"Heran","cls":"secondary","km":32.02},"geometry":{"type":"LineString","coordinates":[[116.40878619100012,0.14259881084059084],[116.39734394800006,0.16036819582074374],[116.40074960900006,0.1694434338106289],[116.39376584600008,0.17454639080489337],[116.39582759100006,0.17671189880248578],[116.39303586100004,0.1819106947966575],[116.38910370500003,0.1794590067993952],[116.39161790700007,0.1822677037962361],[116.38881811100008,0.1853303457928591],[116.39576666900007,0.19833897477832074],[116.393379116,0.20855172376692332],[116.40039883500003,0.21654846475795783],[116.4036368080001,0.2308862827419237],[116.4024325150001,0.24140502673013964],[116.40856264400009,0.2465412967243658],[116.4084729550001,0.2534388187166995],[116.41260488900002,0.2597467417096385],[116.41430735400003,0.28422886568227124],[116.41011934100004,0.2941185386712273],[116.4176936350001,0.3085621166551052],[116.41288832000009,0.3304826526305896],[116.40659754700005,0.335337098625165],[116.40567727400001,0.34082766361903044],[116.39794372400002,0.3421259786175909]]}},{"type":"Feature","properties":{"name":"Bang","cls":"secondary","km":32.01},"geometry":{"type":"LineString","coordinates":[[116.61438618400007,1.0769512617974888],[116.6223204150001,1.0572348818194113],[116.63682935100009,1.047890570829814],[116.64420478500006,1.0385804438401824],[116.64050522300009,1.0339334678453433],[116.64365146200011,1.0304036798493252],[116.64182880500005,1.0254087018548816],[116.64489967800012,1.018921332862089],[116.6469182190001,1.0211799378595483],[116.65139292700007,1.0064588208760117],[116.65871031400002,1.0012165418818362],[116.65404751900009,0.9901490438941853],[116.65616003400011,0.985284351899571],[116.66197083800013,0.9827647509023808],[116.65838974100006,0.9819896349032529],[116.65624296300007,0.9725223029138053],[116.66048400600005,0.9698746799167185],[116.66571570500003,0.9715947019148425],[116.66817817900005,0.9684945519182769],[116.66992234400003,0.971328324915132],[116.67021062800008,0.9667305909202404],[116.67549940000002,0.9646646199225657],[116.67412794500002,0.958062915929954],[116.68335218900005,0.946570821942754],[116.68015609000008,0.9396041929504806],[116.68537005800009,0.9336916169571198],[116.68462382200006,0.9218648039702566],[116.68981829000006,0.9213114769708929],[116.68468741800008,0.918428935974118],[116.68708418000004,0.9143476069786761],[116.68393159900006,0.9111659279821984],[116.68900019700006,0.9059309759880159]]}},{"type":"Feature","properties":{"name":null,"cls":"secondary","km":31.76},"geometry":{"type":"LineString","coordinates":[[115.68377493800007,0.28142979768538323],[115.68384150900009,0.2785761636886218],[115.68210766900005,0.2808594746860379],[115.67278043900001,0.2791590746879755],[115.67023246500003,0.2700937416980697],[115.66663194400007,0.27108610569696906],[115.66340611300006,0.2618011797073085],[115.65968527100006,0.2622216917068284],[115.65577803800011,0.2586113987109371],[115.65735824900003,0.2569531427127368],[115.64744267800006,0.253900167716137],[115.64431963700008,0.24877425272190398],[115.63979668800005,0.2513434047190353],[115.63921657000004,0.24016248273156418],[115.62687028900005,0.22857825974450768],[115.630531226,0.22611424974722324],[115.62951846200008,0.2231110837505927],[115.63404103000005,0.2241157897494877],[115.63213095000003,0.2176116047567722],[115.6300145780001,0.22085605675311645],[115.62797172900002,0.21808515675626405],[115.62231646800001,0.2207459687532496],[115.62289943200005,0.21630471475821145],[115.61882438900012,0.21366685276115469],[115.61922892500002,0.2165387217579606],[115.61639540500006,0.21661936175786764],[115.61491843600004,0.21103735576407648],[115.60585870600005,0.21360842676124941],[115.60739458900004,0.21824161675605178],[115.60504064300005,0.21645156875807028],[115.60230228700006,0.22107929075284122],[115.59316791700009,0.22485299574865997],[115.590207555,0.22349769175014172],[115.59261232400002,0.21612708875841072],[115.58706244400004,0.21084380476429432],[115.58137458400006,0.21096633276415033],[115.57807019000006,0.21644931875807097],[115.57421518600007,0.21214252976283943],[115.56981049500008,0.21542549375918]]}},{"type":"Feature","properties":{"name":"Gusi","cls":"secondary","km":31.49},"geometry":{"type":"LineString","coordinates":[[116.36974294700009,-0.9081290689855027],[116.37153116200011,-0.9008813439935798],[116.38109752600008,-0.8959098779991078],[116.38514576700005,-0.8881599040077374],[116.37390185500011,-0.8674984410307642],[116.3768474540001,-0.8527912160472003],[116.37206665500004,-0.8409660750604171],[116.37369714700002,-0.8332421480689993],[116.36928906400009,-0.8278568470749973],[116.37517680200007,-0.8190166990848781],[116.37583220100008,-0.8101757130947452],[116.37312299300005,-0.8077298860974473],[116.37144087900003,-0.8097047600952959],[116.36331336500005,-0.80180295410411],[116.35266531100002,-0.7801218911282986],[116.34771361700008,-0.7785222101300431],[116.35827338300011,-0.7661557621439054],[116.35626213700004,-0.743062310169661],[116.34828054200011,-0.7361511271773518],[116.34744037800012,-0.7311661601829316],[116.3385646060001,-0.7295659431846854],[116.33716380600004,-0.7249571171898663],[116.32062692300008,-0.7219449491932105],[116.3138084190001,-0.7087764982079349],[116.31453893700005,-0.6955991582225879]]}},{"type":"Feature","properties":{"name":null,"cls":"secondary","km":31.39},"geometry":{"type":"LineString","coordinates":[[115.66944901800002,-0.028262572968336667],[115.66726394500007,-0.026027897970823215],[115.66644347600004,-0.03072941796560644],[115.66202584400003,-0.031936509964261256],[115.65849180500004,-0.027997356968616532],[115.65211784200005,-0.027806681968867087],[115.64892646100009,-0.000672991999238798],[115.6559717020001,0.00979364598911157],[115.65992675200003,0.009889258988969201],[115.6606152050001,0.01750868498048905],[115.66865267000001,0.02106943497650652],[115.67209863100004,0.04029517095496689],[115.68155730100011,0.048450036945894996],[115.68588687400006,0.05790631493527277],[115.68370127900005,0.06617647892603136],[115.67397697000003,0.07461832891661496],[115.6762579650001,0.08630325090357167],[115.68595679600003,0.08949530889997093],[115.69232817500007,0.10396727088382045],[115.70130755100001,0.11039843487659327],[115.7058077690001,0.11029290087670982]]}},{"type":"Feature","properties":{"name":"Keringan","cls":"secondary","km":31.32},"geometry":{"type":"LineString","coordinates":[[114.38198532600008,1.3120611875358466],[114.38478798300002,1.3125227735353038],[114.38760764000006,1.3200122705269857],[114.41596631200002,1.3236193545229926],[114.42743426800007,1.328528396517538],[114.43047961100001,1.325905029520439],[114.44700003800006,1.3318252185138717],[114.45794462000003,1.326945036519318],[114.46379931500007,1.327350888518853],[114.46403288800002,1.3310145715147916],[114.48441902800005,1.3294221385165041],[114.4929337420001,1.315678964531818],[114.50284863800005,1.312477576535348],[114.50698561500008,1.316322485531115],[114.51487280000003,1.3143805485333016],[114.52720433600007,1.3256752545207087],[114.53448269700004,1.3407283955039508],[114.54794412900003,1.3465679674974467],[114.55988758600006,1.3584006984843655],[114.5644083840001,1.368366613473267],[114.56166148000011,1.3784322154621178]]}},{"type":"Feature","properties":{"name":"Sakaq","cls":"secondary","km":30.32},"geometry":{"type":"LineString","coordinates":[[115.84327682400009,-0.2341592187381548],[115.85199488900004,-0.2339842247383413],[115.87016692400006,-0.22649185774673755],[115.87783077400003,-0.21084348976419331],[115.874438219,-0.19761877877897066],[115.88385270400012,-0.1926602277845835],[115.89031182500004,-0.18389939679436665],[115.89753663500005,-0.18456107579360326],[115.90946938800005,-0.17155760480816223],[115.92807963200006,-0.15965642882143322],[115.92676627000003,-0.15458689282708],[115.93116744100006,-0.14480605483802975],[115.92987414600007,-0.13217099685220093],[115.93323830000008,-0.1294357278552703],[115.92702869700008,-0.10507729788246438],[115.94242596100003,-0.0952433308934555],[115.94773123500012,-0.08000325491049347],[115.94216794400006,-0.06600035192615912],[115.94333268800007,-0.05180222494202509],[115.93751054600011,-0.03473832596113136]]}},{"type":"Feature","properties":{"name":"Pahangai","cls":"secondary","km":30.3},"geometry":{"type":"LineString","coordinates":[[114.69497786600006,0.8866091900095815],[114.69791189200009,0.8819472110148017],[114.69422039900009,0.8754587660220147],[114.700390985,0.8738308690238504],[114.69641146400011,0.8683547330299284],[114.70076408100012,0.8657448520328301],[114.70204609600012,0.8544049900454732],[114.69869671100003,0.838628256063094],[114.69313680800006,0.8327173750697212],[114.69427140100004,0.8196146750843415],[114.69660830900011,0.8160768930882677],[114.71640576200004,0.8078211220974615],[114.71619873800013,0.8005979931055306],[114.72944582700008,0.7907697221164841],[114.73089635100008,0.7821371701261042],[114.72800929600011,0.7818237131264638],[114.73434746900011,0.7687957431409971],[114.73252638000008,0.765097341145122],[114.74566432400002,0.7661123011440181],[114.75071900100009,0.7525952631590643],[114.74705209900004,0.7339984701798591],[114.73457225100003,0.7169925461988648],[114.72843677800007,0.7118644702045627],[114.7020647940001,0.7088906522078564]]}},{"type":"Feature","properties":{"name":null,"cls":"secondary","km":29.28},"geometry":{"type":"LineString","coordinates":[[115.33522007800003,0.0817262289086328],[115.34606496300012,0.0715593019200146],[115.34613759500007,0.0778944889129586],[115.3531984660001,0.08964006889982822],[115.35080643200001,0.0987065918896677],[115.34376723700007,0.09850235588990396],[115.34582662100003,0.1036580118841351],[115.34368564800002,0.1065482228809463],[115.34150643300005,0.10446620588322386],[115.34200431600006,0.10984961887720604],[115.33670973900007,0.11375613387284038],[115.33860506600003,0.11939334986656099],[115.33066660600002,0.12282795686269067],[115.33232951600009,0.12831184985659247],[115.33919489800007,0.12978166085494866],[115.33794241600005,0.1342263738499649],[115.34171108000011,0.13341632985086338],[115.34102883800004,0.1397360758437921],[115.34855292400005,0.14315219084002243],[115.34927784600006,0.15120803483096074],[115.35323634200006,0.1538320328280652],[115.35107487700009,0.1586912298225997],[115.35881952900002,0.16559072381487525],[115.35599247800008,0.17789755180115263],[115.3600506260001,0.1936706437835263],[115.3538060520001,0.20074952977562474],[115.357055994,0.20767151876782539],[115.35604468500004,0.21592554975865222]]}},{"type":"Feature","properties":{"name":"Mahe","cls":"secondary","km":29.22},"geometry":{"type":"LineString","coordinates":[[114.28476966100004,0.7744574181346738],[114.28445787500006,0.7801122121283726],[114.27867383900002,0.781150886127222],[114.28070056700005,0.7874661341201711],[114.2737994470001,0.7878614891197527],[114.2728128550001,0.8000073591062029],[114.28301448500008,0.8093170270958101],[114.27955775500004,0.8226670050809624],[114.2883067570001,0.836136878065858],[114.2907635680001,0.849166189051366],[114.29759897400005,0.8578136660417388],[114.30996788800007,0.8585931360408486],[114.31336819500007,0.8679100470304569],[114.31977447100007,0.86767688603072],[114.33133045500006,0.8738698510237793],[114.33513671100003,0.8826549300139889],[114.34688053400009,0.8877778080083061],[114.37497337900004,0.9101601639833088],[114.37811444500005,0.9452550199441839],[114.3837878490001,0.9575094309305325]]}},{"type":"Feature","properties":{"name":null,"cls":"secondary","km":28.91},"geometry":{"type":"LineString","coordinates":[[115.99697069200012,1.2790346115725162],[115.98959441000012,1.2917578955583824],[115.99094231100003,1.305509398543145],[115.97999494500003,1.315435368532087],[115.9815316590001,1.3273656775188147],[115.97019515800002,1.3415277255030567],[115.96630770500009,1.3528061664905295],[115.9584244790001,1.3550687374880435],[115.9491903620001,1.3532510544900538],[115.94793526200009,1.356294394486695],[115.934689907,1.3607933174816778],[115.91663952500005,1.3577278014850764],[115.90733654200004,1.3694466954720945],[115.90543927300008,1.3910150604480982],[115.88891233900004,1.4101610214268248],[115.87927017600009,1.41087862642601],[115.8664943240001,1.41868818741733],[115.86772151500008,1.4334064404010156]]}},{"type":"Feature","properties":{"name":"Massah","cls":"secondary","km":28.73},"geometry":{"type":"LineString","coordinates":[[114.78206327000008,0.9245854949672053],[114.77988795300008,0.934011634956725],[114.774249628,0.931110588959982],[114.76824205200002,0.9370056149533516],[114.76700272200003,0.9509857619378137],[114.77200527400011,0.957859725930144],[114.75824628000011,0.9714608939150087],[114.75565299700007,0.9883057678961866],[114.75970578500005,0.9982393238851311],[114.77338919800002,1.0042209558784605],[114.76366429200006,1.022180387858458],[114.75111184300009,1.0298018388499937],[114.74254867700006,1.0296093268501958],[114.74195386700002,1.0376170998412602],[114.72888881300003,1.036944554842021],[114.72900843300012,1.0425812278357685],[114.72344507700005,1.0414581608369642],[114.71941026100001,1.0500153368274485],[114.71353456400004,1.0499237668275547],[114.71107447700001,1.0565793178201506],[114.70353031500008,1.0588946198175555],[114.70154829600006,1.0638665048120526],[114.68995002500002,1.066449560809165],[114.68978175800008,1.071008314804111],[114.68209659800004,1.075881966798628]]}},{"type":"Feature","properties":{"name":null,"cls":"secondary","km":28.72},"geometry":{"type":"LineString","coordinates":[[116.81504402100006,0.32381861463804373],[116.82448156500004,0.3221305756399061],[116.82832674700002,0.31832729264417087],[116.83134002300005,0.3268937276346027],[116.83572214900005,0.32751653163391237],[116.83742619900012,0.331880081629033],[116.88061720000007,0.3303796086306815],[116.90493733700008,0.3382964166218238],[116.9130071290001,0.34489473761444644],[116.91568403700002,0.3497034646090986],[116.91436397100007,0.3607400655967923],[116.93519549200003,0.37137197558484436],[116.94026247600006,0.3824814765724816],[116.94850584900006,0.3903924405636599],[116.94797621900011,0.40479913054752253],[116.94440679800005,0.4079286055440248],[116.95037239100009,0.4164991265344518],[116.94486023800005,0.42443401552554194],[116.94181383600004,0.4407423915073437],[116.94455796900002,0.4438356095038907]]}},{"type":"Feature","properties":{"name":null,"cls":"secondary","km":28.64},"geometry":{"type":"LineString","coordinates":[[115.17757604400005,1.8261805209658077],[115.19607458300003,1.8012721989933462],[115.18739135300007,1.7925686730029577],[115.18519992300003,1.781255038015511],[115.18758667000009,1.7805420400162562],[115.18806024100002,1.7619926320367418],[115.19468890200007,1.7557006180437174],[115.19386325300002,1.745659996054893],[115.19891104600003,1.7411596560598546],[115.19758562900006,1.7352688730663506],[115.20955326100011,1.7240735780787275],[115.20519165700011,1.7160214630876391],[115.20728756300002,1.7084212570960522],[115.20482051700004,1.7009632091043472],[115.20851209000011,1.698292225107286],[115.20912992500008,1.690234490116246],[115.21386392800002,1.6906628261157148],[115.214937758,1.6867238881201065],[115.21933464500013,1.6886657941179666],[115.21938996900009,1.6848706531221442],[115.2245694500001,1.6808354561266368],[115.22146388700003,1.678738132128971],[115.2282410040001,1.6639302231453428],[115.22472712100013,1.6575277561524646],[115.21590797200008,1.6575485911524066],[115.216567628,1.6510084071596658]]}},{"type":"Feature","properties":{"name":null,"cls":"secondary","km":28.41},"geometry":{"type":"LineString","coordinates":[[116.66016359300009,0.41652436253444197],[116.65698748000011,0.4217822855285448],[116.6563597380001,0.43526727051348313],[116.6574784930001,0.442269796505648],[116.66269545400007,0.4478560694994223],[116.65574421900011,0.4522034394945608],[116.65275130900011,0.4634816044819238],[116.65511617300001,0.4671972714777858],[116.66057396300005,0.4668832104781411],[116.66350270700003,0.4821978144610704],[116.66658809400009,0.48517123345771707],[116.66582819400003,0.49143507745070186],[116.65666307400012,0.49557141144610056],[116.66127822500006,0.49787996044347677],[116.66239124600008,0.5087301194314205],[116.65758251900002,0.510771839429145],[116.64722909700002,0.5060535734343448],[116.63888304900001,0.5112336764286397],[116.6214343370001,0.5083139274318903],[116.60697515800008,0.513237552426383],[116.5689431310001,0.5379683403987695],[116.55596653100007,0.5530159363819306]]}},{"type":"Feature","properties":{"name":null,"cls":"secondary","km":28.21},"geometry":{"type":"LineString","coordinates":[[116.48325914600002,0.9137883149792628],[116.48180973600006,0.9184204999741569],[116.47855987600008,0.9160626219767667],[116.47898112000006,0.9208583879713989],[116.47277077000001,0.9171935129755293],[116.4695042720001,0.924270958967608],[116.46639716000006,0.9234744549685167],[116.46374367700002,0.9268970539646832],[116.46108272300012,0.9249421239668297],[116.45764650100013,0.9297983949614282],[116.45951925000008,0.931218778959841],[116.45598246500005,0.9326218689582576],[116.45794824000006,0.9338451419569186],[116.45046503500008,0.9403784939496395],[116.44757773700009,0.9393567669507799],[116.44883146400002,0.9423207079474737],[116.44539971100005,0.9398647059502043],[116.4435869340001,0.9436990149459401],[116.44206752200013,0.9422559119475578],[116.44277769300004,0.9461705829431989],[116.43868676200009,0.9497765519391687],[116.43547173600007,0.9492644839397617],[116.43690904900006,0.9573894669306513],[116.41478497400011,0.9786415799069622],[116.41772453000009,0.9840826979009083],[116.41202151300003,0.9874820658971427],[116.41092388100003,0.9920409578920731],[116.40599883300001,0.986170884898593],[116.39247332900003,0.9864185908983242],[116.37331058600013,0.9715285489149447],[116.36813373300004,0.976361846909542]]}},{"type":"Feature","properties":{"name":"Tablian","cls":"secondary","km":28.21},"geometry":{"type":"LineString","coordinates":[[115.08694728300009,0.31227181265091564],[115.08336324900006,0.29581463866934427],[115.07600768100006,0.28636109467992615],[115.07713968400004,0.27592284069158246],[115.070209405,0.27324034969453587],[115.064236058,0.25942405571000854],[115.05862411600005,0.25592596071394974],[115.05522067500011,0.2611515067080254],[115.04153330600002,0.26342858670552066],[115.03581242900009,0.25930845371017297],[115.03244487000006,0.2430248287283363],[115.01509919000011,0.22903453574396887],[115.01275175000002,0.22021389775384637],[115.014898947,0.21525925475935462],[115.0107638820001,0.20855419976687395],[115.00362400400002,0.20629736376935984],[115.00710439600005,0.17756186780150043],[115.00120437100007,0.15639265882519554],[115.01267415600012,0.15098960383125085],[115.02224957100007,0.15564253082606258]]}},{"type":"Feature","properties":{"name":null,"cls":"secondary","km":28.08},"geometry":{"type":"LineString","coordinates":[[116.81877073700002,0.844100352057019],[116.82085834100009,0.8522376760479212],[116.81649172900006,0.8557434790440415],[116.8178145290001,0.8638626430349591],[116.81086472300002,0.8715124250264271],[116.79678202100001,0.8741275000234796],[116.78824245100009,0.8880562570079918],[116.78784423600007,0.8990345269957828],[116.78282391200004,0.907527086986288],[116.77246444900004,0.9081465089855912],[116.76393066700005,0.9195658549728183],[116.75599398100007,0.9232525249687392],[116.74891945500009,0.9197148989726601],[116.74921971100002,0.9298493429613708],[116.74533281900005,0.9351841699554263],[116.7393767100001,0.9332657119575597],[116.73238554600005,0.9376993829526395],[116.72682284700011,0.9509040379378755],[116.71585466300007,0.9653172809218276],[116.70951402200001,0.9873848688972334],[116.7041398240001,0.994540801889306],[116.70259779400008,1.0062094508762807]]}},{"type":"Feature","properties":{"name":"Layah","cls":"secondary","km":27.6},"geometry":{"type":"LineString","coordinates":[[116.11849038000004,-0.3264362906349645],[116.12597997100012,-0.3116134816515356],[116.12239448600008,-0.30427996765978044],[116.12293319700007,-0.2942165836710368],[116.11921287100006,-0.29130556967425625],[116.11047178300011,-0.2918464066736812],[116.11280368400003,-0.27936887768763236],[116.10540813900002,-0.269891587698193],[116.10666369900004,-0.2637769337050704],[116.09940304300007,-0.24809470772254402],[116.08559787500008,-0.23205109874048074],[116.08519541300008,-0.2165048157578688],[116.06816258600008,-0.2042744097715667],[116.05973537700002,-0.20634974276925808],[116.04158187400004,-0.1973233617793605],[116.04377906600006,-0.18304095779525792],[116.0575854430001,-0.17588911680327454],[116.05722724300006,-0.16776630081240773],[116.04669412700002,-0.1529417248289269]]}},{"type":"Feature","properties":{"name":null,"cls":"secondary","km":27.56},"geometry":{"type":"LineString","coordinates":[[115.40520482900001,0.07504294391615261],[115.394970134,0.08642741790337026],[115.39646629000005,0.0904726968988902],[115.39367076800009,0.09403141889489955],[115.37956083200004,0.10075167388738042],[115.38219916800007,0.10418569588357786],[115.37686197900008,0.10922591287792538],[115.37731454700008,0.11282027987390772],[115.37250703600013,0.11210578787471648],[115.37464232400009,0.11609431487022799],[115.37701713700007,0.11473873387177091],[115.37763620100007,0.12215155686348501],[115.37446906100003,0.12294261986260435],[115.3768316730001,0.12890522585591696],[115.37369302300011,0.13507063284901627],[115.36957844200003,0.13403635285019877],[115.37099377300001,0.13842318684527813],[115.36776054300005,0.14386628583920802],[115.374701737,0.15057684783172184],[115.37251911700002,0.15404619982780623],[115.3769703370001,0.15578733082586513],[115.37683051600004,0.16408442781654448],[115.3708964960001,0.16912528681093386],[115.36870827100006,0.16685905581344576],[115.3686296950001,0.17259858380708262],[115.36594276600012,0.17066738480922303],[115.36165513700008,0.17523960080409592],[115.3624688000001,0.1783357668006354],[115.36735093100003,0.17667667280251434],[115.36587902400005,0.1804313027982991],[115.369072286,0.18203550479650668],[115.36330124900007,0.18639134179163835],[115.36523103200011,0.19259924578469478],[115.36109917800002,0.19067309678688432],[115.36089492300005,0.18565652079248746],[115.3577972280001,0.18605506179201098]]}},{"type":"Feature","properties":{"name":"Suani","cls":"secondary","km":27.27},"geometry":{"type":"LineString","coordinates":[[114.09305533800011,0.9230880169689146],[114.09138710100001,0.9309623799601119],[114.10324380700001,0.9373282899530235],[114.11794119900003,0.9516616099370089],[114.13400978800007,0.9595029719283363],[114.14722194600006,0.959626053928195],[114.16022480800007,0.9744200479117189],[114.16389619300003,0.9833120599017787],[114.16240997600005,0.9875160728970904],[114.17850415500004,0.9907568708934543],[114.19084973500004,1.0035452128792424],[114.1943838950001,1.0019365138810692],[114.19702643600012,1.0057275258767646],[114.22188205200007,1.0117004788701567],[114.22760475000007,1.020166020860742],[114.24681740400001,1.0211304468596787],[114.25205669200011,1.027752386852274]]}},{"type":"Feature","properties":{"name":null,"cls":"secondary","km":27.11},"geometry":{"type":"LineString","coordinates":[[115.27228854200007,1.616250823198196],[115.2697055870001,1.6337422791787732],[115.27456658800008,1.6336220951789193],[115.27757696200003,1.6390545131728864],[115.2808357360001,1.638143894173905],[115.28910470300004,1.650544563160189],[115.2996731290001,1.6525768641579304],[115.30274686200006,1.6624776061469853],[115.31397783500006,1.6656465311434332],[115.31777668200004,1.6794535451281276],[115.32170488000008,1.680622380126834],[115.32840411300005,1.6762737651316784],[115.3302673070001,1.6801635481273711],[115.33322404900004,1.677203526130659],[115.33737475300006,1.6788867251287685],[115.34115775800002,1.6843687921227048],[115.34477968000012,1.6816878231256716],[115.34723390300009,1.6983659601071739],[115.36380443200007,1.7136821970902667],[115.34815599100011,1.7409576450601003],[115.34636799400003,1.7502433040497836]]}},{"type":"Feature","properties":{"name":null,"cls":"secondary","km":26.94},"geometry":{"type":"LineString","coordinates":[[115.44804670300005,0.060429648932518856],[115.4552296490001,0.07307852491830016],[115.4484653200001,0.08903270890049467],[115.44888642800004,0.10358525788422568],[115.45087627500004,0.10199637088599028],[115.45807572600006,0.11155832087534133],[115.4629503650001,0.11005472587697498],[115.46066187400005,0.11610453187023492],[115.46235942400006,0.13268829685169573],[115.45918055300002,0.13327450085107695],[115.46197663900013,0.13720160984662683],[115.45913619100008,0.1401273688433754],[115.46204399700004,0.1413523758419982],[115.4582905210001,0.1454348358374338],[115.47445439900002,0.14669009583605205],[115.47620055400012,0.1564597178251186],[115.48226639600013,0.14777604183480839],[115.48667387600007,0.14917655883327524],[115.48424198300006,0.14664067183609963],[115.48773442400011,0.1384002248452942],[115.49186882700006,0.14257574784065397],[115.491215667,0.14797690283456136],[115.49376421400008,0.1432867228398533],[115.49562257700005,0.14607798083672724],[115.49684735900006,0.14301898784011943],[115.50176245100009,0.14441084083854075],[115.5039297390001,0.1401971358432817],[115.51390054800005,0.1448884198380243]]}},{"type":"Feature","properties":{"name":null,"cls":"secondary","km":26.87},"geometry":{"type":"LineString","coordinates":[[116.07646831700004,0.627005504299282],[116.07941901800008,0.6273701972988927],[116.07335233700007,0.6334363312920974],[116.07806731000007,0.6353145152900015],[116.07408828500003,0.6425651402818883],[116.07526784600009,0.6505634012730012],[116.06514385700007,0.6512864012721641],[116.07072628700007,0.6469817722770064],[116.06676307300008,0.6423751472821269],[116.0515864140001,0.6482703132755551],[116.0536153490001,0.6422383612822942],[116.04600977200006,0.6436062042807145],[116.04732451700012,0.6538596162692963],[116.03967240100008,0.6640911502578698],[116.04323976700005,0.6664760892552425],[116.0436373660001,0.6717439832493223],[116.051526372,0.6710075512501725],[116.0462532030001,0.6768678742435841],[116.04277421800009,0.6948862672235065],[116.03750370000012,0.6978081372202255],[116.03621759600003,0.7136708692025235],[116.02847462900002,0.735655023177994],[116.02903911700004,0.7470741511652458],[116.02240566500006,0.7531942571584475]]}},{"type":"Feature","properties":{"name":null,"cls":"secondary","km":26.39},"geometry":{"type":"LineString","coordinates":[[115.08559899600006,-0.030501495965827272],[115.0900626240001,-0.03538663796040251],[115.10409472400012,-0.03329267496271896],[115.10394334800004,-0.037557330957960204],[115.11392841900012,-0.04090837095420867],[115.12111482700003,-0.03671999495888602],[115.11918597400006,-0.03108446296518872],[115.12482161000003,-0.028914130967630694],[115.12697745100003,-0.03260771496346606],[115.13484475400004,-0.025258809971722595],[115.14112326000009,-0.03359800996238066],[115.1434305260001,-0.030932581965326115],[115.14551076000009,-0.03356001596244613],[115.14940660000002,-0.03169425296451899],[115.15515571300013,-0.03455023896131008],[115.15269714400006,-0.036682578958931414],[115.15999708700008,-0.03675888895884426],[115.15882449000004,-0.03984322295541682],[115.16635145800001,-0.0372921219582615],[115.17043633500009,-0.04155702795349271],[115.1700203780001,-0.03672101595887252],[115.1790603940001,-0.0317328609644991],[115.17913611300003,-0.027353784969348295],[115.18337233900002,-0.03173293796444646],[115.18045986800009,-0.03257062396351047],[115.18352349400004,-0.0390060359563158],[115.19195834600009,-0.036492990959129265],[115.19773294600009,-0.03968419595554677],[115.21416060000001,-0.06406312692829406]]}},{"type":"Feature","properties":{"name":null,"cls":"secondary","km":26.37},"geometry":{"type":"LineString","coordinates":[[114.08307371100011,0.9615155769260557],[114.0794240030001,0.9689780749177636],[114.08429003000005,0.9731928419130412],[114.08576175100006,0.9840457759009598],[114.0816849700001,0.9960367878876302],[114.0728501530001,1.0052025958774076],[114.06965573100001,1.018301321862826],[114.04831031200001,1.024061381856377],[114.04433956300011,1.0271392408529258],[114.04565180800012,1.0358082178432864],[114.03341096400004,1.0421590518361865],[114.03704924700004,1.0461180828317975],[114.03586930300003,1.049052498828547],[114.04314163700008,1.051349493826012],[114.0433137870001,1.056955769819714],[114.04788927100003,1.0596719108167192],[114.04500500700011,1.0768523537975367],[114.0393082170001,1.087325058785917],[114.05388202500001,1.0987686887731627],[114.05789000300001,1.1074984447634075],[114.05652935700004,1.1197029187498648]]}},{"type":"Feature","properties":{"name":null,"cls":"secondary","km":26.3},"geometry":{"type":"LineString","coordinates":[[115.17294175900008,0.3732859805827268],[115.17208913200012,0.3931464205605461],[115.1835468710001,0.40433182754804226],[115.18108971400012,0.4112277265403298],[115.18494865700006,0.4114030675401371],[115.18834847000005,0.4169930295338966],[115.18525672400006,0.4189963855316741],[115.19537978400002,0.42453359052548173],[115.19851855600007,0.41517920853588447],[115.20344214700003,0.41406288953714515],[115.20360255000004,0.42023054053024367],[115.20755367200002,0.4183007295324233],[115.2105055730001,0.42135217752906007],[115.21129525600008,0.41708128353381035],[115.22662725600003,0.43067811951856877],[115.22923616500009,0.42755916152206125],[115.23099291300001,0.43047520551880886],[115.23865997200005,0.4302043365190815],[115.2444538300001,0.42440818552561216],[115.24729723000006,0.4320850425170073],[115.25787134000007,0.42897679752051887],[115.26284888600004,0.4323457765167249],[115.26457198300011,0.4258857935239506],[115.27259696500005,0.42970297451969725],[115.27001852000001,0.43523039351350645],[115.27443322700003,0.4324273325166205],[115.28017923900006,0.4341704445146934],[115.28198384800011,0.43998260950821866]]}},{"type":"Feature","properties":{"name":null,"cls":"secondary","km":26.13},"geometry":{"type":"LineString","coordinates":[[115.28873353500002,1.4145677354219128],[115.28324944500004,1.414082341422507],[115.28289324700006,1.417143705419068],[115.286110828,1.418318217417806],[115.27564368100002,1.423985693411492],[115.27563381700008,1.4293179364055748],[115.2716928420001,1.4334540814010033],[115.26623925700005,1.428442067406493],[115.26541291700005,1.4333068184011326],[115.26052564400003,1.4333359234011014],[115.262452885,1.4388474043949704],[115.25568127200007,1.4673755463633298],[115.24472535000005,1.465037249365925],[115.24101793200009,1.4703441593600333],[115.24057322700004,1.4812102383479462],[115.23284435700009,1.4953125373323068],[115.21188736700002,1.497893882329464],[115.21141668500002,1.4940751223336803],[115.20505997500004,1.4904676823376846],[115.19986286200003,1.4966699103308139],[115.18836362100002,1.499912550327228],[115.17997095600002,1.5142260243113252]]}},{"type":"Feature","properties":{"name":null,"cls":"secondary","km":26.04},"geometry":{"type":"LineString","coordinates":[[116.02636903600002,0.4045755785477452],[116.02560199400013,0.4120845585393708],[116.02833502600004,0.4145190605366316],[116.01913834800007,0.41550866453556695],[116.01871124700004,0.4204972385299753],[116.01574660300003,0.4188296455318406],[116.01613016900002,0.42380958452628265],[116.01356637100004,0.4221807105281006],[116.01256234900006,0.4245334305254384],[116.00750747100005,0.4187860455318596],[115.98836704400004,0.43108697051818695],[115.98623276500007,0.43719247751129053],[115.98864321700013,0.43975679950846286],[115.98399936300007,0.4413823085066502],[115.98221721700008,0.4458484945016575],[115.98502038700009,0.44641030350102356],[115.986514799,0.45242669349428616],[115.9814091820001,0.46016061848563167],[115.9732444980001,0.4638444134815454],[115.97603913300009,0.46651296247856566],[115.97351193400003,0.4668323574782062],[115.9745748150001,0.46990203747475434],[115.96809557700011,0.4714455634730233],[115.96779033400003,0.4741227064700525],[115.96155622300012,0.47573878846823514],[115.95926647600004,0.4685114264763374],[115.95579815000009,0.46961447147508917],[115.9573928750001,0.4647677134805159],[115.93441604600002,0.46640280747868773],[115.93034832,0.4603411324854402]]}},{"type":"Feature","properties":{"name":"Penggal","cls":"secondary","km":26.01},"geometry":{"type":"LineString","coordinates":[[116.30007302500007,-0.41475168753635],[116.2981231330001,-0.4395301995086093],[116.29481214600001,-0.4442602435033596],[116.30353319900007,-0.4471996375000824],[116.30360409700006,-0.4503353044965307],[116.29342298200004,-0.45334454349316533],[116.28466623700002,-0.4515877164951031],[116.28833206900003,-0.4585223434873898],[116.29616293400012,-0.4639702024813204],[116.2901101120001,-0.4766376214671092],[116.29694262800002,-0.4976740914436562],[116.28893086000006,-0.5190135594198354],[116.29245477300003,-0.5212357894173383],[116.29024639700005,-0.5329359934042573],[116.29444672300009,-0.5346924444022845],[116.29369853100003,-0.5402648603960873],[116.29896747300006,-0.5361084904007155],[116.3037363090001,-0.5471823933883362],[116.29878604500004,-0.5655298763678294],[116.30049427000007,-0.5694899703634254],[116.29686264700001,-0.5746857523576087]]}},{"type":"Feature","properties":{"name":"Barakutai","cls":"secondary","km":25.97},"geometry":{"type":"LineString","coordinates":[[114.18316239300009,1.023483141856995],[114.2006449370001,1.0363735958426228],[114.21248298100011,1.0344922828447503],[114.22512483000003,1.043985270834186],[114.24079618600003,1.0480777618296169],[114.24178762200006,1.0525560508246399],[114.25061350200009,1.0508374548265669],[114.25980675000005,1.056194211820534],[114.28940365900007,1.0449111158331361],[114.29755025500003,1.045144200832906],[114.31175186100006,1.0530301038241119],[114.31497483800001,1.0514432968258745],[114.32614950800007,1.0613397728148402],[114.33566356800009,1.0607505448155263],[114.34709629300005,1.0515925738256768]]}},{"type":"Feature","properties":{"name":null,"cls":"secondary","km":25.65},"geometry":{"type":"LineString","coordinates":[[115.33610009300003,1.5967342732198524],[115.34472154800005,1.605910810209649],[115.36263514100006,1.5988419272174872],[115.37608718500006,1.6145920652000112],[115.37855942600004,1.6244772591890426],[115.37453857000003,1.628761351184334],[115.37539408400006,1.6553577041548662],[115.36361525300003,1.675859565132107],[115.36347960100012,1.6861366771207549],[115.36922211300009,1.6970445021087197],[115.37607221800012,1.7004414711049483],[115.38326425900006,1.6991331481063399],[115.3874486970001,1.7121485650919217],[115.39802556500001,1.7223316340806452],[115.40041303400005,1.7314414020706304]]}},{"type":"Feature","properties":{"name":null,"cls":"secondary","km":25.14},"geometry":{"type":"LineString","coordinates":[[116.44714445600006,1.1521166647137526],[116.45412950500007,1.1729961926905295],[116.46901374900007,1.1978696136628288],[116.4862430300001,1.2520638876025516],[116.5023805300001,1.2909115315593465],[116.51933539300002,1.315616713531877],[116.55281122000008,1.328399724517668],[116.55667472800006,1.3350750945102479]]}},{"type":"Feature","properties":{"name":null,"cls":"secondary","km":24.97},"geometry":{"type":"LineString","coordinates":[[114.39050014400004,0.5612272893727542],[114.40231770700007,0.5571523443772629],[114.4105393000001,0.5586763253756408],[114.42271163900011,0.5768100663553509],[114.42327910300003,0.6221110653047504],[114.42683895300001,0.6265654392997825],[114.43853719200003,0.6287236512974058],[114.44066945100008,0.6446527712795486],[114.45007944000008,0.6578592622648233],[114.4490085650001,0.6669057582547123],[114.43645730800006,0.6767616472436935],[114.41679051200003,0.6791161552410919],[114.40684589500006,0.6716159082494407],[114.4033534890001,0.6855162392339249],[114.40776447300004,0.6936014372249228]]}},{"type":"Feature","properties":{"name":null,"cls":"secondary","km":24.92},"geometry":{"type":"LineString","coordinates":[[116.62266333900006,0.288875208677059],[116.62059814100007,0.29107045367459594],[116.61981343700006,0.287705865678396],[116.61067146000003,0.29510761567012883],[116.6122273220001,0.3008133146637028],[116.60756207200008,0.30613967065777525],[116.58531092300008,0.311568723651686],[116.57503083000006,0.32173512064040094],[116.55023775500001,0.3257815976358453],[116.54695117900008,0.3239813486378758],[116.54313561300012,0.33132069062963],[116.53380346300004,0.3307918696302121],[116.53088117300001,0.33375668762691335],[116.50947612600008,0.3371528336231298],[116.48828595300004,0.32527171163641244],[116.47603237400007,0.32678546563468286],[116.47044698100002,0.3311594076298529],[116.45525780900005,0.3231589976387538],[116.44857342400006,0.32881391763242973]]}},{"type":"Feature","properties":{"name":null,"cls":"secondary","km":24.53},"geometry":{"type":"LineString","coordinates":[[115.6955078630001,0.677375457243028],[115.69229559700011,0.680150910239956],[115.69305429500002,0.6859113442334974],[115.6899265070001,0.6834118662363391],[115.6873066590001,0.6869721112323407],[115.68808202100001,0.694828764223593],[115.68435356200006,0.6973025042207956],[115.67704152700003,0.6959204092223525],[115.67242916600004,0.703184131214249],[115.6765298250001,0.70361856621375],[115.67424660400003,0.7134246042028297],[115.67730770100002,0.7162840611996182],[115.67065952500003,0.7370934511764043],[115.67011661200003,0.7494664761625877],[115.67395347000001,0.7594597561514417],[115.66172863400004,0.7854158891224532],[115.66428305300008,0.7969834681095607],[115.67354811300004,0.8074947950978683],[115.67820175100007,0.8249864910783368],[115.67732735300001,0.8330576540693185],[115.66973170600009,0.8423533810589626]]}},{"type":"Feature","properties":{"name":"Miau","cls":"secondary","km":24.48},"geometry":{"type":"LineString","coordinates":[[116.95780147900007,1.2276293246297532],[116.96102372900008,1.2274852016298963],[116.96039452000004,1.234406471622195],[116.96557422800002,1.2343840746222214],[116.96516528000008,1.2380038006181662],[116.97289201400008,1.2337289356229453],[116.987363995,1.2354082766210324],[116.99601457400001,1.2485299956064766],[117.00202100000003,1.250446998604362],[117.000898,1.2531589986013403],[117.01369500000011,1.257226998596838],[117.02312500000004,1.2682989985845041],[117.03412700000001,1.2673949985855046],[117.03322900000002,1.2703329985822294],[117.04063800000006,1.2750789985769606],[117.03727000000003,1.2750789985769604],[117.03547400000001,1.2789199985726456],[117.03816800000006,1.2775639985742004],[117.03861700000004,1.2805019985709671],[117.04265800000007,1.2811799985702013],[117.04355700000009,1.287958998562649],[117.0482710000001,1.287054998563649],[117.0471490000001,1.2897669985605977],[117.05119000000002,1.2920269985581203],[117.05119000000002,1.297901998551575],[117.0458020000001,1.2972239985523057],[117.04535300000009,1.3003879985488171],[117.04827200000011,1.3046809985440775],[117.05568100000005,1.3064889985420443]]}},{"type":"Feature","properties":{"name":null,"cls":"secondary","km":24.37},"geometry":{"type":"LineString","coordinates":[[114.57513380800003,0.9416151489482952],[114.57356471300011,0.9513939269373911],[114.58184411000002,0.9693731609173278],[114.58383540500006,0.9815512099037585],[114.58359374500003,0.9989147358844094],[114.57764088300007,1.0064658928759493],[114.57704802700005,1.0179045628632184],[114.58577268500005,1.0227187028578735],[114.58226926900011,1.0374594638414285],[114.58367141400004,1.060493450815801],[114.56993157600004,1.0815641387923582],[114.56889346100002,1.099021079772887],[114.57253856700004,1.1002689177714446],[114.5727740430001,1.109136183761631],[114.570395125,1.1267779647419656]]}},{"type":"Feature","properties":{"name":"Benasar Besar","cls":"secondary","km":24.28},"geometry":{"type":"LineString","coordinates":[[116.8306564490001,0.7920100981150915],[116.8320602440001,0.7989422031074159],[116.83507938800005,0.7904701921167893],[116.83941804300002,0.7922149631148816],[116.84228084300003,0.7892510751181538],[116.84731242400007,0.7943413741125043],[116.84826779500007,0.7868266021208955],[116.86515790100009,0.7800588881284227],[116.8671002640001,0.7858006611220565],[116.87535872000002,0.7879732201196192],[116.88572368400003,0.7824742031257336],[116.89235947400005,0.7864259521213464],[116.89743413700012,0.7846035741233943],[116.90184627100008,0.7907296881165344],[116.91792886400002,0.7949097691118885],[116.91994513400005,0.8023302191035985],[116.92470634700011,0.8082468890969766],[116.93061381100006,0.8099120700951343],[116.93568336300007,0.8176894970864838],[116.9589035030001,0.8161700900881687],[116.96910624200007,0.8219131410817263],[116.97455370700004,0.8211683420826212],[116.9755281690001,0.8255346970777451]]}},{"type":"Feature","properties":{"name":null,"cls":"secondary","km":24.18},"geometry":{"type":"LineString","coordinates":[[116.96188701100004,1.3434376265009655],[116.98863966200008,1.3365412115086126],[116.99095849300012,1.3264819425197736],[116.99985090300005,1.317740476529554],[116.99148489800007,1.3040972675446982],[116.9802586400001,1.2996358105496237],[116.97953410200013,1.2941154065558012],[116.97109229400009,1.2841409595668922],[116.97008875900008,1.2865554205641836],[116.96464116900005,1.285113873565764],[116.96307809600012,1.2712265185812452],[116.96883034900009,1.2655887115875095],[116.96037736300003,1.265816859587284],[116.96413120000012,1.2604540915932019],[116.95651308000004,1.2595692695941825],[116.95640706500002,1.2545908045997725],[116.94979380900008,1.2520658946025551],[116.94802549500004,1.2547328945996228],[116.94257033500003,1.2494955196053994],[116.94513960400002,1.2446336886108027],[116.9387180350001,1.242608555613054]]}},{"type":"Feature","properties":{"name":null,"cls":"secondary","km":24.06},"geometry":{"type":"LineString","coordinates":[[116.04942167100013,1.6190234591950843],[116.06187642600003,1.6080639492071989],[116.07787196200002,1.603366944212467],[116.1102363550001,1.6055338762100608],[116.11811985800011,1.6001657562160234],[116.12854578200006,1.5997829872164233],[116.13312237200013,1.5947476562220355],[116.13991676,1.5998279792163659],[116.14821451300007,1.5974751672190215],[116.15671824800006,1.5997445352164883],[116.16384754100011,1.5908983782262909],[116.17145465500005,1.5926912662243085],[116.17339879100005,1.5886894272287382],[116.18025702600004,1.5874971702300575],[116.18098233800004,1.589837312227433],[116.18962074700006,1.5856628512320794],[116.20113645100002,1.5856673552320564],[116.19993439500003,1.5899249612273585],[116.20312184600004,1.5915318382255965]]}},{"type":"Feature","properties":{"name":null,"cls":"secondary","km":23.78},"geometry":{"type":"LineString","coordinates":[[115.73242090200007,0.516678810422493],[115.73047566500009,0.5093614584306926],[115.70793758900004,0.48411434345887183],[115.70498200800012,0.4708078434737505],[115.7087311040001,0.46134466948436337],[115.70233975400005,0.45261465649404614],[115.69043395300002,0.4499771974970411],[115.6875695870001,0.44427323550342396],[115.67952115300012,0.44035641450777896],[115.67913697800007,0.4460661235014076],[115.67296353700011,0.45126296649558634],[115.66660951300001,0.45389344949269445],[115.66036564100011,0.45041078249657607],[115.65841416300009,0.453106498493553],[115.65221843900008,0.451698893495116],[115.65259098400007,0.45733997548884053],[115.642870517,0.4596440764862618],[115.64162257900011,0.4642362234811101],[115.63751384800003,0.4602535604855877],[115.63516877200004,0.46406826748129515],[115.63394271700007,0.4539879474925147],[115.62779971000009,0.4494262534976603],[115.62727162700003,0.43921241850905973]]}},{"type":"Feature","properties":{"name":null,"cls":"secondary","km":23.72},"geometry":{"type":"LineString","coordinates":[[115.1028477110001,0.9751321069108678],[115.10977338900011,0.9759497749099704],[115.12495242400007,0.9710382129154423],[115.12502240700009,0.9616968329259109],[115.13311432800003,0.9495136619394567],[115.148344973,0.9437122499458955],[115.16450120000002,0.9771217839086932],[115.16497765300007,0.9842715729007059],[115.17055789800007,0.9909856858932199],[115.17863412300004,0.9921670558919558],[115.18688392800003,0.9992703788839818],[115.19576158500003,1.018707833862352],[115.19595565200007,1.0286911808512005],[115.20666368800005,1.035412767843755],[115.22027097700004,1.0379796508408679],[115.2241112600001,1.046057046831837],[115.22923404800007,1.048117898829539]]}},{"type":"Feature","properties":{"name":"Parae","cls":"secondary","km":23.71},"geometry":{"type":"LineString","coordinates":[[114.50834978400007,0.7954612431112406],[114.50257420000003,0.7997797521064572],[114.49868328700006,0.8144212830900878],[114.50499300800004,0.8329544830694281],[114.50132385600011,0.849436241051028],[114.5037994280001,0.8611513370379889],[114.49994333400002,0.8680044050303516],[114.47845308500007,0.8679318400303914],[114.46426730300004,0.8775115920197525],[114.45260496900005,0.8756437220218121],[114.4381004600001,0.8889322200070271],[114.43027324200011,0.890787739004958],[114.41106233400001,0.907236563986597],[114.40656660600007,0.9146130999783315],[114.39933912100004,0.9131759439799644],[114.39208073300006,0.9069568909868758]]}},{"type":"Feature","properties":{"name":"Nawang","cls":"secondary","km":23.63},"geometry":{"type":"LineString","coordinates":[[114.35818456700008,1.4229037234126525],[114.36598029100003,1.4261640154090924],[114.37566816600008,1.4245099804109014],[114.38513118900005,1.4348374983994754],[114.38976840200007,1.4339645794004146],[114.39784081200003,1.4424804773909254],[114.40126017600005,1.441388810392159],[114.4056506170001,1.4467620593862045],[114.40998714900003,1.4427276393906383],[114.40993775000005,1.4457233253873463],[114.41469016000008,1.4457137743873438],[114.4200646170001,1.4504538643820815],[114.43588487100011,1.4387826193950102],[114.43955988200003,1.4441979443890318],[114.44450438900003,1.4425043743909123],[114.45375929000011,1.44712909338579],[114.46245634600007,1.4411782833923914],[114.47587150100003,1.4407876573927838],[114.48141118100011,1.4371861743968617],[114.48273787100004,1.4392180153945466],[114.48656745200003,1.4337530784006245],[114.49600544000009,1.432725885401779]]}},{"type":"Feature","properties":{"name":"Nyahing","cls":"secondary","km":23.57},"geometry":{"type":"LineString","coordinates":[[115.61645199200007,-0.4727572334715219],[115.62018287900004,-0.47615153246770453],[115.61648186600007,-0.4801914724631638],[115.62523041400006,-0.48145596746182295],[115.61171382200007,-0.488477045453929],[115.61193164900011,-0.49657423244482446],[115.61817163600006,-0.4975225854438034],[115.61312137900008,-0.5054292564350035],[115.61907869900004,-0.5085241884315469],[115.61826255000004,-0.5124857814270832],[115.61496990600004,-0.512832312426681],[115.6162233870001,-0.5166838634224472],[115.6052472460001,-0.5209273034176262],[115.60305320500002,-0.5163810684227872],[115.59740923700006,-0.5145488964247611],[115.590321087,-0.5206714194179258],[115.59295366800008,-0.5271749254106861],[115.58605517800004,-0.526447300411505],[115.58580352300008,-0.5299670134075734],[115.57912436800005,-0.5300601764074304],[115.58040846200004,-0.536863241399823],[115.57281914500005,-0.5404285623959182],[115.57965472100011,-0.5418822743942873],[115.56993341100008,-0.5440896773918316],[115.57219033900003,-0.5474836953880388],[115.5655101950001,-0.5518067913832051],[115.56544582600009,-0.5586726323755116]]}},{"type":"Feature","properties":{"name":null,"cls":"secondary","km":23.51},"geometry":{"type":"LineString","coordinates":[[116.5716779060001,0.24024159073143925],[116.56959932300003,0.23477674573751733],[116.57211192700004,0.22431998074926243],[116.56663449100006,0.22376895774988487],[116.56109053900002,0.21636970975811395],[116.55724484000005,0.21654277075792663],[116.55966284200008,0.21140468076368124],[116.55793518600001,0.20664509976900935],[116.55365027900007,0.20526214077054195],[116.55831902900002,0.20246443377368176],[116.55615838000006,0.1965639457802539],[116.55227461100003,0.19676340978006354],[116.55325423600006,0.19031962878723238],[116.55052533400008,0.18645238379159615],[116.55352940300008,0.18086032079783734],[116.54731020200006,0.17755924280153657],[116.54743294400011,0.17308390880654473],[116.52242507400001,0.18627245679175433],[116.51771916900009,0.19372595378347596],[116.49412521200009,0.2135519627612941],[116.48429549500007,0.23053066474229011],[116.47130682700005,0.24181145472971552]]}},{"type":"Feature","properties":{"name":"Namuh","cls":"secondary","km":23.47},"geometry":{"type":"LineString","coordinates":[[115.41394365000008,-0.18107793179750434],[115.41030692100003,-0.1774792108014946],[115.41259567100008,-0.17836322680057215],[115.41287832500007,-0.17279203780673696],[115.41682888000004,-0.1731080188063563],[115.41595179000001,-0.16295979781778203],[115.40801974300007,-0.15705653582434903],[115.40369290500009,-0.15749811082383267],[115.40309743800005,-0.15416797882759067],[115.39613695900005,-0.15400962882776156],[115.3954164610001,-0.1453135028374893],[115.38434901900007,-0.1409410238423803],[115.38541624300001,-0.12208129186344763],[115.38300202100004,-0.12239678986308164],[115.378393607,-0.11360581987294502],[115.37234223600001,-0.11742476086865342],[115.36121274400011,-0.10230487888559407],[115.35936347300003,-0.09086278989834629],[115.35371993700006,-0.09152537589761507],[115.3479859470001,-0.08677187190288192],[115.34795165500009,-0.07680053291403482],[115.3446911750001,-0.0715765829199375],[115.34650975400007,-0.06794679792403095]]}},{"type":"Feature","properties":{"name":null,"cls":"secondary","km":23.37},"geometry":{"type":"LineString","coordinates":[[114.86401263800008,0.7545690851569246],[114.85933124500002,0.7613632551492882],[114.8616638760001,0.7758725721331523],[114.8566332690001,0.7877202701199262],[114.86200574200006,0.7947254891120961],[114.84943142200007,0.837684435064194],[114.86369899300009,0.8462580980546218],[114.86615941900004,0.866725485031772],[114.87188696000011,0.8681780490301333],[114.874470255,0.8742234400233952],[114.87990724300005,0.8766404980207269],[114.87952663500005,0.8905183050052123],[114.884004966,0.888798570007149],[114.89038862500003,0.9007003629938687],[114.91610325900001,0.8990844769956372]]}},{"type":"Feature","properties":{"name":null,"cls":"secondary","km":22.74},"geometry":{"type":"LineString","coordinates":[[114.51809962300001,0.9327738439581242],[114.51338035200001,0.9333438859574612],[114.50986142200009,0.9295338129616995],[114.49269406300006,0.9300164129611458],[114.48577872100009,0.9191426309733103],[114.48162774800005,0.9228364309692038],[114.47793829300008,0.9214463919707289],[114.46017050900002,0.9275441869639686],[114.44006159000003,0.9442926099452463],[114.42115493900008,0.9683592409184216],[114.41968917500003,0.9853983548994949],[114.40442077400007,1.0071567778752186],[114.40087806600002,1.03451573584475]]}},{"type":"Feature","properties":{"name":"Biuu","cls":"secondary","km":22.67},"geometry":{"type":"LineString","coordinates":[[114.53790705000006,0.6844356202351493],[114.50606576300005,0.684513029235116],[114.47467242700009,0.6916775362270897],[114.46393961700005,0.6980709462199657],[114.45097676700004,0.7127346712036016],[114.4384010230001,0.7098605532067832],[114.41621746700002,0.692124901226573],[114.40661176000003,0.6938583972246166],[114.40046185900007,0.6991356962187592],[114.40346929900011,0.7078866862089973],[114.4022806280001,0.7161726911997454],[114.40996151300011,0.7211935671941405],[114.4157050450001,0.7355776771780422]]}},{"type":"Feature","properties":{"name":null,"cls":"secondary","km":22.59},"geometry":{"type":"LineString","coordinates":[[114.75125438700003,1.4767875153528844],[114.75186409500009,1.4850387643437],[114.74658359500006,1.5028215373239404],[114.75446216900002,1.5145549013109447],[114.75072764700008,1.5227251203018966],[114.75426988900007,1.5260952332981734],[114.76198859500003,1.5515121032699313],[114.76876690300003,1.5634683892567007],[114.77442065700006,1.5669366922528378],[114.77728060200002,1.575973434242809],[114.79057660300009,1.5837447782342233],[114.8013445590001,1.5974301792190324],[114.81842332500003,1.5955241562211526],[114.83041534000007,1.6026907992132127],[114.84232987100008,1.6003089772158299]]}},{"type":"Feature","properties":{"name":null,"cls":"secondary","km":22.46},"geometry":{"type":"LineString","coordinates":[[114.540477151,1.2380554406181636],[114.55012122300002,1.2289487066282867],[114.54968160500005,1.2197312106385159],[114.56185654400008,1.208155597651424],[114.5623527350001,1.2019067556583602],[114.56804569200006,1.1939070126672733],[114.57332061500007,1.1914197276700618],[114.57416749700008,1.1807303466819263],[114.55791385900011,1.1441063427226383],[114.55014847500001,1.144501897722233],[114.54226865600003,1.1381605617293145],[114.53862493100007,1.1258017707430568],[114.54319754500011,1.1194804397501017],[114.53876801600006,1.1141149747560628],[114.54160738300004,1.1088580717619052],[114.53183050400003,1.091231594781572]]}},{"type":"Feature","properties":{"name":null,"cls":"secondary","km":22.42},"geometry":{"type":"LineString","coordinates":[[116.86959143600008,0.6574238522653532],[116.8757124240001,0.6514205812720362],[116.87449964200003,0.6483597972754727],[116.88551249400005,0.6517055942717067],[116.88755711300008,0.6438933332804413],[116.89083162100007,0.6477675502761243],[116.89683761200001,0.6466246222773961],[116.89918308700011,0.6493991502742862],[116.89932190100002,0.6457843042783524],[116.9005957370001,0.6481942282756512],[116.90304265500005,0.6451755612789855],[116.90778111000007,0.6531426302701101],[116.91130831600003,0.6493877982743008],[116.91633655900011,0.651118468272363],[116.91601523000008,0.6449405612792408],[116.91944497800013,0.642857417281613],[116.92653956900007,0.6432731532811136],[116.9262641140001,0.646001273278108],[116.92844453200007,0.6440338602802711],[116.93215785000007,0.648376687275413],[116.93320353400009,0.6451442252790711],[116.94024260200001,0.6512632982721828],[116.95194759900006,0.651903236271494],[116.96504914800006,0.6620765742601458],[116.97399040500011,0.6796660782405319]]}},{"type":"Feature","properties":{"name":null,"cls":"secondary","km":22.15},"geometry":{"type":"LineString","coordinates":[[114.25934585900008,1.409677061427388],[114.243076685,1.399821675438304],[114.23732988500001,1.3618155664805491],[114.22898988700001,1.3560809704869017],[114.22554507600012,1.331144173514576],[114.22847143100013,1.3253164165211277],[114.24946984100006,1.3270231605192009],[114.24570392900011,1.3227350535240032],[114.24430881900003,1.3128543805349777],[114.24512669100012,1.3049610195437504],[114.24976132200004,1.2991061175502285],[114.24330534500007,1.2954816735543169],[114.24433205800005,1.29080443355947],[114.2516873940001,1.285233652565632],[114.25158131300009,1.279815827571677]]}},{"type":"Feature","properties":{"name":null,"cls":"secondary","km":22.08},"geometry":{"type":"LineString","coordinates":[[114.16712685800007,1.200714118659675],[114.17175939900005,1.2072371826524442],[114.17062268200004,1.2129735016460377],[114.18123124100009,1.2198430366383823],[114.18506046500012,1.2185254516398527],[114.19420695400004,1.2239817396337884],[114.2103501150001,1.2218377776361955],[114.22655894600007,1.231180231625755],[114.22941232800008,1.2282674656289945],[114.23273009100001,1.2320327476248267],[114.23628099200005,1.2304702886265437],[114.23487553600012,1.2384168946177387],[114.23830057700002,1.2380358286181659],[114.24060573100009,1.2428518036127763],[114.25146110100002,1.2429462566127358],[114.25783285900002,1.2504779446043026],[114.25732019200007,1.2563275305978274],[114.26490743200009,1.255327789598925],[114.27309013500007,1.2641463425890822]]}},{"type":"Feature","properties":{"name":"Hubung","cls":"secondary","km":21.95},"geometry":{"type":"LineString","coordinates":[[114.10539025000003,0.7991159911071793],[114.09739159700007,0.8031737451026484],[114.09085511,0.8239002730795363],[114.05771143400013,0.8476429740530371],[114.04904892400009,0.8630069160359083],[114.04999872100007,0.8701634210279384],[114.06408600200007,0.8765854420208032],[114.06394975800004,0.8895165770063385],[114.05767389200003,0.8933305810020858],[114.05502473600006,0.9012073809933137],[114.04623618500011,0.8977143739971553],[114.03507219000005,0.9049319369891509],[114.00673008500007,0.9002866209943581]]}},{"type":"Feature","properties":{"name":"Lalang","cls":"secondary","km":21.88},"geometry":{"type":"LineString","coordinates":[[116.00472675600008,0.7760359951329688],[116.00260416100004,0.7820994131261941],[116.00545652600012,0.7885437241190048],[116.02243745600005,0.790759739116528],[116.03419668100003,0.8203686080834974],[116.0460883060001,0.8221725330814721],[116.05232385700003,0.8286041630743194],[116.0574473690001,0.8239292330795002],[116.06856831600011,0.8266843440764374],[116.07548669200001,0.8233672680801414],[116.07806665700002,0.8305861350720307],[116.08743381900001,0.8286466280742274],[116.10768579400006,0.8176950410864515],[116.12565161500005,0.7965873541099987],[116.13147533300004,0.794591135112234]]}},{"type":"Feature","properties":{"name":"Kedangkepala","cls":"secondary","km":21.73},"geometry":{"type":"LineString","coordinates":[[116.61760626900002,0.2512469537191435],[116.58980871100005,0.2482144077225175],[116.55501505300003,0.23228030374033168],[116.54617631900008,0.23611126973605986],[116.54420279500005,0.24136655673020005],[116.53400554400002,0.24824468172249148],[116.53345491800009,0.2530320827171583],[116.52952961700011,0.251573022718781],[116.50377304700008,0.28684594867937857],[116.49388658600003,0.28907530767688105],[116.48040416800005,0.28606050868021543],[116.47619517100009,0.28894083267697174],[116.47080714400012,0.28125921068554954]]}},{"type":"Feature","properties":{"name":"Kedangdalam","cls":"secondary","km":21.63},"geometry":{"type":"LineString","coordinates":[[116.60687812700007,-0.3018399886625443],[116.60589138800002,-0.3041948576598799],[116.61618582300002,-0.3119008946512562],[116.61549776000004,-0.32472120863691434],[116.62552444399999,-0.34223360461732394],[116.6460753250001,-0.3549634386031536],[116.66811518100008,-0.3913504515624476],[116.68186692700012,-0.3972476485558514],[116.69113645100003,-0.4062468255458248],[116.71410707700011,-0.41629766653461797],[116.7128845200001,-0.4204765715298802],[116.71700983800008,-0.4287918945206211]]}},{"type":"Feature","properties":{"name":"Bliwit","cls":"secondary","km":21.55},"geometry":{"type":"LineString","coordinates":[[116.80020385500006,0.541218971395064],[116.82251490800002,0.5420546213941565],[116.82407836400012,0.5332217734040037],[116.83846169600007,0.5259764544121214],[116.8577573330001,0.5393626043971829],[116.86672807600006,0.534030678403144],[116.87135263600011,0.5362076134006963],[116.87417442800006,0.5319875814054189],[116.88983524900004,0.5413620403949497],[116.90011560900007,0.5403841663960389],[116.9115325900001,0.5529724203819794],[116.9171169440001,0.5542075433806218],[116.9302979790001,0.5459571563898042],[116.94436492400007,0.5555267073791242]]}},{"type":"Feature","properties":{"name":"Belayan Kana","cls":"secondary","km":21.06},"geometry":{"type":"LineString","coordinates":[[115.99532633000001,1.2774505425742835],[116.01288972100008,1.2602970385933991],[116.03132937500004,1.256790151597296],[116.0344331140001,1.2477558816073062],[116.04609802800007,1.2534095986010814],[116.04802227500012,1.2581274065958044],[116.06144761200005,1.2585508245953054],[116.05876898800012,1.2742713065778517],[116.06509973200002,1.2801481705713131],[116.070154247,1.2760893525757968],[116.07335785600003,1.2651689955879832],[116.0785340870001,1.27030842258228],[116.09048543700011,1.2661789465868782],[116.09220457700006,1.2720746795803157],[116.10597155100004,1.2805619955708811],[116.11896195400004,1.2801054455713352]]}},{"type":"Feature","properties":{"name":null,"cls":"secondary","km":20.89},"geometry":{"type":"LineString","coordinates":[[115.239820699,0.14677191483592164],[115.24049420900008,0.15536859982631263],[115.23515715500002,0.17152858280827646],[115.23864868500003,0.17402801380545677],[115.238465656,0.17969493479910587],[115.24976478100008,0.19032789178721185],[115.24496724500011,0.19306759178415542],[115.25248837900006,0.19906474977749877],[115.251212742,0.20256859977356714],[115.26101995600004,0.2028064347733249],[115.25750717400003,0.21357313176125695],[115.2622280700001,0.2103767587648164],[115.26224133700009,0.21778931275652272],[115.266014476,0.21587953775864668],[115.26943650200009,0.2207185347532875],[115.27805093100007,0.2138921287608962],[115.28010088100008,0.21657423575792104],[115.27748894900003,0.21894695475525677],[115.281231487,0.2226592067511033],[115.28930645600008,0.22267734675107748],[115.29138578800007,0.21921185575496818],[115.29342652700007,0.22194498375189647],[115.30121752700005,0.21682692475761717]]}},{"type":"Feature","properties":{"name":"Seguntungkiri","cls":"secondary","km":20.8},"geometry":{"type":"LineString","coordinates":[[116.95454814000004,4.785819272944334e-14],[116.95724311900007,0.007212361991990613],[116.96471648500005,0.009499813989428745],[116.97093302400003,0.007368772991823124],[116.98665354000002,0.015564355982638167],[116.99822530300003,0.01579405498239948],[117.00734766300002,0.023366345973930187],[117.00893798700008,0.02838614096833933],[117.03371402100004,0.03251236196366933],[117.05781973500008,0.02516290397190573],[117.07542783700002,0.027101593969748376],[117.08365058400011,0.033283294962852185],[117.10044228600009,0.02570851597133656],[117.11178101000009,0.02605677297091906]]}},{"type":"Feature","properties":{"name":null,"cls":"secondary","km":20.72},"geometry":{"type":"LineString","coordinates":[[115.31827907099999,1.6797322331278675],[115.31768044700006,1.6824683521248105],[115.31210917900012,1.6820181601252713],[115.3203331310001,1.6932399071129032],[115.31422484600013,1.7062854880984122],[115.30425920300002,1.7176665060858465],[115.31258682700002,1.7368592840645631],[115.31027409900003,1.7358579690657108],[115.30817692100003,1.740788843060243],[115.30395975000009,1.7717353000259832],[115.295405845,1.784074524012345],[115.29617166300011,1.801544346993018],[115.2869315900001,1.815488926977572],[115.2857470790001,1.822638358969682]]}},{"type":"Feature","properties":{"name":null,"cls":"secondary","km":20.66},"geometry":{"type":"LineString","coordinates":[[116.39129083400009,0.6852113562343398],[116.39617024300003,0.6922959282263933],[116.39749772300001,0.7043080462129772],[116.4029766860001,0.7061187552109163],[116.40325321600007,0.7143127452018474],[116.40968812300004,0.720522726194904],[116.40800674600008,0.7243580731906232],[116.41135727400001,0.7350337941786892],[116.40614060000007,0.7365537971769822],[116.40361488000006,0.7462754051661499],[116.40756463500009,0.7538763951576604],[116.40391968100005,0.7536409371579359],[116.40542231600011,0.7583660881526616],[116.40845156700004,0.7579922011530349],[116.4099999680001,0.7662536101438134],[116.40710381800012,0.771520478137974],[116.41437621900003,0.7778886171308577],[116.41049442400003,0.7820102051262936],[116.41417289700007,0.7808716331275426],[116.41565572800005,0.788899542118612]]}},{"type":"Feature","properties":{"name":null,"cls":"secondary","km":20.64},"geometry":{"type":"LineString","coordinates":[[116.16687337800009,1.39947514243871],[116.17034056800004,1.4188860184171732],[116.17551342200011,1.4209988134148173],[116.17862289000003,1.4374833513964964],[116.19222581000007,1.4353879923988133],[116.20575342400002,1.4458612893871856],[116.22320267400006,1.4399942193937307],[116.2271454070001,1.4403557153933009],[116.22951594000004,1.4469054433859947],[116.2354278800001,1.4462589483867834],[116.24162331100001,1.4412126363923525],[116.2549853490001,1.4403706323932925],[116.25715082900003,1.4365153523975716],[116.26968055200007,1.436424133397645],[116.26995679700008,1.4324873284020647],[116.27835800300012,1.4296780794051231],[116.28043076300001,1.4218937404138319]]}},{"type":"Feature","properties":{"name":"Danum Parae","cls":"secondary","km":20.56},"geometry":{"type":"LineString","coordinates":[[114.59472436600004,0.8362728400657167],[114.60274528100001,0.822154843081496],[114.60272723900005,0.8071088720982647],[114.59871732900002,0.800232101105933],[114.59798960100011,0.7891110911183482],[114.59108518300002,0.7837219231243352],[114.58188604000009,0.7818791091263944],[114.5852182860001,0.7317166341824013],[114.58049548100007,0.7200229201954466],[114.58081353000011,0.7083746892084221],[114.57255307000003,0.6935618052250043],[114.55300305100002,0.6853068672342038]]}},{"type":"Feature","properties":{"name":null,"cls":"secondary","km":20.53},"geometry":{"type":"LineString","coordinates":[[114.36681299100007,1.1075294157633695],[114.3545674930001,1.1303366357379765],[114.33482689100003,1.1368071977307856],[114.33183623600007,1.1450899517215598],[114.32640805700011,1.149597928716544],[114.32822927700012,1.1739785376894563],[114.32208554100009,1.1733646036901433],[114.32489229400005,1.1755444036876666],[114.32803833300011,1.1997497776607717],[114.31467804700003,1.1998233556606825],[114.31166516700011,1.2046318366553517],[114.30817851500001,1.201252993659098],[114.3033550340001,1.20598707665378]]}},{"type":"Feature","properties":{"name":null,"cls":"secondary","km":20.13},"geometry":{"type":"LineString","coordinates":[[114.436279463,1.3663477164755047],[114.44376496200005,1.368526176473049],[114.44841367200002,1.3659973944759305],[114.45678682500012,1.369203834472336],[114.4666549960001,1.3658983394760165],[114.482067658,1.3871882764523504],[114.49631947500006,1.3818866644582595],[114.5053217320001,1.3724642584687177],[114.51265373300009,1.38453690745534],[114.51833668900008,1.3832759194567292],[114.5251950280001,1.388645981450756],[114.53271977700003,1.3858457224538112],[114.54196082800001,1.3876915144518038],[114.56119820800006,1.4021184734358048]]}},{"type":"Feature","properties":{"name":"Ruang","cls":"secondary","km":19.9},"geometry":{"type":"LineString","coordinates":[[116.08095288100004,-0.06589820292625723],[116.07516048200011,-0.056767551936478075],[116.07159577600011,-0.06050568593229248],[116.06714002300009,-0.057664586935498204],[116.05822836200002,-0.06222501593036072],[116.05369809200012,-0.073738506917548],[116.04582608700002,-0.07971940091081504],[116.01820018600004,-0.08883979290065175],[116.00832347100004,-0.08293329390722468],[116.00600290300008,-0.07795219091279368],[116.00099020100005,-0.0789052909117084],[115.99280297200005,-0.07324186291809383],[115.98288939800013,-0.055943611937426356],[115.97364383900003,-0.05745737293575712],[115.9674619750001,-0.02995437296647938]]}},{"type":"Feature","properties":{"name":"Mupoq Kanan","cls":"secondary","km":19.75},"geometry":{"type":"LineString","coordinates":[[115.77347592300009,1.0457185538322644],[115.75245466400008,1.0486850668289296],[115.74104947300009,1.0420639898362918],[115.72173629400004,1.0586537678178434],[115.70609725800013,1.0560332448207255],[115.702805354,1.0635028408124296],[115.70882176600003,1.06887247880645],[115.70864852700005,1.0732217628016],[115.70102419600006,1.079078545795086],[115.69205072900002,1.0805430327934518],[115.6848080960001,1.0884013727847084],[115.66153579,1.0961568557760477],[115.65218734900009,1.105868347765265],[115.64665075400002,1.1069971847640168]]}},{"type":"Feature","properties":{"name":"Menyiu","cls":"secondary","km":19.73},"geometry":{"type":"LineString","coordinates":[[116.49284777300012,0.9569540129311833],[116.49820364900008,0.9560409529321969],[116.49587071000006,0.9592613229286256],[116.50204351100002,0.9647364789224824],[116.49997090200009,0.9696454279169929],[116.50878446000002,0.9736363009125708],[116.51144048100002,0.9793169009062628],[116.5082899890001,0.9836273729014203],[116.51537911100002,0.9912378078929313],[116.51243545000011,1.0010623138820167],[116.51480930500009,1.0087785508733564],[116.49952980600006,1.0155809948658199],[116.50118093900006,1.0196064628613282],[116.5042687040001,1.0195979858613409],[116.50892113200008,1.033225754846163],[116.50772594600005,1.041902120836538],[116.51236604700013,1.053393423823678],[116.53369616200007,1.071857074803157]]}},{"type":"Feature","properties":{"name":null,"cls":"secondary","km":19.67},"geometry":{"type":"LineString","coordinates":[[116.84753610100005,0.7175561761982068],[116.84786235600008,0.7155384322004718],[116.85217576700006,0.7200075921954675],[116.85822676400007,0.7194855241960618],[116.85822128400002,0.7164169041995072],[116.87059273600005,0.7123725962040044],[116.87357940400013,0.7075858012093329],[116.87902055000006,0.7171549421986493],[116.88466507500006,0.7203673131950751],[116.88454743900003,0.7256665331891143],[116.89496529100006,0.7341630611796872],[116.90105302800009,0.7350800781786584],[116.9031705770001,0.7272150731874335],[116.90901090500004,0.7304353901838591],[116.91264272300009,0.7270802561875889],[116.91990861800002,0.7437007171690275],[116.92918294700009,0.7528367461588462],[116.9341094130001,0.7526919681590097],[116.93848214800005,0.7470923541652713],[116.94254308400004,0.7480170231642054]]}},{"type":"Feature","properties":{"name":"Lewula","cls":"secondary","km":19.35},"geometry":{"type":"LineString","coordinates":[[114.06394975800004,0.8895165770063385],[114.06974169500006,0.8923221460032298],[114.07873636400006,0.9082046609855042],[114.07846648200007,0.9197480029726569],[114.10003107900003,0.9235164899684328],[114.10863850100009,0.9208767299713291],[114.11648146400012,0.9251894979665867],[114.13119053000003,0.91654192097618],[114.13778496800002,0.9053413069887137],[114.15486747200009,0.897343677997638],[114.14273076900008,0.8582912830412097]]}},{"type":"Feature","properties":{"name":null,"cls":"secondary","km":19.34},"geometry":{"type":"LineString","coordinates":[[115.09351434000007,0.948446444940626],[115.10535191500004,0.9284374469629628],[115.11240747500005,0.9221887899699296],[115.12617678100001,0.9147442069782338],[115.14538861800008,0.9169700149757327],[115.15740362800011,0.9135376579795604],[115.15948607800009,0.9049976249891198],[115.16415443300002,0.9019115749925185],[115.16336013900002,0.8888762830070417],[115.16753671300012,0.8747866820227402],[115.16329546400004,0.8616946290373827],[115.15394190900008,0.8568432600427699],[115.14455491200012,0.8562871000433625],[115.13665347500013,0.8673874060310118]]}},{"type":"Feature","properties":{"name":null,"cls":"secondary","km":19.28},"geometry":{"type":"LineString","coordinates":[[114.86218172900011,1.1041077987672272],[114.8702511240001,1.0954119657769357],[114.86677451700008,1.0877538397854314],[114.87031902400008,1.0720126028029875],[114.85830291700006,1.0568712658198058],[114.85372088600003,1.0551693568217266],[114.85264566700006,1.0460737258318384],[114.83890576500004,1.0356841948434043],[114.82849503500006,1.0320676558474513],[114.82904290400006,1.0180010078631334],[114.82645681100009,1.018463230862606],[114.82329189300003,1.0104891688714517],[114.8323534320001,0.9959558358876863],[114.82189346400004,0.9766288949091805]]}},{"type":"Feature","properties":{"name":"Karangan","cls":"secondary","km":19.25},"geometry":{"type":"LineString","coordinates":[[115.86453692600004,-0.07557235791541765],[115.86841816300011,-0.08482056490514432],[115.8580662600001,-0.12057512586511357],[115.85780658200008,-0.14076456284256317],[115.86530972400008,-0.1615405808193228],[115.85909890400002,-0.168964740811067],[115.85651041000004,-0.18264130379578072],[115.85068764100005,-0.19084694378654163],[115.85417996700005,-0.20563104477006866],[115.85198011400007,-0.2103200377647902],[115.84434571400006,-0.22100028875284727],[115.83230006800011,-0.22922060974368558]]}},{"type":"Feature","properties":{"name":null,"cls":"secondary","km":19.21},"geometry":{"type":"LineString","coordinates":[[115.26890562500012,0.26654097270208676],[115.27209737700002,0.26938430469888236],[115.26951896200002,0.27549725869200503],[115.27363162100005,0.2795129786875405],[115.27098539300006,0.2865157886796885],[115.2804282610001,0.29449422167078265],[115.27718937000009,0.30198307266240376],[115.25781610700007,0.32016363964207994],[115.2458671940001,0.3237138216381469],[115.24479596300012,0.32959176463154616],[115.23854550100009,0.3264911426350328],[115.22021426000003,0.3381053666220408],[115.21608638700002,0.3522692206062251],[115.20243136500005,0.3680889835885727]]}},{"type":"Feature","properties":{"name":null,"cls":"secondary","km":19.08},"geometry":{"type":"LineString","coordinates":[[116.61348130400006,0.40167061955104144],[116.60799910100002,0.40818251954370327],[116.60129611900003,0.4029234835495973],[116.5941086150001,0.40525054554703],[116.59209000600005,0.4099052845418176],[116.58308124200005,0.40827067254366345],[116.56615966300001,0.4165697035343836],[116.56622578500004,0.41966971453089713],[116.56220947100009,0.41808767253268075],[116.55119968400005,0.43749939651098835],[116.53775147500005,0.4474017914999335],[116.53499028300007,0.45365321649297086],[116.52090768800008,0.455392785491006],[116.5019064390001,0.45013109149686825],[116.48903952500007,0.4580815224879425]]}},{"type":"Feature","properties":{"name":null,"cls":"secondary","km":19.06},"geometry":{"type":"LineString","coordinates":[[116.3629307970001,0.7655184721446707],[116.35742123200008,0.7666458081434241],[116.35918360500011,0.7614687331491767],[116.351207745,0.7559630121553261],[116.35317408700007,0.7540346891574687],[116.34896008000011,0.7497964391622242],[116.35139964500003,0.7480118351641905],[116.34933253200005,0.7443072511683576],[116.35352313500005,0.7435654101691495],[116.35378156800004,0.7398071481733719],[116.34443637200002,0.7368705501766456],[116.34456288400007,0.7322813461817395],[116.34097005600006,0.7311747981829833],[116.34226806500011,0.72039893819506],[116.33943389600005,0.7179998541977277],[116.34388030600009,0.7139475232022031],[116.35144752500003,0.7133705202028854],[116.36578606,0.6989291242190062],[116.37645913000006,0.6992421202186669]]}},{"type":"Feature","properties":{"name":"Map","cls":"secondary","km":18.98},"geometry":{"type":"LineString","coordinates":[[115.64243543400006,-0.07455299591659688],[115.64080168400005,-0.08548391890439234],[115.6369313140001,-0.0888930639005534],[115.63852058600003,-0.09658141089194472],[115.63160916300001,-0.1031909518845869],[115.62912079600005,-0.11122698687560319],[115.61467616800007,-0.11950591886631873],[115.6098384170001,-0.11929694386653855],[115.60506896200003,-0.1344991188495862],[115.59338876900006,-0.14319543483982677],[115.57811515100003,-0.1475777408349387],[115.56111420600007,-0.14702003983559148],[115.56049148300008,-0.15811720182319364],[115.5542016070001,-0.17098808780876426],[115.54680660200005,-0.17523156980398416],[115.54860308000002,-0.17982363079889313]]}},{"type":"Feature","properties":{"name":null,"cls":"secondary","km":18.96},"geometry":{"type":"LineString","coordinates":[[116.60854671200002,0.4076657785443346],[116.59206777000009,0.4214711715288692],[116.57856762900009,0.45891816148703457],[116.53406189600001,0.47177860547267153],[116.51947868100001,0.47191975747252835],[116.51238687900002,0.4757993604681913],[116.47913557800005,0.47172386847275494]]}},{"type":"Feature","properties":{"name":null,"cls":"secondary","km":18.91},"geometry":{"type":"LineString","coordinates":[[115.53122281900005,1.5786327542398806],[115.52952753600006,1.56106309125932],[115.53650300400012,1.5126946493130284],[115.53293097900007,1.505587948320894],[115.52829064500007,1.5035317563231854],[115.52735848600003,1.493103106334763],[115.52094624100006,1.4866321553419288],[115.51786732300002,1.4880726293403141],[115.52022410300003,1.4846871613440997],[115.5163837030001,1.4825501393464477],[115.51961702000007,1.4786406933507974],[115.508603525,1.4723701853577598],[115.51008149200004,1.4660945193647386],[115.50650723500006,1.4692304483612644],[115.49892911200003,1.4688244033616802],[115.4966369010001,1.4724953443576647]]}},{"type":"Feature","properties":{"name":"Nayan","cls":"secondary","km":18.89},"geometry":{"type":"LineString","coordinates":[[117.06743011600008,0.2601884867091449],[117.07766238000012,0.27009761369807933],[117.07472100200005,0.27944029568765894],[117.0814554110001,0.28816006767785307],[117.07705169300006,0.2931117096723717],[117.07997680500011,0.3083446816553068],[117.0789022560001,0.3280356026333001],[117.07415292300004,0.33403509762661576],[117.0748156950001,0.34303427961655036],[117.06908831300007,0.3574430996004493],[117.07464940200008,0.38245947357247356],[117.07128526600003,0.39033245256367566],[117.07349016900002,0.4026677575499142],[117.07964459800007,0.40961170954212606]]}},{"type":"Feature","properties":{"name":null,"cls":"secondary","km":18.75},"geometry":{"type":"LineString","coordinates":[[115.3045392790001,0.57876211135316],[115.30750156900001,0.5876446923432788],[115.2998379720001,0.5967997483330363],[115.29483713600008,0.6117626843162864],[115.28327045200001,0.6252551943012001],[115.28182341600008,0.6365338472886702],[115.28770261700002,0.6520586252713064],[115.28625710700011,0.6584235932642387],[115.27859883700012,0.6661265952555758],[115.27807815200005,0.682923891236832],[115.27282677300003,0.69233165022637],[115.2724102520001,0.7093755362073048],[115.2635699880001,0.7170223331987594],[115.26113896800007,0.7256551991891708]]}},{"type":"Feature","properties":{"name":null,"cls":"secondary","km":18.66},"geometry":{"type":"LineString","coordinates":[[116.40016804900007,0.8502260100502113],[116.39733788000001,0.8558903450438101],[116.39396084900011,0.8539969220459848],[116.39438433300008,0.8610202170381076],[116.39683214800004,0.8618852110371813],[116.39197792000004,0.8624573980365092],[116.39283976900002,0.8667669300317112],[116.38965786100005,0.8694456220287246],[116.38670510800011,0.8671893450312386],[116.38683333700011,0.8714069160265323],[116.38953527300009,0.8711029130269122],[116.38257034400011,0.8768136800205029],[116.38116959600008,0.8838045920127197],[116.36872167400008,0.8873057970088051],[116.3627640320001,0.88575997201054],[116.36188334000008,0.8898472610059661],[116.35404367500009,0.8910550730046386],[116.35750051200012,0.8943822260009315],[116.35429182000009,0.9023956109919659],[116.34328731200003,0.9062107579877128],[116.34770587900005,0.9106838899827722],[116.34349231100009,0.9246435509671374]]}},{"type":"Feature","properties":{"name":null,"cls":"secondary","km":18.53},"geometry":{"type":"LineString","coordinates":[[115.26483671000005,1.0495721048279323],[115.25763323700006,1.059448532816961],[115.23775246200012,1.0719682388030165],[115.22553701000004,1.0889127277841606],[115.23121753900011,1.0950051247773545],[115.23109856500001,1.1026332587688634],[115.22190657400006,1.1145562647555516],[115.22296189100007,1.1215856017477155],[115.22649981300003,1.1207973067486159],[115.22644813100011,1.1376505307299016],[115.23134488200003,1.1404645617267068],[115.23072714900002,1.1476436987187635],[115.23629374100007,1.1553836677101539],[115.23222450800004,1.1727600446907955]]}},{"type":"Feature","properties":{"name":null,"cls":"secondary","km":18.44},"geometry":{"type":"LineString","coordinates":[[116.66303587600008,0.5438251723922161],[116.66787999900009,0.5431915733928949],[116.67396164700007,0.5472571063883822],[116.67755861500008,0.5543985603803663],[116.67714192300004,0.5673620003659007],[116.68208388000005,0.5757249753565495],[116.68299354300007,0.6113632863167596],[116.67214878700008,0.6258177613006263],[116.6666295550001,0.6411453172835],[116.66233208300001,0.6426634202818255],[116.66256713000007,0.649022850274719],[116.65241599500007,0.6712511882498474],[116.65281999500007,0.6818138482380819]]}},{"type":"Feature","properties":{"name":null,"cls":"secondary","km":18.36},"geometry":{"type":"LineString","coordinates":[[114.29873132500006,0.6327162602929212],[114.30541971200012,0.6407312722839364],[114.33683427300002,0.6614888062608211],[114.36079245000008,0.66751173225402],[114.36654620900003,0.6859969042334064],[114.383803725,0.6905660152283308],[114.38057624100009,0.6985491092193951],[114.38312860400005,0.7019171232156262],[114.38885552900001,0.6956797152226046],[114.39104147500007,0.6960469662221732],[114.38885058000005,0.7046181422126546],[114.39777545200003,0.6952508592230922],[114.40046185900007,0.6991356962187592]]}},{"type":"Feature","properties":{"name":null,"cls":"secondary","km":18.28},"geometry":{"type":"LineString","coordinates":[[116.43135033800002,0.10846419487878227],[116.43476446400007,0.1193406578666053],[116.45706790400004,0.1170331778691904],[116.46113542700004,0.12009097486575249],[116.46083617600004,0.13020636085445622],[116.466222689,0.14181263284146023],[116.47214698800008,0.14688074183583766],[116.46906802900003,0.15223019282981956],[116.46062459800008,0.1509629918312897],[116.45701769000003,0.1575421018238845],[116.47680275000005,0.17460488480483474],[116.4801880460001,0.19376823678336322],[116.47806804400012,0.21531239675932334]]}},{"type":"Feature","properties":{"name":null,"cls":"secondary","km":18.27},"geometry":{"type":"LineString","coordinates":[[115.03090213900009,1.3080504825402783],[115.02764431000003,1.309857869538255],[115.02678487800006,1.305703700542926],[115.02528896800005,1.3093055425388915],[115.01933545000009,1.3103715105377292],[115.01548134300003,1.3186220725285673],[114.99771895000003,1.3116955235362642],[114.99256998500006,1.3177129885295915],[114.98638428400012,1.3153741925321742],[114.98528340100006,1.3187913685283457],[114.97106666100001,1.3192034105279018],[114.96976513200002,1.3240379545225072],[114.96404892500006,1.3247355385217676],[114.96152642600009,1.3287055785173716],[114.94978911100009,1.3293174085166484],[114.93846068100004,1.347677139496251]]}},{"type":"Feature","properties":{"name":null,"cls":"secondary","km":18.19},"geometry":{"type":"LineString","coordinates":[[116.69113645100003,-0.4062468255458248],[116.69161167000006,-0.4104343315411603],[116.68373379,-0.41501461653596994],[116.68386888900012,-0.4328584305160484],[116.68054127800009,-0.43176441651726216],[116.67372854400004,-0.4405898795074317],[116.66807484700007,-0.4423201675055212],[116.67334618400002,-0.4487618564983178],[116.66941144600003,-0.4514151714953395],[116.67113023400009,-0.4562992174898937],[116.66513241300005,-0.46462475048059193],[116.66788277300009,-0.4658554874791737],[116.66845543700003,-0.4730660934711139],[116.65405371600002,-0.4774878674662273],[116.65027124500011,-0.4900821284521508],[116.63968911600011,-0.5020414724387934],[116.6419420000001,-0.5189815994198443]]}},{"type":"Feature","properties":{"name":null,"cls":"secondary","km":18.14},"geometry":{"type":"LineString","coordinates":[[115.16756548000001,0.24909579772154022],[115.16502512900003,0.25194423271838656],[115.15691421600002,0.24989420972065784],[115.15554706400007,0.2568295177129443],[115.1465775480001,0.2588156547106726],[115.14414590000003,0.26931141069894377],[115.14962458800007,0.2724049876955057],[115.13909498300006,0.2743393356933056],[115.13714507300006,0.2803298986866305],[115.14065904100005,0.283707126682874],[115.136528913,0.28841480067758624],[115.1386235760001,0.2903804016753819],[115.13298146300008,0.2931246126723203],[115.13659341100004,0.3007961886637478],[115.13121322500002,0.30478632765928065],[115.12920783400013,0.31103506565230776],[115.12560024300002,0.3109240886524143],[115.126521151,0.3152766026475482],[115.11814259300002,0.3278845396334875],[115.11699616000011,0.34166754461808735]]}},{"type":"Feature","properties":{"name":"Merah","cls":"secondary","km":18.0},"geometry":{"type":"LineString","coordinates":[[116.0623870510001,1.007415220874869],[116.05838648400002,0.9952238318885197],[116.07180556600008,0.9684882279182999],[116.07096803100002,0.9602567829274635],[116.07699819100003,0.9426198489471003],[116.0748210480001,0.9331766219576656],[116.08352042800004,0.9280863099633614],[116.09944724300011,0.9320028719589765],[116.11049092700013,0.9274978509640037],[116.1140540340001,0.9209861539712534],[116.11379577700006,0.9066843609871539],[116.12175492700011,0.8997900229948769]]}},{"type":"Feature","properties":{"name":"Tocini","cls":"secondary","km":17.95},"geometry":{"type":"LineString","coordinates":[[114.25150505400006,0.7078296122090829],[114.25012958100001,0.7051432112120607],[114.24024464100012,0.7073377652095882],[114.22303380100004,0.6918295952269234],[114.20864064900002,0.6897368622292699],[114.20051715100011,0.6935624942249672],[114.20017529800009,0.7033637142140398],[114.1864561110001,0.711533228204939],[114.16896647800002,0.7111180822053816],[114.15438366400008,0.7242508941907538],[114.13473359800003,0.7197167141958118],[114.12544829300009,0.7281810091863709]]}},{"type":"Feature","properties":{"name":"Kelubaq","cls":"secondary","km":17.94},"geometry":{"type":"LineString","coordinates":[[115.52036291600008,-0.14196739884119536],[115.53059339100004,-0.14745436483505533],[115.54545170400002,-0.14129614784193678],[115.5630355400001,-0.12429461986100003],[115.56824630200002,-0.1039883178836797],[115.57528367300006,-0.09373862289519287],[115.58550832900005,-0.08724722890243299],[115.59050493600012,-0.070140581921558],[115.5995093680001,-0.07236328991901986],[115.62133978500005,-0.0580947139349892]]}},{"type":"Feature","properties":{"name":null,"cls":"secondary","km":17.81},"geometry":{"type":"LineString","coordinates":[[116.51462689000005,0.6605339602618777],[116.51016196400008,0.664125450257856],[116.50858185000006,0.6612011492611086],[116.5080401140001,0.6642860672576458],[116.50164789000007,0.6641796102578164],[116.5007430170001,0.6691976112521871],[116.48713025100004,0.6723333702486781],[116.48711366000009,0.6749737642457507],[116.48300239400008,0.6726889752483056],[116.47980419900013,0.6778858922424971],[116.47233866500005,0.680251221239809],[116.47047021700007,0.6849638032346086],[116.45729319000009,0.6755413722450969],[116.4535179060001,0.6820573342377855],[116.44908266900008,0.6779313192424208],[116.43991981400006,0.6790201672411874],[116.43801222900005,0.6831448762366279],[116.42736348400001,0.6861413602332657],[116.42811858700009,0.6885476042306056]]}},{"type":"Feature","properties":{"name":"Huwap","cls":"secondary","km":17.78},"geometry":{"type":"LineString","coordinates":[[114.15231760200005,0.9659900359210838],[114.14914589300008,0.9793283769062168],[114.15393819200006,0.9868874438977828],[114.15061936200006,0.9935619678903684],[114.1534893280001,1.0000781848830826],[114.1505985870001,1.0045734168780853],[114.15522458900013,1.0271282728529636],[114.14953334000006,1.0443938408337115],[114.14277241200011,1.0514827528258437],[114.14367069100001,1.0668931978086595],[114.13762673400004,1.0790214307951576],[114.1417912170001,1.0877421197854813],[114.15021342200009,1.095240983777068],[114.14835519000007,1.1018735237696615],[114.15078248300006,1.105425813765766]]}},{"type":"Feature","properties":{"name":null,"cls":"secondary","km":17.68},"geometry":{"type":"LineString","coordinates":[[116.39420391700004,-0.7682243481415809],[116.39588707700011,-0.7584899451523923],[116.40991979000012,-0.7570105321540828],[116.4256879740001,-0.7472250621650044],[116.437827995,-0.7511416911606799],[116.44833969500009,-0.7479686701641604],[116.45159781200005,-0.7510905461606496],[116.45890403000011,-0.7441607431683743],[116.48407983900007,-0.7341115511796055],[116.49369641400007,-0.74559337816682],[116.51120038700003,-0.7225015981925907]]}},{"type":"Feature","properties":{"name":null,"cls":"secondary","km":17.5},"geometry":{"type":"LineString","coordinates":[[115.25507484900004,1.8211275129713667],[115.24666093200005,1.8132700369800328],[115.24651428900007,1.7878802140081926],[115.24146738200012,1.7799562600169105],[115.22973618300011,1.776230245021042],[115.22778801200002,1.7727546130248863],[115.22611421900001,1.7655538070328427],[115.22876592900003,1.7560495190433212],[115.23232006600007,1.7559771580434358],[115.22861458000013,1.7500978540499406],[115.23016913100004,1.7464990060539545],[115.22460964900006,1.7415774260593613],[115.2253141010001,1.7350257290666604],[115.21561306900004,1.728784686073557],[115.21442295500003,1.724238583078547],[115.20882896,1.7248930960778466]]}},{"type":"Feature","properties":{"name":null,"cls":"secondary","km":17.49},"geometry":{"type":"LineString","coordinates":[[116.46478583500004,1.3354249385098818],[116.46423594700002,1.3308020385149986],[116.45500516600009,1.3214749635253649],[116.45443530700005,1.313207417534564],[116.45042265600011,1.3173959335299026],[116.4460027450001,1.312903548534891],[116.438893699,1.3160894385313575],[116.4366865200001,1.3141674575334734],[116.43210651100004,1.321046360525889],[116.42564113000003,1.3164013765310034],[116.41873710000006,1.3179306725292779],[116.41746321300002,1.3145421455331041],[116.415021721,1.3177684655295216],[116.41839511100011,1.3208828515260578],[116.40536725700008,1.320843597526079],[116.39782512500005,1.3274713955187438],[116.39833379400012,1.340609741504145],[116.39332720800007,1.3480873684957873],[116.39337209100006,1.3546263724884948]]}},{"type":"Feature","properties":{"name":null,"cls":"secondary","km":17.37},"geometry":{"type":"LineString","coordinates":[[114.9858214950001,1.547378424274522],[115.03486625400001,1.521282779303465],[115.03925317400002,1.5138532373117508],[115.0378367730001,1.5065218333198545],[115.04173122100008,1.5054055133211284],[115.04131025500008,1.502154448324675],[115.04830833500012,1.495783306331784],[115.05874978000008,1.4968167043306522],[115.06280483900004,1.4805976913486416],[115.05976750200011,1.4715390783586966],[115.06200159000004,1.4662532033645344]]}},{"type":"Feature","properties":{"name":null,"cls":"secondary","km":17.23},"geometry":{"type":"LineString","coordinates":[[116.63299835100008,0.7337077521801657],[116.63718315100004,0.7431176421696801],[116.6420477040001,0.7418304411710978],[116.64548342,0.7461988131661983],[116.65337279500012,0.7482266711639588],[116.65772992600012,0.7586288811523447],[116.65619413700006,0.7774136731313884],[116.65139833,0.7776603791311263],[116.64643173400009,0.7843289921236711],[116.64734195200003,0.7924449261146176],[116.64313151400006,0.800357770105788],[116.65125105900006,0.8072497000980943],[116.6492925230001,0.8251740300781494],[116.63809999000013,0.831204442071374]]}},{"type":"Feature","properties":{"name":null,"cls":"secondary","km":17.23},"geometry":{"type":"LineString","coordinates":[[116.82247120400008,0.826548426076557],[116.82505856000012,0.8354827250666198],[116.83026848200006,0.8344131590678161],[116.83224086400003,0.828239152074673],[116.84159634800004,0.8271213990759491],[116.84526519100005,0.8216820280819955],[116.84917070000007,0.8261870660769562],[116.85148746800009,0.8234033480800734],[116.8530026740001,0.8259088310772968],[116.85354187700011,0.8230664370804882],[116.85948138400012,0.8249398140783756],[116.85880398500001,0.8290587540737991],[116.8653426620001,0.8265468490765874],[116.86651963700002,0.8360701530659523],[116.8693966850001,0.8340184450682766],[116.87297994000004,0.836054212066],[116.87331798600009,0.8435391600575811],[116.87844258000008,0.8415819190598128],[116.88096924800003,0.8337871840685225],[116.87747660000001,0.8348972290672211],[116.88079926900002,0.8289458620739097],[116.87610402700011,0.8239093160795468]]}},{"type":"Feature","properties":{"name":"Bolowan","cls":"secondary","km":17.2},"geometry":{"type":"LineString","coordinates":[[116.0160196070001,-0.33503663862538546],[116.00598270900001,-0.3363944546238559],[115.99713399500001,-0.3328585076278056],[115.99353473700013,-0.3479937496108875],[115.98062076700002,-0.34959359560913467],[115.97812072400008,-0.3551404776029261],[115.9690327300001,-0.34724765461175133],[115.96857943000009,-0.336553635623723],[115.95653728500008,-0.3315580336293026],[115.95350817400005,-0.32692558663448384],[115.9420717150001,-0.3247512926369005],[115.94324501400001,-0.3310800596298294],[115.92862714000012,-0.33267969562799865],[115.92351330100007,-0.3457747686133995],[115.92540641300003,-0.34903459660973335]]}},{"type":"Feature","properties":{"name":"Legiring","cls":"secondary","km":17.11},"geometry":{"type":"LineString","coordinates":[[116.34668084700002,1.0063389378761267],[116.33394007300001,0.995283934888422],[116.32416295100006,0.9923306808917267],[116.32523588400012,0.9858914358988872],[116.33058881000011,0.984687516900249],[116.33049833200003,0.9804223939050134],[116.32349182300005,0.9827378659023889],[116.31978913800005,0.9802187529051893],[116.31199401900007,0.9859437038988613],[116.31433424700002,0.9900117638943007],[116.30962681500013,0.9962836388873271],[116.2946348700001,1.0017583788812516],[116.29216834000012,1.006611548875857],[116.27708043700012,1.0096497188724294],[116.26817773000006,1.0182904698628108],[116.25930541800007,1.0214517478592986],[116.24889057400003,1.017397116863764]]}},{"type":"Feature","properties":{"name":"Emboyong","cls":"secondary","km":17.05},"geometry":{"type":"LineString","coordinates":[[116.18304720600008,-0.11005870487694194],[116.17608485200003,-0.10826412987888619],[116.1698470020001,-0.09012390189920616],[116.13965867500009,-0.06875902992308142],[116.1382663390001,-0.06110491593164507],[116.12116715600006,-0.04428254095047231],[116.12150142000007,-0.03741352195810796],[116.10546043200007,-0.02785284196881665],[116.11459502600007,-0.0021992609974731355]]}},{"type":"Feature","properties":{"name":null,"cls":"secondary","km":16.73},"geometry":{"type":"LineString","coordinates":[[116.85990933500013,0.9231349119688789],[116.85507283100003,0.9229017729690931],[116.84982693100007,0.9296719039615565],[116.84448416400006,0.9302782479608785],[116.846754174,0.9441290819454522],[116.83864009600006,0.9731059549131559],[116.8304856100001,0.9762696209096476],[116.7971484530001,0.9676224289192725],[116.78080347300012,0.9555954649326612],[116.77925712800005,0.9411143769488319]]}},{"type":"Feature","properties":{"name":null,"cls":"secondary","km":16.61},"geometry":{"type":"LineString","coordinates":[[116.04621877000011,1.4158524214205142],[116.03597465200006,1.4222148994134847],[116.03046007000012,1.420954746414861],[116.0148925540001,1.4260611814091735],[116.00923416100012,1.4357023203984602],[115.99373929700006,1.4449131773882276],[115.9872563690001,1.4460555273869475],[115.98093363000008,1.4418775463916105],[115.96651439100003,1.4452993513877943],[115.966849657,1.4492525093834467],[115.96175081000001,1.4549037643771248],[115.94219017300009,1.452337447379988],[115.93251078500009,1.455009999377063],[115.92484566600002,1.4454879363875983]]}},{"type":"Feature","properties":{"name":null,"cls":"secondary","km":16.59},"geometry":{"type":"LineString","coordinates":[[116.40432722300011,0.7967074051098859],[116.40367714500009,0.793361255113576],[116.40064863300005,0.7960450441106128],[116.39883234800003,0.7925159931145228],[116.39462727200011,0.7940172321128671],[116.3885142260001,0.7894878611179048],[116.38647686000003,0.7908873481163594],[116.38850799200009,0.7943740141124898],[116.38007879600003,0.795433616111325],[116.37637270900005,0.8008991441051951],[116.37200429000008,0.8008952021051884],[116.37261239800011,0.8053029941002778],[116.36185881600011,0.8004648821056976],[116.34859206200008,0.8131299960915145],[116.35043672600011,0.8238169550795794],[116.35360008500004,0.8265117010766251],[116.3500922390001,0.8305372110721079]]}},{"type":"Feature","properties":{"name":null,"cls":"secondary","km":16.35},"geometry":{"type":"LineString","coordinates":[[115.98241944100005,0.6226451273041357],[115.98970725200003,0.6253200733011847],[115.98862251500007,0.6284613322976811],[115.99454975900005,0.6288502862972325],[116.00096501500002,0.6480239122758231],[115.99934835400006,0.6641375662578405],[115.99584906100007,0.6701504892511154],[116.00024237100003,0.6823622132374658],[115.98884646900002,0.698595788219341],[115.98785130300008,0.7102425732063781],[115.99259822400006,0.7340847021797727],[115.98703214400008,0.7431222441696846]]}},{"type":"Feature","properties":{"name":null,"cls":"secondary","km":16.02},"geometry":{"type":"LineString","coordinates":[[114.77355995300002,1.4675913433630774],[114.77259223300007,1.4803537703489074],[114.7748926910001,1.483179241345761],[114.76722259400003,1.4924622493354742],[114.76831320400005,1.4994117623277556],[114.77417130900007,1.5017482163251437],[114.78378192800005,1.5147787173106837],[114.78899458100013,1.513508940312096],[114.79744755700005,1.5169826633082566],[114.80559429800007,1.5298791692939682],[114.81411610300007,1.5345303932887848],[114.8209447480001,1.545550093276572],[114.83339408200004,1.55427613926688],[114.8342913570001,1.5619705892583449]]}},{"type":"Feature","properties":{"name":null,"cls":"secondary","km":15.97},"geometry":{"type":"LineString","coordinates":[[116.54028475400003,0.4703395194742726],[116.53233953900006,0.4849516144579669],[116.52361558200006,0.4891666004532171],[116.50311669500002,0.4930323584489329],[116.50031242100012,0.4860028904568071],[116.49479160900012,0.4896738044526988],[116.49327404700013,0.4849048954579855],[116.48897035300003,0.484024874458985],[116.48753549500009,0.48761392245497365],[116.48403665700005,0.48560795045719735],[116.4785134230001,0.49704577544443507],[116.47350348600001,0.4942517574475935],[116.4682245690001,0.49551841344617475],[116.46748347300002,0.4914174634507475],[116.4517851180001,0.5009443704401119],[116.4424186120001,0.5019863094389646]]}},{"type":"Feature","properties":{"name":null,"cls":"secondary","km":15.94},"geometry":{"type":"LineString","coordinates":[[116.2410515470001,0.24880334972191262],[116.23034094800003,0.24991208772064008],[116.22734130800008,0.23860988073329104],[116.21578137100006,0.2417860527297325],[116.20794717800004,0.2399612767317414],[116.20190125500007,0.2277273157454279],[116.1854585430001,0.22950580674347112],[116.17395188100011,0.22601236274735045],[116.15516153100009,0.20244464077370242],[116.14573170900007,0.19829430577833052],[116.144723139,0.19003761078755163]]}},{"type":"Feature","properties":{"name":null,"cls":"secondary","km":15.83},"geometry":{"type":"LineString","coordinates":[[116.85826669500013,0.33257603162821137],[116.85119325100003,0.33891708862118053],[116.85709751800005,0.3474664596115792],[116.86544936600002,0.35019448460853786],[116.87078862400007,0.3638195075933286],[116.86900758800006,0.38004990957514767],[116.87640121600009,0.38671549856771775],[116.87411909600007,0.3920557125617822],[116.89542368500008,0.4057230815465095],[116.91070409800011,0.4115043585400287],[116.91232975400011,0.4301554185192192]]}},{"type":"Feature","properties":{"name":"Kedangyantau","cls":"secondary","km":15.83},"geometry":{"type":"LineString","coordinates":[[116.7148583160001,-0.15683194782456508],[116.71539377200008,-0.15265729082927465],[116.72785067000007,-0.14240459584070278],[116.72785073000011,-0.1371510648466206],[116.72305322400008,-0.1342700418498701],[116.71455230800005,-0.1358798938480307],[116.70302159100004,-0.11914475386671665],[116.70352667200008,-0.11151868187525957],[116.7158993920001,-0.09478378289397359],[116.70537857300006,-0.08605607190377067],[116.70807194400005,-0.08266672390755885],[116.72128618800004,-0.08181947690847653],[116.73997136300012,-0.07372746191751683]]}},{"type":"Feature","properties":{"name":"Paus","cls":"secondary","km":15.82},"geometry":{"type":"LineString","coordinates":[[116.13826681800003,-0.008002923990973663],[116.13609456500002,-0.012320608986193715],[116.13798829900009,-0.016245787981766374],[116.15636879400007,-0.02762892396903964],[116.16650571700008,-0.05403999993952142],[116.17513912500011,-0.04938593994476654],[116.20137309100005,-0.07509656291596435],[116.22014376100002,-0.08022777191024094],[116.2288327560001,-0.08897566490045805]]}},{"type":"Feature","properties":{"name":null,"cls":"secondary","km":15.68},"geometry":{"type":"LineString","coordinates":[[116.80454135800005,1.031826182847754],[116.80274309700006,1.0283622078515653],[116.78743507300008,1.02290938585766],[116.78871720200003,1.0122264728695467],[116.78298334500006,1.008421246873782],[116.78258374400004,1.002534852880368],[116.77891205000003,1.0045739148780852],[116.77607004000005,1.0012297498818126],[116.76833354500002,1.0101679068718123],[116.75726752100002,1.00224629488072],[116.75429956800009,0.9894910588948781],[116.74266484700001,0.9853466418995556],[116.73726396400002,0.9867163508979777],[116.73226229400007,0.9815284829037446],[116.72162849300004,0.984449790900486],[116.71918869100013,0.9780204549076827]]}},{"type":"Feature","properties":{"name":null,"cls":"secondary","km":15.65},"geometry":{"type":"LineString","coordinates":[[115.63516877200004,0.46406826748129515],[115.63010068200003,0.47357123547065455],[115.62630561900006,0.4746014144695332],[115.62624905400003,0.4804805154629648],[115.61929683700009,0.48092128446244925],[115.61602075200007,0.4851774864576903],[115.61922248300004,0.48720629545544153],[115.61505843100008,0.4890698924533335],[115.61705475300005,0.496573620444988],[115.62191429100007,0.49154688545058833],[115.62785025000005,0.49435785144746575],[115.62892973100008,0.5046436034359233],[115.62385187600012,0.532663178404657],[115.61415414300008,0.5421908033939994],[115.6040728270001,0.5467650773888751]]}},{"type":"Feature","properties":{"name":"Topai","cls":"secondary","km":15.63},"geometry":{"type":"LineString","coordinates":[[114.75454181800002,1.1131288837571465],[114.75703472900013,1.1200602127494317],[114.75196378000011,1.131450747736794],[114.7550428740001,1.133656546734301],[114.75468080400005,1.13828142872918],[114.74822010600008,1.148583859717671],[114.75391815000013,1.1517682947141745],[114.76404165300005,1.1716303956920646],[114.7674803550001,1.172638286690886],[114.7742052950001,1.1932909626679211],[114.77168100600012,1.2116858476474772],[114.76467844200012,1.2172515346412816]]}},{"type":"Feature","properties":{"name":null,"cls":"secondary","km":15.56},"geometry":{"type":"LineString","coordinates":[[115.47745213000007,0.988017046896536],[115.47977180400005,0.9944168038894371],[115.47659634600006,1.0019198088810644],[115.4733040540001,1.0006329748824412],[115.47224819300006,1.0103436938716752],[115.47552851700004,1.0130911568686092],[115.47164638000004,1.0167023488645937],[115.45681622900008,1.0185735958625046],[115.45568043200002,1.022905241857633],[115.44989748700004,1.024802513855555],[115.4462871840001,1.0370605248419211],[115.43930605500009,1.0339641728453461],[115.43970873800004,1.0400314798385335],[115.43612149200011,1.0374062748415205],[115.4296658940001,1.041885004836502],[115.43002686400007,1.0471919128306155],[115.4190911180001,1.0492002438283856],[115.4167827770001,1.0553552278214853],[115.41235157900009,1.0572708448193766]]}},{"type":"Feature","properties":{"name":null,"cls":"secondary","km":15.54},"geometry":{"type":"LineString","coordinates":[[114.39280397100003,1.2034353616566478],[114.39507669000011,1.199910544660611],[114.38396043400007,1.1626892157019877],[114.38525801800006,1.150519627715507],[114.37799350400007,1.138730825728709],[114.37981382600003,1.1237415587453352],[114.37522025200008,1.1135250517567221],[114.3835779420001,1.082145484791693]]}},{"type":"Feature","properties":{"name":"Jintan","cls":"secondary","km":15.53},"geometry":{"type":"LineString","coordinates":[[116.04771776600002,-0.31424146364865546],[116.048247145,-0.31042668265291046],[116.04554720300008,-0.3103765646529516],[116.04765295400011,-0.3071349806565541],[116.04205471200011,-0.30927903165417153],[116.03975136700002,-0.306186674657593],[116.04230278800003,-0.30506475265886984],[116.03459948800004,-0.30284469866136626],[116.03673000900005,-0.2994659736651143],[116.03492252600006,-0.2909873546746337],[116.0277893870001,-0.28363044368280993],[116.02994542400008,-0.2707384006972464],[116.0192945670001,-0.2681690757001105],[116.0156283340001,-0.2718344456960587],[116.010030701,-0.2675199777008436],[116.01097292000009,-0.25517650471466835],[116.00559865800005,-0.24485240772618733]]}},{"type":"Feature","properties":{"name":null,"cls":"secondary","km":15.47},"geometry":{"type":"LineString","coordinates":[[116.28106894800008,1.7055439990992152],[116.26768694900012,1.7085535580959221],[116.26120890400011,1.7149059920888903],[116.25255326800004,1.7173367530862276],[116.23552434500004,1.7144504480894454],[116.21472031400005,1.697353322108344],[116.19107823200011,1.6916905041146222],[116.18374079900002,1.6866728731201537],[116.16001551600004,1.6874391251193164]]}},{"type":"Feature","properties":{"name":null,"cls":"secondary","km":15.46},"geometry":{"type":"LineString","coordinates":[[116.42243151900004,1.3856490474540655],[116.4240961370001,1.393402395445466],[116.4174385120001,1.397020408441433],[116.41691064100006,1.4042789084333789],[116.41195188100005,1.4067146614306658],[116.4104209190001,1.4128653274238419],[116.41132363000007,1.4298248244050356],[116.41952566000009,1.4420780963913584],[116.41536756500011,1.451019611381454],[116.41999653900007,1.4556154403763881],[116.41884535500003,1.4600950763714136],[116.41469576700003,1.460719511370734],[116.4039507560001,1.4746617313552548],[116.40430154900001,1.481546876347616],[116.41288763200008,1.4964025883311263]]}},{"type":"Feature","properties":{"name":null,"cls":"secondary","km":15.42},"geometry":{"type":"LineString","coordinates":[[116.35626213700004,-0.743062310169661],[116.3624110290001,-0.7438567871687569],[116.36309353600005,-0.7488299891631971],[116.36845415000005,-0.7493333701626748],[116.37575804400001,-0.7589103141519496],[116.38290488500002,-0.7643606161458801],[116.38905394600009,-0.7644144071458109],[116.40340024200007,-0.7756060001333187],[116.40140210500009,-0.7826421761254804],[116.40429238400009,-0.7849704421228784],[116.42284572900007,-0.7787830691298012],[116.42547217800006,-0.7889413701184272],[116.43382765800006,-0.7967461611097454],[116.43156706800005,-0.8014015751045338],[116.41779603200007,-0.8092296960958095]]}},{"type":"Feature","properties":{"name":null,"cls":"secondary","km":15.23},"geometry":{"type":"LineString","coordinates":[[115.2407883960001,1.1784228316844934],[115.23688309500007,1.1935869216676134],[115.2424923410001,1.227006643630449],[115.25157231500009,1.2314739016254481],[115.25296657300008,1.2403074176156141],[115.25973443400004,1.24419362061134],[115.26533131100007,1.255088356599176],[115.27482862300006,1.2530695866014432],[115.28391482800009,1.2646363885885599],[115.29216255200002,1.2609647365926733]]}},{"type":"Feature","properties":{"name":"Kuhit","cls":"secondary","km":15.15},"geometry":{"type":"LineString","coordinates":[[115.73888867900006,-0.05553728293786141],[115.72959342300011,-0.04671170594769736],[115.7278843910001,-0.03307796596295528],[115.73196032200009,-0.029107028967389603],[115.73984903100006,-0.038240421957173816],[115.75102503400001,-0.028313038968311586],[115.77784738300012,-0.02301858197424532],[115.80493272700005,-0.039962168955323556],[115.81900153300002,-0.040227113954976884]]}},{"type":"Feature","properties":{"name":null,"cls":"secondary","km":15.1},"geometry":{"type":"LineString","coordinates":[[116.11236961000009,0.38074947457441044],[116.11416709600007,0.38601235856851696],[116.10966189800001,0.4056461375465943],[116.10382282400008,0.4129415175383729],[116.10323687100004,0.4192460285313602],[116.10889252600008,0.42967273651971877],[116.10357579700008,0.44734190549995984],[116.10722808000001,0.4544543224920578],[116.10623142600002,0.4596160304862746],[116.11026550800011,0.4588921034870615],[116.10709542700009,0.4630209754824536],[116.11409674700008,0.4757178524682766]]}},{"type":"Feature","properties":{"name":"Asa","cls":"secondary","km":15.08},"geometry":{"type":"LineString","coordinates":[[115.62632190300008,-0.17489579280440556],[115.63323399500007,-0.17394740280544801],[115.63757014800001,-0.16800128081209198],[115.64938344600012,-0.16863470981137474],[115.6517715650001,-0.16408013081647552],[115.66031734900004,-0.16528265981515852],[115.66779521800004,-0.1620568668187571],[115.6778503050001,-0.14475563883806378],[115.68155788700007,-0.1420988898410676],[115.68633349400012,-0.1433643878396434],[115.70612834600001,-0.12796128785685754],[115.71505163700009,-0.12340687786198674],[115.7166224870001,-0.12581090985925245],[115.72252964000008,-0.11923193786662739]]}},{"type":"Feature","properties":{"name":null,"cls":"secondary","km":15.07},"geometry":{"type":"LineString","coordinates":[[114.41562998300003,1.2968710065527331],[114.42663458000004,1.2827793505683716],[114.42888404400003,1.2838833065671746],[114.43821008600003,1.2656809005873888],[114.45165291100012,1.263399420589907],[114.45230642100012,1.2656094805875024],[114.47125555800005,1.2448432586105544],[114.50121622700011,1.2342190566224318]]}},{"type":"Feature","properties":{"name":null,"cls":"secondary","km":15.03},"geometry":{"type":"LineString","coordinates":[[115.37781975400003,-0.22713112974605493],[115.37483177800006,-0.23600775973604485],[115.37797486500007,-0.2482082687224477],[115.37574803200005,-0.2599454407093066],[115.39030766300004,-0.275800291691591],[115.3816449950001,-0.2973746436674758],[115.36388845200008,-0.31030260365305257],[115.36093651200008,-0.3161951746464822],[115.36016073500002,-0.32708010763430984],[115.36814142200002,-0.33691940462327663]]}},{"type":"Feature","properties":{"name":"Muarabuka","cls":"secondary","km":14.94},"geometry":{"type":"LineString","coordinates":[[116.00559865800005,-0.24485240772618733],[116.01682052800004,-0.22825799374473327],[116.019349228,-0.20875687876659177],[116.02404681600001,-0.200422818775829],[116.01893970200001,-0.18354694879476438],[116.02275714700012,-0.16262261681811419],[116.01330490700002,-0.14961823883266326],[116.02046894600004,-0.12452686286074306]]}},{"type":"Feature","properties":{"name":"Idan","cls":"secondary","km":14.92},"geometry":{"type":"LineString","coordinates":[[115.69322785100006,-0.4452497435022531],[115.69620027800012,-0.4434762685042147],[115.69467205500007,-0.43973379250835815],[115.69665031600006,-0.4413638115065753],[115.70096830900002,-0.43460444551416816],[115.70264999300004,-0.4171611845336099],[115.69860403600002,-0.41065691354088624],[115.70748285900004,-0.37580136857981483],[115.7234311860001,-0.3753510385803467],[115.72963738700004,-0.3701761675861185],[115.74747337500003,-0.37746711657800347]]}},{"type":"Feature","properties":{"name":null,"cls":"secondary","km":14.91},"geometry":{"type":"LineString","coordinates":[[115.93533401300012,0.9164731179763098],[115.9413548880001,0.913260160979867],[115.94134845600001,0.910341858983164],[115.94653020200009,0.9119542339813346],[115.95326593800007,0.9014581849930615],[115.96278902200005,0.9007905339937721],[115.998519353,0.8765919390207135],[116.00413758000003,0.8608448830383606],[115.99730010000007,0.830332284072369]]}},{"type":"Feature","properties":{"name":null,"cls":"secondary","km":14.9},"geometry":{"type":"LineString","coordinates":[[114.70306598400008,1.3265796675197072],[114.70614682300004,1.3167324365306357],[114.69903375600008,1.2894685415609608],[114.688731876,1.2841695265668824],[114.6783721920001,1.2701443495824587],[114.67771364700002,1.2560846375980874],[114.68196337300003,1.2415272696142814],[114.66888581000002,1.2354631896210388],[114.66102812400004,1.2377637706184572],[114.65696037100008,1.2315856706253345]]}},{"type":"Feature","properties":{"name":"Titi","cls":"secondary","km":14.89},"geometry":{"type":"LineString","coordinates":[[115.025526129,0.1606170528204755],[115.02710587700007,0.1652907138152223],[115.03306927100004,0.16811691781210647],[115.03514745400003,0.17807232480096927],[115.04287104900006,0.18332032079509358],[115.04296006400011,0.1899000977877238],[115.04799327700005,0.19806562077860718],[115.0524078630001,0.19679573578004095],[115.05554203000008,0.20026373777613468],[115.05600260800009,0.216363198758147],[115.05245418000004,0.2217698867521126],[115.0517117590001,0.23252078274007845],[115.06514417300002,0.22963820674328883],[115.06629678200011,0.24078278373084877],[115.07850666700007,0.24604707772497436]]}},{"type":"Feature","properties":{"name":null,"cls":"secondary","km":14.85},"geometry":{"type":"LineString","coordinates":[[116.81950934300005,0.7545787901568568],[116.81363071100009,0.7536221021579661],[116.81260596600008,0.7599421411509012],[116.80758236900012,0.7575092141535824],[116.80705246700006,0.7540164861574936],[116.80600546000005,0.757301681153848],[116.80159382500005,0.7577965961532958],[116.80058297700009,0.7537161251578056],[116.79173526700004,0.7529312401586984],[116.79155785500005,0.750213921161753],[116.78340473800007,0.7526684111590348],[116.78175941000006,0.7574489731536908],[116.77793743200003,0.7569707721541998],[116.76928708600008,0.7676593201422841],[116.77220012200009,0.77824410213046],[116.77677421600005,0.7830502391250925],[116.76571710200005,0.783569927124512]]}},{"type":"Feature","properties":{"name":null,"cls":"secondary","km":14.81},"geometry":{"type":"LineString","coordinates":[[115.39195716000008,1.6005796112155306],[115.39853942600008,1.5998831892163439],[115.40041566400008,1.603116260212778],[115.40820718300006,1.6008163942152764],[115.40994184700003,1.6068503252086073],[115.41887812900005,1.614775566199778],[115.42512277400012,1.6149821241995659],[115.43362196400005,1.6203693811936084],[115.43636890800008,1.6288590781841854],[115.43395469400002,1.633048505179577],[115.44256376300005,1.6395708531723507],[115.44215586100006,1.6458580401653684],[115.45116425800008,1.6598670071498576],[115.46411561100001,1.6682329871405643],[115.463697851,1.6711564871373736]]}},{"type":"Feature","properties":{"name":"Apari","cls":"secondary","km":14.79},"geometry":{"type":"LineString","coordinates":[[114.08022901200002,0.9198002169725854],[114.0829648890001,0.9209078049713548],[114.07902239000009,0.923312502968621],[114.08085646800009,0.9252069529665424],[114.07407783700012,0.9272026749643129],[114.06907711800011,0.9392788119508595],[114.06148358500002,0.9443502379452563],[114.05764785200006,0.9425308769472541],[114.05618853800001,0.951506482937217],[114.04826974700006,0.9614968259261247],[114.02957390900008,0.965492055921669],[114.02365027200005,0.9701579359164688],[114.02144553100004,0.9792343459063353],[114.00935963800009,0.9917205578924262],[114.0084831040001,1.0010136388820607]]}},{"type":"Feature","properties":{"name":null,"cls":"secondary","km":14.64},"geometry":{"type":"LineString","coordinates":[[116.90704210200009,1.3592730944833769],[116.91689417200008,1.3676024734741383],[116.91742384800011,1.37293228646821],[116.92196130500008,1.373312662467735],[116.92060619400003,1.3784456194620498],[116.92422995200002,1.3760376624647008],[116.92748270000003,1.3803564414599134],[116.934545318,1.3802941224599896],[116.93630510500009,1.3843865184554476],[116.95975193900006,1.3730726764680117],[116.96669885900009,1.363670566478459],[116.97730604100003,1.3706333254707672],[116.98862351600009,1.3667923004749805],[116.99756838500001,1.3724630224687397]]}},{"type":"Feature","properties":{"name":null,"cls":"secondary","km":14.59},"geometry":{"type":"LineString","coordinates":[[116.65304469300008,0.5642059943694548],[116.63553469200008,0.5873194603436324],[116.62751041100013,0.5898352703407944],[116.62345823600003,0.5846056003466057],[116.601821544,0.5817816003497899],[116.58277587600003,0.5706773783622263],[116.56640223300008,0.5871981183437655],[116.55657939700008,0.5915091073389135],[116.5551188400001,0.5965434593332865]]}},{"type":"Feature","properties":{"name":null,"cls":"secondary","km":14.59},"geometry":{"type":"LineString","coordinates":[[114.24230603600006,1.0527267818244053],[114.24629626400008,1.0691689268061622],[114.25950122300003,1.074047963800676],[114.2724054250001,1.071938385803042],[114.27394141900004,1.0769981627973733],[114.27871601200002,1.079160918795007],[114.27608464700006,1.0861919637871735],[114.28464030900011,1.0866545827866387],[114.29324080700007,1.0811868057927445],[114.30676644000005,1.0827625347910024],[114.3190477830001,1.0739840958007443]]}},{"type":"Feature","properties":{"name":null,"cls":"secondary","km":14.52},"geometry":{"type":"LineString","coordinates":[[114.39210730200011,0.7383785671749481],[114.3926047870001,0.7687797631410117],[114.40476850900006,0.7792107381294242],[114.40499906200012,0.7858553821219962],[114.39678529800005,0.7912962371158868],[114.38911212900008,0.8152440440891828],[114.3688393970001,0.8490811190514477]]}},{"type":"Feature","properties":{"name":null,"cls":"secondary","km":14.48},"geometry":{"type":"LineString","coordinates":[[114.75709906600004,1.4777773653517468],[114.7452681760001,1.4503311223822335],[114.73743212500005,1.4460488173869863],[114.72958256500011,1.446381326386619],[114.72384388700006,1.4374033543965872],[114.71745876100012,1.4351536953990647],[114.72290435200013,1.4158225084205556],[114.72206830000005,1.4054074484321089],[114.71578940600013,1.4007043854373817],[114.71046987400008,1.387632210451843]]}},{"type":"Feature","properties":{"name":null,"cls":"secondary","km":14.43},"geometry":{"type":"LineString","coordinates":[[115.08508867400008,0.14548467383737199],[115.08646849700006,0.1533014928286717],[115.08289364800008,0.15555551982613758],[115.08676557800004,0.15545192082626158],[115.08440219500005,0.1616188618193707],[115.09062027700008,0.16494398281561898],[115.08781438000005,0.19078143778675635],[115.090429749,0.1985711107780121],[115.08319128400001,0.2125153437624682],[115.07981625200011,0.23630931973582892],[115.08632735900004,0.25217733971813666]]}},{"type":"Feature","properties":{"name":null,"cls":"secondary","km":14.42},"geometry":{"type":"LineString","coordinates":[[114.52220295100005,1.02835322085158],[114.51763817100004,1.0324460038470449],[114.51395659700006,1.0448469188332403],[114.49536278200004,1.0561533948206518],[114.4913672890001,1.0623762068136724],[114.48248554700001,1.0644343478114264],[114.47796865200007,1.0760796077984043],[114.46949332100007,1.082406275791419],[114.45937065800001,1.0808862507930748],[114.4542348120001,1.083793954789807],[114.439621009,1.097623748774413],[114.43890284000008,1.1047160217665066]]}},{"type":"Feature","properties":{"name":"Bengalon","cls":"secondary","km":14.37},"geometry":{"type":"LineString","coordinates":[[117.03476525200007,0.11571204587067975],[117.03654944300001,0.12188884586376936],[117.04914299600013,0.1286125408562572],[117.05551034800008,0.14133578284201914],[117.08107262400006,0.14731618883531758],[117.09118897300006,0.14678814583594335],[117.09421658800011,0.15416326382765852],[117.11507264800002,0.15228352882978902],[117.12204336400009,0.1583895318229431],[117.12630738000007,0.16765706681258802],[117.13323632800005,0.1701079438098807]]}},{"type":"Feature","properties":{"name":"Waruk","cls":"secondary","km":14.36},"geometry":{"type":"LineString","coordinates":[[115.68130034,-0.2263626787468863],[115.69129232300008,-0.2183926577557933],[115.69638308000003,-0.20833452476702594],[115.70480343700001,-0.20839848676695163],[115.71083640900007,-0.20270541677328338],[115.70920352300004,-0.19071717178671657],[115.71423076700012,-0.18875642978888135],[115.71561376900002,-0.1811334637974684],[115.73993394500009,-0.1588351228223871],[115.74326490900012,-0.15073770583144994],[115.7472865740001,-0.15175014383028496],[115.75388504600005,-0.14608849583660014],[115.75476504200003,-0.1416285068416173]]}},{"type":"Feature","properties":{"name":null,"cls":"secondary","km":14.34},"geometry":{"type":"LineString","coordinates":[[115.25538543300003,1.4644167563665673],[115.25866259200006,1.469257793361191],[115.256935794,1.4823006043466982],[115.24657835300003,1.4926112923352848],[115.24077598300006,1.504136928322527],[115.23207953700013,1.5106743063152253],[115.22768458300004,1.5085388873175918],[115.20068989300013,1.5274878312966196],[115.19277932900002,1.5460739222759847]]}},{"type":"Feature","properties":{"name":"Selika","cls":"secondary","km":14.33},"geometry":{"type":"LineString","coordinates":[[114.3859858720001,1.4353191253989352],[114.38196069500009,1.439206836394604],[114.38026375600009,1.4486169233841544],[114.38519612200002,1.4538174553783736],[114.38859969400005,1.4719257443582952],[114.39685825800007,1.4762366563534977],[114.40243154900008,1.4753660133544173],[114.40229483100006,1.480633701348552],[114.41453377100004,1.4882464393401562],[114.41268729500007,1.5041692843224699],[114.40448406200005,1.5104179473155182]]}},{"type":"Feature","properties":{"name":null,"cls":"secondary","km":14.31},"geometry":{"type":"LineString","coordinates":[[115.56893607400004,0.048035245946352334],[115.5676684120001,0.05207222394181523],[115.57055294100009,0.05085913094317096],[115.57574513100008,0.06180902893097176],[115.57921495400001,0.06237276193033303],[115.5766632960001,0.06832697492365568],[115.5803161020001,0.06599621692621845],[115.58301049800004,0.06988840992189158],[115.58927672300003,0.06855591092338294],[115.59360316200004,0.07432211491694299],[115.59941797600004,0.07305976991834656],[115.60016347100009,0.0794072559112639],[115.60559356700004,0.0803515539101985],[115.61190703700005,0.08839125390122493],[115.60899429900007,0.09071522589860452],[115.62404547200003,0.08841599990120472],[115.63008273000003,0.0927968108962974]]}},{"type":"Feature","properties":{"name":null,"cls":"secondary","km":14.3},"geometry":{"type":"LineString","coordinates":[[116.36490572100001,0.03347280196263633],[116.3749397810001,0.030799024965591247],[116.37860491700009,0.036564504959163906],[116.39157081600001,0.034425988961570744],[116.39132804800012,0.04722889194721158],[116.39630484800013,0.054048171939587504],[116.39301562100002,0.059505033933514875],[116.39394819000005,0.06575823692652366],[116.3879120370001,0.07117401492046549],[116.38310335500012,0.084266013905827],[116.36380725400012,0.1036619328841772]]}},{"type":"Feature","properties":{"name":null,"cls":"secondary","km":14.3},"geometry":{"type":"LineString","coordinates":[[116.06253565900009,-0.060206475932653124],[116.05666898800007,-0.05305711194067006],[116.04419285000006,-0.05081402094313444],[116.0342418150001,-0.0382163009572611],[116.03082583700008,-0.028123263968479497],[116.02191438000013,-0.024571957972479797],[116.0118147930001,-0.012609877985907809],[115.99547715700011,-0.018291738979494588],[115.98175243100002,-0.017541853980322566],[115.97484247600006,-0.012116682986356798],[115.97113448300001,4.785819272944334e-14]]}},{"type":"Feature","properties":{"name":null,"cls":"secondary","km":14.2},"geometry":{"type":"LineString","coordinates":[[115.92306524600008,1.2309738566259898],[115.92593291100003,1.240310154615581],[115.91867404200003,1.2444229506110431],[115.91296484600002,1.260910777592691],[115.89686490500003,1.2698138605828222],[115.88908237600003,1.289697165560717],[115.88407740600007,1.294173403555725],[115.8856729370001,1.3063815925421822],[115.8761744750001,1.3310163065147933]]}},{"type":"Feature","properties":{"name":null,"cls":"secondary","km":14.2},"geometry":{"type":"LineString","coordinates":[[114.69553911500009,1.5225794113020839],[114.70104181500005,1.526472906297759],[114.69928829000003,1.53285934129065],[114.70503567900006,1.5379773662849452],[114.71552647300007,1.5671146342526208],[114.71013279000009,1.5902129822270616],[114.7115227920001,1.6170447071972556],[114.70612638600005,1.624693254188841]]}},{"type":"Feature","properties":{"name":"Katibe","cls":"secondary","km":14.17},"geometry":{"type":"LineString","coordinates":[[116.22471039400011,-0.11320003087337027],[116.22721702000003,-0.10806922287916364],[116.2257134680001,-0.09351768589537655],[116.2334002120001,-0.08577947290405526],[116.23457013300003,-0.07369527891754842],[116.22927869700005,-0.07055497592105746],[116.22443301300007,-0.057293129935906774],[116.21891874200004,-0.05718090393600865],[116.21379448800008,-0.048068649946213175],[116.20716628300012,-0.044143329950600246],[116.189231145,-0.03741417795813527],[116.18124831300008,-0.023692222973472066]]}},{"type":"Feature","properties":{"name":null,"cls":"secondary","km":14.11},"geometry":{"type":"LineString","coordinates":[[116.8177085440001,0.6902212392286956],[116.81494419500008,0.6954642382228622],[116.80881586400005,0.6947723382236628],[116.80577368200012,0.6993007382185477],[116.80099839600007,0.6978119532202071],[116.79491443500001,0.7058170492113321],[116.77715053700001,0.7053903142117883],[116.77354221200005,0.7081057092087569],[116.77549481700011,0.7127484622035458],[116.76811576400006,0.7116109672048359],[116.76703184300004,0.7170244491988064],[116.7596228540001,0.7159748751999947],[116.75540755800012,0.718580981197067],[116.75612020700011,0.7234574951916056],[116.75042878200009,0.7318961091822044]]}},{"type":"Feature","properties":{"name":null,"cls":"secondary","km":14.1},"geometry":{"type":"LineString","coordinates":[[115.0477181970001,1.2820462405692],[115.05346340400001,1.2860008875647782],[115.05818625600011,1.2950961805547028],[115.0614698820001,1.28933406156112],[115.06191521500011,1.2918547625583117],[115.06781522900008,1.291204350558991],[115.07084611000005,1.285682502565151],[115.0819896610001,1.287731272562922],[115.07931725100002,1.2989316305504717],[115.08041964000006,1.330107131515788],[115.08350912000003,1.3397736245050378]]}},{"type":"Feature","properties":{"name":"Bungan","cls":"secondary","km":14.09},"geometry":{"type":"LineString","coordinates":[[116.1450602970001,-0.11650614386968336],[116.11966230300004,-0.09730013889115657],[116.11331299100004,-0.08538434690444333],[116.10133808400008,-0.0767207339141604],[116.09849766700006,-0.06752465192446522],[116.08362638300002,-0.06522537692703609],[116.06706548500007,-0.07261733491877216],[116.06090153900003,-0.07717778691363986],[116.05696533700007,-0.088018410901566]]}},{"type":"Feature","properties":{"name":null,"cls":"secondary","km":14.01},"geometry":{"type":"LineString","coordinates":[[114.89345579300004,1.4361444943979853],[114.89146284800006,1.4443741643888321],[114.8964296910001,1.4464786423864993],[114.89583099100003,1.4502548583822872],[114.91857960700008,1.472242479357871],[114.92248040400013,1.4965396043309358],[114.91621277000002,1.5062205583201957],[114.91605976500011,1.5145891633109427],[114.92034568100009,1.521458759303327],[114.91941278500008,1.5330708302903808]]}},{"type":"Feature","properties":{"name":"Helmu","cls":"secondary","km":13.96},"geometry":{"type":"LineString","coordinates":[[117.15423900000009,1.1989199986616843],[117.14795200000003,1.1966609986642092],[117.15019800000003,1.2059259986538546],[117.14506250700003,1.2084432506510898],[117.13321505300009,1.2063728776534033],[117.12768050700004,1.2130463176459607],[117.1266250000001,1.2197109986385635],[117.11674700000003,1.2226499986352912],[117.11540000000002,1.2310109986259692],[117.10641900000009,1.22716999863024],[117.096765,1.2296559986274571],[117.08553900000004,1.221068998637024],[117.07611000000009,1.2197129986385684]]}},{"type":"Feature","properties":{"name":null,"cls":"secondary","km":13.93},"geometry":{"type":"LineString","coordinates":[[114.66101830900004,1.412429452424342],[114.67155435300002,1.4150707894213894],[114.67165978700008,1.4268946814082493],[114.65970163100008,1.446362140386651],[114.65515268800004,1.4489377513837707],[114.65560698600007,1.4566217793752376],[114.660422465,1.4700142133603553],[114.67192187900002,1.477654826351869],[114.68322590200012,1.50533788532119]]}},{"type":"Feature","properties":{"name":"Dason","cls":"secondary","km":13.88},"geometry":{"type":"LineString","coordinates":[[114.92820498300011,0.10905773587814904],[114.92382495700008,0.1190925728668827],[114.91232871200009,0.12966378785510885],[114.908125282,0.1418231498414597],[114.90288474300007,0.13984580784372697],[114.88886529000001,0.15042764183188267],[114.88644776600006,0.14858991783390188],[114.8744750520001,0.1535395758283807],[114.85470753900007,0.16736116781292404],[114.84275303000004,0.18127372779739168]]}},{"type":"Feature","properties":{"name":"Lamu","cls":"secondary","km":13.83},"geometry":{"type":"LineString","coordinates":[[115.41394365000008,-0.18107793179750434],[115.41786320100006,-0.1773536038016562],[115.42491733800011,-0.18313062879521014],[115.42824116200006,-0.17969031679903813],[115.45316790800007,-0.17801948480089416],[115.45821677300012,-0.16812408181199276],[115.46605503400006,-0.17279643580672202],[115.468406865,-0.16982944281005918],[115.47367420300009,-0.17292331780663056],[115.47872248700003,-0.1707456748090716],[115.478189025,-0.176143407803024],[115.48279809700011,-0.17718546380183478],[115.48304870200003,-0.18004220879867858]]}},{"type":"Feature","properties":{"name":null,"cls":"secondary","km":13.82},"geometry":{"type":"LineString","coordinates":[[114.39994977200001,1.1912096656702709],[114.4223917060001,1.170590564693204],[114.42556862300012,1.1695886396943547],[114.42719596300003,1.1724978736910587],[114.4318301300001,1.165627179698727],[114.4392008430001,1.1627220947019197],[114.44940802700012,1.164317230700186],[114.4479196310001,1.1594686757055899],[114.45349953800007,1.1488509267174256],[114.4456174930001,1.1253994807434964]]}},{"type":"Feature","properties":{"name":null,"cls":"secondary","km":13.82},"geometry":{"type":"LineString","coordinates":[[115.11742046600011,1.4685289423620393],[115.11659301600002,1.4732380523568083],[115.11368966400005,1.4723167613578114],[115.11125916100002,1.476711946352943],[115.10498683500009,1.4731405043569108],[115.10360231000004,1.4681598873624508],[115.09874297100009,1.4753358043544524],[115.092610034,1.4760008853537454],[115.08719016300007,1.4724949323576062],[115.08762249000004,1.4753513593544354],[115.07486261700001,1.480873676348302],[115.06908564300011,1.477673128351866],[115.06196017500008,1.4669911433637641],[115.06173833800005,1.4564449943754418],[115.06709352000009,1.4479427173848491]]}},{"type":"Feature","properties":{"name":"Kerayan","cls":"secondary","km":13.8},"geometry":{"type":"LineString","coordinates":[[115.9604499720001,-0.14338407183961957],[115.97459197400009,-0.16926847681071852],[115.97010763700007,-0.18871843578892913],[115.97523459500007,-0.19381819178327456],[115.98135141700004,-0.2133561067613591],[115.99148100500008,-0.23028853774250496],[115.99247118200003,-0.23877942673296934],[116.00559865800005,-0.24485240772618733]]}},{"type":"Feature","properties":{"name":null,"cls":"secondary","km":13.72},"geometry":{"type":"LineString","coordinates":[[116.44673203000002,0.630630425295238],[116.44343504300004,0.6385425592864481],[116.43882621800003,0.6379221722871078],[116.43969857200013,0.6311208012947092],[116.43545869900004,0.6381764622867953],[116.42810924300012,0.6376415632874145],[116.42171312900008,0.6443668482798974],[116.4137408140001,0.6418297212827769],[116.41312015500012,0.6468130092772215],[116.409784263,0.6476879342761811],[116.41033645400013,0.6526850102706425],[116.40505876800013,0.654216762268892],[116.40584195800012,0.6617186852605019],[116.40158505600004,0.6675855932539859],[116.40312209800003,0.6714571762496543],[116.39991981200001,0.6783870242419177]]}},{"type":"Feature","properties":{"name":null,"cls":"secondary","km":13.62},"geometry":{"type":"LineString","coordinates":[[115.52397140500013,0.0380223879575607],[115.52007409800002,0.043482094951432335],[115.51239349600009,0.0384798559570187],[115.50555340000005,0.040700367954541426],[115.50022482300007,0.03759005295798253],[115.50274419900006,0.03404987096196029],[115.50128011700008,0.0297173879668305],[115.49349371800008,0.02461344297248091],[115.48839316600004,0.028722808967921756],[115.48433177600009,0.027872511968899682],[115.48212089300011,0.0229390869743998],[115.46812192200002,0.02758463096920686],[115.46093182000003,0.039510720955873956],[115.44984299000009,0.04068735795456576]]}},{"type":"Feature","properties":{"name":null,"cls":"secondary","km":13.6},"geometry":{"type":"LineString","coordinates":[[115.99352914600003,0.6285114972975874],[115.98166906100006,0.6433403312810421],[115.980384919,0.6544410932686765],[115.96745215900012,0.6734675972474365],[115.9795908540001,0.6818623432380436],[115.9837945710001,0.6952038242231471],[115.98215456300012,0.7002637292175143],[115.97230975100001,0.7069981252099704],[115.97046474100013,0.7261970951885129]]}},{"type":"Feature","properties":{"name":null,"cls":"secondary","km":13.59},"geometry":{"type":"LineString","coordinates":[[116.28884852400006,9.999199996460637e-05],[116.28981187200009,0.005278070994141261],[116.2791369370001,0.017481918980496277],[116.26968058300008,0.01945233697832668],[116.26546995100011,0.02545898797157972],[116.26656100700005,0.035086849960799915],[116.26193386500007,0.041181275953997946],[116.26256691200003,0.0463159449482668],[116.25250907600004,0.060447889932447096],[116.26029991900009,0.08283311790744392],[116.26084951000009,0.09086898289846602],[116.25601932200004,0.09726210689132511]]}},{"type":"Feature","properties":{"name":null,"cls":"secondary","km":13.59},"geometry":{"type":"LineString","coordinates":[[116.79999708300011,0.3429928596165696],[116.8020104530001,0.3542665456039564],[116.80711481500009,0.3565880316013999],[116.79766922900002,0.36516331159180826],[116.79393433300005,0.37477199958109664],[116.79644867500008,0.382138480572829],[116.79003693000004,0.38286409257201354],[116.79555498100002,0.39486837055858875],[116.78551837100008,0.3962109235571321],[116.789958844,0.4020065015506755],[116.78853970700004,0.4113878955401654],[116.78424397900004,0.4165431545344114],[116.78702613600002,0.41961249853093746],[116.78563300000008,0.42337399952672405]]}},{"type":"Feature","properties":{"name":null,"cls":"secondary","km":13.56},"geometry":{"type":"LineString","coordinates":[[116.82428397900003,1.3744512944665215],[116.81857876800008,1.3754886054653366],[116.81999404600005,1.3796891984606556],[116.81459690700002,1.3822532854578347],[116.80701665200002,1.3947451164439766],[116.80887438300012,1.397840363440486],[116.80289712400007,1.4050964224324438],[116.80186956000011,1.4183453644177182],[116.7869343430001,1.4397206753939815],[116.78304589800007,1.4603397483711424],[116.7776484200001,1.466630431364129]]}},{"type":"Feature","properties":{"name":null,"cls":"secondary","km":13.51},"geometry":{"type":"LineString","coordinates":[[115.32587999100006,0.041461213953673894],[115.32217577100005,0.05548371793801498],[115.32595928300009,0.06642619892578357],[115.33231610000007,0.07083852792082022],[115.33457139900008,0.08330448490687148],[115.32616518000009,0.11003446987706157],[115.32951291500002,0.11431188087221653],[115.31674730600004,0.11935634286658287],[115.3145997780001,0.13518896884892906]]}},{"type":"Feature","properties":{"name":null,"cls":"secondary","km":13.36},"geometry":{"type":"LineString","coordinates":[[115.53024107700003,1.0513945238259148],[115.52881204600011,1.0578974498186584],[115.51405384800012,1.0648764878108739],[115.50826426000003,1.072233597802752],[115.50365446700005,1.0713071878037346],[115.4965131030001,1.0660157078096646],[115.49094076200004,1.055489047821392],[115.48785821000001,1.0406055448379523],[115.49263069000006,1.0397917208388863],[115.4938023940001,1.0348221558443855],[115.48938492700006,1.0213917038593274],[115.48131402000001,1.0150210158664552],[115.47310846200004,1.0147279178667967]]}},{"type":"Feature","properties":{"name":null,"cls":"secondary","km":13.28},"geometry":{"type":"LineString","coordinates":[[114.6057403750001,1.4773588793522219],[114.60050099100012,1.4496454333829787],[114.60484809500007,1.4434903793898493],[114.61181540600002,1.4429509293904372],[114.6204502710001,1.4357369793984185],[114.63565137500007,1.4314230664032705],[114.63615040200011,1.4434368843898822],[114.64267898300011,1.4501650373824575],[114.65581106500008,1.4550517453769662]]}},{"type":"Feature","properties":{"name":null,"cls":"secondary","km":13.18},"geometry":{"type":"LineString","coordinates":[[115.52862919000006,0.9503662209385192],[115.5183260550001,0.948020163941113],[115.49649476000002,0.9596633109281241],[115.49265954400006,0.956627303931509],[115.49228769900002,0.9439020379456693],[115.4859360380001,0.9425064669472365],[115.4660088170001,0.9505242619383113],[115.44774756100004,0.9502130749386981],[115.43536802200002,0.9573204759307563]]}},{"type":"Feature","properties":{"name":"Lunak","cls":"secondary","km":13.14},"geometry":{"type":"LineString","coordinates":[[116.35920092000002,0.7770668701317653],[116.35520118000011,0.7832990751248262],[116.3414596990001,0.7836964981243737],[116.33633607500008,0.7914056701158225],[116.34209716600003,0.8098215800952545],[116.33578979700009,0.8113564360935034],[116.33208886600006,0.8176998690864804],[116.32351392000008,0.812932056091782],[116.312388896,0.8184780220856125]]}},{"type":"Feature","properties":{"name":null,"cls":"secondary","km":13.01},"geometry":{"type":"LineString","coordinates":[[114.21414295400007,1.1056291907655198],[114.21216632800008,1.132138422736014],[114.20786909500009,1.131975890736216],[114.20248894800011,1.1375939877299401],[114.19514379700003,1.1630208417015895],[114.16714499500006,1.182792378679597]]}},{"type":"Feature","properties":{"name":null,"cls":"secondary","km":12.95},"geometry":{"type":"LineString","coordinates":[[115.8957041660001,0.6719247362491332],[115.88919585000008,0.6727587442482246],[115.88094879700009,0.6660107452557351],[115.8831060230001,0.6468934372770782],[115.88182754500006,0.6395205572853413],[115.87674045800009,0.6337047342918187],[115.88034908600004,0.6297476292962599],[115.875791606,0.6156908983119308],[115.88093821900009,0.611003948317179],[115.88358782000013,0.5844777823468215],[115.88825475200008,0.5835732583477709]]}},{"type":"Feature","properties":{"name":"Halunge","cls":"secondary","km":12.93},"geometry":{"type":"LineString","coordinates":[[114.28725502000009,1.2590653565947638],[114.28217153600008,1.2636408115896771],[114.27394831800007,1.2633281845899882],[114.26955059200009,1.2689125795838092],[114.26224348500011,1.270000874582581],[114.2425452110001,1.2853055005655707],[114.23064173500006,1.2789859455725752],[114.20901955800002,1.2739756845781693],[114.2021993200001,1.2739378765782006],[114.19411614300009,1.279315998572238]]}},{"type":"Feature","properties":{"name":null,"cls":"secondary","km":12.92},"geometry":{"type":"LineString","coordinates":[[114.61287376000006,1.4826966533462997],[114.61793703500008,1.4838475613450242],[114.62799345300004,1.498068218329238],[114.63895327900002,1.5032362453235375],[114.64709970300008,1.5046276523219535],[114.66058896700007,1.501083358325887],[114.67363152100008,1.5057832323206743],[114.6749274120001,1.503127501323607],[114.680536027,1.503089126323665],[114.69393281700002,1.5080393643181742],[114.70034779600007,1.513854969311728]]}},{"type":"Feature","properties":{"name":"Tasan","cls":"secondary","km":12.91},"geometry":{"type":"LineString","coordinates":[[114.60293301400009,0.9185688589739555],[114.61187567099999,0.9249155689668771],[114.60835417600003,0.933545769957274],[114.61153294000009,0.9404359539495816],[114.60905758900003,0.9554712289328275],[114.61930974800009,0.9600659099277061],[114.62643770700004,0.9771052809086855],[114.63913187400011,0.9884368538960642],[114.64468984300005,1.0116168128702363]]}},{"type":"Feature","properties":{"name":null,"cls":"secondary","km":12.86},"geometry":{"type":"LineString","coordinates":[[116.46067743700009,0.9256149119661272],[116.45655072300008,0.9239729519679112],[116.4542836930001,0.9278275079636309],[116.4536013410001,0.9251329479666262],[116.44961168000009,0.9254234809663119],[116.44681002300001,0.9272254979642786],[116.4489044830001,0.9301405819610108],[116.44699801800006,0.9288437469624757],[116.44287632200007,0.9335780299571956],[116.43925125100009,0.9319680129590358],[116.43513017800001,0.9386203199515901],[116.43473268000004,0.9362568569542038],[116.42134398500002,0.9382010549520202],[116.41691963200002,0.9436608819459955],[116.41013227200007,0.9436394059460018],[116.40693385000007,0.9633510759240189]]}},{"type":"Feature","properties":{"name":null,"cls":"secondary","km":12.84},"geometry":{"type":"LineString","coordinates":[[116.14089564000005,0.3521435386063564],[116.13323393300006,0.3508161236078517],[116.13238641000008,0.3439914156155044],[116.12890411300009,0.34145390861834046],[116.11118287200007,0.34347760461604854],[116.0895169900001,0.33773766562246765],[116.0837255880001,0.32646529763507937],[116.06948001800004,0.32371211563810726],[116.06212120100008,0.32447056563731336],[116.060139133,0.33376976262688896],[116.051841823,0.33774379562245205]]}},{"type":"Feature","properties":{"name":"Malingan","cls":"secondary","km":12.71},"geometry":{"type":"LineString","coordinates":[[115.03046276600003,0.6312684752945329],[115.02551602300001,0.6347233412906348],[115.02098375700007,0.6639191912580639],[115.02329648900003,0.7049011932123398],[115.01529541600009,0.7214172031938686],[115.02319674900004,0.7364393011771517]]}},{"type":"Feature","properties":{"name":"Sarri","cls":"secondary","km":12.7},"geometry":{"type":"LineString","coordinates":[[114.38320116300008,1.2142804066445751],[114.3925449510001,1.2035761186564675],[114.39826584500008,1.2019866096582588],[114.39844489500001,1.194597698666451],[114.4013749510001,1.1949079676661467],[114.39963354400004,1.1895890566720606],[114.40333716200007,1.1718510896917982],[114.40124497300008,1.1587551307064061],[114.40446299100006,1.1485021957177732],[114.4018593610001,1.1406647687265246],[114.40466488300001,1.1393149637280275],[114.40401173900011,1.1293052557391619],[114.4001522320001,1.1239557627451624]]}},{"type":"Feature","properties":{"name":"Borang","cls":"secondary","km":12.68},"geometry":{"type":"LineString","coordinates":[[115.78619806900008,-0.23734848173462042],[115.76958743900002,-0.2169633817573742],[115.75968251900008,-0.22643835374674864],[115.74686365100001,-0.22336116375016402],[115.73523833600005,-0.22746158174564507],[115.72603680100008,-0.2267536287464777],[115.71592116200009,-0.23723602173470112],[115.69727211600002,-0.23907280673266154]]}},{"type":"Feature","properties":{"name":null,"cls":"secondary","km":12.65},"geometry":{"type":"LineString","coordinates":[[114.00784113100008,1.0542994738226898],[114.01736671000003,1.0612190728149795],[114.01727977300006,1.0708427418042716],[114.02023205900002,1.072328284802632],[114.01555087500005,1.0847146327887927],[114.0255013310001,1.098473057773496],[114.02525347400001,1.1120974457583244],[114.0218994920001,1.1138578417563627],[114.02842579700007,1.12299303274617],[114.02783639600011,1.1278281867407987],[114.0328063930001,1.1293898597390717]]}},{"type":"Feature","properties":{"name":null,"cls":"secondary","km":12.61},"geometry":{"type":"LineString","coordinates":[[114.61801993200005,1.2642860375889862],[114.60819603000004,1.2776689675740847],[114.61293658400007,1.2854659255654382],[114.61782479400004,1.2871489105635174],[114.61613012700002,1.2956945855540531],[114.60449975100005,1.3024479915465086],[114.58688538700005,1.3031331855457897],[114.58041811300006,1.3314493005142973]]}},{"type":"Feature","properties":{"name":null,"cls":"secondary","km":12.58},"geometry":{"type":"LineString","coordinates":[[115.20188185800009,1.0889857237840523],[115.19801232300007,1.1003813527713646],[115.18758202400011,1.1127799517575554],[115.18999963100009,1.1310648457372179],[115.1877157680001,1.1371557757303965],[115.1938274370001,1.1468179507196756],[115.18900944100005,1.160771139704136],[115.19150332700008,1.164903357699524],[115.19608767400008,1.1652029926991692],[115.19589809100012,1.1684848546955011],[115.20887844800006,1.1735765376898897],[115.21049686100002,1.1768029736863035]]}},{"type":"Feature","properties":{"name":null,"cls":"secondary","km":12.57},"geometry":{"type":"LineString","coordinates":[[116.70259779400008,1.0062094508762807],[116.70853847800002,1.0105662018714126],[116.71319880700001,1.0101052138719395],[116.72112434100008,1.0322036378473098],[116.72742450500006,1.0379174828409279],[116.73531619100004,1.03644346584257],[116.73820560100012,1.039709742838958],[116.73738273900007,1.045124415832954],[116.74684682600004,1.0504268538270238],[116.7476914230001,1.0540322298230076],[116.75092272900008,1.053299668823796],[116.756692154,1.0658847828097708]]}},{"type":"Feature","properties":{"name":"Serata","cls":"secondary","km":12.55},"geometry":{"type":"LineString","coordinates":[[114.31336819500007,0.8679100470304569],[114.31783109800007,0.8865348890096957],[114.32385278700008,0.8926881030028206],[114.32730974300011,0.9052171479888578],[114.347813255,0.9235154529684189],[114.36003842000002,0.96556246292159]]}},{"type":"Feature","properties":{"name":null,"cls":"secondary","km":12.52},"geometry":{"type":"LineString","coordinates":[[116.64903246200004,0.7265858271881191],[116.65331695200007,0.7270429831876125],[116.6550200910001,0.7230082501921358],[116.65944691300002,0.7244584951904993],[116.66641035800001,0.7311487341830045],[116.66768076600012,0.7383627261749569],[116.67336765900006,0.7411965971717968],[116.67650673300012,0.7395292001736657],[116.68057790600004,0.7433842671693739],[116.68312316800005,0.7481857041639999],[116.67839700000002,0.7502655921617156],[116.6789267780001,0.7559272891553632],[116.69090726500006,0.771323050138183],[116.69210224500011,0.7842353881237878]]}},{"type":"Feature","properties":{"name":"Jutung","cls":"secondary","km":12.52},"geometry":{"type":"LineString","coordinates":[[115.69502772200006,-0.7066143932102849],[115.6984826600001,-0.7025536602148708],[115.71094120300006,-0.7062939282107153],[115.70807045900006,-0.6987708132190601],[115.71165433300006,-0.6953274562229146],[115.70949352600006,-0.688421928230639],[115.71904861000006,-0.6862149342331186],[115.71430474600004,-0.6820544372377622],[115.71905146200004,-0.6754107022451734],[115.7138555370001,-0.6718349942491211],[115.71424366500003,-0.6688294142524904],[115.72044226200002,-0.6645580902572679],[115.7194445570001,-0.6530712212700687],[115.72470660300007,-0.6505380352729039],[115.72582760000013,-0.645446126278582]]}},{"type":"Feature","properties":{"name":null,"cls":"secondary","km":12.51},"geometry":{"type":"LineString","coordinates":[[116.06964451900001,1.3830207434569959],[116.07229284200004,1.3883506044510865],[116.0769587000001,1.3875787164518907],[116.09922700100005,1.4034375154342833],[116.105792875,1.4112970814255439],[116.11027759900003,1.424431821410957],[116.11100651500011,1.4312993624033739],[116.10381275700001,1.4506381523818856],[116.08966435700006,1.4546580363774226]]}},{"type":"Feature","properties":{"name":null,"cls":"secondary","km":12.48},"geometry":{"type":"LineString","coordinates":[[114.92103311200005,0.8957168269994348],[114.9123672620001,0.8894152570064575],[114.91516217700006,0.8858641930103845],[114.91485334100003,0.8664485520320832],[114.90350341800001,0.8560784880436287],[114.88933231600005,0.8301222350725778],[114.88830267200002,0.821876045081793],[114.89385034300005,0.8015737951044564]]}},{"type":"Feature","properties":{"name":null,"cls":"secondary","km":12.46},"geometry":{"type":"LineString","coordinates":[[115.20991454100012,1.553925107267265],[115.21414216000004,1.579554849238856],[115.22652638400005,1.5861906222314968],[115.22760627100001,1.5899610882273205],[115.22515275400008,1.6019792402139807],[115.215332965,1.6152338981993002],[115.2153776900001,1.6244789271890419],[115.20982912900001,1.6292582731837648],[115.22123939900007,1.6326032831800756]]}},{"type":"Feature","properties":{"name":null,"cls":"secondary","km":12.45},"geometry":{"type":"LineString","coordinates":[[115.14048214300009,1.4891550953391282],[115.14117487600005,1.5222187543024164],[115.14605010400011,1.531308359292375],[115.14125797200008,1.5415932692809737],[115.14342376000002,1.558929996261722],[115.15083640200008,1.571347935247946],[115.16220155900011,1.566493028253346]]}},{"type":"Feature","properties":{"name":null,"cls":"secondary","km":12.44},"geometry":{"type":"LineString","coordinates":[[114.90671094700008,1.4150925514213466],[114.89661471800001,1.415809270420572],[114.88829536000004,1.4120830964246947],[114.88668627300001,1.4075071184297956],[114.88105507500008,1.4056953394318201],[114.88308981500006,1.3972967624411272],[114.87842047299999,1.393368501445457],[114.87817595800006,1.3882753144511106],[114.86240493000004,1.377656736462937],[114.85289119600009,1.3848100394549852],[114.85357525700012,1.3914200694476313],[114.84617616300012,1.4011713784367987]]}},{"type":"Feature","properties":{"name":null,"cls":"secondary","km":12.44},"geometry":{"type":"LineString","coordinates":[[116.18975574700006,0.1645940548160277],[116.19052527200006,0.16899973781106659],[116.19783077400007,0.1728852188067115],[116.20719667200001,0.18747473079045068],[116.21659747000001,0.19022261478735128],[116.22036300200011,0.2007143777756205],[116.22658163600012,0.20202012977416559],[116.23801195400007,0.2119711347630713],[116.24417472100004,0.23244587474018444],[116.24235248600009,0.24837564872233933]]}},{"type":"Feature","properties":{"name":"Deho","cls":"secondary","km":12.38},"geometry":{"type":"LineString","coordinates":[[114.9999750500001,0.7856417601222055],[114.99558281900012,0.7934168131135647],[114.9799387720001,0.8055952280999503],[114.9754268920001,0.8151365820893077],[114.95531860300002,0.8166426670876382],[114.94089373100009,0.8254415910778206],[114.92832638200004,0.8289385400739295],[114.90842127400005,0.8234716210800332]]}},{"type":"Feature","properties":{"name":"Menungei","cls":"secondary","km":12.36},"geometry":{"type":"LineString","coordinates":[[114.33397190400001,1.1146999427554443],[114.32164353000007,1.1400528157271426],[114.30449382200004,1.1576302897076343],[114.29860027900008,1.1707452266930058],[114.2903922060001,1.172654295690913],[114.28928735900001,1.182825840679587],[114.27652350800008,1.181960612680533]]}},{"type":"Feature","properties":{"name":null,"cls":"secondary","km":12.35},"geometry":{"type":"LineString","coordinates":[[114.83667730700006,1.3531176754902332],[114.83075502900012,1.3616559174807041],[114.81572157800008,1.3577967764849757],[114.79774577100012,1.3614889914808668],[114.79445419400008,1.389066758450262],[114.805844223,1.4087687334283465],[114.81564512400007,1.4123587824243855]]}},{"type":"Feature","properties":{"name":"Selirung","cls":"secondary","km":12.35},"geometry":{"type":"LineString","coordinates":[[114.28019433000009,1.185530301676573],[114.27114967000013,1.1878658396740138],[114.26700503000006,1.1927397906685753],[114.2637982120001,1.1905581746709526],[114.25871704500003,1.1930727186681656],[114.23689104900006,1.2115171076476603],[114.22732283900008,1.2088627346506393],[114.22331394700007,1.211638084647509],[114.20933108700001,1.210198030649148],[114.20293126500007,1.213574068645345],[114.1979451520001,1.204406193655581],[114.19360312700007,1.203033884657104]]}},{"type":"Feature","properties":{"name":"Muarakamantua","cls":"secondary","km":12.21},"geometry":{"type":"LineString","coordinates":[[116.75007201100006,-0.2452459527257578],[116.72032436000006,-0.22211289575159973],[116.70591228700006,-0.20520218377054691],[116.70298906200003,-0.18940185278815722],[116.71268314500003,-0.16601139181435826],[116.71119854800008,-0.15829520482296075]]}},{"type":"Feature","properties":{"name":null,"cls":"secondary","km":12.17},"geometry":{"type":"LineString","coordinates":[[115.37495000200012,1.5636022092565491],[115.382181908,1.5706718202487038],[115.37955903200007,1.5777739452408095],[115.38423485200009,1.582529273235557],[115.38462706100006,1.5893130932279906],[115.38782118100006,1.5908712852262892],[115.39410207100002,1.6070479092083612],[115.3867498640001,1.6295028471835082],[115.38958561800008,1.6337520991787458],[115.39037311200002,1.6492368731616203]]}},{"type":"Feature","properties":{"name":"Banyiur","cls":"secondary","km":12.16},"geometry":{"type":"LineString","coordinates":[[117.24709538000002,-0.6251196743013196],[117.24116343900006,-0.6330337862924161],[117.22870184500003,-0.636237321288889],[117.23338667100006,-0.6499831672735229],[117.22728882700004,-0.6604820582617911],[117.2186277520001,-0.66791155525356],[117.204663545,-0.6709371892501449],[117.19211365800004,-0.6799238192401281],[117.1868113720001,-0.6965172132215401]]}},{"type":"Feature","properties":{"name":"Jawaq","cls":"secondary","km":12.11},"geometry":{"type":"LineString","coordinates":[[115.92027145400006,-0.2634397517054221],[115.91475320100004,-0.26333100670558224],[115.91734845300006,-0.2520571447181749],[115.9238347380001,-0.2455282767254458],[115.92885058800006,-0.24309103172813953],[115.93213650700012,-0.24570306472520137],[115.93732550700008,-0.24091522673060298],[115.9481365700001,-0.22189357575184218],[115.94459159400003,-0.21336150176136648],[115.94796467200001,-0.206396975769202],[115.93689622100011,-0.19690678577976928],[115.93689658000005,-0.1911608807862431]]}},{"type":"Feature","properties":{"name":null,"cls":"secondary","km":12.05},"geometry":{"type":"LineString","coordinates":[[116.04874599700008,1.3223883735243707],[116.05734965200008,1.3259504145204262],[116.0681976520001,1.321774584525046],[116.08309583000005,1.3050001965437137],[116.09080761800011,1.302947455546013],[116.12581961600007,1.32238459152434],[116.13441419100002,1.3336590205118501]]}},{"type":"Feature","properties":{"name":null,"cls":"secondary","km":12.05},"geometry":{"type":"LineString","coordinates":[[115.48567593000008,1.3068165185416734],[115.48968027000001,1.3154802705320527],[115.48751715000004,1.344444075499842],[115.5000005070001,1.348043188495863],[115.50636020500008,1.3576265614851974],[115.51342013700003,1.3602874734822585],[115.54730290500005,1.3611574184812594]]}},{"type":"Feature","properties":{"name":"Medang","cls":"secondary","km":12.04},"geometry":{"type":"LineString","coordinates":[[115.3862875870001,0.5560195383785377],[115.42845244500006,0.5754239833568772],[115.43395095400001,0.5965589563333259],[115.44246400600002,0.6073788113211901],[115.44183913500001,0.6121672263158486],[115.45591411400005,0.6247809293017688]]}},{"type":"Feature","properties":{"name":null,"cls":"secondary","km":11.96},"geometry":{"type":"LineString","coordinates":[[116.46022512400009,-0.7920373421149887],[116.467294669,-0.7954094441112162],[116.47208606200002,-0.7911024401160401],[116.47376014800011,-0.7941460851126206],[116.48180756300009,-0.7889498581184623],[116.49083097400002,-0.7900747101171661],[116.49920422500008,-0.7827480601253743],[116.50832047100005,-0.7856521271220821],[116.50618322800005,-0.7652373691449046],[116.5106484360001,-0.7656124631445012],[116.51530056700005,-0.7582384791526909],[116.52050993700004,-0.7590350431518361],[116.52123150800004,-0.753393029158072]]}},{"type":"Feature","properties":{"name":null,"cls":"secondary","km":11.89},"geometry":{"type":"LineString","coordinates":[[115.1354176970001,1.252824242601735],[115.13703195900007,1.2479394156071437],[115.12951430300006,1.2418113466139746],[115.1290899170001,1.2316867066252282],[115.12502605400006,1.2269605746305114],[115.12720019100006,1.2161183486425369],[115.13832853500003,1.2175819866409086],[115.15096223500007,1.209122614650343],[115.16031616200007,1.2078750296517384],[115.16992237800002,1.2005420376598535],[115.1702662980001,1.1938483676672678]]}},{"type":"Feature","properties":{"name":"Lanyau","cls":"secondary","km":11.79},"geometry":{"type":"LineString","coordinates":[[115.92457440700002,1.2214448566365979],[115.93402974000003,1.2140812916448303],[115.94399669500001,1.1966629056642053],[115.94388998300009,1.189213673672517],[115.95256968700006,1.1807941536818656],[115.96104369300008,1.1757628986874458],[115.96769747700012,1.1794332436833554],[115.98858111700008,1.1742640686891086],[115.99417938800003,1.1637955037007492]]}},{"type":"Feature","properties":{"name":null,"cls":"secondary","km":11.74},"geometry":{"type":"LineString","coordinates":[[116.5236356050001,0.8732179550245635],[116.52298462300007,0.8889342550069829],[116.52782072600009,0.8881518790078774],[116.52969828100005,0.89502753600018],[116.54320698300012,0.9003246189942754],[116.54119569400008,0.9057899159882203],[116.52480639600003,0.9204355339718371],[116.5235563120001,0.9339136269568215]]}},{"type":"Feature","properties":{"name":null,"cls":"secondary","km":11.61},"geometry":{"type":"LineString","coordinates":[[116.91250479300005,-0.01908617897862574],[116.920373099,-0.013018778985400797],[116.91875030900007,-0.003233725996351672],[116.92392025900006,0.003708131995895573],[116.94624684000009,0.007805114991341032],[116.94612909100012,0.019549074978172338],[116.96452013700001,0.024058432973152997],[116.96964852100008,0.02040059297723648],[116.97551111400003,0.022187008975250944]]}},{"type":"Feature","properties":{"name":null,"cls":"secondary","km":11.47},"geometry":{"type":"LineString","coordinates":[[114.68687617000002,1.530420113293328],[114.66359756400004,1.5412294562813196],[114.64153304,1.541198058281387],[114.62748689400009,1.5513643332701368],[114.61388161600009,1.5696157382499032],[114.61377422500006,1.5760818952427122]]}},{"type":"Feature","properties":{"name":null,"cls":"secondary","km":11.47},"geometry":{"type":"LineString","coordinates":[[114.19652828700009,1.1144515867557319],[114.18934196600003,1.1118739767585688],[114.17788805700002,1.1159774567539964],[114.16868472200008,1.132705561735378],[114.15935962500009,1.1385671657288705],[114.1605697330001,1.1459243907206396],[114.1536128140001,1.1561117557093672],[114.14647577800008,1.1582146337069714],[114.14110706800011,1.1670982946970985]]}},{"type":"Feature","properties":{"name":null,"cls":"secondary","km":11.45},"geometry":{"type":"LineString","coordinates":[[117.28567099300004,-0.5369757793997788],[117.27456759800008,-0.532001329405277],[117.2791881060001,-0.5215666274169345],[117.27456675700013,-0.5126183624269431],[117.25858597300011,-0.5135881814258999],[117.25775199200007,-0.522504393415873],[117.24940871000001,-0.5260905874118785],[117.25037166400013,-0.5323577204049066],[117.24575061600001,-0.530678046406818],[117.24228462500002,-0.5240879584141286],[117.23759968800005,-0.5299676564075532],[117.23682929900006,-0.5240235584142272]]}},{"type":"Feature","properties":{"name":"Pesing","cls":"secondary","km":11.42},"geometry":{"type":"LineString","coordinates":[[115.70026895500006,-0.39928432355357324],[115.67171451600008,-0.37289880258303915],[115.66132273300002,-0.3705030445857461],[115.66132366800001,-0.36422588459272537],[115.64457989300001,-0.34032203361947405],[115.64674002100003,-0.3272651176340912]]}},{"type":"Feature","properties":{"name":null,"cls":"secondary","km":11.41},"geometry":{"type":"LineString","coordinates":[[114.86412013600012,1.4551812503768582],[114.87576882600001,1.4836214073452405],[114.87530322600001,1.495279362332356],[114.88189461700006,1.5056285473208566],[114.87345120800002,1.5174903453076605],[114.878063053,1.528547320295467],[114.87550299000009,1.5351019462881614]]}},{"type":"Feature","properties":{"name":null,"cls":"secondary","km":11.39},"geometry":{"type":"LineString","coordinates":[[116.25467918300001,-0.05975682793311819],[116.2502608420001,-0.05128396394261201],[116.24899862400002,-0.030207857966166072],[116.24405424600002,-0.017922275979923265],[116.23248215400008,-0.020040419977496563],[116.22490773700008,-0.015274459982855289],[116.18924496600003,-0.01019071998854657]]}},{"type":"Feature","properties":{"name":null,"cls":"secondary","km":11.24},"geometry":{"type":"LineString","coordinates":[[114.3934115080001,1.2397166306162986],[114.39788334700006,1.2567866665973138],[114.39745062000009,1.2692492115834324],[114.40206801200009,1.2716063045807962],[114.40202639900008,1.2819174665693982],[114.39786046200004,1.2845009715664633],[114.38990432500009,1.282792971568356],[114.38323789200003,1.3020403415469837],[114.37647765300005,1.305748998542838],[114.37552241200001,1.3104418305376115]]}},{"type":"Feature","properties":{"name":null,"cls":"secondary","km":11.19},"geometry":{"type":"LineString","coordinates":[[115.42214663900006,1.5447968872774187],[115.43003945900011,1.54354305927877],[115.43077407600005,1.5527260682686381],[115.4357160500001,1.5554394552655912],[115.43464716100003,1.5594367342611857],[115.44014312800005,1.5617229652586084],[115.44323300700013,1.5757497392430466],[115.45596351900008,1.5830320672350238],[115.46078378600008,1.5821625762359854],[115.47210214400003,1.5944177852223935]]}},{"type":"Feature","properties":{"name":"Medang","cls":"secondary","km":11.17},"geometry":{"type":"LineString","coordinates":[[115.37845437100009,0.45845866348755204],[115.38177720700001,0.46075285348497025],[115.37899741300009,0.46538652847983725],[115.38912677200005,0.4663849624787027],[115.39153688400005,0.4718264784726223],[115.39786531900008,0.47401675347018196],[115.39915235000002,0.4802695684631755],[115.39551883300011,0.4901283554522099],[115.40629170900003,0.4898664024525111],[115.40757883000003,0.4939362284478941],[115.40259612700004,0.4926946524493211],[115.40538113000004,0.5006484144404375],[115.41107148300011,0.5019254744390275],[115.41468863600007,0.4981836374432081],[115.41920714100002,0.5024846334383646]]}},{"type":"Feature","properties":{"name":"Beta","cls":"secondary","km":11.16},"geometry":{"type":"LineString","coordinates":[[115.37616000000003,0.6284249992976814],[115.381957402,0.6273599862989006],[115.38675718800005,0.6338367622916442],[115.4081976240001,0.6315327542942023],[115.41934750300005,0.6431349022812771],[115.420558334,0.6495790172740894],[115.4150904500001,0.667588057253986],[115.39960597600009,0.6837351432359234]]}},{"type":"Feature","properties":{"name":null,"cls":"secondary","km":11.13},"geometry":{"type":"LineString","coordinates":[[116.28737704100003,0.8005441391055891],[116.28816945800008,0.8045956421010448],[116.28310000400006,0.8053064661002428],[116.28293993300008,0.8188735470851318],[116.2776492270001,0.8274074560756377],[116.280576816,0.8329043290694351],[116.2748306310001,0.8349714860671973],[116.26284805800005,0.8526535680474487],[116.2488409240001,0.8578343580416498]]}},{"type":"Feature","properties":{"name":"Litak","cls":"secondary","km":11.06},"geometry":{"type":"LineString","coordinates":[[115.57585747000007,-0.13512443884892644],[115.58418979900013,-0.1341993098498744],[115.58068521100006,-0.12112475486449768],[115.59453477700005,-0.10646013788089499],[115.59608669700003,-0.09760893089081495],[115.61447580900006,-0.08548971490437367],[115.61493571000007,-0.08022520291024496],[115.60999385900004,-0.07686962691403262],[115.61019880600008,-0.06619340992591151]]}},{"type":"Feature","properties":{"name":null,"cls":"secondary","km":11.05},"geometry":{"type":"LineString","coordinates":[[116.00829273600004,0.5820768423494733],[116.01230888700002,0.6006664943287117],[116.01100171600001,0.6139999423138406],[116.01474501700011,0.6261087803002737],[116.01900674500007,0.6288664772971952],[116.02001604200007,0.654575329268521],[116.00899771400009,0.6717939582493099]]}},{"type":"Feature","properties":{"name":null,"cls":"secondary","km":11.03},"geometry":{"type":"LineString","coordinates":[[116.86466061300007,0.9001152839945035],[116.85743604100001,0.9043923069897964],[116.85020813100004,0.9028177359914745],[116.8477338460001,0.9138523749791895],[116.83886980400007,0.9037618769904873],[116.82445166100003,0.9180056279745852],[116.81484386200009,0.9210148199712217],[116.81146966100005,0.929684056961518],[116.80574571500007,0.9295487859617247],[116.80344004500012,0.9250691259666755]]}},{"type":"Feature","properties":{"name":null,"cls":"secondary","km":11.03},"geometry":{"type":"LineString","coordinates":[[116.41012253100007,0.13968441884388913],[116.42432254900007,0.13774589084604225],[116.4294449260001,0.1407810648426596],[116.4388391770001,0.15563095182602002],[116.44446152200011,0.17444034680498577],[116.45702216200004,0.18042109379831123],[116.45603046200006,0.19862736677795728]]}},{"type":"Feature","properties":{"name":"Mangunak","cls":"secondary","km":10.97},"geometry":{"type":"LineString","coordinates":[[115.89701227900002,-0.07365192091763931],[115.88565917400001,-0.05763017593553693],[115.85334596000007,-0.045076270949556366],[115.8240413210001,-0.01565491498246844]]}},{"type":"Feature","properties":{"name":null,"cls":"secondary","km":10.95},"geometry":{"type":"LineString","coordinates":[[115.27810326000008,1.08567005578777],[115.28041919500005,1.0977675717742634],[115.27641407700003,1.1171783997526665],[115.26572736300012,1.1230149067461979],[115.26060515300003,1.1213269287480376],[115.26125828500005,1.124232346744764],[115.25160130700009,1.1224419507467849],[115.24430080500008,1.1261999777425897],[115.24208014500005,1.1311058817371138],[115.23798072500007,1.128304185740264],[115.23134488200003,1.1404645617267068]]}},{"type":"Feature","properties":{"name":null,"cls":"secondary","km":10.87},"geometry":{"type":"LineString","coordinates":[[116.04442105800001,0.5358353244011365],[116.04834744300001,0.5408605313955186],[116.05114780000007,0.5391184613974522],[116.05666357599999,0.5424582043937239],[116.05462733000002,0.5476042103879243],[116.05884940500003,0.5456603143901273],[116.0667375050001,0.5489432303864851],[116.06783460700002,0.5446518953913004],[116.07005340900004,0.5479159463875876],[116.07465509100007,0.5473059033883014],[116.0738751360001,0.5515300563835875],[116.07721014000005,0.5497588853855931],[116.08259770300003,0.5645037133691007],[116.07276325100008,0.5727901133598354]]}},{"type":"Feature","properties":{"name":null,"cls":"secondary","km":10.86},"geometry":{"type":"LineString","coordinates":[[114.77299110600006,1.4871344313414003],[114.77933493400008,1.499629216327529],[114.80300374900001,1.5128789913128455],[114.8076448390001,1.5142224363113195],[114.83837972000003,1.5064009183199623],[114.85194756500003,1.5119377463138288]]}},{"type":"Feature","properties":{"name":null,"cls":"secondary","km":10.84},"geometry":{"type":"LineString","coordinates":[[117.28567099300004,-0.5369757793997788],[117.2861841870001,-0.5316454444056602],[117.298699037,-0.5261530194118074],[117.30498831200008,-0.5186579854201747],[117.30588633100002,-0.5081588634319123],[117.30306232000008,-0.5059622654343485],[117.29568172000005,-0.507577853432594],[117.29054679800002,-0.49543144344617573],[117.29221516300002,-0.4883565974540601],[117.30704015600008,-0.4773399754663382],[117.30748911900002,-0.4706851544737692]]}},{"type":"Feature","properties":{"name":null,"cls":"secondary","km":10.81},"geometry":{"type":"LineString","coordinates":[[115.25476728200012,1.54420707227805],[115.2696952030001,1.5310269642926961],[115.27513985600001,1.5151015783103219],[115.26679192200004,1.484579024344235],[115.25834041100006,1.4713744943588907]]}},{"type":"Feature","properties":{"name":null,"cls":"secondary","km":10.7},"geometry":{"type":"LineString","coordinates":[[116.24655347100008,0.7714951051380006],[116.25324725200007,0.7777536181310309],[116.24644730000011,0.7790731901295633],[116.25016097400011,0.7976354171088096],[116.246630115,0.7989960321073112],[116.24615055700008,0.8044673061011786],[116.2439402120001,0.8031799871026735],[116.23712107900008,0.8090706880961059],[116.24002118200006,0.8096894610953923],[116.23768090400006,0.8130328230916879],[116.23174627300011,0.8125900650921348],[116.22319458600008,0.8248659730784386]]}},{"type":"Feature","properties":{"name":null,"cls":"secondary","km":10.62},"geometry":{"type":"LineString","coordinates":[[115.2666395760001,1.167582074696551],[115.26677960400002,1.1619072327028903],[115.2747668740001,1.159395819705654],[115.27251253500002,1.1548014047107786],[115.27960341300002,1.1351341837326283],[115.28568674400003,1.135359400732439],[115.288196759,1.1320177377361436],[115.30304373700007,1.1335734297344275],[115.31478623700002,1.12539046274347],[115.32270911800003,1.1278502717407533]]}},{"type":"Feature","properties":{"name":null,"cls":"secondary","km":10.59},"geometry":{"type":"LineString","coordinates":[[114.85419092900008,-0.02392986497319986],[114.86086453400003,-0.016334217981697978],[114.86815247000003,-0.016364936981651347],[114.86762313500004,-0.010236264988482392],[114.87225639400003,-0.00552903399374667],[114.889514254,-0.006556146992629941],[114.89226485000006,0.0014924659984006314],[114.90133133400002,-0.004630462994754719],[114.8990894630001,0.00269427499704521],[114.9028748200001,0.0014646769984113857]]}},{"type":"Feature","properties":{"name":"Marayaq","cls":"secondary","km":10.59},"geometry":{"type":"LineString","coordinates":[[115.8321509970001,-0.05218146694159781],[115.82896692600002,-0.058086111935000455],[115.82335309100007,-0.0593512859336059],[115.815889265,-0.07869711191193475],[115.8051502400001,-0.0930245298959676],[115.81873479300009,-0.10461747988296506],[115.809807351,-0.10904571787802261],[115.79559692800002,-0.1082510558789464]]}},{"type":"Feature","properties":{"name":null,"cls":"secondary","km":10.56},"geometry":{"type":"LineString","coordinates":[[116.71527452900011,0.19229986478505684],[116.69571004400008,0.20976027876548786],[116.69055395400007,0.21052838176469751],[116.67968221200012,0.2229351067507994],[116.67781287000001,0.23140556874133686],[116.68265538700008,0.24222059472923413],[116.67766968700005,0.26495439570385115]]}},{"type":"Feature","properties":{"name":"Mubung","cls":"secondary","km":10.53},"geometry":{"type":"LineString","coordinates":[[115.13168193800004,0.6006836813287074],[115.12546340600011,0.6024297193267135],[115.12110017400005,0.6101721173180726],[115.11307668500002,0.6130537223148993],[115.1044467800001,0.6242262333024027],[115.08987743400009,0.6340868962913707],[115.07707171200003,0.6685138172529608]]}},{"type":"Feature","properties":{"name":null,"cls":"secondary","km":10.48},"geometry":{"type":"LineString","coordinates":[[115.05660510900007,0.8559959850437008],[115.06426826100005,0.852785222047344],[115.06270608700004,0.8466581940541416],[115.06568588000005,0.8383128310634431],[115.07323759300003,0.8344917510676901],[115.07067258400002,0.8262304970769031],[115.07757883500005,0.819655688084273],[115.08508638800004,0.8045949871010297],[115.09204541800011,0.7805820571278685]]}},{"type":"Feature","properties":{"name":null,"cls":"secondary","km":10.4},"geometry":{"type":"LineString","coordinates":[[116.32070950700006,1.2615467485919911],[116.32407225500005,1.268404747584409],[116.31875080000009,1.2969176085526555],[116.3090481280001,1.316828534530567],[116.3114138430001,1.3303023785155692],[116.29580570900008,1.3401490055046184]]}},{"type":"Feature","properties":{"name":null,"cls":"secondary","km":10.4},"geometry":{"type":"LineString","coordinates":[[115.00032576900004,1.4344715833998263],[115.00172361000013,1.4429299873904429],[114.9986810590001,1.4501456593824007],[114.99200986000005,1.4558286243760883],[114.98545591000004,1.4563225533755888],[114.98461427400002,1.4619308873693475],[114.97736896100001,1.4694614103609847],[114.97521158100005,1.479212891350184],[114.97000025400006,1.4795809183497544],[114.96447038600002,1.4865801253419664],[114.96449875000009,1.4961843303313442]]}},{"type":"Feature","properties":{"name":null,"cls":"secondary","km":10.39},"geometry":{"type":"LineString","coordinates":[[115.18057340500002,-0.028800806967702416],[115.18650103600011,-0.027656395968982655],[115.1851554530001,-0.020159397977418784],[115.196819504,-0.012656249985794543],[115.20032244100003,-0.012581240985885022],[115.20337816100005,-0.017383378980532452],[115.20267013700004,-0.01531996298286211],[115.21295542000007,-0.013631796984711786],[115.2141478630001,-0.019784552977872294],[115.22864398100002,-0.036873724958728614]]}},{"type":"Feature","properties":{"name":null,"cls":"secondary","km":10.36},"geometry":{"type":"LineString","coordinates":[[115.0112476920001,1.4363425603977766],[115.00053104300001,1.4329441384015833],[114.99523247800003,1.4389134563949084],[114.98710776500002,1.434941957399334],[114.9802823110001,1.4441515793890531],[114.9779338090001,1.4428066593905704],[114.96942481400004,1.4481549333846593],[114.9680343880001,1.4571367933746757],[114.95563679500005,1.4754555013543411]]}},{"type":"Feature","properties":{"name":null,"cls":"secondary","km":10.34},"geometry":{"type":"LineString","coordinates":[[114.25567110500003,0.5597338613743902],[114.26485159000003,0.6163935503111527],[114.2556000720001,0.6294946582965005],[114.24161622200006,0.6404206882843059]]}},{"type":"Feature","properties":{"name":null,"cls":"secondary","km":10.32},"geometry":{"type":"LineString","coordinates":[[116.6600539410001,4.785819272944335e-14],[116.64821524800004,0.012716522985852732],[116.63111040700005,0.017192235980809635],[116.61528056600002,0.01751195498044041],[116.60708013900012,0.012780960985733074],[116.60029136300012,0.018849506978944858],[116.5918575600001,0.01701188198100049],[116.58982584600005,0.013046892985433026],[116.58273327500001,0.016408382981705716]]}},{"type":"Feature","properties":{"name":null,"cls":"secondary","km":10.28},"geometry":{"type":"LineString","coordinates":[[115.03758030000006,0.7122415352040914],[115.03318093900009,0.7076967152091921],[115.03069264900013,0.6773110872431516],[115.04956879600003,0.6466154172774039],[115.0671459560001,0.6420925562824665]]}},{"type":"Feature","properties":{"name":"Bakalang","cls":"secondary","km":10.23},"geometry":{"type":"LineString","coordinates":[[115.6893771760001,-0.06350400092895572],[115.67965249000008,-0.06982251692190511],[115.67184173200009,-0.06803062892390371],[115.6748072470001,-0.0876395399019436],[115.67203870200002,-0.09201907389703633],[115.65503260600008,-0.10127531688670269],[115.64979144200005,-0.12401911586131023]]}},{"type":"Feature","properties":{"name":null,"cls":"secondary","km":10.19},"geometry":{"type":"LineString","coordinates":[[115.63385460200006,-0.7854904171222669],[115.63030681600003,-0.7866752251209873],[115.630175634,-0.7919143361151417],[115.62173793400007,-0.7967909141097044],[115.62180859300008,-0.802350714103471],[115.6018160860001,-0.8107498870941119],[115.60784830800003,-0.8134236620911457],[115.61227314200005,-0.8219615620816124],[115.6196266500001,-0.8226678910808177],[115.6204768340001,-0.8351013490669414]]}},{"type":"Feature","properties":{"name":"Encikut","cls":"secondary","km":10.1},"geometry":{"type":"LineString","coordinates":[[115.59503986900006,-0.16230261481845437],[115.60382767300008,-0.1589212048222938],[115.61827979100008,-0.16145256181946893],[115.62990536000008,-0.148421839834019],[115.64442039100004,-0.15240813082958496],[115.65214956700004,-0.14873951783363326],[115.66936674400004,-0.15278926282909988],[115.67470803700007,-0.1512080708308682]]}},{"type":"Feature","properties":{"name":null,"cls":"secondary","km":10.05},"geometry":{"type":"LineString","coordinates":[[116.45055738600003,-0.896706830998233],[116.43473040000002,-0.9229848369689142],[116.41232361200002,-0.9319642739588879],[116.4033995200001,-0.9316442149592742],[116.3964357530001,-0.9414543129483303],[116.38567641300006,-0.9399552469500041]]}},{"type":"Feature","properties":{"name":null,"cls":"secondary","km":9.95},"geometry":{"type":"LineString","coordinates":[[114.63798917700001,1.2520051326026174],[114.64052382000013,1.2769987495748591],[114.64912765200008,1.2822361015690344],[114.65970706500003,1.2829916355681787],[114.66647890000002,1.2881459855624522],[114.68053402500004,1.31867731052846]]}},{"type":"Feature","properties":{"name":"Tahap","cls":"secondary","km":9.89},"geometry":{"type":"LineString","coordinates":[[115.51036311000007,-0.053035004940644885],[115.51522119400012,-0.06206029793057897],[115.50646782500007,-0.0831575269069897],[115.51628687500012,-0.09339290689552714],[115.51772587700009,-0.10471057288286417],[115.50367332600003,-0.11029965687659632],[115.4921574330001,-0.10919492787786174]]}},{"type":"Feature","properties":{"name":"Gohaaq","cls":"secondary","km":9.88},"geometry":{"type":"LineString","coordinates":[[115.5544991170001,-0.19680915977988886],[115.56449007900005,-0.19402667578303834],[115.57730961200002,-0.17935182979941644],[115.59748068800003,-0.16720768881298892],[115.60332453700005,-0.16546848381494375],[115.62632190300008,-0.17489579280440556]]}},{"type":"Feature","properties":{"name":null,"cls":"secondary","km":9.87},"geometry":{"type":"LineString","coordinates":[[114.6248572500001,1.2583268545956094],[114.60892560800005,1.2680499135848082],[114.60063249800011,1.26878193558393],[114.58233408900003,1.2637681535895329],[114.57959104600002,1.2570444875970215],[114.57132197600004,1.2510855096036493],[114.56613363500003,1.240737051615144],[114.5601722790001,1.236106101620299]]}},{"type":"Feature","properties":{"name":null,"cls":"secondary","km":9.87},"geometry":{"type":"LineString","coordinates":[[115.0895025320001,1.1591611457059168],[115.0848046640001,1.1608342307040906],[115.07956932000003,1.1691317696947932],[115.05263653500005,1.178414176684476],[115.04662340100003,1.174135060689263],[115.04328488800003,1.1762747486869052],[115.03930139400006,1.1713353156923643],[115.02996255100005,1.1715443736921625]]}},{"type":"Feature","properties":{"name":"Betong ilir","cls":"secondary","km":9.85},"geometry":{"type":"LineString","coordinates":[[117.01658881100002,0.8858419840104722],[117.02032269000007,0.8815570730152079],[117.0195621900001,0.8707394440272596],[117.03377207500013,0.8490085730515207],[117.02942415200005,0.8057948590997493]]}},{"type":"Feature","properties":{"name":null,"cls":"secondary","km":9.84},"geometry":{"type":"LineString","coordinates":[[114.25340282400009,0.7056344912114939],[114.2694138600001,0.7099643502066719],[114.27745925900001,0.715888867200059],[114.28282630400008,0.7237268701913214],[114.28059507500006,0.7376999801757426],[114.29352556200001,0.7512046641606204],[114.30602741200005,0.7516858281601031],[114.30891430200006,0.7564749771547447]]}},{"type":"Feature","properties":{"name":null,"cls":"secondary","km":9.79},"geometry":{"type":"LineString","coordinates":[[114.82996761900006,1.2425609426131357],[114.81852550300005,1.2449003696105188],[114.81509342900006,1.2369958176193203],[114.79667955700006,1.2322661726246094],[114.79229652000004,1.2397781016162157],[114.77814023600001,1.2446529436107936],[114.7708276070001,1.2613463275922367]]}},{"type":"Feature","properties":{"name":"Lebang","cls":"secondary","km":9.76},"geometry":{"type":"LineString","coordinates":[[115.75388504600005,-0.14608849583660014],[115.75915090200012,-0.1622372658185608],[115.74693044400009,-0.17305775280648233],[115.73900876000005,-0.19430097178268985],[115.72124387900011,-0.20819624376720464],[115.72395876200004,-0.21548650175901962]]}},{"type":"Feature","properties":{"name":"Mentum","cls":"secondary","km":9.76},"geometry":{"type":"LineString","coordinates":[[115.50449486900006,-0.1292427688554924],[115.51607974500008,-0.123860694861466],[115.51731409200012,-0.1148204838715735],[115.51395546300012,-0.1105417088763563],[115.53369777000013,-0.10101927788701874],[115.55858072700003,-0.10661029488072117],[115.56824630200002,-0.1039883178836797]]}},{"type":"Feature","properties":{"name":"Ping","cls":"secondary","km":9.71},"geometry":{"type":"LineString","coordinates":[[116.5044934440001,0.9719964399143758],[116.50652713400007,0.9695468369171165],[116.5246305600001,0.9728035139134966],[116.52765871700001,0.9681940009186797],[116.5342056200001,0.9688118549179305],[116.53901539600008,0.9656436379214914],[116.54221395000003,0.9675128209194193],[116.54804826900012,0.9612762419263352],[116.55950658200004,0.9586460469292499],[116.56725060200006,0.9500365999388583]]}},{"type":"Feature","properties":{"name":"Temedon","cls":"secondary","km":9.71},"geometry":{"type":"LineString","coordinates":[[115.08100046800007,0.9918069638922996],[115.05434178600001,0.9701942219163878],[115.05484621500013,0.9581705529298248],[115.04970844099999,0.9459018169434673],[115.04449760900003,0.9469469199423449],[115.03749542900005,0.956824562931292],[115.03019954200009,0.9595901909282201]]}},{"type":"Feature","properties":{"name":null,"cls":"secondary","km":9.69},"geometry":{"type":"LineString","coordinates":[[116.43313482200007,1.2759717595759774],[116.44465604800007,1.2708629085816419],[116.44510883700002,1.2627932545906262],[116.46531465600005,1.2752668855767557],[116.47756477200005,1.278060492573625],[116.49184534900007,1.2882330695623132],[116.5023805300001,1.2909115315593465]]}},{"type":"Feature","properties":{"name":null,"cls":"secondary","km":9.69},"geometry":{"type":"LineString","coordinates":[[114.92635152100002,1.2493200296055942],[114.92849642800003,1.2585738435953036],[114.92520139600003,1.2619955375914922],[114.92379632400002,1.2741265535780457],[114.91798892700002,1.277981595573737],[114.91490754900009,1.2868253275639145],[114.90656575000001,1.2922705205578267],[114.90577801600013,1.2984329045510064],[114.89288316400007,1.3144719675331893]]}},{"type":"Feature","properties":{"name":null,"cls":"secondary","km":9.68},"geometry":{"type":"LineString","coordinates":[[115.15171912200003,1.4912511673368252],[115.14829910800006,1.495868161331714],[115.15177148800001,1.5039349593227134],[115.1538775580001,1.5031723653235736],[115.15335163100008,1.5078533743183964],[115.16182804400012,1.518635201306399],[115.1634453260001,1.5272935372968062],[115.17599531700012,1.536013263287154],[115.17957872900003,1.5485138812732813]]}},{"type":"Feature","properties":{"name":null,"cls":"secondary","km":9.65},"geometry":{"type":"LineString","coordinates":[[116.38321879600005,-0.37197337058411967],[116.37788555600004,-0.3814568525735528],[116.36701251400005,-0.3813718545735724],[116.35055496500003,-0.4028443165496358],[116.34923468400008,-0.438721400509518]]}},{"type":"Feature","properties":{"name":null,"cls":"secondary","km":9.6},"geometry":{"type":"LineString","coordinates":[[116.1527742500001,0.36064732659684],[116.14985587000001,0.36771381158895106],[116.1566501120001,0.38852317956571536],[116.14955517700002,0.3973248465558654],[116.14845712500005,0.4095782705421557],[116.13938282800007,0.4320771535170716]]}},{"type":"Feature","properties":{"name":null,"cls":"secondary","km":9.57},"geometry":{"type":"LineString","coordinates":[[115.4729391210001,-0.3002599236642177],[115.45946789900006,-0.30220871766210056],[115.43873962200009,-0.2931530356722335],[115.42577150800001,-0.2962005196687953],[115.41611220200002,-0.326882693634483]]}},{"type":"Feature","properties":{"name":null,"cls":"secondary","km":9.55},"geometry":{"type":"LineString","coordinates":[[116.3767939830001,-0.8584520900408618],[116.38719969700004,-0.8624216990364846],[116.40286274200002,-0.8565516710430497],[116.40218108300007,-0.8462349520545428],[116.41358641900001,-0.8436972260573444],[116.41689880900005,-0.8351005270669392],[116.41432436000002,-0.8292805010734233],[116.42016028700006,-0.81491742008946]]}},{"type":"Feature","properties":{"name":"Baruangen","cls":"secondary","km":9.5},"geometry":{"type":"LineString","coordinates":[[116.38919290800004,-0.02752055896913934],[116.40366968300009,-0.04325038595156929],[116.40684737200003,-0.06115745593156942],[116.3951068140001,-0.07333231191794128],[116.39201703700007,-0.08688471090276505],[116.3939588410001,-0.09950406888870762]]}},{"type":"Feature","properties":{"name":null,"cls":"secondary","km":9.44},"geometry":{"type":"LineString","coordinates":[[116.82259379200003,0.6658591642558805],[116.81879573700007,0.6731906792477297],[116.81224543600001,0.6708037162503968],[116.80561825000005,0.6745227412462079],[116.7986450530001,0.6703953322508523],[116.7937451260001,0.6760218192445935],[116.78944236300003,0.6728877872480462],[116.78443778100007,0.6760899372445003],[116.76887839200003,0.6681434632533361]]}},{"type":"Feature","properties":{"name":null,"cls":"secondary","km":9.41},"geometry":{"type":"LineString","coordinates":[[116.18216489600002,1.6175297461967713],[116.1711097000001,1.6177617271964897],[116.16372589800004,1.6223731101913943],[116.14415942800008,1.6262798971870727],[116.13951001900013,1.6301848551827336],[116.13439653900004,1.6472023781639122],[116.1183529000001,1.6574763421524992]]}},{"type":"Feature","properties":{"name":null,"cls":"secondary","km":9.38},"geometry":{"type":"LineString","coordinates":[[116.35471643900007,-0.39711639555602374],[116.35027308800012,-0.3977291285553293],[116.33672221400002,-0.41532321453565246],[116.31804358000011,-0.42829889152117384],[116.31211592400007,-0.4259302455237944],[116.30397788000006,-0.41465730953640945],[116.29202802900012,-0.41565084653526635]]}},{"type":"Feature","properties":{"name":null,"cls":"secondary","km":9.35},"geometry":{"type":"LineString","coordinates":[[115.9722613240001,0.5853208753458402],[115.95344492300002,0.569981297362984],[115.93986864700004,0.5993763873301451],[115.92119667400006,0.6002603213291701]]}},{"type":"Feature","properties":{"name":null,"cls":"secondary","km":9.32},"geometry":{"type":"LineString","coordinates":[[114.18131795400006,1.3538839934893407],[114.19284448700012,1.3527595744905854],[114.1962488580001,1.3457956814983438],[114.1955910160001,1.3536237934896267],[114.1999043510001,1.3579760414848114],[114.20270468500007,1.3556425214873655],[114.20296850800003,1.3603976724821523],[114.21862960400006,1.364782145477205],[114.23400067300008,1.360353619482177]]}},{"type":"Feature","properties":{"name":"Bewane","cls":"secondary","km":9.31},"geometry":{"type":"LineString","coordinates":[[114.20211654000002,1.1024060927691337],[114.19285283400006,1.1215529147477645],[114.19824197700007,1.130177641738165],[114.19263323300004,1.1346002477332953],[114.19424059300002,1.1401876357270473],[114.1854471360001,1.1491035327171129],[114.18393425400006,1.1554541337100537],[114.169718966,1.1593970707056669]]}},{"type":"Feature","properties":{"name":null,"cls":"secondary","km":9.23},"geometry":{"type":"LineString","coordinates":[[114.43850685600013,1.0051460048774812],[114.45258232800006,0.9832660109018658],[114.46576263700001,0.9812407489040633],[114.48179303500001,0.9696164849170661],[114.49700724700006,0.9655837349215372],[114.50205235200008,0.9610972359265327]]}},{"type":"Feature","properties":{"name":null,"cls":"secondary","km":9.22},"geometry":{"type":"LineString","coordinates":[[115.08065563700005,1.0954123697768914],[115.0649254210001,1.1027540267687388],[115.04925640900002,1.0971826867748913],[115.03936144400008,1.1008181477708245],[115.03012926100008,1.0976723437743559],[115.01280673500003,1.1087759267620365]]}},{"type":"Feature","properties":{"name":null,"cls":"secondary","km":9.21},"geometry":{"type":"LineString","coordinates":[[116.04442265700004,0.8877784900083175],[116.05870827800004,0.8762019190211718],[116.05802485100003,0.8678292140305398],[116.06128332600008,0.8651212670335632],[116.05983450000008,0.8521000540480815],[116.0639548480001,0.8485144230520684],[116.07047877800005,0.8490934430514215],[116.07806665700002,0.8305861350720307]]}},{"type":"Feature","properties":{"name":null,"cls":"secondary","km":9.18},"geometry":{"type":"LineString","coordinates":[[116.76531325700012,0.2521090097181667],[116.75958592200003,0.2855548076807723],[116.75471689000005,0.2885723876773914],[116.74713522800006,0.312821774650287],[116.73716646800005,0.32255611363945186]]}},{"type":"Feature","properties":{"name":"Borang","cls":"secondary","km":9.09},"geometry":{"type":"LineString","coordinates":[[115.84654515200008,-0.2515329407187092],[115.84165396800006,-0.2525043757176203],[115.842391215,-0.2560756477136537],[115.83800083200003,-0.2574011887121901],[115.83466369100007,-0.2633410907055266],[115.817489808,-0.25526012171456597],[115.8068487160001,-0.24645498372443916],[115.78844560200002,-0.24003587273155116]]}},{"type":"Feature","properties":{"name":"Abid","cls":"secondary","km":9.06},"geometry":{"type":"LineString","coordinates":[[116.0201147590001,-0.1684447078115744],[116.0084310860001,-0.16300612081773302],[116.00197303900006,-0.15476016282690438],[116.00168059900011,-0.12848642185630052],[115.99768829400013,-0.12396446986137488],[116.00068290700005,-0.11693067486919312],[115.99164159500003,-0.10312855688462258]]}},{"type":"Feature","properties":{"name":"Metuhe","cls":"secondary","km":8.99},"geometry":{"type":"LineString","coordinates":[[114.9336506960001,1.13657131773106],[114.94344346199999,1.1446711387221022],[114.94557604300007,1.1594760547055976],[114.9537895100001,1.163784311700794],[114.96052711400012,1.1733141916902003],[114.97240681900007,1.173302660690149],[114.97605613600001,1.161434491703412]]}},{"type":"Feature","properties":{"name":null,"cls":"secondary","km":8.97},"geometry":{"type":"LineString","coordinates":[[114.88669878200005,1.0493969178281646],[114.8834787200001,1.0458936458320938],[114.88377571100011,1.0385710568402085],[114.87905858300007,1.0340124918452662],[114.87068687500005,1.030827260848868],[114.85378431100004,1.034251508845038],[114.84401182700003,1.0234372138570682],[114.82879777900006,1.0210849318596882]]}},{"type":"Feature","properties":{"name":"Ancalong","cls":"secondary","km":8.92},"geometry":{"type":"LineString","coordinates":[[116.70215552400009,0.43151850151768817],[116.70667864000005,0.4261333205236911],[116.70705253500013,0.42251489852769253],[116.70304366700009,0.4198614595306878],[116.70549535200007,0.4163991205345619],[116.7238161890001,0.41160213853990063],[116.72935917500003,0.39985070955306934],[116.74577141300004,0.39946736055349247],[116.75063347800007,0.39458814155892474]]}},{"type":"Feature","properties":{"name":"Liangei","cls":"secondary","km":8.85},"geometry":{"type":"LineString","coordinates":[[114.23026545600011,0.6038445383251301],[114.21959144000006,0.606443755322239],[114.20325345300012,0.6006261813287362],[114.19435336400011,0.6017359263275112],[114.16595100000006,0.5903829993401836],[114.15563583300002,0.5948593523351968]]}},{"type":"Feature","properties":{"name":null,"cls":"secondary","km":8.73},"geometry":{"type":"LineString","coordinates":[[117.3098644370001,-0.5667573593664487],[117.28965183300012,-0.5713803093612836],[117.28227050700004,-0.5596862983743744],[117.28342603800002,-0.565565737367839],[117.27566025800003,-0.5668583103663856],[117.27405550700007,-0.5617542063721055],[117.261283348,-0.5564567793779956],[117.26115463600001,-0.5484128453869493]]}},{"type":"Feature","properties":{"name":"Butuq","cls":"secondary","km":8.72},"geometry":{"type":"LineString","coordinates":[[115.91150394600004,-0.043595497951216394],[115.90218835100008,-0.03545433096028314],[115.90982215000007,-0.02542464497147577],[115.9043880050001,-0.02360100597357123],[115.89649551800005,-0.027769142968900918],[115.89584867600001,-0.017088126980856867],[115.88821503600002,-0.013050149985361132],[115.87872425600005,4.785819272944334e-14]]}},{"type":"Feature","properties":{"name":null,"cls":"secondary","km":8.71},"geometry":{"type":"LineString","coordinates":[[116.63563025300004,0.648607391275139],[116.6244668170001,0.6470695462769],[116.61116085100002,0.638759450286174],[116.59929488800003,0.6391362952857715],[116.58919171200013,0.6341345792913182],[116.56634601400005,0.635254412290087]]}},{"type":"Feature","properties":{"name":null,"cls":"secondary","km":8.67},"geometry":{"type":"LineString","coordinates":[[116.68824708700004,0.48122632846211455],[116.6929279310001,0.48034045646311074],[116.69816516300011,0.49504630544668926],[116.69764243500005,0.5080336544321509],[116.70080575400004,0.5106883274292144],[116.69008410500011,0.5162775564229388],[116.69023568400007,0.528476196409336],[116.68535231800001,0.5342517024028784],[116.68789380600005,0.5365954934002386]]}},{"type":"Feature","properties":{"name":"Buluh","cls":"secondary","km":8.66},"geometry":{"type":"LineString","coordinates":[[117.42989264925342,-0.5135834706031791],[117.42231339700005,-0.502603496438121],[117.41734219100009,-0.5035506294370633],[117.41384924300009,-0.5095022454304168],[117.4084745670001,-0.5043627494361538],[117.40605663200006,-0.5127489624268451],[117.39884350900002,-0.5172510124217888],[117.39446112700011,-0.5345982834024198],[117.38811268800009,-0.5355116904013993]]}},{"type":"Feature","properties":{"name":null,"cls":"secondary","km":8.55},"geometry":{"type":"LineString","coordinates":[[116.45583821100003,-0.18861189878905257],[116.44838224000013,-0.17227214480736625],[116.42631172900008,-0.15297941882889934],[116.42049572300003,-0.15312939382873986],[116.40901332900012,-0.13513821684884642]]}},{"type":"Feature","properties":{"name":"Belauk","cls":"secondary","km":8.41},"geometry":{"type":"LineString","coordinates":[[115.98203579000005,-0.02337546897385066],[115.98478342400007,-0.028160250968469566],[116.00112093300002,-0.03324422796276219],[116.01411666600006,-0.04292611395194182],[116.03297924700007,-0.046664505947805746],[116.03528130300005,-0.05242129394132616],[116.04419285000006,-0.05081402094313444]]}},{"type":"Feature","properties":{"name":null,"cls":"secondary","km":8.4},"geometry":{"type":"LineString","coordinates":[[115.10190090700007,1.4073069424299687],[115.10384460800002,1.4047092734329318],[115.1191233500001,1.4075506674297218],[115.13993542900005,1.4055476704319732],[115.14161848000002,1.4008588444371641],[115.15144164600008,1.3948774124438459],[115.15708775600001,1.3803167684599895]]}},{"type":"Feature","properties":{"name":"Langka","cls":"secondary","km":8.37},"geometry":{"type":"LineString","coordinates":[[115.94354333200012,-0.3723497125836531],[115.94369438000001,-0.37595248257962194],[115.93706669300003,-0.3796497275755229],[115.92900174600005,-0.3686689625877703],[115.91737455500004,-0.3784654235768668],[115.90908082100009,-0.38078993657427695],[115.89385844600008,-0.3716764115844234]]}},{"type":"Feature","properties":{"name":"Karangmumus","cls":"secondary","km":8.3},"geometry":{"type":"LineString","coordinates":[[117.15415829300002,-0.506938311433286],[117.15876966200005,-0.5034329924371695],[117.15925854200009,-0.49457031544714647],[117.152131671,-0.49049084345169675],[117.1490570090001,-0.47364480847051077],[117.16883014000007,-0.46850963547623914],[117.1722820010001,-0.45868820348720224]]}},{"type":"Feature","properties":{"name":null,"cls":"secondary","km":8.29},"geometry":{"type":"LineString","coordinates":[[116.36734910500002,-0.027042384969739278],[116.37712109900008,-0.030130409966303583],[116.39310728400005,-0.0465859549478371],[116.39348996500007,-0.06793227492401878],[116.3872196960001,-0.08120737190911587]]}},{"type":"Feature","properties":{"name":null,"cls":"secondary","km":8.25},"geometry":{"type":"LineString","coordinates":[[116.46735942600003,0.624534298302045],[116.46400987200002,0.6126745073152842],[116.46602402900011,0.6083877303200713],[116.4620173300001,0.60218204932704],[116.44545900000004,0.6037886683252045],[116.44209558600005,0.598489639331112],[116.42887926400012,0.596639519333216],[116.42200088900005,0.5911854343392856]]}},{"type":"Feature","properties":{"name":"Meluay","cls":"secondary","km":8.23},"geometry":{"type":"LineString","coordinates":[[117.05394895300005,1.3272941785188623],[117.04466689800007,1.319710282527344],[117.03291179500003,1.3154341895320798],[117.02502731800008,1.301505345547567],[116.99338523200004,1.3082336785401183]]}},{"type":"Feature","properties":{"name":null,"cls":"secondary","km":8.22},"geometry":{"type":"LineString","coordinates":[[114.89683739800013,1.1993524916611908],[114.91003723400001,1.1819099276805802],[114.90438795800004,1.1582178127069942],[114.89534031000007,1.1464836907200733],[114.89815197700011,1.1410597677260572]]}},{"type":"Feature","properties":{"name":"Batu","cls":"secondary","km":8.12},"geometry":{"type":"LineString","coordinates":[[114.96836320500007,-0.1536106908281864],[114.96708099600004,-0.1499717638322441],[114.9572485120001,-0.14597991883674272],[114.9520026770001,-0.1354739558484729],[114.96051465100005,-0.12845142285630537],[114.96416865700007,-0.11931559486650838],[114.9586898770001,-0.10207986188576104]]}},{"type":"Feature","properties":{"name":null,"cls":"secondary","km":8.1},"geometry":{"type":"LineString","coordinates":[[115.87016692400006,-0.22649185774673755],[115.8701733360001,-0.24465697072641207],[115.86561294600006,-0.2514913157187586],[115.87736667100013,-0.2568989417127305],[115.87827820500002,-0.2617955687072554],[115.88172346600005,-0.2611838097079489],[115.88212813600002,-0.26842666269984944],[115.88851214600004,-0.2658769557026782],[115.8906861910001,-0.2708830146970757]]}},{"type":"Feature","properties":{"name":null,"cls":"secondary","km":8.09},"geometry":{"type":"LineString","coordinates":[[116.22951594000004,1.4469054433859947],[116.22328743100002,1.4520387443803144],[116.2222420910001,1.4678684003627342],[116.21435061800001,1.4805144203487097],[116.20751184500013,1.480863637348352],[116.20523389100003,1.4868510943417175],[116.19080184000008,1.4996483983275068]]}},{"type":"Feature","properties":{"name":"Selanakan","cls":"secondary","km":7.98},"geometry":{"type":"LineString","coordinates":[[116.99201503500002,-0.41710991253364826],[116.99034902900007,-0.41482101153619955],[116.98219901700008,-0.4159646855349237],[116.9765680710001,-0.4258600585238957],[116.96184862400003,-0.4293905135199707],[116.95769949200007,-0.4346365375140849],[116.96258947900004,-0.4405539045074881],[116.97202376900009,-0.4391616305090048],[116.97873323600004,-0.4443253075032884]]}},{"type":"Feature","properties":{"name":null,"cls":"secondary","km":7.88},"geometry":{"type":"LineString","coordinates":[[116.42507759600005,0.8835212250129845],[116.42072112400001,0.8847601600116206],[116.4095285300001,0.8785956680185333],[116.40673572200001,0.8838618620126774],[116.40147844400006,0.8861389600100862],[116.39794804200005,0.8830226140136103],[116.39885563000006,0.886553612009635],[116.39522105600007,0.8893181110065893],[116.38421598200011,0.8913519650043032]]}},{"type":"Feature","properties":{"name":"Blaban","cls":"secondary","km":7.87},"geometry":{"type":"LineString","coordinates":[[115.08459384100001,1.0232660978572763],[115.09206577300006,1.0229389448576447],[115.09616318700012,1.031082650848576],[115.09861988600005,1.0286093098512927],[115.10405473200002,1.0322244138472711],[115.11538400800009,1.031246130848361],[115.11582120300011,1.0337521568455421],[115.13310635000005,1.0248343778555047]]}},{"type":"Feature","properties":{"name":null,"cls":"secondary","km":7.86},"geometry":{"type":"LineString","coordinates":[[114.95169912100006,1.3787709864617008],[114.932483498,1.3741771174667787],[114.91767487300001,1.3792342684611614],[114.91274923100003,1.3742250714667383],[114.8887313900001,1.3688576814726907]]}},{"type":"Feature","properties":{"name":null,"cls":"secondary","km":7.79},"geometry":{"type":"LineString","coordinates":[[115.07501930800005,1.4809016163483135],[115.07481324800005,1.4914181233366466],[115.0716894090001,1.4953281953322666],[115.08083697500003,1.5084380483177497],[115.08523946900003,1.5099378383160271],[115.09023370800001,1.5211023763036804],[115.08489027300006,1.5374959142855051]]}},{"type":"Feature","properties":{"name":null,"cls":"secondary","km":7.77},"geometry":{"type":"LineString","coordinates":[[114.52110389800009,1.2367528146195736],[114.51348363600005,1.2557373175984579],[114.47719727900005,1.2829744135681986]]}},{"type":"Feature","properties":{"name":null,"cls":"secondary","km":7.76},"geometry":{"type":"LineString","coordinates":[[114.69192380400011,1.5489393642728513],[114.6758607590001,1.573957175245066],[114.67897853500006,1.5977872512186293],[114.68684783900007,1.608120792207203]]}},{"type":"Feature","properties":{"name":null,"cls":"secondary","km":7.75},"geometry":{"type":"LineString","coordinates":[[115.35399682000002,1.1710976886926605],[115.35251337400007,1.1780480136849],[115.34257344600007,1.1849511576772145],[115.33969128100013,1.1996079546608813],[115.33129485100005,1.1977112736630364],[115.32537467200007,1.2017887156585003],[115.32533685900012,1.206657035653068],[115.31762337800001,1.2079977006515792]]}},{"type":"Feature","properties":{"name":"Mandat","cls":"secondary","km":7.75},"geometry":{"type":"LineString","coordinates":[[115.72892615400006,-0.3702281205860913],[115.7379668640001,-0.36282863759430833],[115.74234532300012,-0.350712129607905],[115.73419216000003,-0.3440564356153524],[115.71836715900008,-0.31787372164452954]]}},{"type":"Feature","properties":{"name":null,"cls":"secondary","km":7.74},"geometry":{"type":"LineString","coordinates":[[114.36514436900006,1.40360171043414],[114.37101284800008,1.4107656734261567],[114.37963032300001,1.409282305427834],[114.3864259070001,1.4130023624236596],[114.39554145400007,1.4047653574328234],[114.39889417000006,1.4116799964251585],[114.41197224100006,1.416048225420288]]}},{"type":"Feature","properties":{"name":null,"cls":"secondary","km":7.73},"geometry":{"type":"LineString","coordinates":[[114.82828694500007,1.2586651895951908],[114.83393424200005,1.2603419645933573],[114.8364477680001,1.2661740185868546],[114.83946472200012,1.2818840265693523],[114.83751946100004,1.295273045554491],[114.8419090740001,1.3073413945410846],[114.8509965180001,1.3123196555355643]]}},{"type":"Feature","properties":{"name":null,"cls":"secondary","km":7.72},"geometry":{"type":"LineString","coordinates":[[115.37494219100007,1.4388508863949507],[115.36996235200003,1.435631561398556],[115.36452908400007,1.4422628763911873],[115.36222012200005,1.4388050873950085],[115.35954987300009,1.4425822813908427],[115.35392624900011,1.4394730033942424],[115.34792535100007,1.4442270403889859],[115.34512325100002,1.442246954391201],[115.3424202000001,1.4460962683869203],[115.34082291100003,1.444378682388866]]}},{"type":"Feature","properties":{"name":null,"cls":"secondary","km":7.64},"geometry":{"type":"LineString","coordinates":[[114.76379926000004,1.1696715136942284],[114.7621016710001,1.1765476546865234],[114.74574156500012,1.1876729896741829],[114.7450158690001,1.2099273336494258],[114.73978852900007,1.2139937886449474],[114.73896470900003,1.2223364076355983]]}},{"type":"Feature","properties":{"name":null,"cls":"secondary","km":7.63},"geometry":{"type":"LineString","coordinates":[[115.29395867500011,-0.289486056676313],[115.29219572900001,-0.2853668146809431],[115.27898116300004,-0.28328168668324183],[115.2784646,-0.27820394468893755],[115.28366183700007,-0.27362414369404203],[115.2844152790001,-0.2665344367019809],[115.2713429690001,-0.25624710771346365],[115.26579490900008,-0.24729835972347036]]}},{"type":"Feature","properties":{"name":null,"cls":"secondary","km":7.61},"geometry":{"type":"LineString","coordinates":[[114.5842539790001,1.2167838376418076],[114.59944146300006,1.2251318436324818],[114.60786230000008,1.2404952286153919],[114.61872811200011,1.2435915856119404],[114.62501340600012,1.242069478613669],[114.63786467700004,1.2495131136054018]]}},{"type":"Feature","properties":{"name":null,"cls":"secondary","km":7.61},"geometry":{"type":"LineString","coordinates":[[115.63126670800013,-0.05713364693605692],[115.64278413700002,-0.0469322919475035],[115.63939258000005,-0.027385943969334966],[115.63623463300007,-0.028857764967679174],[115.63354433000005,-0.04345853195130741],[115.62570065600003,-0.05425165093929726]]}},{"type":"Feature","properties":{"name":null,"cls":"secondary","km":7.58},"geometry":{"type":"LineString","coordinates":[[114.09425270100007,1.0361348838429068],[114.09889252900007,1.0349394678442412],[114.10539888500011,1.0215289418591869],[114.10317528700011,1.012830082868857],[114.10514194500001,1.0072336258751478],[114.10106205500006,1.0018481218811301],[114.10517022600004,0.9787587559068488]]}},{"type":"Feature","properties":{"name":null,"cls":"secondary","km":7.49},"geometry":{"type":"LineString","coordinates":[[115.124759078,1.5049823853215643],[115.12753588500004,1.5183761893067267],[115.12370708200001,1.5331407882903605],[115.10405907500001,1.5395938252831693],[115.10025217500004,1.5456613302764597],[115.10162219000007,1.5484734602733359]]}},{"type":"Feature","properties":{"name":null,"cls":"secondary","km":7.49},"geometry":{"type":"LineString","coordinates":[[114.51204995,1.2355473066209124],[114.50221417800005,1.2427342036129],[114.48854546000007,1.2614352505921649],[114.4775074480001,1.268220882584618],[114.47558419100005,1.279058206572521],[114.47136261500009,1.2821017535691426]]}},{"type":"Feature","properties":{"name":"Banangaq","cls":"secondary","km":7.47},"geometry":{"type":"LineString","coordinates":[[115.72252964000008,-0.11923193786662739],[115.72944165100012,-0.12489423786033015],[115.73572556200008,-0.1247680178604581],[115.73911906100011,-0.12084590286488002],[115.74068964000001,-0.12929153385541192],[115.75476504200003,-0.1416285068416173],[115.7624315390001,-0.14067997384267875],[115.7644982500001,-0.1341601368500053]]}},{"type":"Feature","properties":{"name":"Tipan","cls":"secondary","km":7.45},"geometry":{"type":"LineString","coordinates":[[115.21832774400002,0.6783598112419702],[115.22120035400008,0.6806289882394326],[115.22421518400006,0.67782227824255],[115.22472576200005,0.6939550542245502],[115.22898810900006,0.6942776872241677],[115.22719017700003,0.7079450132089589],[115.23154230400009,0.717301779198508],[115.22807288300008,0.7253423651895173]]}},{"type":"Feature","properties":{"name":null,"cls":"secondary","km":7.43},"geometry":{"type":"LineString","coordinates":[[114.69868528200004,1.5301741972936265],[114.69296877200009,1.5333816912900595],[114.69122086000006,1.5614044432589855],[114.69669548100002,1.5716498122476348],[114.69678497300004,1.5897236812276025]]}},{"type":"Feature","properties":{"name":null,"cls":"secondary","km":7.41},"geometry":{"type":"LineString","coordinates":[[116.41894965100006,1.0344193788448266],[116.42295350900008,1.0356417568434761],[116.42764150000006,1.0307256598489167],[116.44799793200002,1.0355783948435506],[116.45030398600011,1.0315846068479948],[116.45482485100003,1.0315265848480477],[116.45415611900013,1.026473791853669],[116.46845589800013,1.0295999458502172]]}},{"type":"Feature","properties":{"name":null,"cls":"secondary","km":7.38},"geometry":{"type":"LineString","coordinates":[[115.60189352300007,-0.8114536730933164],[115.59466944500004,-0.8110732100937382],[115.5856559770001,-0.8186940430852365],[115.58247165500006,-0.8171811470869247],[115.56794131500008,-0.8294133530732575],[115.55672850700012,-0.8326282320697267],[115.55170251100003,-0.8402111600612269]]}},{"type":"Feature","properties":{"name":"Jagan Kecil","cls":"secondary","km":7.33},"geometry":{"type":"LineString","coordinates":[[115.62632190300008,-0.17489579280440556],[115.6247504600001,-0.18204401579640883],[115.61878079600001,-0.18473208379341244],[115.58384397000009,-0.1858679687921646],[115.57221899400008,-0.19149700678584589]]}},{"type":"Feature","properties":{"name":null,"cls":"secondary","km":7.29},"geometry":{"type":"LineString","coordinates":[[115.43629186000008,-0.2513126997189924],[115.43693645500002,-0.24253875872879888],[115.4497034640001,-0.23170919274092105],[115.45163109300006,-0.22508144474828762],[115.45725175700012,-0.22051520775339795],[115.45604861400012,-0.208714055766595],[115.4483418330001,-0.19941799877697805]]}},{"type":"Feature","properties":{"name":null,"cls":"secondary","km":7.24},"geometry":{"type":"LineString","coordinates":[[114.51765063300002,1.123222051745937],[114.50811342700001,1.1300888757382705],[114.4911094590001,1.1264686367423433],[114.48244351400001,1.1278171917408362],[114.47967077400006,1.108402244762422]]}},{"type":"Feature","properties":{"name":null,"cls":"secondary","km":7.24},"geometry":{"type":"LineString","coordinates":[[116.36713979400008,0.5386506853979407],[116.37273863500003,0.5514084603837385],[116.37739829400005,0.5544898263802693],[116.37421529800008,0.5565770153779412],[116.375493268,0.560439477373623],[116.37163449100002,0.5682250283649783],[116.36169467400009,0.5767500023554009]]}},{"type":"Feature","properties":{"name":null,"cls":"secondary","km":7.15},"geometry":{"type":"LineString","coordinates":[[116.32814610400011,0.6143477943134512],[116.31160812600001,0.6209747173060272],[116.30580161500008,0.6141288983136615],[116.30784056500012,0.6123014873157441],[116.30569905200002,0.6092209683191239],[116.29553526400002,0.6092560693191359],[116.28464138400012,0.6039493963250547],[116.2848435740001,0.6014119343278702]]}},{"type":"Feature","properties":{"name":null,"cls":"secondary","km":7.13},"geometry":{"type":"LineString","coordinates":[[114.14262329200007,1.0556901568211619],[114.13697162300002,1.0682326618071716],[114.11498730800008,1.09620471277601],[114.11528648100011,1.108308702762494]]}},{"type":"Feature","properties":{"name":"Pari","cls":"secondary","km":7.12},"geometry":{"type":"LineString","coordinates":[[114.92648569000006,0.05047945294357876],[114.92996323200009,0.05842553793473687],[114.95119983900008,0.07993043991070002],[114.95455233000007,0.09359771189539887],[114.95979654000007,0.09439364189450217],[114.95836463700003,0.0958040698929304]]}},{"type":"Feature","properties":{"name":null,"cls":"secondary","km":7.12},"geometry":{"type":"LineString","coordinates":[[115.30400144100008,0.015705931982493235],[115.29616151400002,0.03391133896213494],[115.28331328700006,0.048308772945990744],[115.28175908700007,0.05738645393586187],[115.26962050500003,0.059992363932936464]]}},{"type":"Feature","properties":{"name":null,"cls":"secondary","km":7.11},"geometry":{"type":"LineString","coordinates":[[115.12983031600004,1.4832354523457143],[115.12347607100003,1.49895657432828],[115.12569535400007,1.50325830132349],[115.10813997700008,1.5346454802886418]]}},{"type":"Feature","properties":{"name":null,"cls":"secondary","km":7.1},"geometry":{"type":"LineString","coordinates":[[115.20399214800011,1.2446366866108494],[115.21865903700008,1.2528054816017127],[115.22762328600002,1.2516428056030338],[115.23679299800007,1.2558369805983514],[115.25052030000008,1.270722986581796],[115.24871289100008,1.275583727576408]]}},{"type":"Feature","properties":{"name":null,"cls":"secondary","km":7.08},"geometry":{"type":"LineString","coordinates":[[116.32452833800005,0.20906470576630293],[116.33371649900005,0.21458525776013],[116.34165575300005,0.22981552774311664],[116.35530385200003,0.24261878472878506],[116.35803483700012,0.25912763171032943]]}},{"type":"Feature","properties":{"name":null,"cls":"secondary","km":7.03},"geometry":{"type":"LineString","coordinates":[[114.60494742300013,1.2093480566500718],[114.61099152400004,1.2129749106460532],[114.63688357300009,1.2155050226432176],[114.63995916700001,1.2256405156319548],[114.64988186500013,1.2345063416220368]]}},{"type":"Feature","properties":{"name":"Nyuatan","cls":"secondary","km":7.03},"geometry":{"type":"LineString","coordinates":[[115.36792195600003,-0.10844447087868422],[115.38163141800011,-0.1015827278863262],[115.38436051100007,-0.09098736789824537],[115.39289310000004,-0.08398946190606729],[115.39544905600007,-0.06792182192402574],[115.40165804400011,-0.06327181292921356]]}},{"type":"Feature","properties":{"name":"Iman","cls":"secondary","km":7.02},"geometry":{"type":"LineString","coordinates":[[114.97976618800011,0.925009674966789],[114.99471208800003,0.9297880959614091],[114.99434779800004,0.9385945159516424],[115.00477388700006,0.943021945946663],[115.00397348600006,0.9525424629360796],[115.01130771000011,0.9603407689273875],[115.01126602000011,0.9651101539220771]]}},{"type":"Feature","properties":{"name":"Siran","cls":"secondary","km":7.02},"geometry":{"type":"LineString","coordinates":[[116.63978800000008,-0.12964195185495425],[116.6289542510001,-0.12003778886575264],[116.620173625,-0.11722875286888083],[116.61648102600009,-0.10136660588662363],[116.6088492560001,-0.1007882078872361],[116.59645797500002,-0.09368317689517498]]}},{"type":"Feature","properties":{"name":null,"cls":"secondary","km":6.98},"geometry":{"type":"LineString","coordinates":[[116.22765927900001,0.2718571766961341],[116.22116515000005,0.28160065468519385],[116.21402719700006,0.28466189668177255],[116.21066971399999,0.29315491967228824],[116.21184885900004,0.3008895226636295],[116.2072754400001,0.30057897766396946],[116.20545337100009,0.30870918065487624]]}},{"type":"Feature","properties":{"name":"Kedupan","cls":"secondary","km":6.98},"geometry":{"type":"LineString","coordinates":[[116.16964242800007,-0.35109249260743414],[116.1819451340001,-0.33162230462920633],[116.22011471600003,-0.32602396063546507]]}},{"type":"Feature","properties":{"name":null,"cls":"secondary","km":6.97},"geometry":{"type":"LineString","coordinates":[[114.5398500660001,1.195621392665329],[114.53565740200008,1.1765857986865298],[114.53934082100011,1.1538631527118075],[114.54566855900009,1.1394105547278928]]}},{"type":"Feature","properties":{"name":"Teluh","cls":"secondary","km":6.97},"geometry":{"type":"LineString","coordinates":[[115.85198011400007,-0.2103200377647902],[115.82131746900008,-0.1966411917801202],[115.82080064500008,-0.18635118579158258],[115.82597598000008,-0.18530950879276883],[115.8276584460001,-0.1774944348015464]]}},{"type":"Feature","properties":{"name":null,"cls":"secondary","km":6.94},"geometry":{"type":"LineString","coordinates":[[115.29177475200004,1.5543132652668714],[115.29731730000002,1.5566143772643195],[115.2990350450001,1.561334027259023],[115.29294630800008,1.5901449042270992],[115.2854952780001,1.5960315492206245],[115.29191993800009,1.5990478082172508]]}},{"type":"Feature","properties":{"name":"Boemosi","cls":"secondary","km":6.93},"geometry":{"type":"LineString","coordinates":[[114.70103984300012,0.8495529530509256],[114.7128952920001,0.8377959140640563],[114.72994178400008,0.8274910860755126],[114.738659256,0.8163269280880128],[114.73759286900008,0.8121949530926242],[114.74225337400004,0.8129705170917216]]}},{"type":"Feature","properties":{"name":null,"cls":"secondary","km":6.92},"geometry":{"type":"LineString","coordinates":[[114.89510195000003,1.50413128432255],[114.88922830700004,1.4951463453324862],[114.89204864500003,1.48403141734484],[114.88872027100001,1.4753186913544585],[114.87378639400004,1.459120289372449],[114.86816702200008,1.4608822013705012]]}},{"type":"Feature","properties":{"name":null,"cls":"secondary","km":6.91},"geometry":{"type":"LineString","coordinates":[[116.83572214900005,0.32751653163391237],[116.83496015800006,0.31990005364242047],[116.84100935800006,0.3231575066387799],[116.84426268000004,0.31357296464947876],[116.847508704,0.3127871286503936],[116.84696780600007,0.3053514526587016],[116.8522051440001,0.3043398556598224],[116.84613009400005,0.3023032456621009],[116.84618640400002,0.29228762767325767]]}},{"type":"Feature","properties":{"name":null,"cls":"secondary","km":6.87},"geometry":{"type":"LineString","coordinates":[[116.57261042200003,0.7836745901243709],[116.56131056900006,0.7770252241318522],[116.55530448300011,0.778064645130699],[116.55377841300005,0.7723532391370324],[116.54881645600004,0.7721884321372455],[116.5479855540001,0.7666781141433935],[116.53627688900008,0.773347806135945]]}},{"type":"Feature","properties":{"name":null,"cls":"secondary","km":6.85},"geometry":{"type":"LineString","coordinates":[[115.12619562600004,1.3695422264719606],[115.1181387580001,1.3797917004605469],[115.11624857400011,1.3899547754493073],[115.11100744300008,1.386211565453438],[115.10681105600008,1.3909102614482034],[115.09583226300003,1.3857614814539476],[115.08840967600008,1.3900986664491353]]}},{"type":"Feature","properties":{"name":null,"cls":"secondary","km":6.79},"geometry":{"type":"LineString","coordinates":[[115.3319925070001,0.07061929392107708],[115.3415409500001,0.07007306992166579],[115.34724983600006,0.057021083936284044],[115.35058267600004,0.056936610936367336],[115.35191420300008,0.05147733394249459],[115.37011605500004,0.03445476496151254]]}},{"type":"Feature","properties":{"name":null,"cls":"secondary","km":6.75},"geometry":{"type":"LineString","coordinates":[[114.67392363600003,1.1734955006899452],[114.65787440000008,1.1842610776779963],[114.64930025400008,1.1948478116661958],[114.62679637200006,1.2007116376597138]]}},{"type":"Feature","properties":{"name":null,"cls":"secondary","km":6.73},"geometry":{"type":"LineString","coordinates":[[115.09423065200006,0.501443420439523],[115.10940867600004,0.5179230474211475],[115.14582069800008,0.5106965004292]]}},{"type":"Feature","properties":{"name":null,"cls":"secondary","km":6.7},"geometry":{"type":"LineString","coordinates":[[114.9776511650001,1.2431555056124615],[114.97544814400011,1.2459014166094253],[114.97068100800006,1.244473752611015],[114.9671551550001,1.2511142936036073],[114.95836220100013,1.251636712603011],[114.95569606800007,1.2581617535957965],[114.96100846200011,1.2608369545927944],[114.9608537690001,1.2725505445797827]]}},{"type":"Feature","properties":{"name":null,"cls":"secondary","km":6.66},"geometry":{"type":"LineString","coordinates":[[115.59824190000006,0.5911476593393438],[115.60107315200004,0.59701073633279],[115.58469682700002,0.6128294003151363],[115.58395900000004,0.6206710253063414],[115.56653601700009,0.6252154323012862]]}},{"type":"Feature","properties":{"name":"Rangking","cls":"secondary","km":6.66},"geometry":{"type":"LineString","coordinates":[[116.262674187,-0.07876784091187712],[116.26130666100005,-0.07336639191792688],[116.25215429600007,-0.06394024192845986],[116.26456817100006,-0.054673262938798775],[116.26677762600002,-0.031161173965121462]]}},{"type":"Feature","properties":{"name":null,"cls":"secondary","km":6.62},"geometry":{"type":"LineString","coordinates":[[115.99896574700004,1.012739703869006],[115.98749192100003,1.018181027862942],[115.98459848400012,1.0226540018579577],[115.98033376500007,1.022376001858225],[115.96953772300004,1.0379083948409527],[115.95480036700008,1.043346433834875]]}},{"type":"Feature","properties":{"name":null,"cls":"secondary","km":6.62},"geometry":{"type":"LineString","coordinates":[[116.76090198800011,0.23020051974264885],[116.7659276490001,0.21649949175796332],[116.76105498900006,0.21601299475853003],[116.75920878000011,0.20978282776552473],[116.75094935600009,0.2057882487699211],[116.74297635300002,0.18553476079260625]]}},{"type":"Feature","properties":{"name":null,"cls":"secondary","km":6.6},"geometry":{"type":"LineString","coordinates":[[115.3484503310001,1.654423076155871],[115.35209036100002,1.6357998531765405],[115.34557082300012,1.629708336183277],[115.34748294000008,1.6201075141939498],[115.34310372900006,1.6170789821972826],[115.3421977810001,1.608799309206443],[115.34472154800005,1.605910810209649]]}},{"type":"Feature","properties":{"name":null,"cls":"secondary","km":6.6},"geometry":{"type":"LineString","coordinates":[[114.80530408500012,4.7858192729443354e-14],[114.83019129400009,0.012209577986420538],[114.83935117400007,0.013805359984636797],[114.84843032300012,0.01094852098778695],[114.85779232100003,0.0180366919798755]]}},{"type":"Feature","properties":{"name":null,"cls":"secondary","km":6.6},"geometry":{"type":"LineString","coordinates":[[115.0680929150001,-0.021406777976054468],[115.07192515500003,-0.025727933971203088],[115.07935982800007,-0.02667972397012543],[115.07976876700002,-0.012816112985588194],[115.08579832300008,-0.008893691990020117],[115.0869719980001,-0.0007135839991194344],[115.08414284500009,0.0034780259961607754],[115.08744024200008,0.0052639899941765884]]}},{"type":"Feature","properties":{"name":null,"cls":"secondary","km":6.58},"geometry":{"type":"LineString","coordinates":[[116.466725181,-0.17077133080904291],[116.46310444000007,-0.16428067581631212],[116.45916555000008,-0.16366096981697598],[116.45756554900005,-0.15684533582457444],[116.47110577100011,-0.14755167683498996],[116.47135203900007,-0.14383407983915036],[116.462612755,-0.13652259784732257],[116.4652979770001,-0.13000892985461845]]}},{"type":"Feature","properties":{"name":null,"cls":"secondary","km":6.57},"geometry":{"type":"LineString","coordinates":[[115.46557184700009,-0.2920202256734992],[115.46664216800002,-0.27137366769657484],[115.47170619100007,-0.27137431369654097],[115.47638125600008,-0.2667669997016853],[115.47774551900012,-0.2596102007096819],[115.48524488500004,-0.2538266887161537],[115.48855695200007,-0.24549358072546862]]}},{"type":"Feature","properties":{"name":null,"cls":"secondary","km":6.54},"geometry":{"type":"LineString","coordinates":[[115.38063672200008,1.1965896256642554],[115.37749734200008,1.2124115666466404],[115.36587743900009,1.2209059326371756],[115.36208532500007,1.2288525836283324],[115.34723554100005,1.236661890619676]]}},{"type":"Feature","properties":{"name":null,"cls":"secondary","km":6.53},"geometry":{"type":"LineString","coordinates":[[114.82319065800004,1.498389241328843],[114.81576779800004,1.4995010583276667],[114.81358794200004,1.4964702943310288],[114.80637423700013,1.4958091673317366],[114.799405781,1.4875864893408939],[114.78868859400008,1.4843516263444694],[114.77460790800001,1.484461588344302]]}},{"type":"Feature","properties":{"name":null,"cls":"secondary","km":6.51},"geometry":{"type":"LineString","coordinates":[[115.3079158390001,1.7454488150551033],[115.3148419370001,1.7541893350454134],[115.3377511760001,1.768380056029698],[115.34164623400012,1.777719527019364],[115.33680220000008,1.782216302014397]]}},{"type":"Feature","properties":{"name":"Kedupan","cls":"secondary","km":6.51},"geometry":{"type":"LineString","coordinates":[[116.18500227300002,-0.16889903281109606],[116.19054383100001,-0.18793010178981998],[116.16451307300008,-0.21468146575992486]]}},{"type":"Feature","properties":{"name":"Babi","cls":"secondary","km":6.49},"geometry":{"type":"LineString","coordinates":[[115.53608384400003,-0.07909235991149477],[115.54514633400002,-0.07581758991517112],[115.55614568700003,-0.05803881593505732],[115.5823285670001,-0.06060001593223712]]}},{"type":"Feature","properties":{"name":null,"cls":"secondary","km":6.48},"geometry":{"type":"LineString","coordinates":[[115.92702869700008,-0.10507729788246438],[115.92133575000004,-0.10442581488320304],[115.91590179000004,-0.09752199989092654],[115.91525502900005,-0.09218143889688958],[115.92107768300002,-0.0811748739091767],[115.91564366200011,-0.07479213091628856],[115.91629072600006,-0.0689305759228779],[115.90788084300004,-0.062287288930256535]]}},{"type":"Feature","properties":{"name":null,"cls":"secondary","km":6.47},"geometry":{"type":"LineString","coordinates":[[114.89882214600006,1.250403267604397],[114.89450576300011,1.257158211596864],[114.89172733200007,1.2566479385974507],[114.89169093300006,1.2616474035919245],[114.88406769300002,1.2730155065792728],[114.88613515600004,1.2820642995691938],[114.88332899400007,1.2960252175536637]]}},{"type":"Feature","properties":{"name":null,"cls":"secondary","km":6.41},"geometry":{"type":"LineString","coordinates":[[116.51567920600007,0.38728018756706356],[116.51768164500005,0.38864394756555026],[116.51444871800005,0.4032121985492959],[116.50801157700005,0.4118370185396984],[116.50458775300001,0.42763304252204126],[116.49566221100008,0.4335035535154407]]}},{"type":"Feature","properties":{"name":null,"cls":"secondary","km":6.37},"geometry":{"type":"LineString","coordinates":[[115.49265954400006,0.956627303931509],[115.48831949500004,0.9574619629305937],[115.48278116900006,0.9657665029213328],[115.46656422200012,0.9643437859229363],[115.45982785100013,0.9694324959172783],[115.44951296600006,0.9703276299162281],[115.44525184300007,0.9755078369104765]]}},{"type":"Feature","properties":{"name":null,"cls":"secondary","km":6.36},"geometry":{"type":"LineString","coordinates":[[115.51888401600003,1.6129886582018076],[115.51317009300011,1.5970939002193851],[115.5058207830001,1.591430907225684],[115.50629522900012,1.5858594462319069],[115.49951727800011,1.5763324332424322],[115.49951281900007,1.5697574082496695],[115.4958750290001,1.5675227982522262]]}},{"type":"Feature","properties":{"name":null,"cls":"secondary","km":6.32},"geometry":{"type":"LineString","coordinates":[[114.76785632300005,1.5609035362595272],[114.76378566100004,1.5754584492433839],[114.76432077200003,1.5948493922219167],[114.76055621700006,1.6003281742158342],[114.74762807600007,1.6067723362086608]]}},{"type":"Feature","properties":{"name":null,"cls":"secondary","km":6.27},"geometry":{"type":"LineString","coordinates":[[115.9312970540001,-0.13985626684359104],[115.93640030800009,-0.13761562984611153],[115.94088911100005,-0.12372983286163786],[115.95172693300003,-0.11337083387320737],[115.96146957000008,-0.1171182278689407],[115.96716168500006,-0.12516356986001598]]}},{"type":"Feature","properties":{"name":null,"cls":"secondary","km":6.25},"geometry":{"type":"LineString","coordinates":[[114.84926194100001,1.2272675796301298],[114.85293297500006,1.2237235876340782],[114.85348710000005,1.2142757136445959],[114.84483881200003,1.2104472496488419],[114.84356274600009,1.2033560786567206],[114.85492346100011,1.184604472677571]]}},{"type":"Feature","properties":{"name":null,"cls":"secondary","km":6.23},"geometry":{"type":"LineString","coordinates":[[114.90690451800005,0.10064233688753599],[114.89783554500002,0.0856483039043119],[114.90484400600008,0.07200602291952854],[114.90377581300005,0.055747297937669416],[114.90799609300007,0.05254575194131174]]}},{"type":"Feature","properties":{"name":null,"cls":"secondary","km":6.19},"geometry":{"type":"LineString","coordinates":[[116.55053939600009,0.8385434540631935],[116.55564467700002,0.8437701050573478],[116.55344631000003,0.8490724090514936],[116.55820353000001,0.850496553049904],[116.55662111100004,0.8581511140413329],[116.56660016900004,0.8605714330386495],[116.5670790380001,0.8685821010297263],[116.57323768900005,0.8693245970288759]]}},{"type":"Feature","properties":{"name":null,"cls":"secondary","km":6.16},"geometry":{"type":"LineString","coordinates":[[114.77402110600008,1.4217737714139118],[114.75953397300009,1.4437034203896015],[114.76025608400006,1.453128652379127],[114.76587369700009,1.4594200773721286],[114.76621689900003,1.46834136936225]]}},{"type":"Feature","properties":{"name":null,"cls":"secondary","km":6.11},"geometry":{"type":"LineString","coordinates":[[116.43243130100007,0.3478447866111553],[116.4400139480001,0.35235612160611574],[116.47572293900011,0.35797880559985723],[116.48105638700008,0.3625895025946672]]}},{"type":"Feature","properties":{"name":"Tinjau","cls":"secondary","km":6.0},"geometry":{"type":"LineString","coordinates":[[117.14840325600007,0.29172447767388987],[117.1658238550001,0.2880696886779923],[117.19586278500005,0.3050535416590162]]}},{"type":"Feature","properties":{"name":null,"cls":"secondary","km":6.0},"geometry":{"type":"LineString","coordinates":[[115.03667144400002,1.0794341827946685],[115.04417837100004,1.0721323878028122],[115.05562890000012,1.0707383448043561],[115.05900469500013,1.0663199428093055],[115.06633857300004,1.0647527188110621],[115.07701935300008,1.067617134807841]]}},{"type":"Feature","properties":{"name":null,"cls":"secondary","km":5.99},"geometry":{"type":"LineString","coordinates":[[116.1538265910001,-0.16620749281412764],[116.1367055820001,-0.1459307158368006],[116.12176130300008,-0.1423432338407832],[116.11028082600002,-0.1434387848395858]]}},{"type":"Feature","properties":{"name":null,"cls":"secondary","km":5.97},"geometry":{"type":"LineString","coordinates":[[114.11865279800008,1.0221233188585253],[114.12630994500012,1.040579360837998],[114.11465649800004,1.0684122148070025]]}},{"type":"Feature","properties":{"name":null,"cls":"secondary","km":5.97},"geometry":{"type":"LineString","coordinates":[[116.27172208900005,-0.032326224963841896],[116.28119023500005,-0.03285584596322379],[116.28750239900012,-0.024488927972530272],[116.30117870600009,-0.015910190982170305],[116.31221479200009,-0.025704986971197462]]}},{"type":"Feature","properties":{"name":"Herari","cls":"secondary","km":5.95},"geometry":{"type":"LineString","coordinates":[[114.27212650900003,1.0989763087729296],[114.25917618300002,1.1017502427698695],[114.24499648800008,1.1137517487564736],[114.23157930100001,1.117904870751845]]}},{"type":"Feature","properties":{"name":null,"cls":"secondary","km":5.95},"geometry":{"type":"LineString","coordinates":[[115.46343865900006,-0.04600796794855031],[115.46451853300005,-0.030714073965598172],[115.46980090900003,-0.028268669968327633],[115.47003230000006,-0.0243675499727138],[115.46860578400003,-0.012159548986319832],[115.46127995000006,-0.0014848339982710941]]}},{"type":"Feature","properties":{"name":null,"cls":"secondary","km":5.94},"geometry":{"type":"LineString","coordinates":[[114.81857222700012,1.3945631194441594],[114.81560843900003,1.4116834844251436],[114.8187134530001,1.4327427424017414],[114.8142678150001,1.439999544393686],[114.81551851400002,1.4433147753900317]]}},{"type":"Feature","properties":{"name":null,"cls":"secondary","km":5.94},"geometry":{"type":"LineString","coordinates":[[115.0316260840001,0.8300932010726192],[115.04263365900012,0.8404939850610555],[115.04690676000008,0.85293030704716],[115.05613015200004,0.8549436150449407],[115.05774381400009,0.86087461703825],[115.05393642000001,0.8676629210306742]]}},{"type":"Feature","properties":{"name":null,"cls":"secondary","km":5.93},"geometry":{"type":"LineString","coordinates":[[115.97230731700006,-0.1101755608767698],[115.98828929500007,-0.1283604308564223],[115.9878508710001,-0.1414751628417418],[116.00185596100006,-0.14713516083543407]]}},{"type":"Feature","properties":{"name":null,"cls":"secondary","km":5.92},"geometry":{"type":"LineString","coordinates":[[115.245080528,1.498355931328907],[115.25128628800007,1.5044180343222027],[115.23936939700002,1.5202992123045853],[115.24171058100002,1.5380971402847894]]}},{"type":"Feature","properties":{"name":null,"cls":"secondary","km":5.91},"geometry":{"type":"LineString","coordinates":[[116.41500996000002,-0.8130649660915256],[116.38489094500005,-0.8385873820630405],[116.37369714700002,-0.8332421480689993]]}},{"type":"Feature","properties":{"name":"Nilam","cls":"secondary","km":5.86},"geometry":{"type":"LineString","coordinates":[[117.43206761400006,-0.48260938346048954],[117.42941805300006,-0.48559462345708604],[117.4330144170001,-0.489913218452315],[117.42954474100009,-0.4935971484481833],[117.42683184500004,-0.4927716654491186],[117.42739935900012,-0.48819875245426425],[117.42235220000008,-0.4880085374544699],[117.41957599600006,-0.4836263664593101],[117.4172420020001,-0.48870749245363987],[117.41030189500009,-0.48426206045858194]]}},{"type":"Feature","properties":{"name":null,"cls":"secondary","km":5.85},"geometry":{"type":"LineString","coordinates":[[114.81586744000005,1.2670498515858966],[114.79563800000007,1.2765890555752777],[114.77064604400005,1.2806317215707916]]}},{"type":"Feature","properties":{"name":null,"cls":"secondary","km":5.85},"geometry":{"type":"LineString","coordinates":[[115.4442855640001,-0.264949925703725],[115.45041602000002,-0.26050457970871127],[115.45783698600007,-0.2636698137051704],[115.46041284400007,-0.2620000767070095],[115.47031355500009,-0.23348206973893368]]}},{"type":"Feature","properties":{"name":null,"cls":"secondary","km":5.84},"geometry":{"type":"LineString","coordinates":[[116.46618236600011,0.7487879321633489],[116.47616477000008,0.7455226421670265],[116.48585670800003,0.750536665161403],[116.48954521100008,0.7424857531703719],[116.49593803700007,0.7458688191665986]]}},{"type":"Feature","properties":{"name":null,"cls":"secondary","km":5.84},"geometry":{"type":"LineString","coordinates":[[115.05952437900011,1.4895779813386567],[115.06329497800004,1.4994909093276638],[115.06123574600008,1.5169409783083296],[115.05081756800006,1.5352417332879917]]}},{"type":"Feature","properties":{"name":"Lebuh","cls":"secondary","km":5.83},"geometry":{"type":"LineString","coordinates":[[115.65007483100011,-0.16604108481433116],[115.64950822900006,-0.1810969947974857],[115.65937236100002,-0.19820971077834446],[115.66376972500007,-0.2133609967613839]]}},{"type":"Feature","properties":{"name":"Beranda","cls":"secondary","km":5.79},"geometry":{"type":"LineString","coordinates":[[115.9260119270001,-0.3525420886058033],[115.91510510200011,-0.3558576036021134],[115.91650725900001,-0.3473179886116666],[115.91336472600007,-0.3417133996179094],[115.89333264500009,-0.3347344546256986]]}},{"type":"Feature","properties":{"name":null,"cls":"secondary","km":5.73},"geometry":{"type":"LineString","coordinates":[[115.07927790600002,1.0045543988781485],[115.07302974700006,1.003880722878858],[115.07087012300009,1.0080463588742012],[115.06800320800004,1.0070531268753422],[115.06063438700005,1.0225573518580533],[115.04603023800006,1.0289080488509548]]}},{"type":"Feature","properties":{"name":null,"cls":"secondary","km":5.71},"geometry":{"type":"LineString","coordinates":[[115.03848984900004,1.1221082707471817],[115.06179042800012,1.1401706497270976],[115.0829111380001,1.142599272724314]]}},{"type":"Feature","properties":{"name":"Menajam","cls":"secondary","km":5.71},"geometry":{"type":"LineString","coordinates":[[116.90329717300006,-0.05075042394318271],[116.90964869400013,-0.05626421193705651],[116.91963362100013,-0.05715118793604733],[116.93947761300001,-0.06589411092631445],[116.9425821640001,-0.07271526491862634]]}},{"type":"Feature","properties":{"name":null,"cls":"secondary","km":5.6},"geometry":{"type":"LineString","coordinates":[[115.02469616500002,1.3228741225238532],[115.02749705000006,1.3284483965175888],[115.02563322100004,1.3446152474996806],[115.0286744450001,1.350865984492691],[115.02333214800001,1.3602287584823158],[115.01605474700013,1.364233560477827]]}},{"type":"Feature","properties":{"name":null,"cls":"secondary","km":5.59},"geometry":{"type":"LineString","coordinates":[[115.31273014100007,1.3876925454517588],[115.31685849200005,1.3912222384478765],[115.3151707930001,1.3967177794417758],[115.31834000400009,1.397264554441142],[115.31774888300005,1.4005900824374518],[115.33166520000009,1.4015772444363506]]}},{"type":"Feature","properties":{"name":"Batangsemuyun","cls":"secondary","km":5.59},"geometry":{"type":"LineString","coordinates":[[115.9337017780001,-0.3316890186291555],[115.92881672700004,-0.3304685146305207],[115.92347817200005,-0.32051753964162166],[115.91662340300002,-0.3242910896374137],[115.90125006200003,-0.3090398896544667]]}},{"type":"Feature","properties":{"name":null,"cls":"secondary","km":5.58},"geometry":{"type":"LineString","coordinates":[[115.03013950900002,1.5217363333029874],[115.02725517000009,1.5475115102743762],[115.02382331800004,1.5487816302729618],[115.01707955098901,1.563292039846956]]}},{"type":"Feature","properties":{"name":null,"cls":"secondary","km":5.57},"geometry":{"type":"LineString","coordinates":[[115.53474243200002,1.180211848682493],[115.51690583800007,1.1888124366729689],[115.50731415200006,1.187948035673926],[115.49484600000004,1.1914589986700004]]}},{"type":"Feature","properties":{"name":null,"cls":"secondary","km":5.57},"geometry":{"type":"LineString","coordinates":[[114.03341096400004,1.0421590518361865],[114.01192296200009,1.0451198908329118],[114.01006120700004,1.0522623668249798],[114.00118327700011,1.0582940098182103]]}},{"type":"Feature","properties":{"name":null,"cls":"secondary","km":5.56},"geometry":{"type":"LineString","coordinates":[[116.32950577400004,0.6104210633178145],[116.32888142500009,0.6041814163247933],[116.31931542300003,0.5959423253339662],[116.32183827600012,0.5889476173417761],[116.31910812500007,0.587770766343131],[116.3197449820001,0.5721231743606012]]}},{"type":"Feature","properties":{"name":"Baras","cls":"secondary","km":5.56},"geometry":{"type":"LineString","coordinates":[[115.78658400600011,-0.24187430972953974],[115.78310716100007,-0.23996467973164712],[115.76867204000007,-0.2432162707280019],[115.76705674400012,-0.24014001973143279],[115.7465112000001,-0.23759241873429757]]}},{"type":"Feature","properties":{"name":"Ploray","cls":"secondary","km":5.56},"geometry":{"type":"LineString","coordinates":[[116.05666898800007,-0.05305711194067006],[116.05481252900006,-0.04464619195003653],[116.05993677800006,-0.036197971959495166],[116.05347595,-0.030216826966165657],[116.05808035200005,-0.01575011998233525],[116.05562969200002,-0.010441900988292445]]}},{"type":"Feature","properties":{"name":null,"cls":"secondary","km":5.54},"geometry":{"type":"LineString","coordinates":[[116.32871684700001,0.6103552703178917],[116.32299288700005,0.6081631693203511],[116.32058074000008,0.5984803563311271],[116.31172185100003,0.5945051003355478],[116.30709644800004,0.5758523653564219]]}},{"type":"Feature","properties":{"name":"Bakopa","cls":"secondary","km":5.52},"geometry":{"type":"LineString","coordinates":[[116.05822836200002,-0.06222501593036072],[116.04916822900009,-0.06472007992760848],[116.04582648900009,-0.059785639933145146],[116.03906847200005,-0.06554228292667418],[116.0283746340001,-0.06696256992504793],[116.01968609400001,-0.05851420993449241]]}},{"type":"Feature","properties":{"name":null,"cls":"secondary","km":5.51},"geometry":{"type":"LineString","coordinates":[[114.89807256000007,1.1517171007141755],[114.87730350000004,1.1837325706786033],[114.88076205000004,1.1916264346697905]]}},{"type":"Feature","properties":{"name":null,"cls":"secondary","km":5.48},"geometry":{"type":"LineString","coordinates":[[114.64226035200011,1.2479406616071431],[114.65332076600009,1.2653487935877623],[114.66232373000004,1.2692436085834424],[114.67249702600009,1.2832642795678624]]}},{"type":"Feature","properties":{"name":"Lotoq","cls":"secondary","km":5.48},"geometry":{"type":"LineString","coordinates":[[115.89031182500004,-0.18389939679436665],[115.89775617300006,-0.17447735480488172],[115.88691952400008,-0.1636766868169603],[115.88899987800006,-0.15475024382693403],[115.89534938000007,-0.1467056358359414]]}},{"type":"Feature","properties":{"name":null,"cls":"secondary","km":5.48},"geometry":{"type":"LineString","coordinates":[[115.31712142400012,-0.2812396496855809],[115.31599709500007,-0.28830943167762896],[115.30700377900006,-0.29941200566520415],[115.31491587500011,-0.30303409066117004],[115.32726243600007,-0.3160711876465841]]}},{"type":"Feature","properties":{"name":null,"cls":"secondary","km":5.42},"geometry":{"type":"LineString","coordinates":[[115.07796892900002,1.5030083633237374],[115.0790559720001,1.5092935233167817],[115.07605115800003,1.5154898913099242],[115.06757152500008,1.5224242033022128],[115.06948910100004,1.534098411289242],[115.06690683900001,1.539603873283198]]}},{"type":"Feature","properties":{"name":null,"cls":"secondary","km":5.4},"geometry":{"type":"LineString","coordinates":[[115.12538431200005,1.4741761813557808],[115.11288110600003,1.4953719663322071],[115.10496114000011,1.499224324327956],[115.09992630300007,1.5106430363152918]]}},{"type":"Feature","properties":{"name":null,"cls":"secondary","km":5.37},"geometry":{"type":"LineString","coordinates":[[114.8546901090001,1.456759502375091],[114.86141782800007,1.4751254463546803],[114.85564879200003,1.4793792913499686],[114.85499931200002,1.4933155883345444]]}},{"type":"Feature","properties":{"name":null,"cls":"secondary","km":5.29},"geometry":{"type":"LineString","coordinates":[[116.51428747700004,0.7418780521710644],[116.50516651300006,0.7356314411780154],[116.5071449100001,0.7205609481948351],[116.51017485900002,0.7202140911952409],[116.50697193300006,0.7166632751991784],[116.51309967300004,0.7083968942084142]]}},{"type":"Feature","properties":{"name":"Batu","cls":"secondary","km":5.29},"geometry":{"type":"LineString","coordinates":[[115.0014619970001,-0.1633650998172911],[114.98729022400005,-0.15817083882312413],[114.9883789370001,-0.15316263182873363],[114.974737688,-0.14731183383522237],[114.96836320500007,-0.1536106908281864]]}},{"type":"Feature","properties":{"name":null,"cls":"secondary","km":5.28},"geometry":{"type":"LineString","coordinates":[[114.86925924600008,1.3804325674598439],[114.88123045200005,1.360307807482227],[114.87769762000006,1.3470526094969397],[114.87895752400004,1.338581760506375]]}},{"type":"Feature","properties":{"name":null,"cls":"secondary","km":5.28},"geometry":{"type":"LineString","coordinates":[[115.14790756700006,1.1497054797164767],[115.16389394500003,1.1533083897124532],[115.17096701400011,1.1605555847043476],[115.18910098300013,1.1596413767054095]]}},{"type":"Feature","properties":{"name":null,"cls":"primary","km":5.25},"geometry":{"type":"LineString","coordinates":[[116.86543138500006,0.9417142399481294],[116.8643381080001,0.9364560889540084],[116.86703807000004,0.9329206689579373],[116.87504868200006,0.9401898379498228],[116.86775427500005,0.9312555039597932],[116.86318828500008,0.9347821939558595],[116.86301396400006,0.9418536239479671]]}},{"type":"Feature","properties":{"name":null,"cls":"secondary","km":5.23},"geometry":{"type":"LineString","coordinates":[[115.21575970800005,1.416061066420284],[115.2046587660001,1.4577295613739962]]}},{"type":"Feature","properties":{"name":null,"cls":"secondary","km":5.23},"geometry":{"type":"LineString","coordinates":[[114.86345175300005,1.3367342075084225],[114.85434106500007,1.3573314994854977],[114.86307472800002,1.3709981124703101],[114.86240493000004,1.377656736462937]]}},{"type":"Feature","properties":{"name":null,"cls":"secondary","km":5.22},"geometry":{"type":"LineString","coordinates":[[116.75176930400005,0.8808533910160266],[116.75217469900008,0.887243276008879],[116.74168555000006,0.8879553050080743],[116.74129606500003,0.8990291369957273],[116.73438840000006,0.9067997409870691]]}},{"type":"Feature","properties":{"name":null,"cls":"secondary","km":5.16},"geometry":{"type":"LineString","coordinates":[[114.60468227800003,1.013618392868008],[114.604697965,1.004299981878429],[114.62362268700008,0.9886110238959126],[114.62643770700004,0.9771052809086855]]}},{"type":"Feature","properties":{"name":null,"cls":"secondary","km":5.15},"geometry":{"type":"LineString","coordinates":[[114.67409194000004,1.5547339272664176],[114.66877691400008,1.556386044264545],[114.66658334300007,1.5624388062578198],[114.65160510300008,1.5748004742441433],[114.64725789400006,1.587092923230503]]}},{"type":"Feature","properties":{"name":null,"cls":"secondary","km":5.14},"geometry":{"type":"LineString","coordinates":[[114.35548917200003,1.470267761360083],[114.35609309900008,1.4728237523572472],[114.36386166600005,1.4739792693559866],[114.37457233400005,1.4636224613674558],[114.38374582200004,1.4651724443657403],[114.38720531500007,1.4610217473703653]]}},{"type":"Feature","properties":{"name":null,"cls":"secondary","km":5.11},"geometry":{"type":"LineString","coordinates":[[114.89635862600007,1.3547328784883816],[114.91170674400006,1.3608482174816077],[114.91625089200011,1.3678160524738796],[114.92625090600006,1.3680930154735516],[114.93103585000006,1.3745349354663683]]}},{"type":"Feature","properties":{"name":null,"cls":"secondary","km":5.11},"geometry":{"type":"LineString","coordinates":[[115.21066400000007,1.496156395331354],[115.20349205800007,1.5034854943232527],[115.20163559200012,1.5023192233245595],[115.19066128500005,1.5290941752948382]]}},{"type":"Feature","properties":{"name":null,"cls":"secondary","km":5.1},"geometry":{"type":"LineString","coordinates":[[114.90626044100009,1.2522486786023406],[114.90743534100011,1.2651432885879925],[114.90138993600009,1.270478717582047],[114.89509395100004,1.292136628558032]]}},{"type":"Feature","properties":{"name":null,"cls":"secondary","km":5.07},"geometry":{"type":"LineString","coordinates":[[114.89782978000007,1.210198950649118],[114.8995320050001,1.2321098126247636],[114.9089997320001,1.2506856526040953]]}},{"type":"Feature","properties":{"name":null,"cls":"secondary","km":5.02},"geometry":{"type":"LineString","coordinates":[[114.95803657200008,1.2903069475600404],[114.98235104900004,1.3081262835402467],[114.98801642900003,1.3167641495306]]}},{"type":"Feature","properties":{"name":null,"cls":"secondary","km":5.01},"geometry":{"type":"LineString","coordinates":[[115.91150394600004,-0.043595497951216394],[115.92418397100005,-0.0151344269830362],[115.91991428900009,-0.003541507995981686]]}},{"type":"Feature","properties":{"name":null,"cls":"secondary","km":5.0},"geometry":{"type":"LineString","coordinates":[[115.40684334200012,-0.2772350596899997],[115.41602356700002,-0.2859077406803117],[115.43760448300009,-0.2879118416780928],[115.44318876300008,-0.2905807806750933],[115.44366148700011,-0.2945831026706427]]}},{"type":"Feature","properties":{"name":"Kanak","cls":"secondary","km":4.98},"geometry":{"type":"LineString","coordinates":[[117.03317264000009,0.850472813049906],[117.03777780200005,0.8531159320469217],[117.03785367300009,0.862033532037009],[117.04490131900003,0.8703413020277099],[117.04677284908462,0.8893726961615479]]}},{"type":"Feature","properties":{"name":null,"cls":"secondary","km":4.97},"geometry":{"type":"LineString","coordinates":[[116.57198231000007,1.0420821138362946],[116.57632582300005,1.0431208818351307],[116.59227725800008,1.0604254908158406],[116.60649991500009,1.0678459388075983]]}},{"type":"Feature","properties":{"name":null,"cls":"secondary","km":4.97},"geometry":{"type":"LineString","coordinates":[[116.06846163900003,0.37204420258411186],[116.04175143500005,0.35462356560358915],[116.03954501700002,0.3442041746152499]]}},{"type":"Feature","properties":{"name":null,"cls":"secondary","km":4.97},"geometry":{"type":"LineString","coordinates":[[115.9720400230001,0.9698957979167177],[115.97009211400008,0.9782898009073816],[115.97346312900004,0.9822948569028946],[115.96780641500004,0.9898369608945132],[115.97299051900006,1.0095472688725227]]}},{"type":"Feature","properties":{"name":null,"cls":"secondary","km":4.96},"geometry":{"type":"LineString","coordinates":[[116.49328269100012,0.3963820445569242],[116.49836606200006,0.39089504856307106],[116.49404272400011,0.38802748956628985],[116.49190143300007,0.37781233557767735],[116.48105638700008,0.3625895025946672]]}},{"type":"Feature","properties":{"name":null,"cls":"secondary","km":4.96},"geometry":{"type":"LineString","coordinates":[[116.36912805200006,-0.004760646994632094],[116.38457333200007,-0.0036297609958734966],[116.38857506000012,-0.006118079993147069],[116.39351835600007,-0.016900795981082274],[116.38919290800004,-0.02752055896913934]]}},{"type":"Feature","properties":{"name":null,"cls":"secondary","km":4.94},"geometry":{"type":"LineString","coordinates":[[115.43171686600009,1.548284287273527],[115.45428553500005,1.5485219502732683],[115.46320311900001,1.5560133422649924]]}},{"type":"Feature","properties":{"name":null,"cls":"secondary","km":4.94},"geometry":{"type":"LineString","coordinates":[[115.42627031200006,-0.014759997983433424],[115.4191759690001,-0.007501316991542954],[115.41454920400008,-0.009248025989640193],[115.40830889200005,-8.012599984153297e-05],[115.40438278100011,-0.0005560179992923177],[115.40218200900006,0.007037742992193664]]}},{"type":"Feature","properties":{"name":null,"cls":"secondary","km":4.93},"geometry":{"type":"LineString","coordinates":[[114.60984601700011,1.5525209362688317],[114.61255926100011,1.5430517592793571],[114.6212058420001,1.5373567902856495],[114.63088133600002,1.5393765152834094],[114.63743034800007,1.53702406728603],[114.64153304,1.541198058281387]]}},{"type":"Feature","properties":{"name":"Kebungan","cls":"secondary","km":4.91},"geometry":{"type":"LineString","coordinates":[[114.28936539500012,1.1319073207362769],[114.287659856,1.1363228547313442],[114.28000092200011,1.1392264027281034],[114.27322432200003,1.1471875137192258],[114.26310253200006,1.1631682627014543]]}},{"type":"Feature","properties":{"name":"Katibe","cls":"secondary","km":4.9},"geometry":{"type":"LineString","coordinates":[[116.17318996100006,-0.003545080995999025],[116.17441530700012,-0.01661042498139158],[116.17675463800005,-0.0225823649746799],[116.18109916200002,-0.02392817897315206],[116.18388415900006,-0.016189904981867627],[116.17970674100002,-0.010638511988080277],[116.180430837,-0.0067974099923515776]]}},{"type":"Feature","properties":{"name":null,"cls":"secondary","km":4.89},"geometry":{"type":"LineString","coordinates":[[114.27421427200011,1.4088681154282994],[114.28903520800009,1.4161704924201375],[114.290502747,1.4224038794132434],[114.29566241400005,1.4254105394099241],[114.29705015400009,1.4352364033990026]]}},{"type":"Feature","properties":{"name":"Peredam","cls":"secondary","km":4.89},"geometry":{"type":"LineString","coordinates":[[115.89312881200011,-0.13034579085421893],[115.88018964400008,-0.1463666438362798],[115.87216772500005,-0.14884108783352498],[115.86414543100011,-0.15867490982255675]]}},{"type":"Feature","properties":{"name":null,"cls":"secondary","km":4.88},"geometry":{"type":"LineString","coordinates":[[115.29160935900008,1.6505201201602087],[115.29634874700002,1.6621424451473683],[115.29013492900002,1.672037473136356],[115.28672077300006,1.6865661461202726]]}},{"type":"Feature","properties":{"name":"Betenuang","cls":"secondary","km":4.86},"geometry":{"type":"LineString","coordinates":[[115.3200008010001,0.6418661932826916],[115.33070422700007,0.6098984173184125],[115.33830901200008,0.6043841043245882]]}},{"type":"Feature","properties":{"name":null,"cls":"secondary","km":4.85},"geometry":{"type":"LineString","coordinates":[[114.5305210580001,1.2416204136141873],[114.51802153100004,1.2798220425717]]}},{"type":"Feature","properties":{"name":null,"cls":"secondary","km":4.83},"geometry":{"type":"LineString","coordinates":[[115.10782917300001,1.36823059047338],[115.08273878300008,1.3804043284598806],[115.06952373400007,1.377210651463387]]}},{"type":"Feature","properties":{"name":"Blempuh","cls":"secondary","km":4.82},"geometry":{"type":"LineString","coordinates":[[116.08519541300008,-0.2165048157578688],[116.080086144,-0.2026956567733177],[116.0839862140001,-0.19764165577897902],[116.08403138100003,-0.19130131478607765],[116.07349807200002,-0.1799964637986976]]}},{"type":"Feature","properties":{"name":null,"cls":"secondary","km":4.81},"geometry":{"type":"LineString","coordinates":[[114.59078436900006,1.2570133405970392],[114.59419236600002,1.252615927601936],[114.6068554090001,1.248477220606525],[114.62016917600012,1.2609650375926653]]}},{"type":"Feature","properties":{"name":null,"cls":"secondary","km":4.8},"geometry":{"type":"LineString","coordinates":[[115.05305202100011,1.133766833734223],[115.03350448700007,1.1383897157290483],[115.02272893100007,1.1363793787312766],[115.01404311600005,1.141618106725446]]}},{"type":"Feature","properties":{"name":"Bukitjering","cls":"secondary","km":4.76},"geometry":{"type":"LineString","coordinates":[[116.66323204200012,-0.18933735378827593],[116.66013340600011,-0.2092751547659738],[116.66256429300006,-0.23153167674108846]]}},{"type":"Feature","properties":{"name":null,"cls":"secondary","km":4.73},"geometry":{"type":"LineString","coordinates":[[117.00168347000009,0.02384806097335096],[116.99724759300013,0.028148417968593072],[116.989563502,0.01918479697858906],[116.97959901500008,0.01835874397954485],[116.97551111400003,0.022187008975250944]]}},{"type":"Feature","properties":{"name":"Aring Nyosong","cls":"secondary","km":4.72},"geometry":{"type":"LineString","coordinates":[[114.29029505200003,1.2166438616419581],[114.2597024050001,1.215688900643034],[114.25283424600002,1.2125238686465383]]}},{"type":"Feature","properties":{"name":"Lebakkahay","cls":"secondary","km":4.72},"geometry":{"type":"LineString","coordinates":[[116.45842367700006,-0.1696200728103305],[116.44744110700003,-0.16565885181476867],[116.43987159900009,-0.14446841083840797],[116.434671094,-0.14209832384109958]]}},{"type":"Feature","properties":{"name":null,"cls":"secondary","km":4.7},"geometry":{"type":"LineString","coordinates":[[116.68160111400005,1.1718651846917743],[116.67789629900005,1.172405551691163],[116.67756377200011,1.1674060026967308],[116.66398316800007,1.169817686694038],[116.6624650330001,1.1659852196983074],[116.65615506200004,1.1699145846939736]]}},{"type":"Feature","properties":{"name":null,"cls":"secondary","km":4.7},"geometry":{"type":"LineString","coordinates":[[116.70259779400008,1.0062094508762807],[116.692029573,1.0359419338431242],[116.68351286400004,1.0410753438374047]]}},{"type":"Feature","properties":{"name":null,"cls":"secondary","km":4.7},"geometry":{"type":"LineString","coordinates":[[114.77269962900006,0.0808071629096822],[114.7747319880001,0.09097399789832204],[114.78150225400009,0.10063417688754282],[114.78302747500004,0.11928030486669396]]}},{"type":"Feature","properties":{"name":null,"cls":"secondary","km":4.7},"geometry":{"type":"LineString","coordinates":[[114.05649473100004,0.948276481940821],[114.04997631200001,0.9502995999385756],[114.04650766800012,0.9436959529459031],[114.04440567300003,0.9456186479437884],[114.02437475300007,0.9422286159475886]]}},{"type":"Feature","properties":{"name":null,"cls":"secondary","km":4.68},"geometry":{"type":"LineString","coordinates":[[114.83350537400007,1.3967195444417653],[114.82357773000003,1.4141846124223234],[114.82445483700008,1.4274759854076084],[114.8187134530001,1.4327427424017414]]}},{"type":"Feature","properties":{"name":null,"cls":"secondary","km":4.68},"geometry":{"type":"LineString","coordinates":[[115.01551924000012,1.3479882024958911],[115.00771262500007,1.360404018482111],[114.99964869400004,1.3838976244559866]]}},{"type":"Feature","properties":{"name":null,"cls":"secondary","km":4.67},"geometry":{"type":"LineString","coordinates":[[115.08085295200009,1.2868448555638643],[115.08330035400002,1.2846183795663428],[115.08375907500009,1.2884561875620757],[115.08800889600002,1.2857067055651141],[115.08983614500004,1.2888562195616344],[115.09879427600005,1.2852194285656977],[115.10395279300009,1.2890679255614466]]}},{"type":"Feature","properties":{"name":null,"cls":"secondary","km":4.67},"geometry":{"type":"LineString","coordinates":[[114.77207904400007,1.429610957405248],[114.76649600000007,1.4416947613918258],[114.77422671500004,1.4678023873628108]]}},{"type":"Feature","properties":{"name":"Meranci","cls":"secondary","km":4.67},"geometry":{"type":"LineString","coordinates":[[116.09849766700006,-0.06752465192446522],[116.10813373000008,-0.04820752694604567],[116.100484724,-0.030338721966046776]]}},{"type":"Feature","properties":{"name":null,"cls":"secondary","km":4.66},"geometry":{"type":"LineString","coordinates":[[116.44455245500002,-0.77278116013646],[116.429469121,-0.7694460711401938],[116.42374132200005,-0.7629378671474109],[116.41727690100005,-0.7627782731476449],[116.4087635300001,-0.7571690911539124]]}},{"type":"Feature","properties":{"name":null,"cls":"secondary","km":4.64},"geometry":{"type":"LineString","coordinates":[[114.87107536600001,1.4264057724087957],[114.86409079800002,1.4277562644073107],[114.85938250000004,1.4222526124134203],[114.84946505300003,1.4191973544167842],[114.84703643700004,1.4158655954205133],[114.84878523000009,1.4077635764295293]]}},{"type":"Feature","properties":{"name":null,"cls":"secondary","km":4.64},"geometry":{"type":"LineString","coordinates":[[115.07100342000003,1.3881881484512757],[115.07309208700008,1.3996358644385183],[115.06363168100006,1.4113722014254817],[115.06624222500011,1.4170561294191488],[115.06235966100009,1.4219137244138196]]}},{"type":"Feature","properties":{"name":null,"cls":"secondary","km":4.63},"geometry":{"type":"LineString","coordinates":[[115.14139137300002,1.542521216279923],[115.13770034200002,1.5491322052726224],[115.12935869300009,1.551068224270423],[115.12749528200004,1.5546134192665355],[115.12812797000004,1.5709259852484276]]}},{"type":"Feature","properties":{"name":"Lembong","cls":"secondary","km":4.63},"geometry":{"type":"LineString","coordinates":[[115.96289050000009,-0.16605023881431907],[115.95468011100003,-0.1691355948108207],[115.95172467900012,-0.16450675181603439],[115.92731346700008,-0.15745227182388122]]}},{"type":"Feature","properties":{"name":null,"cls":"secondary","km":4.62},"geometry":{"type":"LineString","coordinates":[[115.27750604000005,0.04797485694641419],[115.28071255300006,0.033080505963064284],[115.28493810500005,0.031035794965310386],[115.28250106700011,0.01777555398016006]]}},{"type":"Feature","properties":{"name":null,"cls":"secondary","km":4.61},"geometry":{"type":"LineString","coordinates":[[114.75414899500005,1.4125644044241648],[114.74537992600006,1.4411960673923898],[114.74554754600001,1.4507298833817819]]}},{"type":"Feature","properties":{"name":"Biah","cls":"secondary","km":4.6},"geometry":{"type":"LineString","coordinates":[[115.84940001400003,-0.028419961968135565],[115.84538927700008,-0.013701224984668395],[115.83995525900002,-0.008621304990330292],[115.8240413210001,-0.01565491498246844]]}},{"type":"Feature","properties":{"name":null,"cls":"secondary","km":4.59},"geometry":{"type":"LineString","coordinates":[[115.13322626400009,1.3803685084599278],[115.12860457700003,1.389674747449584],[115.11264224,1.3969040204415548],[115.10730898300005,1.4059824974315107]]}},{"type":"Feature","properties":{"name":"Kembang Luar","cls":"secondary","km":4.59},"geometry":{"type":"LineString","coordinates":[[117.27609995900004,-0.7215040961937101],[117.2829726640001,-0.7202368951951276],[117.28016508100008,-0.7138057462023274],[117.28258468000001,-0.707374273209483],[117.27851891100012,-0.7041588582131003],[117.28268117400013,-0.7023071652151087],[117.28268074600008,-0.6951450092231403]]}},{"type":"Feature","properties":{"name":null,"cls":"secondary","km":4.58},"geometry":{"type":"LineString","coordinates":[[114.94375913900001,1.155127372710416],[114.92787584400003,1.1661376236981646],[114.91726473200002,1.1801675476825049]]}},{"type":"Feature","properties":{"name":"Sangsang","cls":"secondary","km":4.58},"geometry":{"type":"LineString","coordinates":[[117.27131426300002,-0.5964650273333376],[117.26882552900008,-0.6102558393179195],[117.26051817400003,-0.6187974733083964],[117.24709538000002,-0.6251196743013196]]}},{"type":"Feature","properties":{"name":null,"cls":"secondary","km":4.57},"geometry":{"type":"LineString","coordinates":[[116.72595882600001,0.9886537398958432],[116.73335040900008,0.9964941328870626],[116.74688875000004,0.9980007848853875],[116.74850101100003,0.9941722238896687],[116.75070927000003,0.9980286448853546],[116.75413297000011,0.994232340889607]]}},{"type":"Feature","properties":{"name":"Ebat","cls":"secondary","km":4.56},"geometry":{"type":"LineString","coordinates":[[115.9260119270001,-0.3525420886058033],[115.91749023100012,-0.36140493359592996],[115.8956031570001,-0.34906924560970604]]}},{"type":"Feature","properties":{"name":null,"cls":"secondary","km":4.55},"geometry":{"type":"LineString","coordinates":[[116.68699798800003,0.44037077550779946],[116.68460685700006,0.44188851450607475],[116.68793777100007,0.4450744645025132],[116.68411819500011,0.4500224014969991],[116.6849977930001,0.4615592134840735],[116.69297093200011,0.4683250304765359]]}},{"type":"Feature","properties":{"name":null,"cls":"secondary","km":4.55},"geometry":{"type":"LineString","coordinates":[[115.11291233700003,1.0109369478709878],[115.11551703500004,1.0000009058832138],[115.1116315930001,0.9859924128988201],[115.10684642700006,0.9809350209044173],[115.10977338900011,0.9759497749099704]]}},{"type":"Feature","properties":{"name":null,"cls":"secondary","km":4.53},"geometry":{"type":"LineString","coordinates":[[116.78448152900013,0.7869152391207951],[116.79143899800009,0.793777444113156],[116.7994167390001,0.7946479341121925],[116.80662942300012,0.7877108691199374],[116.81696587700003,0.7856375301221857]]}},{"type":"Feature","properties":{"name":null,"cls":"secondary","km":4.53},"geometry":{"type":"LineString","coordinates":[[115.88847156900012,-0.1160174368702082],[115.85780658200008,-0.14076456284256317]]}},{"type":"Feature","properties":{"name":null,"cls":"secondary","km":4.52},"geometry":{"type":"LineString","coordinates":[[115.849268832,-0.10553040188196355],[115.8367188190001,-0.1042273968833694],[115.82274592600004,-0.09563018289303761],[115.81834693200004,-0.09680230489170479],[115.81782920800005,-0.10240315088548566]]}},{"type":"Feature","properties":{"name":null,"cls":"secondary","km":4.5},"geometry":{"type":"LineString","coordinates":[[115.08820622600001,0.19515260678189056],[115.08326083800011,0.2100214417652178],[115.07529941400003,0.21878790275538912],[115.07397477600011,0.2285821487444575]]}},{"type":"Feature","properties":{"name":null,"cls":"secondary","km":4.49},"geometry":{"type":"LineString","coordinates":[[116.71861080700012,1.2305474016264955],[116.72504625500005,1.23728982661899],[116.73870015800003,1.2370695596192294],[116.7472354890001,1.2315108976254308],[116.74858438500007,1.2252232326324275]]}},{"type":"Feature","properties":{"name":null,"cls":"secondary","km":4.48},"geometry":{"type":"LineString","coordinates":[[115.40864919100012,1.2848627785660445],[115.40995987800012,1.2916775725585294],[115.4265484350001,1.303275043545564],[115.42618811000011,1.3137422315339333]]}},{"type":"Feature","properties":{"name":null,"cls":"secondary","km":4.48},"geometry":{"type":"LineString","coordinates":[[114.85773957000002,1.3799701274604061],[114.82905718400002,1.3824730694575922],[114.82229331400005,1.3872788014522652]]}},{"type":"Feature","properties":{"name":null,"cls":"secondary","km":4.48},"geometry":{"type":"LineString","coordinates":[[116.46633247600003,4.785819272944335e-14],[116.46390280900005,-0.011043587987603354],[116.46983102600007,-0.0018467569978826686],[116.46710043400003,0.006279390993005849],[116.46633247600003,4.785819272944335e-14]]}},{"type":"Feature","properties":{"name":null,"cls":"secondary","km":4.46},"geometry":{"type":"LineString","coordinates":[[116.97551111400003,0.022187008975250944],[116.9856718750001,0.029667153966858213],[116.99776865800006,0.031157918965220646],[117.00168347000009,0.02384806097335096]]}},{"type":"Feature","properties":{"name":null,"cls":"secondary","km":4.44},"geometry":{"type":"LineString","coordinates":[[114.95569606800007,1.2581617535957965],[114.952872349,1.2569195335971806],[114.95050793200005,1.260377465593338],[114.94708904700009,1.2727065725795887],[114.94878495800005,1.2900970065602582]]}},{"type":"Feature","properties":{"name":"Slei","cls":"secondary","km":4.4},"geometry":{"type":"LineString","coordinates":[[117.08711100000005,1.191942998669425],[117.08274400000006,1.2053359986545316],[117.06735300000004,1.2084149986511132]]}},{"type":"Feature","properties":{"name":"Karang Dua","cls":"secondary","km":4.39},"geometry":{"type":"LineString","coordinates":[[115.76525776900009,-0.20637723876919337],[115.772951895,-0.20466920377113088],[115.78336229600006,-0.19316515178396115],[115.78924598900007,-0.19293775578422184],[115.78754841400009,-0.1979496557786291],[115.79002912100009,-0.19885987777761807]]}},{"type":"Feature","properties":{"name":"Bonah","cls":"secondary","km":4.39},"geometry":{"type":"LineString","coordinates":[[115.61798043400006,-0.10385786288387347],[115.62148645200011,-0.08728338490235986],[115.64136969300012,-0.07849051791221569]]}},{"type":"Feature","properties":{"name":null,"cls":"secondary","km":4.35},"geometry":{"type":"LineString","coordinates":[[114.62830875700003,1.31046708153762],[114.64205319400004,1.3226363965240733],[114.6495184360001,1.3398865815049483]]}},{"type":"Feature","properties":{"name":null,"cls":"secondary","km":4.34},"geometry":{"type":"LineString","coordinates":[[117.11405326800002,1.2597669595939591],[117.10619600000007,1.2594839985942892],[117.10395100000004,1.2621959985912923],[117.08486700000003,1.2576769985963299]]}},{"type":"Feature","properties":{"name":null,"cls":"secondary","km":4.34},"geometry":{"type":"LineString","coordinates":[[115.93346840700008,0.6372051492879052],[115.92095271200003,0.6187482273085485],[115.9059803560001,0.6161877543113738]]}},{"type":"Feature","properties":{"name":null,"cls":"secondary","km":4.34},"geometry":{"type":"LineString","coordinates":[[115.1205955280001,1.4502226003823306],[115.12673595800004,1.4529121973793337],[115.1362831550001,1.45083779438163],[115.13903852400004,1.4539009573783068],[115.13643508200006,1.4696223043608498]]}},{"type":"Feature","properties":{"name":null,"cls":"secondary","km":4.33},"geometry":{"type":"LineString","coordinates":[[115.92540641300003,-0.34903459660973335],[115.92714859700004,-0.3474335826115067],[115.93074598400007,-0.3494927006092534],[115.9309727210001,-0.3537245136045101],[115.93767543800004,-0.35574587460223106],[115.94354333200012,-0.3723497125836531]]}},{"type":"Feature","properties":{"name":null,"cls":"secondary","km":4.32},"geometry":{"type":"LineString","coordinates":[[114.77890890100002,1.4187313674173436],[114.78190778300007,1.4296519874051594],[114.80034522700011,1.449110556383552]]}},{"type":"Feature","properties":{"name":null,"cls":"secondary","km":4.31},"geometry":{"type":"LineString","coordinates":[[116.5335555690001,0.5211785304174725],[116.51746883400006,0.5199219654188976],[116.50880561500003,0.5263366604117558],[116.5025591640001,0.5252434094129094]]}},{"type":"Feature","properties":{"name":null,"cls":"secondary","km":4.31},"geometry":{"type":"LineString","coordinates":[[115.26512381200007,1.0802370777937766],[115.26400794900009,1.0930880097794458],[115.27670529000011,1.1132083397571182]]}},{"type":"Feature","properties":{"name":"Nahakulat","cls":"secondary","km":4.3},"geometry":{"type":"LineString","coordinates":[[114.94461110500005,1.0755617267989883],[114.9555131960001,1.0849995747884726],[114.97608537500003,1.0830825667906587]]}},{"type":"Feature","properties":{"name":null,"cls":"secondary","km":4.3},"geometry":{"type":"LineString","coordinates":[[117.31034674700004,-0.5654940933679209],[117.29465701700009,-0.5535477563812216],[117.28567099300004,-0.5369757793997788]]}},{"type":"Feature","properties":{"name":null,"cls":"secondary","km":4.28},"geometry":{"type":"LineString","coordinates":[[115.47638125600008,-0.2667669997016853],[115.50423457900003,-0.2589270917104831],[115.51085752900008,-0.25324143071677846]]}},{"type":"Feature","properties":{"name":null,"cls":"secondary","km":4.27},"geometry":{"type":"LineString","coordinates":[[114.77988795300008,0.934011634956725],[114.78184012800011,0.943080465946627],[114.7768525780001,0.9484279739406641],[114.78138110500004,0.9571531199309397],[114.775623847,0.9660353409210284]]}},{"type":"Feature","properties":{"name":null,"cls":"secondary","km":4.27},"geometry":{"type":"LineString","coordinates":[[116.16255127200009,-0.038703634956685856],[116.16695154900003,-0.03169438696449826],[116.16661743300006,-0.01977859097784768],[116.16043490400011,-0.0031525489963773043]]}},{"type":"Feature","properties":{"name":"Sepat","cls":"secondary","km":4.24},"geometry":{"type":"LineString","coordinates":[[117.14313235600002,0.2869984706791951],[117.16229329300008,0.2800482376869542],[117.17645870400008,0.2707477726973369]]}},{"type":"Feature","properties":{"name":null,"cls":"secondary","km":4.24},"geometry":{"type":"LineString","coordinates":[[114.7796497710001,1.5782983712402459],[114.78299813400008,1.5921973622248524],[114.78947769600008,1.6031242522126892],[114.79738603700004,1.6065054212089582]]}},{"type":"Feature","properties":{"name":null,"cls":"secondary","km":4.23},"geometry":{"type":"LineString","coordinates":[[115.86896922200003,-0.017283351980620077],[115.87527662000002,-0.022167963975192904],[115.87158882900006,-0.05142649594248013]]}},{"type":"Feature","properties":{"name":null,"cls":"secondary","km":4.22},"geometry":{"type":"LineString","coordinates":[[114.79438421500004,1.3886306784507516],[114.77202344800003,1.398551996439759],[114.76675212400005,1.4092690024278434]]}},{"type":"Feature","properties":{"name":null,"cls":"secondary","km":4.22},"geometry":{"type":"LineString","coordinates":[[116.17055330100004,-0.14902075683336097],[116.17441299500001,-0.15340495282843056],[116.17193848300008,-0.1595823778214984],[116.1745115550001,-0.16376725581686707],[116.16035816800002,-0.17706822080195625]]}},{"type":"Feature","properties":{"name":"Kecil","cls":"secondary","km":4.22},"geometry":{"type":"LineString","coordinates":[[115.92098298100007,-0.2194974917545731],[115.91812844900004,-0.2304666717423181],[115.9115555320001,-0.23960730173210595],[115.91172798300012,-0.24587552372505037],[115.91734845300006,-0.2520571447181749]]}},{"type":"Feature","properties":{"name":"Batang","cls":"secondary","km":4.21},"geometry":{"type":"LineString","coordinates":[[114.92497023700004,1.095070094777261],[114.91904775300009,1.098967697772967],[114.90087879800001,1.0983828767735913],[114.89463066600003,1.10746198876348]]}},{"type":"Feature","properties":{"name":null,"cls":"secondary","km":4.18},"geometry":{"type":"LineString","coordinates":[[116.45768907600007,0.07830750791246589],[116.46212137700003,0.06130144593152374],[116.44601429300008,0.0535060479402293]]}},{"type":"Feature","properties":{"name":null,"cls":"secondary","km":4.17},"geometry":{"type":"LineString","coordinates":[[117.12659054900007,1.2896701015607472],[117.12011700000005,1.287730998562916],[117.11697400000004,1.2834369985676695],[117.11832100000005,1.278239998573441],[117.11383,1.2739459985781756],[117.10327800000006,1.273268998578941]]}},{"type":"Feature","properties":{"name":"Berambai","cls":"secondary","km":4.16},"geometry":{"type":"LineString","coordinates":[[116.28170808000004,-0.0018137339979204601],[116.25499518800007,-0.002406483997265633],[116.24601852300009,0.0023476289974317436]]}},{"type":"Feature","properties":{"name":null,"cls":"secondary","km":4.15},"geometry":{"type":"LineString","coordinates":[[116.40105683099999,-0.9369317239534188],[116.41099152900007,-0.9495798249392668],[116.41573642000003,-0.9615580979259394],[116.42269819000002,-0.9639484149232793]]}},{"type":"Feature","properties":{"name":null,"cls":"secondary","km":4.14},"geometry":{"type":"LineString","coordinates":[[115.03789905000008,0.22575546074766142],[115.04220189400007,0.2205071667535108],[115.04128226500008,0.21289368876203552],[115.04487996700004,0.20809284076737222],[115.04458998600002,0.1918850037854765]]}},{"type":"Feature","properties":{"name":"Lamu","cls":"secondary","km":4.14},"geometry":{"type":"LineString","coordinates":[[115.48163792500009,-0.17772198980125498],[115.48568318900006,-0.1716300778080456],[115.49455684000009,-0.16901079081098147],[115.49725400200009,-0.16059860482037694],[115.49581225800013,-0.15234393782962624]]}},{"type":"Feature","properties":{"name":null,"cls":"secondary","km":4.12},"geometry":{"type":"LineString","coordinates":[[115.07173005800007,1.171654768692003],[115.07317948300009,1.1814795186810878],[115.07679602400003,1.1827970726796055],[115.07390040100006,1.1918980416694926],[115.07604793100006,1.1972727626634876],[115.07302328700005,1.1992140976613583]]}},{"type":"Feature","properties":{"name":null,"cls":"secondary","km":4.11},"geometry":{"type":"LineString","coordinates":[[114.8402500200001,1.4529228903793534],[114.8358881050001,1.4579179703738288],[114.83411204700008,1.4829928173459666]]}},{"type":"Feature","properties":{"name":"Mariam","cls":"secondary","km":4.09},"geometry":{"type":"LineString","coordinates":[[115.77547706500003,-0.08528116090459685],[115.79323007800008,-0.07027458792138544],[115.79717483800005,-0.05942038393355647]]}},{"type":"Feature","properties":{"name":"Bengaris","cls":"secondary","km":4.07},"geometry":{"type":"LineString","coordinates":[[115.7489667640001,-0.177671159801278],[115.76277102100005,-0.17129321680843654],[115.78170051100005,-0.17875616880008133]]}},{"type":"Feature","properties":{"name":null,"cls":"secondary","km":4.06},"geometry":{"type":"LineString","coordinates":[[114.96667376300003,1.2511349636036078],[114.96997525800009,1.2632576395901072],[114.96439660800003,1.2856002365652353]]}},{"type":"Feature","properties":{"name":"Pempang","cls":"secondary","km":4.04},"geometry":{"type":"LineString","coordinates":[[117.04064001100005,0.030641485965766168],[117.04873664200011,0.0198153749779233],[117.05460729500011,4.785819272944335e-14]]}},{"type":"Feature","properties":{"name":null,"cls":"secondary","km":4.04},"geometry":{"type":"LineString","coordinates":[[115.37473890600006,1.6493365341615038],[115.38792127400008,1.653714056156652],[115.39294259100006,1.6738758421343618]]}},{"type":"Feature","properties":{"name":"Lahaye","cls":"secondary","km":4.03},"geometry":{"type":"LineString","coordinates":[[114.23549250600003,1.1212068417481766],[114.22274448500002,1.143131919723752],[114.22207786000001,1.1492776937168951]]}},{"type":"Feature","properties":{"name":null,"cls":"secondary","km":3.99},"geometry":{"type":"LineString","coordinates":[[114.12031718100002,1.0050067608776085],[114.1225433510001,1.0026483048802086],[114.1121046830001,0.9815528809037797],[114.10517022600004,0.9787587559068488]]}},{"type":"Feature","properties":{"name":null,"cls":"secondary","km":3.99},"geometry":{"type":"LineString","coordinates":[[115.96124981900005,-0.13739631784635523],[115.95249226300007,-0.13739593284630752],[115.93826080600002,-0.14786489383464874],[115.92961470800003,-0.14689010483572215]]}},{"type":"Feature","properties":{"name":null,"cls":"secondary","km":3.98},"geometry":{"type":"LineString","coordinates":[[115.14120296700003,1.5219195153028156],[115.12182520900001,1.5488199912729355]]}},{"type":"Feature","properties":{"name":"Semayang","cls":"secondary","km":3.97},"geometry":{"type":"LineString","coordinates":[[116.56716635500004,-0.23735698273453354],[116.55556645900005,-0.23770083273419337],[116.53506330300002,-0.24606325172484564]]}},{"type":"Feature","properties":{"name":null,"cls":"secondary","km":3.96},"geometry":{"type":"LineString","coordinates":[[116.62447560500006,0.6923638072263244],[116.61547183800008,0.6895434312294615],[116.59749528900011,0.6971627462209393],[116.59496713600004,0.6936636292248672]]}},{"type":"Feature","properties":{"name":null,"cls":"secondary","km":3.96},"geometry":{"type":"LineString","coordinates":[[114.82786419500007,1.4509498313815494],[114.82742036400009,1.4575049313742705],[114.81853888100011,1.4694379733610274],[114.80870440000001,1.4739368093560057]]}},{"type":"Feature","properties":{"name":null,"cls":"secondary","km":3.94},"geometry":{"type":"LineString","coordinates":[[116.36909211800004,-0.9504643159383042],[116.3650428420001,-0.9428184509468255],[116.37447399800011,-0.9388064759512709],[116.37669181600006,-0.9239307169678829]]}},{"type":"Feature","properties":{"name":"Tiko Batas","cls":"secondary","km":3.93},"geometry":{"type":"LineString","coordinates":[[115.09087268800012,1.1069590517640242],[115.10728775100006,1.108674288762143],[115.11980562800012,1.1201784567493378]]}},{"type":"Feature","properties":{"name":null,"cls":"secondary","km":3.92},"geometry":{"type":"LineString","coordinates":[[116.30786442500006,9.99929999435581e-05],[116.31176296800005,0.0018388969979583668],[116.31172200100002,0.006296715993005298],[116.3062945700001,0.020903407976657896],[116.30061999300005,0.027185973969643243]]}},{"type":"Feature","properties":{"name":"Malang","cls":"secondary","km":3.92},"geometry":{"type":"LineString","coordinates":[[116.272458572,-0.019669915977954148],[116.28119034400004,-0.008867054990017251],[116.29539259800005,-0.012468059986015054],[116.3011557120001,-0.010085144988646792]]}},{"type":"Feature","properties":{"name":"Bolang","cls":"secondary","km":3.9},"geometry":{"type":"LineString","coordinates":[[115.7612976600001,-0.2060352037695663],[115.76638987400008,-0.1979480847786278],[115.77623382400009,-0.1957845457810731],[115.776687003,-0.18746921279033207],[115.78232294200006,-0.18432081079385954]]}},{"type":"Feature","properties":{"name":null,"cls":"secondary","km":3.88},"geometry":{"type":"LineString","coordinates":[[115.27797496900006,1.6392049521727186],[115.27575273100001,1.657465713152529],[115.26538589000006,1.66817325514062]]}},{"type":"Feature","properties":{"name":null,"cls":"secondary","km":3.88},"geometry":{"type":"LineString","coordinates":[[114.52234424000005,1.2483483176066759],[114.51634491300001,1.266247853586803],[114.50804525400008,1.278840363572775]]}},{"type":"Feature","properties":{"name":"Mapai","cls":"secondary","km":3.86},"geometry":{"type":"LineString","coordinates":[[115.57541869300007,-0.16497141281550898],[115.5870993100001,-0.14994389183232293],[115.59622206400002,-0.1469527148356185],[115.59338876900006,-0.14319543483982677]]}},{"type":"Feature","properties":{"name":null,"cls":"secondary","km":3.84},"geometry":{"type":"LineString","coordinates":[[115.28887110200003,1.6871286541196397],[115.29640362200007,1.6771079201307777],[115.30688532700003,1.6740736961341047],[115.31048162700007,1.6661004591429505]]}},{"type":"Feature","properties":{"name":null,"cls":"secondary","km":3.83},"geometry":{"type":"LineString","coordinates":[[114.87859369900004,1.218515421639874],[114.87867788300004,1.25050632860431]]}},{"type":"Feature","properties":{"name":"Selerong","cls":"secondary","km":3.82},"geometry":{"type":"LineString","coordinates":[[116.78916418100003,-0.3515698346069242],[116.79123964900009,-0.3438776576155104],[116.81189857800007,-0.3296806956314015]]}},{"type":"Feature","properties":{"name":"Barema","cls":"secondary","km":3.81},"geometry":{"type":"LineString","coordinates":[[116.11119521700006,-0.1285608908561879],[116.11008099100002,-0.13587844184804868],[116.09799436600008,-0.1391302408444261],[116.08969492000006,-0.15020437083203145]]}},{"type":"Feature","properties":{"name":null,"cls":"secondary","km":3.8},"geometry":{"type":"LineString","coordinates":[[114.26508455400007,0.6100395423182309],[114.28879973700009,0.5999223133295188],[114.29705888900003,0.5998077613297097]]}},{"type":"Feature","properties":{"name":null,"cls":"secondary","km":3.78},"geometry":{"type":"LineString","coordinates":[[116.71527452900011,0.19229986478505684],[116.71599188200001,0.19809884877859582],[116.71184063600003,0.20557822177020207],[116.69620760200009,0.2165703767578802]]}},{"type":"Feature","properties":{"name":"Kembang Dalam","cls":"secondary","km":3.78},"geometry":{"type":"LineString","coordinates":[[117.27609995900004,-0.7215040961937101],[117.26864629800004,-0.7202377681951057],[117.27271165400009,-0.716242306199599],[117.27000105100001,-0.7126370252035714],[117.26438697100004,-0.7178993521977257],[117.26254749800012,-0.7130272362031543]]}},{"type":"Feature","properties":{"name":"Emboyong","cls":"secondary","km":3.78},"geometry":{"type":"LineString","coordinates":[[116.07894836900003,-0.0008534879990199755],[116.08568777900008,-0.008479430990501635],[116.1064630510001,-0.01932968797833134]]}},{"type":"Feature","properties":{"name":null,"cls":"secondary","km":3.77},"geometry":{"type":"LineString","coordinates":[[115.4082187680001,1.3505181724930921],[115.4075978390001,1.3541363154890476],[115.39694016100009,1.3563908274865593],[115.3813722750001,1.3487545584950416]]}},{"type":"Feature","properties":{"name":"Kembang","cls":"secondary","km":3.77},"geometry":{"type":"LineString","coordinates":[[117.28554718100008,-0.7431607181694961],[117.27658494500008,-0.7376798261756655],[117.28190853600007,-0.7310532791830527],[117.27561615400009,-0.7247197891900993],[117.27609995900004,-0.7215040961937101]]}},{"type":"Feature","properties":{"name":null,"cls":"secondary","km":3.76},"geometry":{"type":"LineString","coordinates":[[115.79423007700007,-0.11000657387694993],[115.80799182700004,-0.11854779786740141],[115.80638868300004,-0.13399209385014824]]}},{"type":"Feature","properties":{"name":"Kedang Kepala","cls":"secondary","km":3.75},"geometry":{"type":"LineString","coordinates":[[116.66000059200007,4.7858192729443354e-14],[116.67006975500011,-0.010393068988340219],[116.68234777300006,-0.015961007982121186],[116.6872493190001,-0.01494090198327514]]}},{"type":"Feature","properties":{"name":null,"cls":"secondary","km":3.74},"geometry":{"type":"LineString","coordinates":[[115.80638868300004,-0.13399209385014824],[115.8025240520001,-0.13237866985195695],[115.80271296300009,-0.12402781986129377],[115.79017675800003,-0.11271093587392686],[115.79083672200011,-0.10929471887773778]]}},{"type":"Feature","properties":{"name":"Jelemu","cls":"secondary","km":3.73},"geometry":{"type":"LineString","coordinates":[[115.66377122700008,-0.19517355678174736],[115.65974991500002,-0.19150412278584242],[115.65736299600007,-0.17954770079915014],[115.66031734900004,-0.16528265981515852]]}},{"type":"Feature","properties":{"name":"suling Kiri","cls":"secondary","km":3.72},"geometry":{"type":"LineString","coordinates":[[115.94698958200003,-0.37164482658448367],[115.9522907930001,-0.3766397655788761],[115.950055377,-0.3855796755689158],[115.95634228900009,-0.38169175357327856],[115.95884263000006,-0.37404808658176647]]}},{"type":"Feature","properties":{"name":null,"cls":"secondary","km":3.71},"geometry":{"type":"LineString","coordinates":[[115.02976132300013,1.4005138854375725],[115.03915875400003,1.418191946417957],[115.04096470500009,1.429820497405021]]}},{"type":"Feature","properties":{"name":null,"cls":"secondary","km":3.71},"geometry":{"type":"LineString","coordinates":[[115.1845577680001,1.4546779833774126],[115.17891828300004,1.4660317483648262],[115.17752190300007,1.4850075893437278]]}},{"type":"Feature","properties":{"name":null,"cls":"secondary","km":3.7},"geometry":{"type":"LineString","coordinates":[[115.17297028600001,0.8222397910813857],[115.18893102000004,0.8308440410717463],[115.19125386900008,0.8456277130552813]]}},{"type":"Feature","properties":{"name":null,"cls":"secondary","km":3.69},"geometry":{"type":"LineString","coordinates":[[116.75216994000006,1.0752891527993365],[116.7595048190001,1.0741677188005627],[116.76038983800002,1.0783068837959613],[116.75676275800004,1.0823506927914797],[116.75940526000012,1.082943495790749],[116.76386834000004,1.0776693297966653],[116.7635766320001,1.0723359798025882]]}},{"type":"Feature","properties":{"name":"Ugai","cls":"secondary","km":3.69},"geometry":{"type":"LineString","coordinates":[[114.21248138500005,1.0729735498019108],[114.2106328320001,1.087650809785557],[114.19897971600005,1.100163586771595]]}},{"type":"Feature","properties":{"name":"Oga","cls":"secondary","km":3.68},"geometry":{"type":"LineString","coordinates":[[115.00961593800002,1.2714485785809688],[114.99627854900005,1.2825793725685837],[114.9844917170001,1.2864219105643269]]}},{"type":"Feature","properties":{"name":null,"cls":"secondary","km":3.67},"geometry":{"type":"LineString","coordinates":[[114.33924298200009,1.4479358453848872],[114.3383441530001,1.4512971503811616],[114.33248243100002,1.4527961523794946],[114.31678713600002,1.46599017536485]]}},{"type":"Feature","properties":{"name":"Biah","cls":"secondary","km":3.67},"geometry":{"type":"LineString","coordinates":[[115.80092565500001,0.006870520992365885],[115.8240413210001,-0.01565491498246844]]}},{"type":"Feature","properties":{"name":null,"cls":"secondary","km":3.66},"geometry":{"type":"LineString","coordinates":[[114.87995822200004,1.501919204324942],[114.89087909400007,1.5104701243154837],[114.89296927800001,1.526693226297488]]}},{"type":"Feature","properties":{"name":null,"cls":"secondary","km":3.65},"geometry":{"type":"LineString","coordinates":[[114.39310829100009,1.3629412364792999],[114.39685479200011,1.369384947472143],[114.3922078380001,1.3903505124488225]]}},{"type":"Feature","properties":{"name":null,"cls":"secondary","km":3.65},"geometry":{"type":"LineString","coordinates":[[115.20073752400005,1.0762641087982328],[115.21150041500006,1.0735712458012527],[115.22063536900009,1.07642078379804],[115.22662611100009,1.0854814737879503]]}},{"type":"Feature","properties":{"name":null,"cls":"secondary","km":3.65},"geometry":{"type":"LineString","coordinates":[[115.83730598800003,-0.14526264583752735],[115.83904926700006,-0.15612848482539196],[115.84239559900004,-0.15589142682566165],[115.83970819700005,-0.17188148780778417]]}},{"type":"Feature","properties":{"name":null,"cls":"secondary","km":3.59},"geometry":{"type":"LineString","coordinates":[[116.07399081100006,0.36972950058671544],[116.07390942700009,0.36296328359427915],[116.06708980200007,0.35213091860638535],[116.06229854200001,0.3466971906124279],[116.05755360800002,0.3464094956127469]]}},{"type":"Feature","properties":{"name":null,"cls":"secondary","km":3.59},"geometry":{"type":"LineString","coordinates":[[114.69646914500004,1.4854804653432065],[114.71004311000003,1.4814366713477383],[114.72723790400005,1.4840638383447557]]}},{"type":"Feature","properties":{"name":null,"cls":"secondary","km":3.56},"geometry":{"type":"LineString","coordinates":[[115.76691360700012,-0.08481064090509717],[115.75957043400003,-0.07450946691661535],[115.76496162800004,-0.05663994093662558]]}},{"type":"Feature","properties":{"name":null,"cls":"secondary","km":3.55},"geometry":{"type":"LineString","coordinates":[[116.4150278950001,-0.14549750783728002],[116.41090236900006,-0.13146001885299455],[116.39961865700003,-0.11924900286660646]]}},{"type":"Feature","properties":{"name":null,"cls":"secondary","km":3.51},"geometry":{"type":"LineString","coordinates":[[115.35555318200012,1.7671883450310437],[115.36036294500002,1.7578829790413162],[115.35753247200013,1.7542516010453506],[115.36154276400009,1.740643179060405]]}},{"type":"Feature","properties":{"name":null,"cls":"secondary","km":3.51},"geometry":{"type":"LineString","coordinates":[[115.0541856430001,0.8785969030185433],[115.04844035500004,0.8893870630065004],[115.03457520500002,0.9022378839921333]]}},{"type":"Feature","properties":{"name":null,"cls":"secondary","km":3.5},"geometry":{"type":"LineString","coordinates":[[117.25986955000009,-0.5130066394265116],[117.26506806700002,-0.5113911754283198],[117.26429775700001,-0.5077084404324522],[117.27058716600003,-0.5022163364385405],[117.26513168500003,-0.497500034443865],[117.26654353700008,-0.49488327544675675]]}},{"type":"Feature","properties":{"name":null,"cls":"secondary","km":3.49},"geometry":{"type":"LineString","coordinates":[[115.52272288800009,1.165409054698965],[115.51034619200004,1.1721901656914075],[115.50080576100004,1.1725007906910625],[115.49565150300009,1.177098049685943]]}},{"type":"Feature","properties":{"name":null,"cls":"secondary","km":3.49},"geometry":{"type":"LineString","coordinates":[[114.96827934000008,1.3690493454725012],[114.97249512600001,1.3782411464622968],[114.97076692300004,1.3980026594403077]]}},{"type":"Feature","properties":{"name":"Jagatongko","cls":"secondary","km":3.48},"geometry":{"type":"LineString","coordinates":[[115.63555740200002,-0.19434889678261677],[115.63386199000001,-0.1790398687997983],[115.64303688300005,-0.16901382581099011]]}},{"type":"Feature","properties":{"name":null,"cls":"secondary","km":3.48},"geometry":{"type":"LineString","coordinates":[[116.09914753500006,-0.06431913892803706],[116.09387508500002,-0.04506723494957365],[116.09669721400009,-0.035871252959804284]]}},{"type":"Feature","properties":{"name":null,"cls":"secondary","km":3.47},"geometry":{"type":"LineString","coordinates":[[115.44910249300005,1.5489008452728175],[115.4557157390001,1.5597757202607927],[115.45537907600011,1.574835355244071]]}},{"type":"Feature","properties":{"name":null,"cls":"secondary","km":3.47},"geometry":{"type":"LineString","coordinates":[[115.05521080500013,1.3245527515219189],[115.06388133800012,1.3408860565037743],[115.07380205100003,1.344877435499362]]}},{"type":"Feature","properties":{"name":null,"cls":"secondary","km":3.45},"geometry":{"type":"LineString","coordinates":[[115.03012926100008,1.0976723437743559],[115.02938022100011,1.0894814737835274],[115.02054975900002,1.0854448857880121],[115.01721527500003,1.0782748047959634]]}},{"type":"Feature","properties":{"name":null,"cls":"secondary","km":3.45},"geometry":{"type":"LineString","coordinates":[[114.91808980200004,1.4351596533991058],[114.91614672900006,1.4530925593791557],[114.92109451900001,1.4631456743680438]]}},{"type":"Feature","properties":{"name":null,"cls":"secondary","km":3.44},"geometry":{"type":"LineString","coordinates":[[114.40009904600004,1.4764657193532464],[114.39601141200001,1.4895172603387563],[114.38401946081699,1.4983947531277517]]}},{"type":"Feature","properties":{"name":null,"cls":"secondary","km":3.44},"geometry":{"type":"LineString","coordinates":[[115.842865673,-0.06275806192977407],[115.85159891500007,-0.06510283192720132],[115.86237035400006,-0.047714072946612826]]}},{"type":"Feature","properties":{"name":"Putang","cls":"secondary","km":3.4},"geometry":{"type":"LineString","coordinates":[[117.24709538000002,-0.6251196743013196],[117.24178140400012,-0.617686226309622],[117.24328350600001,-0.6094563223188008],[117.23099851400002,-0.6076774403208174]]}},{"type":"Feature","properties":{"name":null,"cls":"secondary","km":3.39},"geometry":{"type":"LineString","coordinates":[[115.37220655500005,-0.3283727116328461],[115.37249756500012,-0.32374597363802265],[115.37912599000003,-0.31955856864271076],[115.37782250200006,-0.3017573626626187]]}},{"type":"Feature","properties":{"name":null,"cls":"secondary","km":3.37},"geometry":{"type":"LineString","coordinates":[[115.48557208900003,0.8691314360290779],[115.49444905300005,0.8690170730292064],[115.51225052400002,0.8798116820172049]]}},{"type":"Feature","properties":{"name":null,"cls":"secondary","km":3.35},"geometry":{"type":"LineString","coordinates":[[115.07783930900007,1.2431307726124812],[115.06951239900002,1.2540143476003858],[115.06951812200009,1.268749026583997]]}},{"type":"Feature","properties":{"name":null,"cls":"secondary","km":3.35},"geometry":{"type":"LineString","coordinates":[[114.57295225700011,1.1882263956735981],[114.58540841900003,1.2046308616553012],[114.58563400900005,1.212669809646383]]}},{"type":"Feature","properties":{"name":null,"cls":"secondary","km":3.34},"geometry":{"type":"LineString","coordinates":[[116.48105638700008,0.3625895025946672],[116.48321978700005,0.3558505366021996],[116.46542691700006,0.3446376906147766]]}},{"type":"Feature","properties":{"name":null,"cls":"secondary","km":3.33},"geometry":{"type":"LineString","coordinates":[[114.46705428700011,1.3662078354756586],[114.485272355,1.36155711348081],[114.48845922000011,1.3560303284869981]]}},{"type":"Feature","properties":{"name":null,"cls":"secondary","km":3.33},"geometry":{"type":"LineString","coordinates":[[115.92987414600007,-0.13217099685220093],[115.90606789400009,-0.11536684387095324]]}},{"type":"Feature","properties":{"name":null,"cls":"secondary","km":3.33},"geometry":{"type":"LineString","coordinates":[[115.39699636700003,-0.2990550556655582],[115.39964577700003,-0.30505870365889826],[115.40911070100005,-0.3079188226557259],[115.42132159500011,-0.3042995996597911]]}},{"type":"Feature","properties":{"name":null,"cls":"secondary","km":3.31},"geometry":{"type":"LineString","coordinates":[[115.86237035400006,-0.047714072946612826],[115.86324377400001,-0.042096849952895934],[115.85878015500009,-0.035746874960015246],[115.86256474900004,-0.020214044977348477]]}},{"type":"Feature","properties":{"name":"bohoaq","cls":"secondary","km":3.3},"geometry":{"type":"LineString","coordinates":[[115.74466667900003,-0.1855304997925498],[115.75756543500005,-0.18405060879414933],[115.76967282700002,-0.17345793280600452]]}},{"type":"Feature","properties":{"name":null,"cls":"secondary","km":3.29},"geometry":{"type":"LineString","coordinates":[[115.4485369370001,1.5788766832396384],[115.44546403000002,1.591203089225959],[115.44755907800004,1.605874890209656]]}},{"type":"Feature","properties":{"name":null,"cls":"secondary","km":3.29},"geometry":{"type":"LineString","coordinates":[[114.78242127100009,1.3450398894991755],[114.78904039300005,1.3645037254775416],[114.79701940200006,1.3668267604750077]]}},{"type":"Feature","properties":{"name":null,"cls":"secondary","km":3.29},"geometry":{"type":"LineString","coordinates":[[116.33681720800008,-0.4043588025479139],[116.35413144500002,-0.3909171015629623],[116.36107347000006,-0.3907176605631142]]}},{"type":"Feature","properties":{"name":null,"cls":"secondary","km":3.28},"geometry":{"type":"LineString","coordinates":[[114.40724401300008,1.004485402878155],[114.41077621200009,1.008493587873726],[114.40799301100003,1.0117797708700638],[114.41014760000009,1.0157273118656986],[114.4079468560001,1.02488081485549]]}},{"type":"Feature","properties":{"name":"Rangking","cls":"secondary","km":3.28},"geometry":{"type":"LineString","coordinates":[[116.25276054900007,-0.0664848799256171],[116.24752521000005,-0.07866165891203185],[116.2334002120001,-0.08577947290405526]]}},{"type":"Feature","properties":{"name":"Kedutan","cls":"secondary","km":3.26},"geometry":{"type":"LineString","coordinates":[[117.43206761400006,-0.48260938346048954],[117.42941758800009,-0.4781637004654358],[117.43553713200002,-0.47644848546733415],[117.43515834300001,-0.4723837334718831],[117.43951141900004,-0.47124024047320756],[117.4365457980001,-0.46422234048097266]]}},{"type":"Feature","properties":{"name":"Ngangan Ulu","cls":"secondary","km":3.26},"geometry":{"type":"LineString","coordinates":[[115.5138006310001,-0.37586352057973466],[115.5044731810001,-0.38677428856760004],[115.5044461240001,-0.40061326355214094]]}},{"type":"Feature","properties":{"name":"Mulir","cls":"secondary","km":3.26},"geometry":{"type":"LineString","coordinates":[[115.53808487200003,-0.1010194778870058],[115.52526503100012,-0.12662161185837648]]}},{"type":"Feature","properties":{"name":"Butuq","cls":"secondary","km":3.26},"geometry":{"type":"LineString","coordinates":[[115.8975304280001,-0.04190196095309715],[115.90801039100008,-0.05375547393984401],[115.91215074900003,-0.0514109239424151],[115.91150394600004,-0.043595497951216394]]}},{"type":"Feature","properties":{"name":null,"cls":"secondary","km":3.24},"geometry":{"type":"LineString","coordinates":[[115.36357417300007,1.1895507556721139],[115.35990371100002,1.1948528636662064],[115.35009601900005,1.1988350416617477],[115.3414845410001,1.1975060886632491]]}},{"type":"Feature","properties":{"name":null,"cls":"secondary","km":3.21},"geometry":{"type":"LineString","coordinates":[[115.95064677000005,0.6256796953007375],[115.94318332600007,0.6159235353116301],[115.92858764200002,0.609936946318335]]}},{"type":"Feature","properties":{"name":"Broni","cls":"secondary","km":3.2},"geometry":{"type":"LineString","coordinates":[[114.01345407500003,0.7028821462145604],[114.01856936600007,0.6966467892215441],[114.0221620000001,0.6767619992437258]]}},{"type":"Feature","properties":{"name":null,"cls":"secondary","km":3.19},"geometry":{"type":"LineString","coordinates":[[116.8602932860001,0.8774615260197874],[116.8718986770001,0.878499094018622],[116.87319898900013,0.8753532290221169],[116.8830598610001,0.8726109520251978]]}},{"type":"Feature","properties":{"name":null,"cls":"secondary","km":3.18},"geometry":{"type":"LineString","coordinates":[[116.75461324400011,1.1001120487716762],[116.76042806400007,1.1063532097647297],[116.76164956600009,1.117712069752033],[116.76663308300009,1.1244616857445646]]}},{"type":"Feature","properties":{"name":"Kelumpang","cls":"secondary","km":3.18},"geometry":{"type":"LineString","coordinates":[[115.82238075400005,-0.15289315182898894],[115.83188554000004,-0.15228475182968546],[115.83730598800003,-0.14526264583752735]]}},{"type":"Feature","properties":{"name":null,"cls":"secondary","km":3.16},"geometry":{"type":"LineString","coordinates":[[114.90312178900002,1.4252230844101437],[114.91471168300008,1.4299912084047892],[114.914207528,1.4332663864011843],[114.91808980200004,1.4351596533991058]]}},{"type":"Feature","properties":{"name":null,"cls":"secondary","km":3.16},"geometry":{"type":"LineString","coordinates":[[115.49656750600002,1.497232062330193],[115.47473447300001,1.50850388331768]]}},{"type":"Feature","properties":{"name":null,"cls":"secondary","km":3.15},"geometry":{"type":"LineString","coordinates":[[115.43510724900011,0.3413388836184305],[115.43387297900006,0.34516023261416223],[115.43727987600005,0.34547232561381647],[115.437118111,0.3498123286089683],[115.4419740080001,0.353202583605154],[115.43510799700005,0.3600115725975944]]}},{"type":"Feature","properties":{"name":null,"cls":"secondary","km":3.13},"geometry":{"type":"LineString","coordinates":[[115.00411151900006,1.4787190793507403],[115.0089181950001,1.5049493393216]]}},{"type":"Feature","properties":{"name":null,"cls":"secondary","km":3.13},"geometry":{"type":"LineString","coordinates":[[115.05987217500002,1.4678017063628166],[115.05326630200011,1.4710964163591802],[115.04800886300006,1.4881052763402993]]}},{"type":"Feature","properties":{"name":null,"cls":"secondary","km":3.13},"geometry":{"type":"LineString","coordinates":[[115.45120180500011,1.2729794395793457],[115.44975196500002,1.2795356905719708],[115.45320095200009,1.287440898563201],[115.44371982700011,1.2943694455555204]]}},{"type":"Feature","properties":{"name":null,"cls":"secondary","km":3.13},"geometry":{"type":"LineString","coordinates":[[116.22443301300007,-0.057293129935906774],[116.22861068800013,-0.04069493395441527],[116.22298508400002,-0.032199501963979776]]}},{"type":"Feature","properties":{"name":null,"cls":"secondary","km":3.12},"geometry":{"type":"LineString","coordinates":[[116.64538391500002,1.1111447707593878],[116.63982338800007,1.1050969657661238],[116.6362303840001,1.086133809787217]]}},{"type":"Feature","properties":{"name":null,"cls":"secondary","km":3.12},"geometry":{"type":"LineString","coordinates":[[114.41597491200002,1.4484359793843344],[114.41661601200008,1.4582828583733904],[114.41214928100011,1.4640048043670402],[114.40612647500006,1.4652984893656082]]}},{"type":"Feature","properties":{"name":"Banangaq","cls":"secondary","km":3.12},"geometry":{"type":"LineString","coordinates":[[115.73780030900002,-0.10022225588786017],[115.72542075500007,-0.1071173558801568],[115.72252964000008,-0.11923193786662739]]}},{"type":"Feature","properties":{"name":null,"cls":"secondary","km":3.11},"geometry":{"type":"LineString","coordinates":[[116.00832347100004,-0.08293329390722468],[115.98183046500004,-0.08790427990166534]]}},{"type":"Feature","properties":{"name":null,"cls":"secondary","km":3.1},"geometry":{"type":"LineString","coordinates":[[115.82124381400003,0.9978119808856086],[115.81938626300008,0.9936703708902608],[115.81464013300001,0.9931915128907856],[115.81726536000008,0.9883300328961754],[115.80752119000009,0.991550772892646]]}},{"type":"Feature","properties":{"name":null,"cls":"secondary","km":3.1},"geometry":{"type":"LineString","coordinates":[[115.22293327000011,1.5836871042343184],[115.23055054900009,1.5769385332417647],[115.23202780300004,1.5610304082593955]]}},{"type":"Feature","properties":{"name":null,"cls":"secondary","km":3.1},"geometry":{"type":"LineString","coordinates":[[115.7624315390001,-0.14067997384267875],[115.77060035700005,-0.147576110834976],[115.78139161300008,-0.13557173284833743]]}},{"type":"Feature","properties":{"name":null,"cls":"secondary","km":3.09},"geometry":{"type":"LineString","coordinates":[[116.34406170200009,-0.03138221496487868],[116.3461326600001,-0.025297778971655152],[116.35166921500003,-0.025680743971222518],[116.35995296100009,-0.018107115979709727]]}},{"type":"Feature","properties":{"name":null,"cls":"secondary","km":3.08},"geometry":{"type":"LineString","coordinates":[[116.56027232600002,0.8281881090747605],[116.57498453400001,0.8271532000759119],[116.58194933200004,0.8349305660672509]]}},{"type":"Feature","properties":{"name":null,"cls":"secondary","km":3.07},"geometry":{"type":"LineString","coordinates":[[114.81797366100011,1.2446476006107734],[114.79459009600009,1.255343481598919]]}},{"type":"Feature","properties":{"name":"Teguh","cls":"secondary","km":3.07},"geometry":{"type":"LineString","coordinates":[[115.86589906100005,-0.20852834476680765],[115.85911175900003,-0.21381760876087344],[115.8561547400001,-0.23233151974019356]]}},{"type":"Feature","properties":{"name":"Beliu","cls":"secondary","km":3.05},"geometry":{"type":"LineString","coordinates":[[115.5823285670001,-0.06060001593223712],[115.58147428300005,-0.05367260593997457],[115.56644783500009,-0.040181874955068454]]}},{"type":"Feature","properties":{"name":"Kubu","cls":"secondary","km":3.04},"geometry":{"type":"LineString","coordinates":[[114.24013747400011,1.0888871477841868],[114.22887254700004,1.1134448167568214]]}},{"type":"Feature","properties":{"name":null,"cls":"secondary","km":3.03},"geometry":{"type":"LineString","coordinates":[[115.65126753100002,-0.049122380945050816],[115.66225043500003,-0.05389612793970642],[115.66520165400004,-0.061202619931542974],[115.66854009700013,-0.06193334593069335]]}},{"type":"Feature","properties":{"name":null,"cls":"secondary","km":3.01},"geometry":{"type":"LineString","coordinates":[[115.00710008100008,0.1776615098014],[115.01261896400001,0.18571855579237226],[115.01659766400007,0.2023618717737893]]}},{"type":"Feature","properties":{"name":"Nilam","cls":"secondary","km":3.01},"geometry":{"type":"LineString","coordinates":[[116.04812722500003,-0.17983720679887313],[116.03862558700006,-0.15569407382583034]]}},{"type":"Feature","properties":{"name":null,"cls":"secondary","km":3.0},"geometry":{"type":"LineString","coordinates":[[116.43067949400006,-0.924385807967339],[116.44415709600004,-0.94722807494188]]}},{"type":"Feature","properties":{"name":null,"cls":"secondary","km":2.99},"geometry":{"type":"LineString","coordinates":[[115.97283241500008,-0.07661714791430205],[115.96338703100002,-0.08078521090962282],[115.94773123500012,-0.08000325491049347]]}},{"type":"Feature","properties":{"name":null,"cls":"secondary","km":2.98},"geometry":{"type":"LineString","coordinates":[[115.5122897770001,-0.09109601089809168],[115.50812942000006,-0.09970692588843375],[115.4915407950001,-0.10329463088443833]]}},{"type":"Feature","properties":{"name":null,"cls":"secondary","km":2.97},"geometry":{"type":"LineString","coordinates":[[114.41314729600003,1.0653470238103986],[114.41199593600004,1.0782396767960063],[114.40341584400005,1.088744039784333]]}},{"type":"Feature","properties":{"name":"Panjang","cls":"secondary","km":2.97},"geometry":{"type":"LineString","coordinates":[[117.4365457980001,-0.46422234048097266],[117.43301291900003,-0.4660008984789918],[117.43118312900003,-0.46257135548288314],[117.42272938900011,-0.46593801547908975],[117.42222423700001,-0.45850711548745204]]}},{"type":"Feature","properties":{"name":null,"cls":"secondary","km":2.95},"geometry":{"type":"LineString","coordinates":[[116.67264442900013,1.0958589607763516],[116.66301531800003,1.0847708197887755],[116.66526801100008,1.0742537868004558]]}},{"type":"Feature","properties":{"name":"Mandai","cls":"secondary","km":2.95},"geometry":{"type":"LineString","coordinates":[[116.0760516250001,-0.05788902493523758],[116.07961631500007,-0.05530972593810947],[116.07663505800006,-0.03416935796173179]]}},{"type":"Feature","properties":{"name":null,"cls":"secondary","km":2.93},"geometry":{"type":"LineString","coordinates":[[115.10360892500012,1.411910394424891],[115.11006392600005,1.411414207425432],[115.12312942500012,1.424212082411208]]}},{"type":"Feature","properties":{"name":null,"cls":"secondary","km":2.92},"geometry":{"type":"LineString","coordinates":[[115.33519430000003,0.1670945618132022],[115.34553106500005,0.1554124378262809],[115.34772303900002,0.1468909958358148]]}},{"type":"Feature","properties":{"name":null,"cls":"secondary","km":2.92},"geometry":{"type":"LineString","coordinates":[[116.21379448800008,-0.048068649946213175],[116.21819483100002,-0.04128362095374782],[116.21591128000011,-0.02390034597320162]]}},{"type":"Feature","properties":{"name":null,"cls":"secondary","km":2.91},"geometry":{"type":"LineString","coordinates":[[115.09904441800008,1.4016253044363096],[115.09948093400011,1.4056505774318626],[115.08696285500002,1.421046649414738]]}},{"type":"Feature","properties":{"name":null,"cls":"secondary","km":2.91},"geometry":{"type":"LineString","coordinates":[[114.71051430400007,1.4701962733601497],[114.730163747,1.470465045359889],[114.73026806700013,1.472930838357154]]}},{"type":"Feature","properties":{"name":null,"cls":"secondary","km":2.9},"geometry":{"type":"LineString","coordinates":[[116.79497609500004,0.5239191324144395],[116.79326960200001,0.5177439414213096],[116.79821790600009,0.5160483854232113],[116.79916287800006,0.5084188334317651],[116.7970670950001,0.5032950344374755]]}},{"type":"Feature","properties":{"name":null,"cls":"secondary","km":2.9},"geometry":{"type":"LineString","coordinates":[[115.496866575,1.5587086402619705],[115.48712462900005,1.5628319092574146],[115.47977285700006,1.5727574862463962]]}},{"type":"Feature","properties":{"name":null,"cls":"secondary","km":2.9},"geometry":{"type":"LineString","coordinates":[[115.47921505800002,0.6575471632651912],[115.47840920500005,0.6475215322763636],[115.49360565300003,0.6456320342785121]]}},{"type":"Feature","properties":{"name":null,"cls":"secondary","km":2.9},"geometry":{"type":"LineString","coordinates":[[114.90262108800006,0.0748187619164331],[114.89230317700003,0.06648862792571288],[114.88045378000004,0.06509147692727024]]}},{"type":"Feature","properties":{"name":null,"cls":"secondary","km":2.9},"geometry":{"type":"LineString","coordinates":[[115.82093618800002,-0.01396161198434716],[115.81990111900006,-0.017869188979959535],[115.81317329800004,-0.021776718975613608],[115.8003646630001,-0.021385860976047038]]}},{"type":"Feature","properties":{"name":null,"cls":"secondary","km":2.88},"geometry":{"type":"LineString","coordinates":[[115.18644152400009,0.858847145040555],[115.18421960900001,0.8637394730350847],[115.16753671300012,0.8747866820227402]]}},{"type":"Feature","properties":{"name":"Panjang","cls":"secondary","km":2.88},"geometry":{"type":"LineString","coordinates":[[117.4365457980001,-0.46422234048097266],[117.43761780900003,-0.4559657004902533],[117.45060700600003,-0.4470091445002212]]}},{"type":"Feature","properties":{"name":null,"cls":"secondary","km":2.87},"geometry":{"type":"LineString","coordinates":[[115.30688532700003,1.6740736961341047],[115.30457104400011,1.685260123121724],[115.2950889870001,1.6917237741145634]]}},{"type":"Feature","properties":{"name":null,"cls":"secondary","km":2.87},"geometry":{"type":"LineString","coordinates":[[114.70519430000002,1.5731243122459688],[114.70118713700003,1.5600944512604287],[114.69268818300009,1.55298585126833]]}},{"type":"Feature","properties":{"name":null,"cls":"secondary","km":2.85},"geometry":{"type":"LineString","coordinates":[[116.4022552680001,0.7051777782120238],[116.41232589100002,0.7102681552063346],[116.4129983250001,0.7165472661993216],[116.40968812300004,0.720522726194904]]}},{"type":"Feature","properties":{"name":null,"cls":"secondary","km":2.85},"geometry":{"type":"LineString","coordinates":[[115.14898470000003,0.5050568304355009],[115.15744301400002,0.4814518454618532]]}},{"type":"Feature","properties":{"name":"Haur","cls":"secondary","km":2.85},"geometry":{"type":"LineString","coordinates":[[116.3939588410001,-0.09950406888870762],[116.39395900800002,-0.08990627189939028],[116.40084456600005,-0.07630948791460875]]}},{"type":"Feature","properties":{"name":null,"cls":"secondary","km":2.84},"geometry":{"type":"LineString","coordinates":[[115.47190755600002,1.5362306502868746],[115.46267394200005,1.5448824542772948],[115.45171155300011,1.548720826273065]]}},{"type":"Feature","properties":{"name":null,"cls":"secondary","km":2.83},"geometry":{"type":"LineString","coordinates":[[116.00756557800004,1.0549675768219657],[115.98926706200007,1.060456045815853],[115.98514202800004,1.0651322938106362]]}},{"type":"Feature","properties":{"name":null,"cls":"secondary","km":2.83},"geometry":{"type":"LineString","coordinates":[[115.34686608100003,1.290700028559594],[115.3510415600001,1.2908327385594562],[115.35756463000008,1.2973597435521955],[115.36694822300001,1.2982544855512093]]}},{"type":"Feature","properties":{"name":null,"cls":"secondary","km":2.82},"geometry":{"type":"LineString","coordinates":[[116.56701025100004,0.8136850890909142],[116.578520012,0.8121352120926183],[116.59058488600012,0.8162194610880863]]}},{"type":"Feature","properties":{"name":"Mujan","cls":"secondary","km":2.82},"geometry":{"type":"LineString","coordinates":[[115.60164524600007,-0.05060998994333063],[115.59200111100007,-0.06046867993232569],[115.5823285670001,-0.06060001593223712]]}},{"type":"Feature","properties":{"name":null,"cls":"secondary","km":2.79},"geometry":{"type":"LineString","coordinates":[[115.14375711200012,1.549447556272252],[115.15011351300006,1.5459638872761112],[115.1567983110001,1.5607262642597641]]}},{"type":"Feature","properties":{"name":null,"cls":"secondary","km":2.79},"geometry":{"type":"LineString","coordinates":[[114.4310649250001,1.0633033688126214],[114.4291919740001,1.0781546617960933],[114.42360677700003,1.0857068577876645]]}},{"type":"Feature","properties":{"name":null,"cls":"secondary","km":2.78},"geometry":{"type":"LineString","coordinates":[[115.71554932900004,-0.3172245136453442],[115.70514728400008,-0.31550299464724424],[115.70113172500011,-0.3036722656604996]]}},{"type":"Feature","properties":{"name":"suling","cls":"secondary","km":2.78},"geometry":{"type":"LineString","coordinates":[[115.94698958200003,-0.37164482658448367],[115.9683497110001,-0.35954278359797626]]}},{"type":"Feature","properties":{"name":null,"cls":"secondary","km":2.75},"geometry":{"type":"LineString","coordinates":[[114.38832510000009,1.4712628123590081],[114.3809816142937,1.4944628149590913]]}},{"type":"Feature","properties":{"name":null,"cls":"secondary","km":2.74},"geometry":{"type":"LineString","coordinates":[[114.96836320500007,-0.1536106908281864],[114.95201621800004,-0.16459649481593217],[114.95138190900002,-0.1690710198109242]]}},{"type":"Feature","properties":{"name":null,"cls":"secondary","km":2.74},"geometry":{"type":"LineString","coordinates":[[115.48875535900005,-0.1792219677995947],[115.49195323000004,-0.18326269879505677],[115.49687605800011,-0.18218986379623772],[115.49979231500004,-0.17931757979949786],[115.49725311200007,-0.172357018807227]]}},{"type":"Feature","properties":{"name":null,"cls":"secondary","km":2.71},"geometry":{"type":"LineString","coordinates":[[116.064620922,0.48114323246223034],[116.06922156400003,0.49465145944712374],[116.074990381,0.501546429439453]]}},{"type":"Feature","properties":{"name":null,"cls":"secondary","km":2.71},"geometry":{"type":"LineString","coordinates":[[115.48041475400011,-0.18174654979675883],[115.49568298900012,-0.20030875877598614]]}},{"type":"Feature","properties":{"name":null,"cls":"secondary","km":2.7},"geometry":{"type":"LineString","coordinates":[[115.04987582500007,1.3302842135156048],[115.03887062900003,1.3384236565065601],[115.0351152820001,1.3452178494989897]]}},{"type":"Feature","properties":{"name":"Keliran","cls":"secondary","km":2.7},"geometry":{"type":"LineString","coordinates":[[116.22626592500002,-0.4157518375351669],[116.22311702600007,-0.4046165845476221],[116.22826839700008,-0.3938697855596014]]}},{"type":"Feature","properties":{"name":"Nilam","cls":"secondary","km":2.69},"geometry":{"type":"LineString","coordinates":[[117.39969727800008,-0.5165271404225704],[117.40189790600006,-0.5095684604303682],[117.3928623920001,-0.510646193429154]]}},{"type":"Feature","properties":{"name":null,"cls":"secondary","km":2.68},"geometry":{"type":"LineString","coordinates":[[115.33333236400006,1.3803294334599556],[115.33317000400007,1.3857996974539057],[115.33697358500002,1.3834573184565162],[115.34147189900011,1.3846749764551247],[115.34242284800006,1.3881612104512722]]}},{"type":"Feature","properties":{"name":null,"cls":"secondary","km":2.67},"geometry":{"type":"LineString","coordinates":[[115.14496338500011,1.5278028072962166],[115.1598600730001,1.5435723252787636]]}},{"type":"Feature","properties":{"name":null,"cls":"secondary","km":2.67},"geometry":{"type":"LineString","coordinates":[[114.4573776960001,1.0482993008293424],[114.44609493900009,1.0686847638066468]]}},{"type":"Feature","properties":{"name":null,"cls":"secondary","km":2.65},"geometry":{"type":"LineString","coordinates":[[115.44800037700007,1.549013088272741],[115.45352847000004,1.5699364632495214]]}},{"type":"Feature","properties":{"name":null,"cls":"secondary","km":2.64},"geometry":{"type":"LineString","coordinates":[[115.08302672400009,1.0344089928448523],[115.07763647900005,1.0384031988404003],[115.07398758800001,1.0357573048433308],[115.06582557100002,1.038584064840222]]}},{"type":"Feature","properties":{"name":null,"cls":"secondary","km":2.64},"geometry":{"type":"LineString","coordinates":[[115.96571568400007,-0.09250859889648722],[115.95225932100004,-0.09602518489262103],[115.94320232700011,-0.09368025589519617]]}},{"type":"Feature","properties":{"name":null,"cls":"secondary","km":2.64},"geometry":{"type":"LineString","coordinates":[[116.20376862900002,-0.04262927295227642],[116.20087237400004,-0.02928343996723545],[116.20259911300002,-0.019778768977843534]]}},{"type":"Feature","properties":{"name":null,"cls":"secondary","km":2.63},"geometry":{"type":"LineString","coordinates":[[116.65854671300008,1.0015866368814266],[116.66926529400008,1.0116164078702563],[116.67714749100003,1.0143675368671452]]}},{"type":"Feature","properties":{"name":null,"cls":"secondary","km":2.63},"geometry":{"type":"LineString","coordinates":[[114.8664155250001,1.4045956024330177],[114.871516283,1.4161631064201405],[114.87107536600001,1.4264057724087957]]}},{"type":"Feature","properties":{"name":null,"cls":"secondary","km":2.62},"geometry":{"type":"LineString","coordinates":[[114.1817089340001,1.0815137357923406],[114.16522719200009,1.0947598577776014]]}},{"type":"Feature","properties":{"name":null,"cls":"secondary","km":2.62},"geometry":{"type":"LineString","coordinates":[[115.4871657770001,0.09904185588931223],[115.50126745200009,0.09888795388945897],[115.50762979500008,0.10332603688451125]]}},{"type":"Feature","properties":{"name":null,"cls":"secondary","km":2.61},"geometry":{"type":"LineString","coordinates":[[115.33515893000003,-0.09689034789160442],[115.32421781900007,-0.07711523791373041]]}},{"type":"Feature","properties":{"name":null,"cls":"secondary","km":2.6},"geometry":{"type":"LineString","coordinates":[[115.17006870500008,1.199535224660972],[115.17946960000006,1.2092720066501133],[115.17624084000012,1.2153230506434025]]}},{"type":"Feature","properties":{"name":null,"cls":"secondary","km":2.6},"geometry":{"type":"LineString","coordinates":[[116.80505910000012,-0.3511903196073506],[116.81189857800007,-0.3296806956314015]]}},{"type":"Feature","properties":{"name":null,"cls":"secondary","km":2.58},"geometry":{"type":"LineString","coordinates":[[116.34360731600009,-0.3836576005709985],[116.34671432600011,-0.3821937565726685],[116.3474458500001,-0.37236218658370446],[116.35487640700002,-0.36766002158890393]]}},{"type":"Feature","properties":{"name":null,"cls":"secondary","km":2.57},"geometry":{"type":"LineString","coordinates":[[115.08644813100013,1.1264632657422795],[115.07691982000007,1.1296767507387337],[115.06670003700003,1.1255189837433561]]}},{"type":"Feature","properties":{"name":null,"cls":"secondary","km":2.55},"geometry":{"type":"LineString","coordinates":[[114.67409194000004,1.5547339272664176],[114.6733463610001,1.567637190252067],[114.66752523800004,1.573993488245002]]}},{"type":"Feature","properties":{"name":null,"cls":"secondary","km":2.55},"geometry":{"type":"LineString","coordinates":[[114.87363918200003,0.0692015729226604],[114.86947861500005,0.07632426891468706],[114.86847203100002,0.09058641389875376]]}},{"type":"Feature","properties":{"name":null,"cls":"secondary","km":2.53},"geometry":{"type":"LineString","coordinates":[[116.46554044500012,0.8184888640855811],[116.47636362500009,0.8050624361005658]]}},{"type":"Feature","properties":{"name":"Pengata","cls":"secondary","km":2.53},"geometry":{"type":"LineString","coordinates":[[114.34558183800004,1.4491859663835138],[114.34833083700005,1.4551197843769135],[114.34708029000001,1.4692949133611726]]}},{"type":"Feature","properties":{"name":null,"cls":"secondary","km":2.48},"geometry":{"type":"LineString","coordinates":[[114.88200438400008,1.4422607323912167],[114.87784379800007,1.4305654564041648],[114.87107536600001,1.4264057724087957]]}},{"type":"Feature","properties":{"name":null,"cls":"secondary","km":2.48},"geometry":{"type":"LineString","coordinates":[[114.38355644700005,0.8227037280809121],[114.36358037900004,0.8319534730705539]]}},{"type":"Feature","properties":{"name":null,"cls":"secondary","km":2.48},"geometry":{"type":"LineString","coordinates":[[116.39257666900005,-0.9314830799594827],[116.38884367300012,-0.9244425189672993],[116.39650380400008,-0.9133583499796655]]}},{"type":"Feature","properties":{"name":null,"cls":"secondary","km":2.47},"geometry":{"type":"LineString","coordinates":[[114.40435894900008,1.4307538994039872],[114.40182106300006,1.4276136364074283],[114.39062277700009,1.4350515013992067]]}},{"type":"Feature","properties":{"name":null,"cls":"secondary","km":2.47},"geometry":{"type":"LineString","coordinates":[[116.47427718000006,-0.008940071989984335],[116.47111870300012,-0.010554407988155523],[116.46820319500011,-0.005784764993463622],[116.47264935400005,-0.004757461994607801],[116.47427718000006,-0.008940071989984335]]}},{"type":"Feature","properties":{"name":null,"cls":"secondary","km":2.46},"geometry":{"type":"LineString","coordinates":[[115.20154579000008,1.4063363344310884],[115.1960419620001,1.4082065874289889],[115.18651697300005,1.4199991064159139]]}},{"type":"Feature","properties":{"name":null,"cls":"secondary","km":2.46},"geometry":{"type":"LineString","coordinates":[[114.88076205000004,1.1916264346697905],[114.8875458350001,1.195590310665361],[114.89512152200007,1.2064006356533616]]}},{"type":"Feature","properties":{"name":null,"cls":"secondary","km":2.46},"geometry":{"type":"LineString","coordinates":[[117.40213062200006,-0.5146870774246505],[117.40700225700004,-0.5202780774183947],[117.40471993400001,-0.5257598234122912],[117.40838174500003,-0.5260228914119955]]}},{"type":"Feature","properties":{"name":null,"cls":"secondary","km":2.44},"geometry":{"type":"LineString","coordinates":[[116.63164162200009,0.3281380356331917],[116.62351630500007,0.3279319286334225],[116.61944480500006,0.3317677746291557],[116.61256339600006,0.3289650466322835]]}},{"type":"Feature","properties":{"name":"Binjei","cls":"secondary","km":2.43},"geometry":{"type":"LineString","coordinates":[[114.9162604830001,1.065773303809889],[114.92965801600008,1.0728504788020348]]}},{"type":"Feature","properties":{"name":"Bulung","cls":"secondary","km":2.42},"geometry":{"type":"LineString","coordinates":[[115.7608858970001,-0.045918061948610596],[115.74379351900008,-0.03334290296264543]]}},{"type":"Feature","properties":{"name":null,"cls":"secondary","km":2.41},"geometry":{"type":"LineString","coordinates":[[116.29213111500007,-0.04683618094761072],[116.30149418500004,-0.0382574649571985],[116.3098051730001,-0.038045708957396035]]}},{"type":"Feature","properties":{"name":null,"cls":"secondary","km":2.4},"geometry":{"type":"LineString","coordinates":[[114.0442654530001,1.0302499538494858],[114.03715447900005,1.0318235668477267],[114.02622808600006,1.0243167358561]]}},{"type":"Feature","properties":{"name":null,"cls":"secondary","km":2.4},"geometry":{"type":"LineString","coordinates":[[116.90999363000003,-0.023426055973720404],[116.9065198610001,-0.01719011298074543],[116.91250479300005,-0.01908617897862574],[116.90999363000003,-0.023426055973720404]]}},{"type":"Feature","properties":{"name":null,"cls":"secondary","km":2.39},"geometry":{"type":"LineString","coordinates":[[115.11582120300011,1.0337521568455421],[115.11683514500011,1.0530827178240119]]}},{"type":"Feature","properties":{"name":null,"cls":"secondary","km":2.36},"geometry":{"type":"LineString","coordinates":[[114.86717478500007,1.2154701966432444],[114.86022914400007,1.223107518634764],[114.86136163700009,1.2315137116253883]]}},{"type":"Feature","properties":{"name":null,"cls":"secondary","km":2.34},"geometry":{"type":"LineString","coordinates":[[115.04743070300005,1.374361535466608],[115.02977314300007,1.375252636465612]]}},{"type":"Feature","properties":{"name":null,"cls":"secondary","km":2.34},"geometry":{"type":"LineString","coordinates":[[115.30436299400003,-0.31980898064242197],[115.30808036400002,-0.31474041564807703],[115.30868206900006,-0.3003778246640848]]}},{"type":"Feature","properties":{"name":null,"cls":"secondary","km":2.32},"geometry":{"type":"LineString","coordinates":[[116.57039825100003,0.7885612761189521],[116.55029534700009,0.7921795031149259]]}},{"type":"Feature","properties":{"name":null,"cls":"secondary","km":2.31},"geometry":{"type":"LineString","coordinates":[[115.51736965300006,0.026415177970516082],[115.51052080000012,0.025474994971543336],[115.50860253300003,0.018440659979451827],[115.50373560700005,0.01649209298162982]]}},{"type":"Feature","properties":{"name":null,"cls":"secondary","km":2.3},"geometry":{"type":"LineString","coordinates":[[116.08033472200009,0.24014311973153402],[116.082812568,0.24079065973085104],[116.07999069600008,0.2448004407263533],[116.0728446490001,0.24366107572762188],[116.07448886100009,0.24144922973011887]]}},{"type":"Feature","properties":{"name":null,"cls":"secondary","km":2.3},"geometry":{"type":"LineString","coordinates":[[115.05027238200012,1.04992211882757],[115.05859414800013,1.0611059728151024],[115.05900469500013,1.0663199428093055]]}},{"type":"Feature","properties":{"name":null,"cls":"secondary","km":2.3},"geometry":{"type":"LineString","coordinates":[[114.87228444600011,1.206684557653035],[114.85336584800008,1.2139294016449875]]}},{"type":"Feature","properties":{"name":"Luway","cls":"secondary","km":2.3},"geometry":{"type":"LineString","coordinates":[[115.71836715900008,-0.31787372164452954],[115.71168269900011,-0.31318000764982945],[115.70640774200002,-0.3039746946601349]]}},{"type":"Feature","properties":{"name":null,"cls":"secondary","km":2.29},"geometry":{"type":"LineString","coordinates":[[115.98516550100011,-0.21965276775435466],[115.9971549600001,-0.20428031677152383]]}},{"type":"Feature","properties":{"name":null,"cls":"secondary","km":2.28},"geometry":{"type":"LineString","coordinates":[[116.752540016,0.22733625274584573],[116.74753336400012,0.22676021774651664],[116.73769599800006,0.21538678175922152]]}},{"type":"Feature","properties":{"name":null,"cls":"secondary","km":2.28},"geometry":{"type":"LineString","coordinates":[[116.29160478000007,-0.41375632553742103],[116.2966865410001,-0.40499479054723664],[116.30426142700001,-0.3998566515529292]]}},{"type":"Feature","properties":{"name":"Lolot","cls":"secondary","km":2.26},"geometry":{"type":"LineString","coordinates":[[114.92433517800009,1.08158414179227],[114.90535694000005,1.0835829567900412]]}},{"type":"Feature","properties":{"name":"Ngangan Ilir","cls":"secondary","km":2.26},"geometry":{"type":"LineString","coordinates":[[115.52151600200011,-0.3875218735667278],[115.52234722700007,-0.3923291325613957],[115.51354399800005,-0.4037804165485687]]}},{"type":"Feature","properties":{"name":null,"cls":"secondary","km":2.24},"geometry":{"type":"LineString","coordinates":[[115.143306885,1.5584751272622073],[115.13636310600009,1.5762808712424914]]}},{"type":"Feature","properties":{"name":null,"cls":"secondary","km":2.23},"geometry":{"type":"LineString","coordinates":[[115.01128573000005,1.4668310213639046],[115.01612155700003,1.4680074163626289],[115.02329187200006,1.4790878263503109]]}},{"type":"Feature","properties":{"name":null,"cls":"secondary","km":2.23},"geometry":{"type":"LineString","coordinates":[[115.15366866600004,1.4908152193373012],[115.16445372300007,1.503805979322876]]}},{"type":"Feature","properties":{"name":"Tunei","cls":"secondary","km":2.23},"geometry":{"type":"LineString","coordinates":[[114.26498549900009,1.1924101896689026],[114.2632066540001,1.2115438456476244]]}},{"type":"Feature","properties":{"name":null,"cls":"secondary","km":2.23},"geometry":{"type":"LineString","coordinates":[[115.92236605500011,-0.22707170374607846],[115.91985747500007,-0.23708326273484948],[115.9238347380001,-0.2455282767254458]]}},{"type":"Feature","properties":{"name":null,"cls":"secondary","km":2.23},"geometry":{"type":"LineString","coordinates":[[115.94139172700011,-0.06105052393165988],[115.9223720530001,-0.05857525393444002]]}},{"type":"Feature","properties":{"name":null,"cls":"secondary","km":2.22},"geometry":{"type":"LineString","coordinates":[[114.45222062100004,1.0291161658507442],[114.46146529000009,1.023602182856856],[114.46870931800004,1.0276390648524132]]}},{"type":"Feature","properties":{"name":null,"cls":"secondary","km":2.22},"geometry":{"type":"LineString","coordinates":[[116.2155764170001,-0.07860150891208098],[116.21435125500011,-0.06505937692723238],[116.21000675100005,-0.060769575931974164]]}},{"type":"Feature","properties":{"name":null,"cls":"secondary","km":2.21},"geometry":{"type":"LineString","coordinates":[[116.67561138700012,0.41828901353245224],[116.67737628100008,0.414046618537157],[116.68364734400005,0.41252470953891685],[116.6845305390001,0.40516802954708325]]}},{"type":"Feature","properties":{"name":"Ugo","cls":"secondary","km":2.21},"geometry":{"type":"LineString","coordinates":[[115.07949148000012,1.0704684708046872],[115.09219503200006,1.0729885468018858],[115.09380736100002,1.06927199880601]]}},{"type":"Feature","properties":{"name":"Melintang Kecil","cls":"secondary","km":2.21},"geometry":{"type":"LineString","coordinates":[[116.40796435400011,-0.273835443693801],[116.40517839800009,-0.28745509167858135],[116.40762643100003,-0.2922966996731579]]}},{"type":"Feature","properties":{"name":null,"cls":"secondary","km":2.18},"geometry":{"type":"LineString","coordinates":[[115.36078389500007,1.7276810660747595],[115.3713009070001,1.7384667880628442]]}},{"type":"Feature","properties":{"name":null,"cls":"secondary","km":2.18},"geometry":{"type":"LineString","coordinates":[[115.04937890900008,1.3342339645112165],[115.03821760000005,1.3493071804944725]]}},{"type":"Feature","properties":{"name":null,"cls":"secondary","km":2.18},"geometry":{"type":"LineString","coordinates":[[115.11479859700012,1.519740972305213],[115.10042880200002,1.5323993012911599]]}},{"type":"Feature","properties":{"name":null,"cls":"secondary","km":2.17},"geometry":{"type":"LineString","coordinates":[[115.22778801200002,1.7727546130248863],[115.22234445100003,1.7790322950179571],[115.22365504900007,1.787577681008505]]}},{"type":"Feature","properties":{"name":"Patah","cls":"secondary","km":2.17},"geometry":{"type":"LineString","coordinates":[[114.92833770800006,1.0091415358729967],[114.93739984200012,1.0038963918788644],[114.94298276200004,1.0085698258736295]]}},{"type":"Feature","properties":{"name":"Klomping","cls":"secondary","km":2.17},"geometry":{"type":"LineString","coordinates":[[116.891955068,-0.06625598092585289],[116.896574223,-0.08462058290535754]]}},{"type":"Feature","properties":{"name":null,"cls":"secondary","km":2.16},"geometry":{"type":"LineString","coordinates":[[115.3804169550001,1.4941724863335748],[115.37875717800011,1.5096067823164125]]}},{"type":"Feature","properties":{"name":null,"cls":"secondary","km":2.16},"geometry":{"type":"LineString","coordinates":[[115.40087604400003,1.710653139093604],[115.40808537500006,1.726733210075822]]}},{"type":"Feature","properties":{"name":"Kedungmurung","cls":"secondary","km":2.16},"geometry":{"type":"LineString","coordinates":[[116.59423968800003,-0.28171905168497446],[116.59621931700006,-0.29237294167304667],[116.60302603600007,-0.29409940467112233]]}},{"type":"Feature","properties":{"name":null,"cls":"secondary","km":2.15},"geometry":{"type":"LineString","coordinates":[[115.96650046700007,1.4462762893867427],[115.94907850300002,1.438985451394808]]}},{"type":"Feature","properties":{"name":null,"cls":"secondary","km":2.14},"geometry":{"type":"LineString","coordinates":[[116.07777075800004,0.46570191247943293],[116.08054065900002,0.47834273246530595],[116.08537042900002,0.4807101474627336]]}},{"type":"Feature","properties":{"name":null,"cls":"secondary","km":2.14},"geometry":{"type":"LineString","coordinates":[[116.01658901000008,0.4918377474502477],[116.00815514700004,0.48975065845259574],[116.00151057100005,0.4830655864600871]]}},{"type":"Feature","properties":{"name":null,"cls":"secondary","km":2.13},"geometry":{"type":"LineString","coordinates":[[115.34242284800006,1.3881612104512722],[115.33609161900004,1.3935354954453314],[115.33393348800007,1.401129482436841]]}},{"type":"Feature","properties":{"name":null,"cls":"secondary","km":2.11},"geometry":{"type":"LineString","coordinates":[[115.38123088400003,1.2461851776091206],[115.36638873400011,1.2548063715995277]]}},{"type":"Feature","properties":{"name":null,"cls":"secondary","km":2.1},"geometry":{"type":"LineString","coordinates":[[115.36154276400009,1.740643179060405],[115.36901566100005,1.7463621830540885],[115.36850129500012,1.7535728190460786]]}},{"type":"Feature","properties":{"name":null,"cls":"secondary","km":2.09},"geometry":{"type":"LineString","coordinates":[[116.29423530200008,-0.028831318967705237],[116.3098051730001,-0.038045708957396035]]}},{"type":"Feature","properties":{"name":null,"cls":"secondary","km":2.08},"geometry":{"type":"LineString","coordinates":[[115.17540638300012,1.5354825112877069],[115.180508368,1.5337906732895912],[115.18792982800005,1.5429509852794432]]}},{"type":"Feature","properties":{"name":null,"cls":"secondary","km":2.08},"geometry":{"type":"LineString","coordinates":[[115.20904422500007,1.2858673005649381],[115.21803441500005,1.2883218255622688],[115.22100070700002,1.294832029554997]]}},{"type":"Feature","properties":{"name":"Banau","cls":"secondary","km":2.07},"geometry":{"type":"LineString","coordinates":[[116.104847811,-0.018684834979016067],[116.10746389100008,-0.000291132999611455]]}},{"type":"Feature","properties":{"name":null,"cls":"secondary","km":2.07},"geometry":{"type":"LineString","coordinates":[[115.77469116800013,-0.041539367953541115],[115.76496209500009,-0.026592405970233157]]}},{"type":"Feature","properties":{"name":null,"cls":"secondary","km":2.06},"geometry":{"type":"LineString","coordinates":[[116.73136233600009,0.18655079879144384],[116.71527452900011,0.19229986478505684]]}},{"type":"Feature","properties":{"name":"Lahung","cls":"secondary","km":2.05},"geometry":{"type":"LineString","coordinates":[[116.0949892980001,-0.01324567998513106],[116.09389552200003,0.002865284996831512]]}},{"type":"Feature","properties":{"name":null,"cls":"secondary","km":2.04},"geometry":{"type":"LineString","coordinates":[[115.13600588800013,1.4067413674306233],[115.14318759800005,1.411672695425149],[115.14607440000007,1.4202298744156778]]}},{"type":"Feature","properties":{"name":null,"cls":"secondary","km":2.04},"geometry":{"type":"LineString","coordinates":[[115.02451589600003,1.454715710377389],[115.02101860000003,1.4611670463702007],[115.01212320400009,1.4633711053677783]]}},{"type":"Feature","properties":{"name":null,"cls":"secondary","km":2.04},"geometry":{"type":"LineString","coordinates":[[115.20968143900008,1.4167340444195462],[115.20832211300001,1.40954285742753],[115.20154579000008,1.4063363344310884]]}},{"type":"Feature","properties":{"name":null,"cls":"secondary","km":2.04},"geometry":{"type":"LineString","coordinates":[[115.4696308550001,0.08007944291051927],[115.45711657400011,0.07937420291130351],[115.45334567700002,0.08189302290842963]]}},{"type":"Feature","properties":{"name":null,"cls":"secondary","km":2.04},"geometry":{"type":"LineString","coordinates":[[115.81672579300003,-0.13859508384501745],[115.81144717000005,-0.1381519678454579],[115.800853802,-0.14394579383897976]]}},{"type":"Feature","properties":{"name":null,"cls":"secondary","km":2.04},"geometry":{"type":"LineString","coordinates":[[115.35876779100012,-0.09035773689892761],[115.35698135500003,-0.07384964091736666]]}},{"type":"Feature","properties":{"name":null,"cls":"secondary","km":2.02},"geometry":{"type":"LineString","coordinates":[[115.51966228200001,0.131983023852453],[115.50250630800008,0.13132235085320634]]}},{"type":"Feature","properties":{"name":null,"cls":"secondary","km":2.02},"geometry":{"type":"LineString","coordinates":[[115.51589732300012,0.0665770689256336],[115.50682733600001,0.0664293839258004],[115.50186200300006,0.072461694919047]]}},{"type":"Feature","properties":{"name":null,"cls":"secondary","km":2.02},"geometry":{"type":"LineString","coordinates":[[115.46379428000012,0.09224132589688612],[115.45860230600012,0.08821448890140149],[115.44873977400003,0.09140722189784481]]}},{"type":"Feature","properties":{"name":null,"cls":"secondary","km":2.01},"geometry":{"type":"LineString","coordinates":[[115.14919912200003,0.9443376779452357],[115.1599567510001,0.9449979299444684],[115.16335106700002,0.9390451789511344]]}},{"type":"Feature","properties":{"name":null,"cls":"secondary","km":2.01},"geometry":{"type":"LineString","coordinates":[[116.08201437300012,-0.18895460278872456],[116.0890076080001,-0.17893676479986959],[116.09465563200003,-0.1779893768009684]]}},{"type":"Feature","properties":{"name":null,"cls":"secondary","km":2.0},"geometry":{"type":"LineString","coordinates":[[116.23669019100011,-0.01792224497991952],[116.23511220800003,-0.008972871989909524],[116.22837937800011,-0.004101020995330703]]}},{"type":"Feature","properties":{"name":"Blempuh","cls":"secondary","km":1.99},"geometry":{"type":"LineString","coordinates":[[116.07811479100009,-0.18507347979304506],[116.084032179,-0.1756196808035793],[116.0811636410001,-0.17002379580982738]]}},{"type":"Feature","properties":{"name":null,"cls":"secondary","km":1.98},"geometry":{"type":"LineString","coordinates":[[116.49464557500004,-0.7857675401219463],[116.48650626800008,-0.7817398401264749],[116.48236746600004,-0.7746926051343853]]}},{"type":"Feature","properties":{"name":null,"cls":"secondary","km":1.97},"geometry":{"type":"LineString","coordinates":[[114.91808980200004,1.4351596533991058],[114.93044288900002,1.4259464974092735]]}},{"type":"Feature","properties":{"name":null,"cls":"secondary","km":1.97},"geometry":{"type":"LineString","coordinates":[[116.55396859200005,0.8177727220864058],[116.54873635200012,0.8011389531049563]]}},{"type":"Feature","properties":{"name":"Nyaan Merah","cls":"secondary","km":1.96},"geometry":{"type":"LineString","coordinates":[[114.83401048300004,1.1402999997269483],[114.83793861800007,1.14970121271646],[114.83401000000003,1.154592515710964]]}},{"type":"Feature","properties":{"name":null,"cls":"secondary","km":1.96},"geometry":{"type":"LineString","coordinates":[[114.35625967800001,1.4185969194174954],[114.34374167600004,1.4091327664279674]]}},{"type":"Feature","properties":{"name":null,"cls":"secondary","km":1.96},"geometry":{"type":"LineString","coordinates":[[115.38556101800009,1.7082859710962361],[115.39043038500006,1.7064279830983038],[115.40087604400003,1.710653139093604]]}},{"type":"Feature","properties":{"name":null,"cls":"secondary","km":1.96},"geometry":{"type":"LineString","coordinates":[[115.9878508710001,-0.1414751628417418],[115.97274432000006,-0.13331914285087454]]}},{"type":"Feature","properties":{"name":null,"cls":"secondary","km":1.95},"geometry":{"type":"LineString","coordinates":[[117.23759968800005,-0.5299676564075532],[117.2297057630001,-0.5369458493997773],[117.234776151,-0.5404345993958832]]}},{"type":"Feature","properties":{"name":null,"cls":"secondary","km":1.94},"geometry":{"type":"LineString","coordinates":[[116.33099845800007,-0.029307051967222813],[116.33284464200007,-0.025866018971039663],[116.32800535700005,-0.013792043984529608]]}},{"type":"Feature","properties":{"name":null,"cls":"secondary","km":1.93},"geometry":{"type":"LineString","coordinates":[[115.33522007800003,0.0817262289086328],[115.34037272400009,0.08900036890054298],[115.3463086500001,0.09137637789790694]]}},{"type":"Feature","properties":{"name":null,"cls":"secondary","km":1.93},"geometry":{"type":"LineString","coordinates":[[115.43012110200004,-0.32669432563467365],[115.42084718800002,-0.31201808365107314]]}},{"type":"Feature","properties":{"name":null,"cls":"secondary","km":1.92},"geometry":{"type":"LineString","coordinates":[[115.09347589300013,1.2170329016415486],[115.08878979500004,1.2179797756404458],[115.08692752800005,1.2282091536291024]]}},{"type":"Feature","properties":{"name":null,"cls":"secondary","km":1.91},"geometry":{"type":"LineString","coordinates":[[115.51720384200007,0.09224689989686492],[115.50888826900007,0.0883495219012601],[115.50935182600007,0.08366594790649338]]}},{"type":"Feature","properties":{"name":null,"cls":"secondary","km":1.91},"geometry":{"type":"LineString","coordinates":[[116.22091012500006,-0.014850807983368039],[116.2164917360001,-0.0052660109940733495],[116.21112653200011,-0.0037832769957655775]]}},{"type":"Feature","properties":{"name":null,"cls":"secondary","km":1.91},"geometry":{"type":"LineString","coordinates":[[115.20780637300004,-0.053876623939722285],[115.21506868100006,-0.05519058793824683],[115.22112047100006,-0.061169303931606106]]}},{"type":"Feature","properties":{"name":null,"cls":"secondary","km":1.9},"geometry":{"type":"LineString","coordinates":[[115.52200707300005,0.07695397091396665],[115.50535861100003,0.0786924559120682]]}},{"type":"Feature","properties":{"name":null,"cls":"secondary","km":1.89},"geometry":{"type":"LineString","coordinates":[[116.0839862140001,-0.19764165577897902],[116.09667232900006,-0.18683439979105682]]}},{"type":"Feature","properties":{"name":null,"cls":"secondary","km":1.89},"geometry":{"type":"LineString","coordinates":[[116.22872206500006,-0.04293794195194709],[116.23718855800007,-0.02928369396723816]]}},{"type":"Feature","properties":{"name":null,"cls":"secondary","km":1.88},"geometry":{"type":"LineString","coordinates":[[115.14723343300011,1.5650282902549473],[115.1399910340001,1.580265892238055]]}},{"type":"Feature","properties":{"name":null,"cls":"secondary","km":1.88},"geometry":{"type":"LineString","coordinates":[[115.22503890200005,1.0624313798136267],[115.21921260900001,1.0670640078084357],[115.21807294800008,1.0763647777981096]]}},{"type":"Feature","properties":{"name":null,"cls":"secondary","km":1.88},"geometry":{"type":"LineString","coordinates":[[115.3214105930001,1.1852129396768951],[115.30817964700009,1.1946935726663723]]}},{"type":"Feature","properties":{"name":null,"cls":"primary","km":1.87},"geometry":{"type":"LineString","coordinates":[[117.27890815800005,-0.599209851330229],[117.27131426300002,-0.5964650273333376],[117.27955171600001,-0.5971043373325966]]}},{"type":"Feature","properties":{"name":null,"cls":"secondary","km":1.87},"geometry":{"type":"LineString","coordinates":[[115.4105327100001,-0.2926725876727599],[115.42567667900005,-0.29743928866739955]]}},{"type":"Feature","properties":{"name":null,"cls":"secondary","km":1.86},"geometry":{"type":"LineString","coordinates":[[116.02973209900004,0.5141597204253476],[116.03379573900007,0.5037536474369353],[116.03869479600007,0.5018941144389905]]}},{"type":"Feature","properties":{"name":"Kaharu","cls":"secondary","km":1.86},"geometry":{"type":"LineString","coordinates":[[115.94744787600007,-0.3375235356226005],[115.9486591110001,-0.3430707716164421],[115.95627011900002,-0.35082994860775374]]}},{"type":"Feature","properties":{"name":null,"cls":"secondary","km":1.85},"geometry":{"type":"LineString","coordinates":[[116.2714065240001,-0.025971588970877035],[116.28750239900012,-0.024488927972530272]]}},{"type":"Feature","properties":{"name":"SEDULANG","cls":"secondary","km":1.84},"geometry":{"type":"LineString","coordinates":[[117.10045356800005,0.08560980890434756],[117.09902845600004,0.07719138291377162],[117.10186370200005,0.07003100892172001]]}},{"type":"Feature","properties":{"name":"Depati","cls":"secondary","km":1.84},"geometry":{"type":"LineString","coordinates":[[115.9337017780001,-0.3316890186291555],[115.94744787600007,-0.3375235356226005]]}},{"type":"Feature","properties":{"name":null,"cls":"secondary","km":1.81},"geometry":{"type":"LineString","coordinates":[[115.10728775100006,1.108674288762143],[115.12190378900006,1.1042275807670672]]}},{"type":"Feature","properties":{"name":null,"cls":"secondary","km":1.8},"geometry":{"type":"LineString","coordinates":[[115.18130418800001,1.458889939372719],[115.17067594300009,1.4679719593626246]]}},{"type":"Feature","properties":{"name":null,"cls":"secondary","km":1.79},"geometry":{"type":"LineString","coordinates":[[115.40087604400003,1.710653139093604],[115.41332708800007,1.701489188103767]]}},{"type":"Feature","properties":{"name":null,"cls":"secondary","km":1.78},"geometry":{"type":"LineString","coordinates":[[115.27220725600013,-0.2958860216691298],[115.26837498500004,-0.29273704767265496],[115.25788780800006,-0.29304314567233386]]}},{"type":"Feature","properties":{"name":null,"cls":"secondary","km":1.77},"geometry":{"type":"LineString","coordinates":[[114.81398540100008,1.3580792934846984],[114.82041289400001,1.3439861235003816]]}},{"type":"Feature","properties":{"name":null,"cls":"secondary","km":1.76},"geometry":{"type":"LineString","coordinates":[[114.37772969500008,1.4265440024086422],[114.37060369500011,1.4380334893959072]]}},{"type":"Feature","properties":{"name":null,"cls":"secondary","km":1.74},"geometry":{"type":"LineString","coordinates":[[114.3944229980001,1.0583631118181618],[114.38144148800006,1.0564829418202473]]}},{"type":"Feature","properties":{"name":null,"cls":"secondary","km":1.73},"geometry":{"type":"LineString","coordinates":[[115.03572581700008,1.1002336587715442],[115.03541311800008,1.1154490707545741]]}},{"type":"Feature","properties":{"name":null,"cls":"secondary","km":1.73},"geometry":{"type":"LineString","coordinates":[[117.24328350600001,-0.6094563223188008],[117.24549283300007,-0.6052745753234564],[117.24328321300003,-0.602872454326135],[117.24858593900001,-0.6005589623287693]]}},{"type":"Feature","properties":{"name":null,"cls":"secondary","km":1.73},"geometry":{"type":"LineString","coordinates":[[116.42631172900008,-0.15297941882889934],[116.42827032900006,-0.14532006483747054],[116.434671094,-0.14209832384109958]]}},{"type":"Feature","properties":{"name":null,"cls":"secondary","km":1.71},"geometry":{"type":"LineString","coordinates":[[116.05722724300006,-0.16776630081240773],[116.06103742100004,-0.1662547408140742],[116.06453418100013,-0.1570039228243813]]}},{"type":"Feature","properties":{"name":null,"cls":"secondary","km":1.7},"geometry":{"type":"LineString","coordinates":[[116.28613460800013,-0.04620065394829862],[116.28119023500005,-0.03285584596322379]]}},{"type":"Feature","properties":{"name":null,"cls":"secondary","km":1.7},"geometry":{"type":"LineString","coordinates":[[116.2485777070001,-0.04365842395109546],[116.24247605400001,-0.04334063295150187],[116.23826809500008,-0.035291449960473044]]}},{"type":"Feature","properties":{"name":"Kelumpang","cls":"secondary","km":1.7},"geometry":{"type":"LineString","coordinates":[[115.83730598800003,-0.14526264583752735],[115.83848474600008,-0.1355831778483595],[115.83518571500008,-0.13242768485183928]]}},{"type":"Feature","properties":{"name":"Keliran","cls":"secondary","km":1.69},"geometry":{"type":"LineString","coordinates":[[116.434671094,-0.14209832384109958],[116.440037458,-0.12805261085672967]]}},{"type":"Feature","properties":{"name":null,"cls":"secondary","km":1.68},"geometry":{"type":"LineString","coordinates":[[116.85394993100012,1.3122429245356377],[116.86080229100004,1.3136718575340616],[116.85830607300012,1.3066342995418365]]}},{"type":"Feature","properties":{"name":null,"cls":"secondary","km":1.68},"geometry":{"type":"LineString","coordinates":[[114.67798272200004,0.8845319920119227],[114.69265133700004,0.8873915970086801]]}},{"type":"Feature","properties":{"name":null,"cls":"secondary","km":1.67},"geometry":{"type":"LineString","coordinates":[[114.40748102100008,1.0654380378102932],[114.40171385200006,1.0708004658042778],[114.400305075,1.0768731247975432]]}},{"type":"Feature","properties":{"name":null,"cls":"secondary","km":1.66},"geometry":{"type":"LineString","coordinates":[[114.4564456490001,1.2242788806334408],[114.45947920800006,1.2385581106175425]]}},{"type":"Feature","properties":{"name":"Jelungei","cls":"secondary","km":1.66},"geometry":{"type":"LineString","coordinates":[[114.93259817300009,1.1252589497436347],[114.94624936600007,1.131248519736993]]}},{"type":"Feature","properties":{"name":null,"cls":"secondary","km":1.65},"geometry":{"type":"LineString","coordinates":[[115.52309648200003,0.0803515599102274],[115.50935182600007,0.08366594790649338]]}},{"type":"Feature","properties":{"name":null,"cls":"secondary","km":1.65},"geometry":{"type":"LineString","coordinates":[[114.67892388300005,1.5417708142807722],[114.67409194000004,1.5547339272664176]]}},{"type":"Feature","properties":{"name":null,"cls":"secondary","km":1.65},"geometry":{"type":"LineString","coordinates":[[116.27620042700006,-0.41608092753476794],[116.28203550600007,-0.4116490495397403],[116.28802912400012,-0.41536631253560163]]}},{"type":"Feature","properties":{"name":null,"cls":"secondary","km":1.62},"geometry":{"type":"LineString","coordinates":[[115.2323369300001,1.5105193253154314],[115.22843601200009,1.5237168243008106]]}},{"type":"Feature","properties":{"name":null,"cls":"secondary","km":1.62},"geometry":{"type":"LineString","coordinates":[[116.93947761300001,-0.06589411092631445],[116.94438617700007,-0.06253633693002936],[116.95260906500005,-0.06384566792853402]]}},{"type":"Feature","properties":{"name":null,"cls":"secondary","km":1.62},"geometry":{"type":"LineString","coordinates":[[115.90313863100005,-0.35351156160474373],[115.90219143500009,-0.3574191426003603],[115.89628379600005,-0.3576090486001938],[115.89457923700003,-0.3612877835960612]]}},{"type":"Feature","properties":{"name":null,"cls":"secondary","km":1.62},"geometry":{"type":"LineString","coordinates":[[116.5356707950001,-0.24844319872220152],[116.541735538,-0.2470171237237829],[116.54531490500007,-0.24108132973042443]]}},{"type":"Feature","properties":{"name":null,"cls":"secondary","km":1.61},"geometry":{"type":"LineString","coordinates":[[114.49690501600003,1.1295507287389142],[114.49043527100004,1.1418223837252661]]}},{"type":"Feature","properties":{"name":"Baroh","cls":"secondary","km":1.58},"geometry":{"type":"LineString","coordinates":[[116.12359272700007,-0.378733603576557],[116.1193522320001,-0.36767059058896095]]}},{"type":"Feature","properties":{"name":null,"cls":"secondary","km":1.57},"geometry":{"type":"LineString","coordinates":[[115.30817967600001,1.1946936076663954],[115.30326759500008,1.2074234996522382]]}},{"type":"Feature","properties":{"name":null,"cls":"secondary","km":1.57},"geometry":{"type":"LineString","coordinates":[[115.36154276400009,1.740643179060405],[115.36078389500007,1.7276810660747595]]}},{"type":"Feature","properties":{"name":"Langsa","cls":"secondary","km":1.57},"geometry":{"type":"LineString","coordinates":[[114.4847956750001,0.9980568798853351],[114.49430734700002,0.9881793588963593]]}},{"type":"Feature","properties":{"name":null,"cls":"secondary","km":1.57},"geometry":{"type":"LineString","coordinates":[[115.26837498500004,-0.29273704767265496],[115.26299214600012,-0.28069904668608775]]}},{"type":"Feature","properties":{"name":null,"cls":"secondary","km":1.56},"geometry":{"type":"LineString","coordinates":[[115.22106414200006,1.3372408045078739],[115.23139046300003,1.3438535945004582]]}},{"type":"Feature","properties":{"name":"Tabang","cls":"secondary","km":1.55},"geometry":{"type":"LineString","coordinates":[[115.65284679200012,1.1937124676674917],[115.6432213270001,1.1871367136747917]]}},{"type":"Feature","properties":{"name":null,"cls":"secondary","km":1.55},"geometry":{"type":"LineString","coordinates":[[114.4622268060001,1.0447170768334006],[114.47211521300005,1.0543007238227298]]}},{"type":"Feature","properties":{"name":null,"cls":"secondary","km":1.55},"geometry":{"type":"LineString","coordinates":[[115.84130264400007,-0.25367117371634884],[115.82960752300005,-0.2478359907228497]]}},{"type":"Feature","properties":{"name":null,"cls":"secondary","km":1.55},"geometry":{"type":"LineString","coordinates":[[115.71836715900008,-0.31787372164452954],[115.72499316800008,-0.3103749586529466]]}},{"type":"Feature","properties":{"name":null,"cls":"secondary","km":1.55},"geometry":{"type":"LineString","coordinates":[[116.20087237400004,-0.02928343996723545],[116.19285172900005,-0.018320778979489433]]}},{"type":"Feature","properties":{"name":null,"cls":"secondary","km":1.54},"geometry":{"type":"LineString","coordinates":[[115.0266201600001,1.4314516854032047],[115.01431730400009,1.4338709724005259]]}},{"type":"Feature","properties":{"name":null,"cls":"secondary","km":1.54},"geometry":{"type":"LineString","coordinates":[[115.48304870200003,-0.18004220879867858],[115.48590189500008,-0.1812419567973174],[115.49386539500007,-0.17526542280398028]]}},{"type":"Feature","properties":{"name":null,"cls":"secondary","km":1.53},"geometry":{"type":"LineString","coordinates":[[116.01834681700005,0.4899920204523228],[116.01668298200002,0.4775379964662614]]}},{"type":"Feature","properties":{"name":null,"cls":"secondary","km":1.53},"geometry":{"type":"LineString","coordinates":[[115.4414639480001,1.5472718732746402],[115.44792093500007,1.5357105532874886]]}},{"type":"Feature","properties":{"name":null,"cls":"secondary","km":1.53},"geometry":{"type":"LineString","coordinates":[[115.3107797020001,1.1816445546808745],[115.29929645700008,1.1845642546776385]]}},{"type":"Feature","properties":{"name":null,"cls":"secondary","km":1.5},"geometry":{"type":"LineString","coordinates":[[115.16294551000011,1.5254256032988849],[115.16386876500007,1.5384170352844808]]}},{"type":"Feature","properties":{"name":"Gilinggang","cls":"secondary","km":1.49},"geometry":{"type":"LineString","coordinates":[[117.23099851400002,-0.6076774403208174],[117.23020278800006,-0.6005597723287175],[117.22463485000002,-0.6015386903276553]]}},{"type":"Feature","properties":{"name":null,"cls":"secondary","km":1.48},"geometry":{"type":"LineString","coordinates":[[114.90060472000005,1.3936736834451438],[114.90908717600007,1.4034086794343283]]}},{"type":"Feature","properties":{"name":null,"cls":"secondary","km":1.48},"geometry":{"type":"LineString","coordinates":[[114.00320793300011,0.6976752932203585],[114.00131329300007,0.6878180682314156]]}},{"type":"Feature","properties":{"name":"Berambai","cls":"secondary","km":1.48},"geometry":{"type":"LineString","coordinates":[[116.30785970400008,4.785819272944335e-14],[116.30357348900007,-0.012084120986423997]]}},{"type":"Feature","properties":{"name":null,"cls":"secondary","km":1.47},"geometry":{"type":"LineString","coordinates":[[116.05741921800006,0.2370423507350444],[116.05669870200008,0.2411372627304364],[116.05344267500004,0.23979515273193855],[116.05460406600001,0.237637693734388]]}},{"type":"Feature","properties":{"name":null,"cls":"secondary","km":1.46},"geometry":{"type":"LineString","coordinates":[[116.24405424600002,-0.017922275979923265],[116.24363347700012,-0.004842404994583905]]}},{"type":"Feature","properties":{"name":"Payau","cls":"secondary","km":1.45},"geometry":{"type":"LineString","coordinates":[[117.23099851400002,-0.6076774403208174],[117.22543090800002,-0.616752751310636],[117.22728695900003,-0.617998269309209]]}},{"type":"Feature","properties":{"name":null,"cls":"secondary","km":1.45},"geometry":{"type":"LineString","coordinates":[[116.04158187400004,-0.1973233617793605],[116.03266231500005,-0.18791400178984527]]}},{"type":"Feature","properties":{"name":null,"cls":"secondary","km":1.44},"geometry":{"type":"LineString","coordinates":[[115.54858739000007,-0.14802489283447196],[115.55085024900006,-0.13612067684777462]]}},{"type":"Feature","properties":{"name":null,"cls":"secondary","km":1.43},"geometry":{"type":"LineString","coordinates":[[115.20154579000008,1.4063363344310884],[115.20548596000005,1.3945511484441744]]}},{"type":"Feature","properties":{"name":null,"cls":"secondary","km":1.41},"geometry":{"type":"LineString","coordinates":[[115.35784521700009,1.3855496584541644],[115.3604904880001,1.3971343724413428]]}},{"type":"Feature","properties":{"name":null,"cls":"secondary","km":1.41},"geometry":{"type":"LineString","coordinates":[[115.26343715400003,-0.2923338566731163],[115.26002940100011,-0.28081696268600415]]}},{"type":"Feature","properties":{"name":null,"cls":"secondary","km":1.4},"geometry":{"type":"LineString","coordinates":[[115.44323300700013,1.5757497392430466],[115.44405257700008,1.5880355312294239]]}},{"type":"Feature","properties":{"name":null,"cls":"secondary","km":1.38},"geometry":{"type":"LineString","coordinates":[[116.07846534300006,0.46329985448215627],[116.08906522200004,0.4674030914775661]]}},{"type":"Feature","properties":{"name":null,"cls":"secondary","km":1.38},"geometry":{"type":"LineString","coordinates":[[115.35268221800004,1.7333824430684723],[115.35376273700001,1.7441362120565533]]}},{"type":"Feature","properties":{"name":null,"cls":"secondary","km":1.38},"geometry":{"type":"LineString","coordinates":[[114.25903636200009,0.5708241613620486],[114.24747807400001,0.567793170365456]]}},{"type":"Feature","properties":{"name":null,"cls":"secondary","km":1.37},"geometry":{"type":"LineString","coordinates":[[115.643744061,-0.7912411221159141],[115.6483002980001,-0.7944486921122731],[115.65487764200009,-0.7933821591134763]]}},{"type":"Feature","properties":{"name":null,"cls":"secondary","km":1.36},"geometry":{"type":"LineString","coordinates":[[116.406752546,-0.28252566868408396],[116.41427745700004,-0.27443628569315015]]}},{"type":"Feature","properties":{"name":null,"cls":"secondary","km":1.35},"geometry":{"type":"LineString","coordinates":[[116.0483125310001,0.4326816635163166],[116.03698073600002,0.4331346595158717]]}},{"type":"Feature","properties":{"name":null,"cls":"secondary","km":1.35},"geometry":{"type":"LineString","coordinates":[[115.17977513800008,1.464158536366857],[115.17138414700004,1.472253084357886]]}},{"type":"Feature","properties":{"name":null,"cls":"secondary","km":1.35},"geometry":{"type":"LineString","coordinates":[[116.02536169900009,-0.28639819867979216],[116.03472422300003,-0.29267056167277805]]}},{"type":"Feature","properties":{"name":null,"cls":"secondary","km":1.34},"geometry":{"type":"LineString","coordinates":[[115.32089473600003,-0.07028160792137521],[115.31727789300008,-0.0721207439193246],[115.312523811,-0.06736169292463393]]}},{"type":"Feature","properties":{"name":null,"cls":"secondary","km":1.33},"geometry":{"type":"LineString","coordinates":[[116.56509437600005,0.7996014611066518],[116.5566933120001,0.7983880841080062],[116.55554821600002,0.8011826111048598]]}},{"type":"Feature","properties":{"name":"Penaja","cls":"secondary","km":1.32},"geometry":{"type":"LineString","coordinates":[[114.28256404900003,1.1684689406955724],[114.27134557800004,1.1695648556943519]]}},{"type":"Feature","properties":{"name":null,"cls":"secondary","km":1.32},"geometry":{"type":"LineString","coordinates":[[116.01365491800004,0.23080475374204593],[116.01189775900002,0.22760837374556434],[116.01084239300008,0.23190971874078525]]}},{"type":"Feature","properties":{"name":null,"cls":"secondary","km":1.32},"geometry":{"type":"LineString","coordinates":[[115.78844560200002,-0.24003587273155116],[115.78619806900008,-0.23734848173462042],[115.78658400600011,-0.24187430972953974],[115.78844560200002,-0.24003587273155116]]}},{"type":"Feature","properties":{"name":null,"cls":"secondary","km":1.3},"geometry":{"type":"LineString","coordinates":[[116.03418021300001,0.4928078754491544],[116.03594845300006,0.48166100846161775]]}},{"type":"Feature","properties":{"name":null,"cls":"secondary","km":1.29},"geometry":{"type":"LineString","coordinates":[[116.77007363300005,0.7709730241386082],[116.76664813800006,0.7752507461337984],[116.7613719830001,0.7749667381341122]]}},{"type":"Feature","properties":{"name":null,"cls":"secondary","km":1.29},"geometry":{"type":"LineString","coordinates":[[116.28518798400013,-0.018981550978748873],[116.29644460300007,-0.017392929980542995]]}},{"type":"Feature","properties":{"name":null,"cls":"secondary","km":1.29},"geometry":{"type":"LineString","coordinates":[[116.28802912400012,-0.41536631253560163],[116.29226287800009,-0.4199134535304973],[116.29202802900012,-0.41565084653526635]]}},{"type":"Feature","properties":{"name":null,"cls":"secondary","km":1.27},"geometry":{"type":"LineString","coordinates":[[115.13488196200001,1.4909971983370782],[115.134244243,1.5014197243255392]]}},{"type":"Feature","properties":{"name":null,"cls":"secondary","km":1.26},"geometry":{"type":"LineString","coordinates":[[116.02432448600005,0.5098908034301256],[116.01934444900009,0.5184484904205747]]}},{"type":"Feature","properties":{"name":null,"cls":"secondary","km":1.25},"geometry":{"type":"LineString","coordinates":[[114.9028748200001,0.0014646769984113857],[114.91115845900005,0.006292983992986759]]}},{"type":"Feature","properties":{"name":null,"cls":"secondary","km":1.24},"geometry":{"type":"LineString","coordinates":[[115.081407592,1.319583889527484],[115.09064775900005,1.3239012055227]]}},{"type":"Feature","properties":{"name":null,"cls":"secondary","km":1.23},"geometry":{"type":"LineString","coordinates":[[116.57347025000003,0.7826413041255326],[116.56978258200002,0.7767081971321956],[116.5661708670001,0.7775322391312309]]}},{"type":"Feature","properties":{"name":null,"cls":"secondary","km":1.21},"geometry":{"type":"LineString","coordinates":[[116.03655392100005,0.5142397024252257],[116.03806184500003,0.5035267354372054]]}},{"type":"Feature","properties":{"name":null,"cls":"secondary","km":1.21},"geometry":{"type":"LineString","coordinates":[[116.21819483100002,-0.04128362095374782],[116.20950574000007,-0.03612464095957199]]}},{"type":"Feature","properties":{"name":null,"cls":"secondary","km":1.2},"geometry":{"type":"LineString","coordinates":[[115.32579021600009,1.2055127206543184],[115.33146717700004,1.2133795556455893]]}},{"type":"Feature","properties":{"name":null,"cls":"secondary","km":1.18},"geometry":{"type":"LineString","coordinates":[[115.2667245250001,0.004201653995347846],[115.27151354800004,0.004563544994953623],[115.27092046100006,4.7858192729443335e-14]]}},{"type":"Feature","properties":{"name":null,"cls":"secondary","km":1.16},"geometry":{"type":"LineString","coordinates":[[117.30306113300003,-0.4796984084637563],[117.30081458000006,-0.47346366747073115]]}},{"type":"Feature","properties":{"name":null,"cls":"secondary","km":1.15},"geometry":{"type":"LineString","coordinates":[[115.497151055,0.8765055530208778],[115.50661214,0.8760412150213747]]}},{"type":"Feature","properties":{"name":null,"cls":"secondary","km":1.14},"geometry":{"type":"LineString","coordinates":[[115.50897020700006,0.08329301490691005],[115.50012977200005,0.08694562490284412]]}},{"type":"Feature","properties":{"name":null,"cls":"secondary","km":1.14},"geometry":{"type":"LineString","coordinates":[[115.50897020700006,0.08329301490691005],[115.50015485000007,0.07965130391095983]]}},{"type":"Feature","properties":{"name":null,"cls":"secondary","km":1.14},"geometry":{"type":"LineString","coordinates":[[116.54724303500006,0.8383142620634433],[116.54149420400007,0.8463769220544373]]}},{"type":"Feature","properties":{"name":null,"cls":"secondary","km":1.14},"geometry":{"type":"LineString","coordinates":[[116.1888291780001,0.2687464926995559],[116.18422191700007,0.2601636917091643]]}},{"type":"Feature","properties":{"name":null,"cls":"secondary","km":1.09},"geometry":{"type":"LineString","coordinates":[[116.38919290800004,-0.02752055896913934],[116.38209884000003,-0.03408166596189198]]}},{"type":"Feature","properties":{"name":null,"cls":"secondary","km":1.04},"geometry":{"type":"LineString","coordinates":[[116.74463589000004,0.4868910074557977],[116.74923230800003,0.48950901445290357],[116.7511020180001,0.4863574284564198]]}},{"type":"Feature","properties":{"name":null,"cls":"secondary","km":1.04},"geometry":{"type":"LineString","coordinates":[[114.4134859940001,1.498249914329002],[114.40651081300007,1.5031647373236]]}},{"type":"Feature","properties":{"name":null,"cls":"secondary","km":1.04},"geometry":{"type":"LineString","coordinates":[[114.9412804000001,0.28448452268197755],[114.94153914000003,0.29352166367186133]]}},{"type":"Feature","properties":{"name":null,"cls":"secondary","km":1.02},"geometry":{"type":"LineString","coordinates":[[116.46068953900011,0.601585787327651],[116.45475155800011,0.5960227093339138]]}},{"type":"Feature","properties":{"name":null,"cls":"secondary","km":1.02},"geometry":{"type":"LineString","coordinates":[[117.40683597300006,-0.5222237064162556],[117.41178167600005,-0.5213788714171612]]}},{"type":"Feature","properties":{"name":null,"cls":"secondary","km":1.01},"geometry":{"type":"LineString","coordinates":[[116.5589259950001,0.8315688290709492],[116.56375471100012,0.8388808930628521]]}},{"type":"Feature","properties":{"name":null,"cls":"secondary","km":1.01},"geometry":{"type":"LineString","coordinates":[[115.48304870200003,-0.18004220879867858],[115.48041475400011,-0.18174654979675883],[115.48088459700011,-0.1873968997904485]]}},{"type":"Feature","properties":{"name":null,"cls":"secondary","km":1.0},"geometry":{"type":"LineString","coordinates":[[116.11825247800006,0.8695901530285453],[116.11594254300009,0.8726072390251804],[116.11937492200002,0.8747494300228287]]}},{"type":"Feature","properties":{"name":null,"cls":"secondary","km":0.99},"geometry":{"type":"LineString","coordinates":[[116.0783622150001,0.4282239855213174],[116.08499636200008,0.4339288235149404]]}},{"type":"Feature","properties":{"name":null,"cls":"secondary","km":0.97},"geometry":{"type":"LineString","coordinates":[[116.64544356500006,0.6466325102774088],[116.65330002300003,0.6495892812740452]]}},{"type":"Feature","properties":{"name":null,"cls":"secondary","km":0.97},"geometry":{"type":"LineString","coordinates":[[115.27219964100003,1.4327898784016746],[115.27074883600005,1.4411407443924031]]}},{"type":"Feature","properties":{"name":null,"cls":"secondary","km":0.96},"geometry":{"type":"LineString","coordinates":[[114.4929337420001,1.315678964531818],[114.48614169300004,1.3117541775361992]]}},{"type":"Feature","properties":{"name":null,"cls":"secondary","km":0.96},"geometry":{"type":"LineString","coordinates":[[115.99265521800011,-0.01784315098002583],[115.98649153699999,-0.011862160986666186]]}},{"type":"Feature","properties":{"name":null,"cls":"secondary","km":0.95},"geometry":{"type":"LineString","coordinates":[[115.15888430200006,1.5176545573075293],[115.15592581700002,1.5255733022987041]]}},{"type":"Feature","properties":{"name":null,"cls":"secondary","km":0.94},"geometry":{"type":"LineString","coordinates":[[115.63411555200001,0.0055229529938385785],[115.63905957100008,0.011108563987638403]]}},{"type":"Feature","properties":{"name":null,"cls":"secondary","km":0.93},"geometry":{"type":"LineString","coordinates":[[115.06895842800009,0.034103669961904906],[115.07393540100009,0.035995238959802174]]}},{"type":"Feature","properties":{"name":null,"cls":"secondary","km":0.92},"geometry":{"type":"LineString","coordinates":[[116.21791637100013,-0.03719013995835538],[116.21167805900006,-0.0316947399645172]]}},{"type":"Feature","properties":{"name":null,"cls":"secondary","km":0.91},"geometry":{"type":"LineString","coordinates":[[115.48103236100009,0.10276172688514656],[115.4871657770001,0.09904185588931223]]}},{"type":"Feature","properties":{"name":null,"cls":"secondary","km":0.91},"geometry":{"type":"LineString","coordinates":[[116.21407211400003,-0.013791692984550089],[116.20912768300003,-0.020252125977295983]]}},{"type":"Feature","properties":{"name":null,"cls":"secondary","km":0.91},"geometry":{"type":"LineString","coordinates":[[116.2155770480001,-0.029283543967215567],[116.20872602400006,-0.02558255197132642]]}},{"type":"Feature","properties":{"name":null,"cls":"secondary","km":0.9},"geometry":{"type":"LineString","coordinates":[[116.3098051730001,-0.038045708957396035],[116.31692037200001,-0.034983957960804044]]}},{"type":"Feature","properties":{"name":null,"cls":"secondary","km":0.89},"geometry":{"type":"LineString","coordinates":[[116.16640923000011,0.2809881086858567],[116.17412020800009,0.2795421276875232]]}},{"type":"Feature","properties":{"name":null,"cls":"secondary","km":0.89},"geometry":{"type":"LineString","coordinates":[[116.55400031700002,0.8364637130654903],[116.5607002920001,0.8399207990617039]]}},{"type":"Feature","properties":{"name":null,"cls":"secondary","km":0.89},"geometry":{"type":"LineString","coordinates":[[116.21880613400003,-0.00960829298921508],[116.22290895600008,-0.003359648996195017]]}},{"type":"Feature","properties":{"name":null,"cls":"secondary","km":0.89},"geometry":{"type":"LineString","coordinates":[[115.81081874200005,-0.1385315218450341],[115.80638868300004,-0.13399209385014824]]}},{"type":"Feature","properties":{"name":null,"cls":"secondary","km":0.89},"geometry":{"type":"LineString","coordinates":[[116.16661743300006,-0.01977859097784768],[116.16906821700002,-0.012292676986224807]]}},{"type":"Feature","properties":{"name":null,"cls":"secondary","km":0.87},"geometry":{"type":"LineString","coordinates":[[116.02969604000009,-0.2911489916744397],[116.02226503600002,-0.2913229016742012]]}},{"type":"Feature","properties":{"name":null,"cls":"secondary","km":0.87},"geometry":{"type":"LineString","coordinates":[[116.4142325670001,-0.14464673683825963],[116.40975857700005,-0.15045173883170798]]}},{"type":"Feature","properties":{"name":null,"cls":"secondary","km":0.86},"geometry":{"type":"LineString","coordinates":[[115.48980706000009,0.6391880322856839],[115.49502103800012,0.6448219162794071]]}},{"type":"Feature","properties":{"name":null,"cls":"secondary","km":0.86},"geometry":{"type":"LineString","coordinates":[[115.48615992300007,0.6595589302629359],[115.47921505800002,0.6575471632651912]]}},{"type":"Feature","properties":{"name":null,"cls":"secondary","km":0.85},"geometry":{"type":"LineString","coordinates":[[116.36734910500002,-0.027042384969739278],[116.36286914700008,-0.023510815973679357]]}},{"type":"Feature","properties":{"name":null,"cls":"secondary","km":0.84},"geometry":{"type":"LineString","coordinates":[[116.51142130300002,0.9789492039066386],[116.51291740800002,0.9717994309146434]]}},{"type":"Feature","properties":{"name":null,"cls":"secondary","km":0.84},"geometry":{"type":"LineString","coordinates":[[116.04729696800007,0.4785617314651086],[116.0402724170001,0.47905082546454847]]}},{"type":"Feature","properties":{"name":null,"cls":"secondary","km":0.84},"geometry":{"type":"LineString","coordinates":[[115.00835108900003,1.4134775954231733],[115.00193717000003,1.411073373425848]]}},{"type":"Feature","properties":{"name":null,"cls":"secondary","km":0.84},"geometry":{"type":"LineString","coordinates":[[116.20660291200011,-0.013050304985378581],[116.2025001310001,-0.00669576099245772]]}},{"type":"Feature","properties":{"name":"Karangmumus","cls":"secondary","km":0.83},"geometry":{"type":"LineString","coordinates":[[117.14737418400011,-0.5101042924297019],[117.15415829300002,-0.506938311433286]]}},{"type":"Feature","properties":{"name":null,"cls":"secondary","km":0.83},"geometry":{"type":"LineString","coordinates":[[116.18961155500006,0.2651625317035557],[116.1852493240001,0.2596719957097619]]}},{"type":"Feature","properties":{"name":null,"cls":"secondary","km":0.83},"geometry":{"type":"LineString","coordinates":[[117.26385066000013,-0.5585241823756909],[117.26455631300007,-0.5510293973840733]]}},{"type":"Feature","properties":{"name":null,"cls":"secondary","km":0.82},"geometry":{"type":"LineString","coordinates":[[115.4904594300001,1.5630418812571514],[115.48760576700012,1.5697018812498014]]}},{"type":"Feature","properties":{"name":null,"cls":"secondary","km":0.81},"geometry":{"type":"LineString","coordinates":[[116.87502991200006,0.9387520009514689],[116.87685935600007,0.9372668649531386],[116.87377943900005,0.9338966959568328]]}},{"type":"Feature","properties":{"name":null,"cls":"secondary","km":0.8},"geometry":{"type":"LineString","coordinates":[[115.17775022800004,1.475836020353938],[115.17358745000001,1.4812676053478828]]}},{"type":"Feature","properties":{"name":null,"cls":"secondary","km":0.8},"geometry":{"type":"LineString","coordinates":[[116.08367363200011,-0.17449148780481596],[116.09035268600007,-0.17228058780735916]]}},{"type":"Feature","properties":{"name":null,"cls":"secondary","km":0.79},"geometry":{"type":"LineString","coordinates":[[114.41276371300013,1.5032603653234855],[114.41434117800009,1.508107781318135]]}},{"type":"Feature","properties":{"name":null,"cls":"secondary","km":0.77},"geometry":{"type":"LineString","coordinates":[[116.54074618200002,0.8340949710681734],[116.53604755800006,0.8388049610629018]]}},{"type":"Feature","properties":{"name":null,"cls":"secondary","km":0.77},"geometry":{"type":"LineString","coordinates":[[116.0118147930001,-0.012609877985907809],[116.01247325300007,-0.005676267993612016]]}},{"type":"Feature","properties":{"name":null,"cls":"secondary","km":0.77},"geometry":{"type":"LineString","coordinates":[[116.30802351000013,-0.4187781815317701],[116.31319901100005,-0.4142792225368298]]}},{"type":"Feature","properties":{"name":null,"cls":"secondary","km":0.76},"geometry":{"type":"LineString","coordinates":[[114.79782934500008,1.0136972538679314],[114.79884597600004,1.0201337718607537]]}},{"type":"Feature","properties":{"name":null,"cls":"secondary","km":0.75},"geometry":{"type":"LineString","coordinates":[[115.48206559600011,0.09991400188834458],[115.4871657770001,0.09904185588931223]]}},{"type":"Feature","properties":{"name":null,"cls":"secondary","km":0.74},"geometry":{"type":"LineString","coordinates":[[115.47829829000011,0.6476419412762483],[115.47206287600011,0.645943500278146]]}},{"type":"Feature","properties":{"name":"Depati","cls":"secondary","km":0.74},"geometry":{"type":"LineString","coordinates":[[115.94744787600007,-0.3375235356226005],[115.95157621800001,-0.3325868656280983]]}},{"type":"Feature","properties":{"name":"Telake","cls":"secondary","km":0.74},"geometry":{"type":"LineString","coordinates":[[116.54775845006573,-0.8163232465854715],[116.54360702179765,-0.8194893741110998]]}},{"type":"Feature","properties":{"name":null,"cls":"secondary","km":0.73},"geometry":{"type":"LineString","coordinates":[[116.10746389100008,-0.000291132999611455],[116.1111221980001,0.004876294994565615]]}},{"type":"Feature","properties":{"name":null,"cls":"secondary","km":0.73},"geometry":{"type":"LineString","coordinates":[[115.02376837400003,1.403231254434516],[115.02428462900002,1.4095165604275233]]}},{"type":"Feature","properties":{"name":null,"cls":"secondary","km":0.72},"geometry":{"type":"LineString","coordinates":[[115.63112723100006,0.007133315992043468],[115.62836416200003,0.012520152986015498]]}},{"type":"Feature","properties":{"name":null,"cls":"secondary","km":0.72},"geometry":{"type":"LineString","coordinates":[[115.48369100400011,1.567555275252182],[115.4815603620001,1.5731686512459497]]}},{"type":"Feature","properties":{"name":null,"cls":"secondary","km":0.72},"geometry":{"type":"LineString","coordinates":[[115.82809663000012,-0.25511966671472813],[115.82950093400007,-0.2613958957076864]]}},{"type":"Feature","properties":{"name":null,"cls":"secondary","km":0.72},"geometry":{"type":"LineString","coordinates":[[116.34918873900006,-0.4257677185239858],[116.34307280600001,-0.4238963745261119]]}},{"type":"Feature","properties":{"name":null,"cls":"secondary","km":0.71},"geometry":{"type":"LineString","coordinates":[[116.02718996400006,0.5152847134240978],[116.02617805400008,0.5211462034175203]]}},{"type":"Feature","properties":{"name":null,"cls":"secondary","km":0.71},"geometry":{"type":"LineString","coordinates":[[116.33973350600002,-0.4116528725398019],[116.34293296500005,-0.40819567154367215]]}},{"type":"Feature","properties":{"name":null,"cls":"secondary","km":0.71},"geometry":{"type":"LineString","coordinates":[[116.59975253900006,-0.2942562166709509],[116.60037585500005,-0.3000103006645057]]}},{"type":"Feature","properties":{"name":null,"cls":"secondary","km":0.71},"geometry":{"type":"LineString","coordinates":[[116.36286914700008,-0.023510815973679357],[116.36734910500002,-0.027042384969739278]]}},{"type":"Feature","properties":{"name":"Baruangen","cls":"secondary","km":0.7},"geometry":{"type":"LineString","coordinates":[[116.3939588410001,-0.09950406888870762],[116.38983553300012,-0.10105935388695059]]}},{"type":"Feature","properties":{"name":null,"cls":"secondary","km":0.69},"geometry":{"type":"LineString","coordinates":[[116.07977245500003,0.4270848855226269],[116.08563988100002,0.4288290715206581]]}},{"type":"Feature","properties":{"name":null,"cls":"secondary","km":0.69},"geometry":{"type":"LineString","coordinates":[[115.51873579100003,0.032154594964129375],[115.5144366600001,0.03595991495981584]]}},{"type":"Feature","properties":{"name":null,"cls":"secondary","km":0.69},"geometry":{"type":"LineString","coordinates":[[115.29987464400006,0.10622542488128353],[115.29768703900002,0.1112084128757028]]}},{"type":"Feature","properties":{"name":null,"cls":"secondary","km":0.69},"geometry":{"type":"LineString","coordinates":[[115.0791283440001,0.9980947208853159],[115.07392780800002,1.0008118778822561]]}},{"type":"Feature","properties":{"name":null,"cls":"secondary","km":0.68},"geometry":{"type":"LineString","coordinates":[[115.32898874700005,0.07907314791161801],[115.33426645300007,0.08181305090857745]]}},{"type":"Feature","properties":{"name":null,"cls":"secondary","km":0.66},"geometry":{"type":"LineString","coordinates":[[115.49360565300003,0.6456320342785121],[115.49109956000007,0.6506876152728159]]}},{"type":"Feature","properties":{"name":null,"cls":"secondary","km":0.65},"geometry":{"type":"LineString","coordinates":[[115.36078389500007,1.7276810660747595],[115.35864232600011,1.7228025510801632]]}},{"type":"Feature","properties":{"name":"Kedutan","cls":"secondary","km":0.65},"geometry":{"type":"LineString","coordinates":[[117.43758286360149,-0.4844094794845774],[117.43206761400006,-0.48260938346048954]]}},{"type":"Feature","properties":{"name":null,"cls":"secondary","km":0.61},"geometry":{"type":"LineString","coordinates":[[116.01247325300007,-0.005676267993612016],[116.011448104,-0.0003145569996294699]]}},{"type":"Feature","properties":{"name":null,"cls":"secondary","km":0.59},"geometry":{"type":"LineString","coordinates":[[116.40692769400006,-0.2771560376900902],[116.41040062700006,-0.2731773326945802]]}},{"type":"Feature","properties":{"name":null,"cls":"secondary","km":0.58},"geometry":{"type":"LineString","coordinates":[[116.12428921800007,0.36532027359162966],[116.12190055400004,0.36113295759630254]]}},{"type":"Feature","properties":{"name":null,"cls":"secondary","km":0.58},"geometry":{"type":"LineString","coordinates":[[116.6338734860001,0.7333162711805742],[116.638961041,0.7328843461810779]]}},{"type":"Feature","properties":{"name":null,"cls":"secondary","km":0.57},"geometry":{"type":"LineString","coordinates":[[115.34242284800006,1.3881612104512722],[115.34552746900012,1.3875785664519185]]}},{"type":"Feature","properties":{"name":null,"cls":"secondary","km":0.56},"geometry":{"type":"LineString","coordinates":[[116.98002304147656,1.4518763828596482],[116.97839340700013,1.456662276375205]]}},{"type":"Feature","properties":{"name":null,"cls":"secondary","km":0.55},"geometry":{"type":"LineString","coordinates":[[115.17822348200002,1.470704106359616],[115.17529549500011,1.4745301153553565]]}},{"type":"Feature","properties":{"name":null,"cls":"secondary","km":0.53},"geometry":{"type":"LineString","coordinates":[[115.50657163100003,0.95440162293403],[115.50714221800001,0.9590646309287977]]}},{"type":"Feature","properties":{"name":null,"cls":"secondary","km":0.53},"geometry":{"type":"LineString","coordinates":[[114.10517022600004,0.9787587559068488],[114.1058388560001,0.9739984539121838]]}},{"type":"Feature","properties":{"name":null,"cls":"secondary","km":0.52},"geometry":{"type":"LineString","coordinates":[[115.48071330500012,1.5688712442507182],[115.47797623000008,1.5715576912477338]]}},{"type":"Feature","properties":{"name":null,"cls":"secondary","km":0.51},"geometry":{"type":"LineString","coordinates":[[115.09590456500007,0.01022773698862014],[115.0925603820001,0.013128246985372136]]}},{"type":"Feature","properties":{"name":null,"cls":"secondary","km":0.51},"geometry":{"type":"LineString","coordinates":[[116.29160478000007,-0.41375632553742103],[116.28802912400012,-0.41536631253560163]]}},{"type":"Feature","properties":{"name":null,"cls":"secondary","km":0.5},"geometry":{"type":"LineString","coordinates":[[116.70443773200009,0.4125169365388437],[116.70549535200007,0.4163991205345619]]}},{"type":"Feature","properties":{"name":null,"cls":"secondary","km":0.47},"geometry":{"type":"LineString","coordinates":[[116.00371448200008,0.23095624474185567],[116.00371123200011,0.23183186374085635]]}},{"type":"Feature","properties":{"name":null,"cls":"secondary","km":0.47},"geometry":{"type":"LineString","coordinates":[[116.48577529300007,-0.32379970963795723],[116.48538110700008,-0.3201254656420995]]}},{"type":"Feature","properties":{"name":null,"cls":"secondary","km":0.46},"geometry":{"type":"LineString","coordinates":[[116.03936649400008,0.492023381450074],[116.04199199500012,0.48922860945316166]]}},{"type":"Feature","properties":{"name":null,"cls":"secondary","km":0.46},"geometry":{"type":"LineString","coordinates":[[115.36943192500007,1.4581369943735858],[115.36970591300008,1.461962593369299]]}},{"type":"Feature","properties":{"name":null,"cls":"secondary","km":0.44},"geometry":{"type":"LineString","coordinates":[[115.49502103800012,0.6448219162794071],[115.49877255300008,0.6454964452786368]]}},{"type":"Feature","properties":{"name":null,"cls":"secondary","km":0.43},"geometry":{"type":"LineString","coordinates":[[114.14946172200008,1.017938001863199],[114.15204628300012,1.0153548188660624]]}},{"type":"Feature","properties":{"name":null,"cls":"secondary","km":0.42},"geometry":{"type":"LineString","coordinates":[[116.12126061700008,0.36594807659091994],[116.11948007700003,0.3630115625942191]]}},{"type":"Feature","properties":{"name":"suling","cls":"secondary","km":0.42},"geometry":{"type":"LineString","coordinates":[[115.94354333200012,-0.3723497125836531],[115.94698958200003,-0.37164482658448367]]}},{"type":"Feature","properties":{"name":null,"cls":"secondary","km":0.42},"geometry":{"type":"LineString","coordinates":[[114.9042577350001,4.785819272944335e-14],[114.9028748200001,0.0014646769984113857]]}},{"type":"Feature","properties":{"name":null,"cls":"secondary","km":0.4},"geometry":{"type":"LineString","coordinates":[[115.92540641300003,-0.34903459660973335],[115.9260119270001,-0.3525420886058033]]}},{"type":"Feature","properties":{"name":null,"cls":"secondary","km":0.38},"geometry":{"type":"LineString","coordinates":[[115.47921505800002,0.6575471632651912],[115.47609086200009,0.658614820264009]]}},{"type":"Feature","properties":{"name":null,"cls":"secondary","km":0.37},"geometry":{"type":"LineString","coordinates":[[116.6738957550001,0.4648921504804186],[116.67669874800004,0.4655449874796191]]}},{"type":"Feature","properties":{"name":null,"cls":"secondary","km":0.37},"geometry":{"type":"LineString","coordinates":[[115.09483441900011,0.008884382990134889],[115.0921123490001,0.010769680988027797]]}},{"type":"Feature","properties":{"name":null,"cls":"secondary","km":0.36},"geometry":{"type":"LineString","coordinates":[[116.53924981800003,-0.25244693771769317],[116.53875282500009,-0.24921900672131075]]}},{"type":"Feature","properties":{"name":null,"cls":"secondary","km":0.35},"geometry":{"type":"LineString","coordinates":[[116.85394993100012,1.3122429245356377],[116.85356323900008,1.309123600539105]]}},{"type":"Feature","properties":{"name":null,"cls":"secondary","km":0.35},"geometry":{"type":"LineString","coordinates":[[115.36890644900008,1.4552047463768012],[115.36943192500007,1.4581369943735858]]}},{"type":"Feature","properties":{"name":"Selerong","cls":"secondary","km":0.32},"geometry":{"type":"LineString","coordinates":[[116.81189857800007,-0.3296806956314015],[116.81115185100008,-0.32716586563419137]]}},{"type":"Feature","properties":{"name":null,"cls":"secondary","km":0.29},"geometry":{"type":"LineString","coordinates":[[117.00301539600004,0.02154597997596079],[117.00168347000009,0.02384806097335096]]}},{"type":"Feature","properties":{"name":null,"cls":"secondary","km":0.29},"geometry":{"type":"LineString","coordinates":[[116.60037585500005,-0.3000103006645057],[116.60266214900003,-0.29875495266594926]]}},{"type":"Feature","properties":{"name":null,"cls":"secondary","km":0.28},"geometry":{"type":"LineString","coordinates":[[116.0527256910001,0.4391282015091885],[116.05308039500005,0.44156164450642726]]}},{"type":"Feature","properties":{"name":"Belatung","cls":"secondary","km":0.25},"geometry":{"type":"LineString","coordinates":[[114.66216555519689,0.6964310343924115],[114.66071819800004,0.6981479042198295]]}},{"type":"Feature","properties":{"name":null,"cls":"secondary","km":0.24},"geometry":{"type":"LineString","coordinates":[[116.84434393800007,0.8673624840310549],[116.8424362840001,0.8682338090300827]]}},{"type":"Feature","properties":{"name":null,"cls":"secondary","km":0.22},"geometry":{"type":"LineString","coordinates":[[114.17613172609087,1.3931808825630667],[114.17554676900012,1.391293984447817]]}},{"type":"Feature","properties":{"name":null,"cls":"secondary","km":0.21},"geometry":{"type":"LineString","coordinates":[[116.29202802900012,-0.41565084653526635],[116.29160478000007,-0.41375632553742103]]}},{"type":"Feature","properties":{"name":null,"cls":"secondary","km":0.18},"geometry":{"type":"LineString","coordinates":[[114.88076205000004,1.1916264346697905],[114.88048493100007,1.1932364416680123]]}},{"type":"Feature","properties":{"name":null,"cls":"secondary","km":0.18},"geometry":{"type":"LineString","coordinates":[[115.49360565300003,0.6456320342785121],[115.49502103800012,0.6448219162794071]]}},{"type":"Feature","properties":{"name":null,"cls":"secondary","km":0.12},"geometry":{"type":"LineString","coordinates":[[116.60037585500005,-0.3000103006645057],[116.6002718940001,-0.3011087996633163]]}},{"type":"Feature","properties":{"name":null,"cls":"secondary","km":0.12},"geometry":{"type":"LineString","coordinates":[[115.74776480600008,0.002809844996927832],[115.74848208000003,0.003509666996116875]]}},{"type":"Feature","properties":{"name":null,"cls":"secondary","km":0.12},"geometry":{"type":"LineString","coordinates":[[115.29160448817022,-0.12502777346915991],[115.29266610500007,-0.12524159985987968]]}},{"type":"Feature","properties":{"name":"Mayong","cls":"secondary","km":0.08},"geometry":{"type":"LineString","coordinates":[[117.02199721192532,1.347337461862889],[117.02159488600012,1.3467558254972518]]}},{"type":"Feature","properties":{"name":null,"cls":"secondary","km":0.04},"geometry":{"type":"LineString","coordinates":[[117.26843400233119,-0.7875443771668647],[117.26874826800007,-0.7873954801201553]]}},{"type":"Feature","properties":{"name":null,"cls":"secondary","km":0.02},"geometry":{"type":"LineString","coordinates":[[116.96878817218581,1.4778920173115868],[116.96867763300008,1.4777500023517935]]}}]}